

Microchip MPLAB XC8 Assembler V2.46 build 20240104201356 
                                                                                               Mon Oct 21 22:21:17 2024

Microchip MPLAB XC8 C Compiler v2.46 (Free license) build 20240104201356 Og1 
     1                           	processor	18F57Q43
     2                           	fnconf	rparam,??,?,0
     3                           	pagewidth 120
     4                           	opt	flic
     5                           	psect	idataCOMRAM,global,class=CODE,delta=1,noexec
     6                           	psect	smallconst,global,reloc=2,class=SMALLCONST,delta=1,noexec
     7                           	psect	cinit,global,reloc=2,class=CODE,delta=1
     8                           	psect	bssCOMRAM,global,class=COMRAM,space=1,delta=1,lowdata,noexec
     9                           	psect	dataCOMRAM,global,class=COMRAM,space=1,delta=1,lowdata,noexec
    10                           	psect	cstackCOMRAM,global,class=COMRAM,space=1,delta=1,lowdata,noexec
    11                           	psect	text0,global,reloc=2,class=CODE,delta=1
    12                           	psect	text1,global,reloc=2,class=CODE,delta=1
    13                           	psect	text2,global,reloc=2,class=CODE,delta=1
    14                           	psect	text3,global,reloc=2,class=CODE,delta=1
    15                           	psect	text4,global,reloc=2,class=CODE,delta=1
    16                           	psect	text5,global,reloc=2,class=CODE,delta=1
    17                           	psect	text6,global,reloc=2,class=CODE,delta=1
    18                           	psect	text7,global,reloc=2,class=CODE,delta=1
    19                           	psect	text8,global,reloc=2,class=CODE,delta=1
    20                           	psect	text9,global,reloc=2,class=CODE,delta=1
    21                           	psect	text10,global,reloc=2,class=CODE,delta=1
    22                           	psect	text11,global,reloc=2,class=CODE,delta=1
    23                           	psect	text12,global,reloc=2,class=CODE,delta=1
    24                           	psect	text13,global,reloc=2,class=CODE,delta=1
    25                           	psect	text14,global,reloc=2,class=CODE,delta=1
    26                           	psect	text15,global,reloc=2,class=CODE,delta=1
    27                           	psect	text16,global,reloc=2,class=CODE,delta=1
    28                           	psect	text17,global,reloc=2,class=CODE,delta=1
    29                           	psect	text18,global,reloc=2,class=CODE,delta=1
    30                           	psect	text19,global,reloc=2,class=CODE,delta=1
    31                           	psect	text20,global,reloc=2,class=CODE,delta=1
    32                           	psect	text21,global,reloc=2,class=CODE,delta=1
    33                           	psect	text22,global,reloc=2,class=CODE,delta=1
    34                           	psect	text23,global,reloc=2,class=CODE,delta=1
    35                           	psect	text24,global,reloc=2,class=CODE,delta=1
    36                           	psect	text25,global,reloc=2,class=CODE,delta=1
    37                           	psect	text26,global,reloc=2,class=CODE,delta=1
    38                           	psect	text27,global,reloc=2,class=CODE,delta=1
    39                           	psect	text28,global,reloc=2,class=CODE,delta=1
    40                           	psect	intsave_regs,global,class=BIGRAM,space=1,delta=1,noexec
    41                           	psect	rparam,global,class=COMRAM,space=1,delta=1,noexec
    42                           	psect	config,global,abs,ovrld,class=CONFIG,space=4,delta=1,noexec
    43   000000                     
    44                           ; Generated 18/12/2023 GMT
    45                           ; 
    46                           ; Copyright © 2023, Microchip Technology Inc. and its subsidiaries ("Microchip")
    47                           ; All rights reserved.
    48                           ; 
    49                           ; This software is developed by Microchip Technology Inc. and its subsidiaries ("Microch
      +                          ip").
    50                           ; 
    51                           ; Redistribution and use in source and binary forms, with or without modification, are
    52                           ; permitted provided that the following conditions are met:
    53                           ; 
    54                           ;     1. Redistributions of source code must retain the above copyright notice, this lis
      +                          t of
    55                           ;        conditions and the following disclaimer.
    56                           ; 
    57                           ;     2. Redistributions in binary form must reproduce the above copyright notice, this 
      +                          list
    58                           ;        of conditions and the following disclaimer in the documentation and/or other
    59                           ;        materials provided with the distribution. Publication is not required when
    60                           ;        this file is used in an embedded application.
    61                           ; 
    62                           ;     3. Microchip's name may not be used to endorse or promote products derived from th
      +                          is
    63                           ;        software without specific prior written permission.
    64                           ; 
    65                           ; THIS SOFTWARE IS PROVIDED BY MICROCHIP "AS IS" AND ANY EXPRESS OR IMPLIED WARRANTIES,
    66                           ; INCLUDING, BUT NOT LIMITED TO, THE IMPLIED WARRANTIES OF MERCHANTABILITY AND FITNESS F
      +                          OR
    67                           ; PURPOSE ARE DISCLAIMED.  IN NO EVENT SHALL MICROCHIP BE LIABLE FOR ANY DIRECT, INDIREC
      +                          T,
    68                           ; INCIDENTAL, SPECIAL, EXEMPLARY, OR CONSEQUENTIAL DAMAGES (INCLUDING BUT NOT LIMITED TO
    69                           ; PROCUREMENT OF SUBSTITUTE GOODS OR SERVICES; LOSS OF USE, DATA OR PROFITS; OR BUSINESS
    70                           ; INTERRUPTION) HOWSOEVER CAUSED AND ON ANY THEORY OF LIABILITY, WHETHER IN CONTRACT, ST
      +                          RICT
    71                           ; LIABILITY, OR TORT (INCLUDING NEGLIGENCE OR OTHERWISE) ARISING IN ANY WAY OUT OF THE U
      +                          SE OF
    72                           ; THIS SOFTWARE, EVEN IF ADVISED OF THE POSSIBILITY OF SUCH DAMAGE.
    73                           ; 
    74                           ; 
    75                           ; Code-generator required, PIC18F57Q43 Definitions
    76                           ; 
    77                           ; SFR Addresses
    78   000000                     
    79                           	psect	idataCOMRAM
    80   003BFE                     __pidataCOMRAM:
    81                           	callstack 0
    82                           
    83                           ;initializer for _LCD_entry_mode
    84   003BFE  06                 	db	6
    85                           
    86                           ;initializer for _LCD_display_control
    87   003BFF  0C                 	db	12
    88                           
    89                           ;initializer for _high_state
    90   003C00  1F                 	db	31
    91   003C01  1F                 	db	31
    92   003C02  1F                 	db	31
    93   003C03  1F                 	db	31
    94   003C04  1F                 	db	31
    95   003C05  1F                 	db	31
    96   003C06  1F                 	db	31
    97   003C07  1F                 	db	31
    98                           
    99                           ;initializer for _low_state
   100   003C08  1F                 	db	31
   101   003C09  11                 	db	17
   102   003C0A  11                 	db	17
   103   003C0B  11                 	db	17
   104   003C0C  11                 	db	17
   105   003C0D  11                 	db	17
   106   003C0E  11                 	db	17
   107   003C0F  1F                 	db	31
   108   000000                     _ODCONF	set	1066
   109   000000                     _ODCONE	set	1058
   110   000000                     _ODCOND	set	1050
   111   000000                     _ODCONC	set	1042
   112   000000                     _ODCONB	set	1034
   113   000000                     _ODCONA	set	1026
   114   000000                     _SLRCONF	set	1067
   115   000000                     _SLRCONE	set	1059
   116   000000                     _SLRCOND	set	1051
   117   000000                     _SLRCONC	set	1043
   118   000000                     _SLRCONB	set	1035
   119   000000                     _SLRCONA	set	1027
   120   000000                     _INLVLF	set	1068
   121   000000                     _INLVLE	set	1060
   122   000000                     _INLVLD	set	1052
   123   000000                     _INLVLC	set	1044
   124   000000                     _INLVLB	set	1036
   125   000000                     _INLVLA	set	1028
   126   000000                     _WPUF	set	1065
   127   000000                     _WPUE	set	1057
   128   000000                     _WPUD	set	1049
   129   000000                     _WPUC	set	1041
   130   000000                     _WPUB	set	1033
   131   000000                     _WPUA	set	1025
   132   000000                     _ANSELF	set	1064
   133   000000                     _ANSELE	set	1056
   134   000000                     _ANSELD	set	1048
   135   000000                     _ANSELC	set	1040
   136   000000                     _ANSELB	set	1032
   137   000000                     _TRISFbits	set	1227
   138   000000                     _TRISCbits	set	1224
   139   000000                     _LATCbits	set	1216
   140   000000                     _LATFbits	set	1219
   141   000000                     _PORTBbits	set	1231
   142   000000                     _OSCCON1	set	173
   143   000000                     _ANSELA	set	1024
   144   000000                     _TRISA	set	1222
   145   000000                     _PORTA	set	1230
   146   000000                     _TRISF	set	1227
   147   000000                     _TRISE	set	1226
   148   000000                     _TRISD	set	1225
   149   000000                     _TRISC	set	1224
   150   000000                     _TRISB	set	1223
   151   000000                     _LATA	set	1214
   152   000000                     _LATF	set	1219
   153   000000                     _LATE	set	1218
   154   000000                     _LATD	set	1217
   155   000000                     _LATC	set	1216
   156   000000                     _LATB	set	1215
   157   000000                     _PORTF	set	1235
   158   000000                     _PORTE	set	1234
   159   000000                     _PORTD	set	1233
   160   000000                     _PORTC	set	1232
   161   000000                     _PORTB	set	1231
   162                           
   163                           	psect	smallconst
   164   002500                     __psmallconst:
   165                           	callstack 0
   166   002500  00                 	db	0
   167   002501                     STR_2:
   168                           
   169                           ; BSR set to: 0
   170   002501  53                 	db	83	;'S'
   171   002502  61                 	db	97	;'a'
   172   002503  6C                 	db	108	;'l'
   173   002504  69                 	db	105	;'i'
   174   002505  64                 	db	100	;'d'
   175   002506  61                 	db	97	;'a'
   176   002507  73                 	db	115	;'s'
   177   002508  3A                 	db	58	;':'
   178   002509  20                 	db	32
   179   00250A  20                 	db	32
   180   00250B  00                 	db	0
   181   00250C                     STR_1:
   182                           
   183                           ; BSR set to: 0
   184   00250C  45                 	db	69	;'E'
   185   00250D  6E                 	db	110	;'n'
   186   00250E  74                 	db	116	;'t'
   187   00250F  72                 	db	114	;'r'
   188   002510  61                 	db	97	;'a'
   189   002511  64                 	db	100	;'d'
   190   002512  61                 	db	97	;'a'
   191   002513  73                 	db	115	;'s'
   192   002514  3A                 	db	58	;':'
   193   002515  20                 	db	32
   194   002516  00                 	db	0
   195   002517  00                 	db	0	; dummy byte at the end
   196   000000                     
   197                           ; #config settings
   198                           
   199                           	psect	cinit
   200   003BAE                     __pcinit:
   201                           	callstack 0
   202   003BAE                     start_initialization:
   203                           	callstack 0
   204   003BAE                     __initialization:
   205                           	callstack 0
   206                           
   207                           ; Initialize objects allocated to COMRAM (18 bytes)
   208                           ; load TBLPTR registers with __pidataCOMRAM
   209   003BAE  0EFE               	movlw	low __pidataCOMRAM
   210   003BB0  6EF6               	movwf	tblptrl,c
   211   003BB2  0E3B               	movlw	high __pidataCOMRAM
   212   003BB4  6EF7               	movwf	tblptrh,c
   213   003BB6  0E00               	movlw	low (__pidataCOMRAM shr (0+16))
   214   003BB8  6EF8               	movwf	tblptru,c
   215   003BBA  EE01  F11B         	lfsr	0,__pdataCOMRAM
   216   003BBE  EE10 F012          	lfsr	1,18
   217   003BC2                     copy_data0:
   218   003BC2  0009               	tblrd		*+
   219   003BC4  C4F5 F4EE          	movff	tablat,postinc0
   220   003BC8  50E5               	movf	postdec1,w,c
   221   003BCA  50E1               	movf	fsr1l,w,c
   222   003BCC  E1FA               	bnz	copy_data0
   223                           
   224                           ; Clear objects allocated to COMRAM (8 bytes)
   225   003BCE  EE01  F12D         	lfsr	0,__pbssCOMRAM
   226   003BD2  0E08               	movlw	8
   227   003BD4                     clear_0:
   228   003BD4  6AEE               	clrf	postinc0,c
   229   003BD6  06E8               	decf	wreg,f,c
   230   003BD8  E1FD               	bnz	clear_0
   231   003BDA                     end_of_initialization:
   232                           	callstack 0
   233   003BDA                     __end_of__initialization:
   234                           	callstack 0
   235   003BDA  0100               	movlb	0
   236   003BDC  EF8C  F012         	goto	_main	;jump to C main() function
   237                           
   238                           	psect	bssCOMRAM
   239   00052D                     __pbssCOMRAM:
   240                           	callstack 0
   241   00052D                     	ds	4
   242   000531                     	ds	2
   243   000533                     	ds	2
   244                           
   245                           	psect	dataCOMRAM
   246   00051B                     __pdataCOMRAM:
   247                           	callstack 0
   248   00051B                     _LCD_entry_mode:
   249                           	callstack 0
   250   00051B                     	ds	1
   251   00051C                     _LCD_display_control:
   252                           	callstack 0
   253   00051C                     	ds	1
   254   00051D                     _high_state:
   255                           	callstack 0
   256   00051D                     	ds	8
   257   000525                     _low_state:
   258                           	callstack 0
   259   000525                     	ds	8
   260                           
   261                           	psect	cstackCOMRAM
   262   000501                     __pcstackCOMRAM:
   263                           	callstack 0
   264   000501                     ??_LCD_write_command:
   265   000501                     ??_LCD_write_data:
   266   000501                     set_pin_input@pin_number:
   267                           	callstack 0
   268   000501                     set_pin_output@pin_number:
   269                           	callstack 0
   270   000501                     set_pin_digital_mode@pin_number:
   271                           	callstack 0
   272   000501                     set_pin_analog_mode@pin_number:
   273                           	callstack 0
   274   000501                     set_pin_pullup@pin_number:
   275                           	callstack 0
   276   000501                     reset_pin_pullup@pin_number:
   277                           	callstack 0
   278   000501                     set_pin_st@pin_number:
   279                           	callstack 0
   280   000501                     set_pin_ttl@pin_number:
   281                           	callstack 0
   282   000501                     set_pin_sr_limited@pin_number:
   283                           	callstack 0
   284   000501                     set_pin_sr_maximum@pin_number:
   285                           	callstack 0
   286   000501                     set_pin_push_pull@pin_number:
   287                           	callstack 0
   288   000501                     set_pin_open_drain@pin_number:
   289                           	callstack 0
   290   000501                     set_pin_high@pin_number:
   291                           	callstack 0
   292   000501                     set_pin_low@pin_number:
   293                           	callstack 0
   294                           
   295                           ; 1 bytes @ 0x0
   296   000501                     	ds	1
   297   000502                     ??_set_pin_input:
   298   000502                     ??_set_pin_output:
   299   000502                     ??_set_pin_digital_mode:
   300   000502                     ??_set_pin_analog_mode:
   301   000502                     ??_set_pin_pullup:
   302   000502                     ??_reset_pin_pullup:
   303   000502                     ??_set_pin_st:
   304   000502                     ??_set_pin_ttl:
   305   000502                     ??_set_pin_sr_limited:
   306   000502                     ??_set_pin_sr_maximum:
   307   000502                     ??_set_pin_push_pull:
   308   000502                     ??_set_pin_open_drain:
   309   000502                     ??_set_pin_high:
   310   000502                     ??_set_pin_low:
   311                           
   312                           ; 1 bytes @ 0x1
   313   000502                     	ds	1
   314   000503                     LCD_write_command@command:
   315                           	callstack 0
   316   000503                     LCD_write_data@data:
   317                           	callstack 0
   318                           
   319                           ; 1 bytes @ 0x2
   320   000503                     	ds	1
   321   000504                     ??_LCD_Clear:
   322   000504                     set_pin_input@port_name:
   323                           	callstack 0
   324   000504                     set_pin_output@port_name:
   325                           	callstack 0
   326   000504                     set_pin_digital_mode@port_name:
   327                           	callstack 0
   328   000504                     set_pin_analog_mode@port_name:
   329                           	callstack 0
   330   000504                     set_pin_pullup@port_name:
   331                           	callstack 0
   332   000504                     reset_pin_pullup@port_name:
   333                           	callstack 0
   334   000504                     set_pin_st@port_name:
   335                           	callstack 0
   336   000504                     set_pin_ttl@port_name:
   337                           	callstack 0
   338   000504                     set_pin_sr_limited@port_name:
   339                           	callstack 0
   340   000504                     set_pin_sr_maximum@port_name:
   341                           	callstack 0
   342   000504                     set_pin_push_pull@port_name:
   343                           	callstack 0
   344   000504                     set_pin_open_drain@port_name:
   345                           	callstack 0
   346   000504                     set_pin_high@port_name:
   347                           	callstack 0
   348   000504                     set_pin_low@port_name:
   349                           	callstack 0
   350   000504                     LCD_Cursor_Set@column:
   351                           	callstack 0
   352   000504                     LCD_Write_String@string:
   353                           	callstack 0
   354   000504                     LCD_Write_Char@character:
   355                           	callstack 0
   356                           
   357                           ; 1 bytes @ 0x3
   358   000504                     	ds	1
   359   000505                     ??_LCD_Init:
   360   000505                     ??_LCD_Write_String:
   361   000505                     configure_pin@pin_number:
   362                           	callstack 0
   363   000505                     LCD_Cursor_Set@row:
   364                           	callstack 0
   365                           
   366                           ; 1 bytes @ 0x4
   367   000505                     	ds	1
   368   000506                     configure_pin@is_input:
   369                           	callstack 0
   370   000506                     LCD_Write_String@i:
   371                           	callstack 0
   372   000506                     LCD_Update_Screen@input:
   373                           	callstack 0
   374   000506                     LCD_Add_Character@pattern:
   375                           	callstack 0
   376                           
   377                           ; 2 bytes @ 0x5
   378   000506                     	ds	1
   379   000507                     configure_pin@is_digital:
   380                           	callstack 0
   381                           
   382                           ; 1 bytes @ 0x6
   383   000507                     	ds	1
   384   000508                     configure_pin@enable_pullup:
   385                           	callstack 0
   386   000508                     LCD_Update_Screen@input_size:
   387                           	callstack 0
   388   000508                     LCD_Add_Character@address:
   389                           	callstack 0
   390                           
   391                           ; 1 bytes @ 0x7
   392   000508                     	ds	1
   393   000509                     configure_pin@use_ttl:
   394                           	callstack 0
   395   000509                     LCD_Add_Character@i:
   396                           	callstack 0
   397   000509                     LCD_Update_Screen@output:
   398                           	callstack 0
   399                           
   400                           ; 2 bytes @ 0x8
   401   000509                     	ds	1
   402   00050A                     configure_pin@slew_rate_limited:
   403                           	callstack 0
   404                           
   405                           ; 1 bytes @ 0x9
   406   00050A                     	ds	1
   407   00050B                     configure_pin@use_push_pull:
   408                           	callstack 0
   409   00050B                     LCD_Update_Screen@output_size:
   410                           	callstack 0
   411                           
   412                           ; 1 bytes @ 0xA
   413   00050B                     	ds	1
   414   00050C                     configure_pin@port_name:
   415                           	callstack 0
   416   00050C                     LCD_Update_Screen@i:
   417                           	callstack 0
   418                           
   419                           ; 1 bytes @ 0xB
   420   00050C                     	ds	1
   421   00050D                     LCD_Update_Screen@i_295:
   422                           	callstack 0
   423                           
   424                           ; 1 bytes @ 0xC
   425   00050D                     	ds	1
   426   00050E                     
   427                           ; 2 bytes @ 0xD
   428   00050E                     	ds	2
   429   000510                     
   430                           ; 3 bytes @ 0xF
   431   000510                     	ds	3
   432   000513                     ??_main:
   433                           
   434                           ; 1 bytes @ 0x12
   435   000513                     	ds	2
   436   000515                     main@input:
   437                           	callstack 0
   438                           
   439                           ; 2 bytes @ 0x14
   440   000515                     	ds	2
   441   000517                     main@previous_state:
   442                           	callstack 0
   443                           
   444                           ; 1 bytes @ 0x16
   445   000517                     	ds	1
   446   000518                     main@output:
   447                           	callstack 0
   448                           
   449                           ; 2 bytes @ 0x17
   450   000518                     	ds	2
   451   00051A                     main@current_state:
   452                           	callstack 0
   453                           
   454                           ; 1 bytes @ 0x19
   455   00051A                     	ds	1
   456                           
   457 ;;
   458 ;;Main: autosize = 0, tempsize = 2, incstack = 0, save=0
   459 ;;
   460 ;; *************** function _main *****************
   461 ;; Defined at:
   462 ;;		line 42 in file "main.c"
   463 ;; Parameters:    Size  Location     Type
   464 ;;  argc            2   13[COMRAM] int 
   465 ;;  argv            3   15[COMRAM] PTR PTR unsigned char 
   466 ;; Auto vars:     Size  Location     Type
   467 ;;  output          2   23[COMRAM] unsigned char [2]
   468 ;;  input           2   20[COMRAM] unsigned char [2]
   469 ;;  current_stat    1   25[COMRAM] unsigned char 
   470 ;;  previous_sta    1   22[COMRAM] unsigned char 
   471 ;; Return value:  Size  Location     Type
   472 ;;                  2   13[COMRAM] int 
   473 ;; Registers used:
   474 ;;		wreg, fsr2l, fsr2h, status,2, status,0, tblptrl, tblptrh, tblptru, prodl, prodh, cstack
   475 ;; Tracked objects:
   476 ;;		On entry : 0/0
   477 ;;		On exit  : 0/0
   478 ;;		Unchanged: 0/0
   479 ;; Data sizes:     COMRAM   BANK5   BANK6   BANK7   BANK8   BANK9  BANK10  BANK11  BANK12  BANK13  BANK14  BANK15  BANK1
      +6  BANK17  BANK18  BANK19  BANK20  BANK21  BANK22  BANK23  BANK24  BANK25  BANK26  BANK27  BANK28  BANK29  BANK30  BANK3
      +1  BANK32  BANK33  BANK34  BANK35  BANK36
   480 ;;      Params:         5       0       0       0       0       0       0       0       0       0       0       0       
      +0       0       0       0       0       0       0       0       0       0       0       0       0       0       0       
      +0       0       0       0       0       0
   481 ;;      Locals:         6       0       0       0       0       0       0       0       0       0       0       0       
      +0       0       0       0       0       0       0       0       0       0       0       0       0       0       0       
      +0       0       0       0       0       0
   482 ;;      Temps:          2       0       0       0       0       0       0       0       0       0       0       0       
      +0       0       0       0       0       0       0       0       0       0       0       0       0       0       0       
      +0       0       0       0       0       0
   483 ;;      Totals:        13       0       0       0       0       0       0       0       0       0       0       0       
      +0       0       0       0       0       0       0       0       0       0       0       0       0       0       0       
      +0       0       0       0       0       0
   484 ;;Total ram usage:       13 bytes
   485 ;; Hardware stack levels required when called: 4
   486 ;; This function calls:
   487 ;;		_Clock_Init
   488 ;;		_GPIO_Init
   489 ;;		_LCD_Add_Character
   490 ;;		_LCD_Cursor_Increment
   491 ;;		_LCD_Cursor_Set
   492 ;;		_LCD_Init
   493 ;;		_LCD_Update_Screen
   494 ;;		_LCD_Write_Char
   495 ;;		_LCD_Write_String
   496 ;;		_set_pin_high
   497 ;;		_set_pin_low
   498 ;; This function is called by:
   499 ;;		Startup code after reset
   500 ;; This function uses a non-reentrant model
   501 ;;
   502                           
   503                           	psect	text0
   504   002518                     __ptext0:
   505                           	callstack 0
   506   002518                     _main:
   507                           	callstack 123
   508   002518                     
   509                           ;main.c: 44:     LCD_Cursor_Increment();
   510   002518  EC18  F01E         	call	_Clock_Init	;wreg free
   511   00251C                     
   512                           ;main.c: 45:     LCD_Write_Char(0);
   513   00251C  ECD4  F01C         	call	_GPIO_Init	;wreg free
   514   002520                     
   515                           ;main.c: 46: 
   516   002520  EC1F  F01D         	call	_LCD_Init	;wreg free
   517   002524                     
   518                           ;main.c: 47:     uint8_t input[2] = {0, 0};
   519   002524  0E25               	movlw	low _low_state
   520   002526  6E06               	movwf	LCD_Add_Character@pattern^(0+1280),c
   521   002528  0E05               	movlw	high _low_state
   522   00252A  6E07               	movwf	(LCD_Add_Character@pattern+1)^(0+1280),c
   523   00252C  0E00               	movlw	0
   524   00252E  6E08               	movwf	LCD_Add_Character@address^(0+1280),c
   525   002530  ECB7  F01D         	call	_LCD_Add_Character	;wreg free
   526   002534                     
   527                           ;main.c: 48:     uint8_t output[2] = {0, 0};
   528   002534  0E1D               	movlw	low _high_state
   529   002536  6E06               	movwf	LCD_Add_Character@pattern^(0+1280),c
   530   002538  0E05               	movlw	high _high_state
   531   00253A  6E07               	movwf	(LCD_Add_Character@pattern+1)^(0+1280),c
   532   00253C  0E01               	movlw	1
   533   00253E  6E08               	movwf	LCD_Add_Character@address^(0+1280),c
   534   002540  ECB7  F01D         	call	_LCD_Add_Character	;wreg free
   535   002544                     
   536                           ;main.c: 49:     uint8_t previous_state = 0;
   537   002544  0E01               	movlw	1
   538   002546  6E04               	movwf	LCD_Cursor_Set@column^(0+1280),c
   539   002548  0E01               	movlw	1
   540   00254A  EC61  F01D         	call	_LCD_Cursor_Set
   541   00254E                     
   542                           ;main.c: 50:     uint8_t current_state = 0;
   543   00254E  0E0C               	movlw	low STR_1
   544   002550  6E04               	movwf	LCD_Write_String@string^(0+1280),c
   545   002552  EC91  F01D         	call	_LCD_Write_String	;wreg free
   546   002556                     
   547                           ;main.c: 51: 
   548   002556  0E00               	movlw	0
   549   002558  EC0F  F01E         	call	_LCD_Write_Char
   550   00255C                     
   551                           ;main.c: 52:     while(1)
   552   00255C  EC14  F01E         	call	_LCD_Cursor_Increment	;wreg free
   553   002560                     
   554                           ;main.c: 53:     {
   555   002560  0E00               	movlw	0
   556   002562  EC0F  F01E         	call	_LCD_Write_Char
   557   002566                     
   558                           ;main.c: 54:         current_state = (PORTBbits.RB4 == 0);
   559   002566  0E01               	movlw	1
   560   002568  6E04               	movwf	LCD_Cursor_Set@column^(0+1280),c
   561   00256A  0E02               	movlw	2
   562   00256C  EC61  F01D         	call	_LCD_Cursor_Set
   563   002570                     
   564                           ;main.c: 55: 
   565   002570  0E01               	movlw	low STR_2
   566   002572  6E04               	movwf	LCD_Write_String@string^(0+1280),c
   567   002574  EC91  F01D         	call	_LCD_Write_String	;wreg free
   568   002578                     
   569                           ;main.c: 56:         if(current_state != previous_state)
   570   002578  0E00               	movlw	0
   571   00257A  EC0F  F01E         	call	_LCD_Write_Char
   572   00257E                     
   573                           ;main.c: 57:         {
   574   00257E  EC14  F01E         	call	_LCD_Cursor_Increment	;wreg free
   575   002582                     
   576                           ;main.c: 58:             if(current_state == 1)
   577   002582  0E00               	movlw	0
   578   002584  EC0F  F01E         	call	_LCD_Write_Char
   579   002588                     
   580                           ;main.c: 60:                 (LATFbits.LATF3 = 0);
   581   002588  0E00               	movlw	0
   582   00258A  6E16               	movwf	(main@input+1)^(0+1280),c
   583   00258C  0E00               	movlw	0
   584   00258E  6E15               	movwf	main@input^(0+1280),c
   585   002590                     
   586                           ;main.c: 61:                 set_pin_high(PORT_F, 2);
   587   002590  0E00               	movlw	0
   588   002592  6E19               	movwf	(main@output+1)^(0+1280),c
   589   002594  0E00               	movlw	0
   590   002596  6E18               	movwf	main@output^(0+1280),c
   591   002598                     
   592                           ;main.c: 62:                 input[0] = 1;
   593   002598  0E00               	movlw	0
   594   00259A  6E17               	movwf	main@previous_state^(0+1280),c
   595   00259C                     l2620:
   596                           
   597                           ;main.c: 66:             else;main.c: 67:             {
   598   00259C  A8CF               	btfss	207,4,c	;volatile
   599   00259E  EFD3  F012         	goto	u2301
   600   0025A2  EFD6  F012         	goto	u2300
   601   0025A6                     u2301:
   602   0025A6  0E01               	movlw	1
   603   0025A8  EFD7  F012         	goto	u2310
   604   0025AC                     u2300:
   605   0025AC  0E00               	movlw	0
   606   0025AE                     u2310:
   607   0025AE  6E1A               	movwf	main@current_state^(0+1280),c
   608   0025B0                     
   609                           ;main.c: 69:                 set_pin_low(PORT_F, 2);
   610   0025B0  5017               	movf	main@previous_state^(0+1280),w,c
   611   0025B2  181A               	xorwf	main@current_state^(0+1280),w,c
   612   0025B4  B4D8               	btfsc	status,2,c
   613   0025B6  EFDF  F012         	goto	u2321
   614   0025BA  EFE1  F012         	goto	u2320
   615   0025BE                     u2321:
   616   0025BE  EF11  F013         	goto	l2646
   617   0025C2                     u2320:
   618   0025C2                     
   619                           ;main.c: 70:                 input[0] = 0;;main.c: 71:                 output[0] = 0;
   620   0025C2  041A               	decf	main@current_state^(0+1280),w,c
   621   0025C4  A4D8               	btfss	status,2,c
   622   0025C6  EFE7  F012         	goto	u2331
   623   0025CA  EFE9  F012         	goto	u2330
   624   0025CE                     u2331:
   625   0025CE  EFF7  F012         	goto	l353
   626   0025D2                     u2330:
   627   0025D2                     
   628                           ;main.c: 72:                 output[1] = 0;;main.c: 73:             }
   629   0025D2  96C3               	bcf	195,3,c	;volatile
   630   0025D4                     
   631                           ;main.c: 74:             LCD_Update_Screen(input, 2, output, 2);
   632   0025D4  0E02               	movlw	2
   633   0025D6  6E01               	movwf	set_pin_high@pin_number^(0+1280),c
   634   0025D8  0E46               	movlw	70
   635   0025DA  ECF5  F019         	call	_set_pin_high
   636   0025DE                     
   637                           ;main.c: 75:         }
   638   0025DE  0E01               	movlw	1
   639   0025E0  6E15               	movwf	main@input^(0+1280),c
   640   0025E2                     
   641                           ;main.c: 76: 
   642   0025E2  0E01               	movlw	1
   643   0025E4  6E18               	movwf	main@output^(0+1280),c
   644   0025E6                     
   645                           ;main.c: 77:         previous_state = current_state;
   646   0025E6  0E01               	movlw	1
   647   0025E8  6E19               	movwf	(main@output+1)^(0+1280),c
   648                           
   649                           ;main.c: 78:         _delay((unsigned long)((100)*(64000000UL/4000.0)));
   650   0025EA  EF03  F013         	goto	l2644
   651   0025EE                     l353:
   652                           
   653                           ;main.c: 80: ;main.c: 81:     return (0);
   654   0025EE  86C3               	bsf	195,3,c	;volatile
   655   0025F0                     
   656                           ;main.c: 82: }
   657   0025F0  0E02               	movlw	2
   658   0025F2  6E01               	movwf	set_pin_low@pin_number^(0+1280),c
   659   0025F4  0E46               	movlw	70
   660   0025F6  EC0C  F016         	call	_set_pin_low
   661   0025FA                     
   662                           ;main.c: 83: 
   663   0025FA  0E00               	movlw	0
   664   0025FC  6E15               	movwf	main@input^(0+1280),c
   665   0025FE                     
   666                           ;main.c: 84: void GPIO_Init()
   667   0025FE  0E00               	movlw	0
   668   002600  6E18               	movwf	main@output^(0+1280),c
   669   002602                     
   670                           ;main.c: 85: {
   671   002602  0E00               	movlw	0
   672   002604  6E19               	movwf	(main@output+1)^(0+1280),c
   673   002606                     l2644:
   674                           
   675                           ;main.c: 87:     configure_pin(PORT_F, 3, 0, 1, 0, 1, 1, 1);
   676   002606  0E15               	movlw	low main@input
   677   002608  6E06               	movwf	LCD_Update_Screen@input^(0+1280),c
   678   00260A  0E05               	movlw	high main@input
   679   00260C  6E07               	movwf	(LCD_Update_Screen@input+1)^(0+1280),c
   680   00260E  0E02               	movlw	2
   681   002610  6E08               	movwf	LCD_Update_Screen@input_size^(0+1280),c
   682   002612  0E18               	movlw	low main@output
   683   002614  6E09               	movwf	LCD_Update_Screen@output^(0+1280),c
   684   002616  0E05               	movlw	high main@output
   685   002618  6E0A               	movwf	(LCD_Update_Screen@output+1)^(0+1280),c
   686   00261A  0E02               	movlw	2
   687   00261C  6E0B               	movwf	LCD_Update_Screen@output_size^(0+1280),c
   688   00261E  EC7D  F01C         	call	_LCD_Update_Screen	;wreg free
   689   002622                     l2646:
   690                           
   691                           ;main.c: 90: 
   692   002622  C51A  F517         	movff	main@current_state,main@previous_state
   693   002626                     
   694                           ;main.c: 91:     configure_pin(PORT_B, 4, 1, 1, 1, 1, 1, 1);
   695   002626  0E09               	movlw	9
   696   002628  6E14               	movwf	(??_main+1)^(0+1280),c
   697   00262A  0E1E               	movlw	30
   698   00262C  6E13               	movwf	??_main^(0+1280),c
   699   00262E  0EE4               	movlw	228
   700   002630                     u2347:
   701   002630  2EE8               	decfsz	wreg,f,c
   702   002632  D7FE               	bra	u2347
   703   002634  2E13               	decfsz	??_main^(0+1280),f,c
   704   002636  D7FC               	bra	u2347
   705   002638  2E14               	decfsz	(??_main+1)^(0+1280),f,c
   706   00263A  D7FA               	bra	u2347
   707   00263C  D000               	nop2	
   708   00263E  EFCE  F012         	goto	l2620
   709   002642  EFFE  F0FF         	goto	start
   710   002646                     __end_of_main:
   711                           	callstack 0
   712                           
   713 ;; *************** function _set_pin_high *****************
   714 ;; Defined at:
   715 ;;		line 361 in file "gpio.c"
   716 ;; Parameters:    Size  Location     Type
   717 ;;  port_name       1    wreg     enum E17445
   718 ;;  pin_number      1    0[COMRAM] unsigned char 
   719 ;; Auto vars:     Size  Location     Type
   720 ;;  port_name       1    3[COMRAM] enum E17445
   721 ;; Return value:  Size  Location     Type
   722 ;;                  1    wreg      void 
   723 ;; Registers used:
   724 ;;		wreg, status,2, status,0
   725 ;; Tracked objects:
   726 ;;		On entry : 0/0
   727 ;;		On exit  : 0/0
   728 ;;		Unchanged: 0/0
   729 ;; Data sizes:     COMRAM   BANK5   BANK6   BANK7   BANK8   BANK9  BANK10  BANK11  BANK12  BANK13  BANK14  BANK15  BANK1
      +6  BANK17  BANK18  BANK19  BANK20  BANK21  BANK22  BANK23  BANK24  BANK25  BANK26  BANK27  BANK28  BANK29  BANK30  BANK3
      +1  BANK32  BANK33  BANK34  BANK35  BANK36
   730 ;;      Params:         1       0       0       0       0       0       0       0       0       0       0       0       
      +0       0       0       0       0       0       0       0       0       0       0       0       0       0       0       
      +0       0       0       0       0       0
   731 ;;      Locals:         1       0       0       0       0       0       0       0       0       0       0       0       
      +0       0       0       0       0       0       0       0       0       0       0       0       0       0       0       
      +0       0       0       0       0       0
   732 ;;      Temps:          2       0       0       0       0       0       0       0       0       0       0       0       
      +0       0       0       0       0       0       0       0       0       0       0       0       0       0       0       
      +0       0       0       0       0       0
   733 ;;      Totals:         4       0       0       0       0       0       0       0       0       0       0       0       
      +0       0       0       0       0       0       0       0       0       0       0       0       0       0       0       
      +0       0       0       0       0       0
   734 ;;Total ram usage:        4 bytes
   735 ;; Hardware stack levels used: 1
   736 ;; This function calls:
   737 ;;		Nothing
   738 ;; This function is called by:
   739 ;;		_main
   740 ;; This function uses a non-reentrant model
   741 ;;
   742                           
   743                           	psect	text1
   744   0033EA                     __ptext1:
   745                           	callstack 0
   746   0033EA                     _set_pin_high:
   747                           	callstack 126
   748                           
   749                           ;incstack = 0
   750                           ;set_pin_high@port_name stored from wreg
   751   0033EA  6E04               	movwf	set_pin_high@port_name^(0+1280),c
   752   0033EC                     
   753                           ;gpio.c: 361: void set_pin_high(PortName_t port_name, uint8_t pin_number);gpio.c: 362: {
      +                          ;gpio.c: 363:     switch(port_name)
   754   0033EC  EF58  F01A         	goto	l2520
   755   0033F0                     l2506:
   756                           
   757                           ;gpio.c: 366:             LATA |= (1 << pin_number);
   758   0033F0  C501  F502         	movff	set_pin_high@pin_number,??_set_pin_high
   759   0033F4  0E01               	movlw	1
   760   0033F6  6E03               	movwf	(??_set_pin_high+1)^(0+1280),c
   761   0033F8  2A02               	incf	??_set_pin_high^(0+1280),f,c
   762   0033FA  EF01  F01A         	goto	u2184
   763   0033FE                     u2185:
   764   0033FE  90D8               	bcf	status,0,c
   765   003400  3603               	rlcf	(??_set_pin_high+1)^(0+1280),f,c
   766   003402                     u2184:
   767   003402  2E02               	decfsz	??_set_pin_high^(0+1280),f,c
   768   003404  EFFF  F019         	goto	u2185
   769   003408  5003               	movf	(??_set_pin_high+1)^(0+1280),w,c
   770   00340A  12BE               	iorwf	190,f,c	;volatile
   771                           
   772                           ;gpio.c: 367:             break;
   773   00340C  EF7D  F01A         	goto	l272
   774   003410                     l2508:
   775                           
   776                           ;gpio.c: 369:             LATB |= (1 << pin_number);
   777   003410  C501  F502         	movff	set_pin_high@pin_number,??_set_pin_high
   778   003414  0E01               	movlw	1
   779   003416  6E03               	movwf	(??_set_pin_high+1)^(0+1280),c
   780   003418  2A02               	incf	??_set_pin_high^(0+1280),f,c
   781   00341A  EF11  F01A         	goto	u2194
   782   00341E                     u2195:
   783   00341E  90D8               	bcf	status,0,c
   784   003420  3603               	rlcf	(??_set_pin_high+1)^(0+1280),f,c
   785   003422                     u2194:
   786   003422  2E02               	decfsz	??_set_pin_high^(0+1280),f,c
   787   003424  EF0F  F01A         	goto	u2195
   788   003428  5003               	movf	(??_set_pin_high+1)^(0+1280),w,c
   789   00342A  12BF               	iorwf	191,f,c	;volatile
   790                           
   791                           ;gpio.c: 370:             break;
   792   00342C  EF7D  F01A         	goto	l272
   793   003430                     l2510:
   794                           
   795                           ;gpio.c: 372:             LATC |= (1 << pin_number);
   796   003430  C501  F502         	movff	set_pin_high@pin_number,??_set_pin_high
   797   003434  0E01               	movlw	1
   798   003436  6E03               	movwf	(??_set_pin_high+1)^(0+1280),c
   799   003438  2A02               	incf	??_set_pin_high^(0+1280),f,c
   800   00343A  EF21  F01A         	goto	u2204
   801   00343E                     u2205:
   802   00343E  90D8               	bcf	status,0,c
   803   003440  3603               	rlcf	(??_set_pin_high+1)^(0+1280),f,c
   804   003442                     u2204:
   805   003442  2E02               	decfsz	??_set_pin_high^(0+1280),f,c
   806   003444  EF1F  F01A         	goto	u2205
   807   003448  5003               	movf	(??_set_pin_high+1)^(0+1280),w,c
   808   00344A  12C0               	iorwf	192,f,c	;volatile
   809                           
   810                           ;gpio.c: 373:             break;
   811   00344C  EF7D  F01A         	goto	l272
   812   003450                     l2512:
   813                           
   814                           ;gpio.c: 375:             LATD |= (1 << pin_number);
   815   003450  C501  F502         	movff	set_pin_high@pin_number,??_set_pin_high
   816   003454  0E01               	movlw	1
   817   003456  6E03               	movwf	(??_set_pin_high+1)^(0+1280),c
   818   003458  2A02               	incf	??_set_pin_high^(0+1280),f,c
   819   00345A  EF31  F01A         	goto	u2214
   820   00345E                     u2215:
   821   00345E  90D8               	bcf	status,0,c
   822   003460  3603               	rlcf	(??_set_pin_high+1)^(0+1280),f,c
   823   003462                     u2214:
   824   003462  2E02               	decfsz	??_set_pin_high^(0+1280),f,c
   825   003464  EF2F  F01A         	goto	u2215
   826   003468  5003               	movf	(??_set_pin_high+1)^(0+1280),w,c
   827   00346A  12C1               	iorwf	193,f,c	;volatile
   828                           
   829                           ;gpio.c: 376:             break;
   830   00346C  EF7D  F01A         	goto	l272
   831   003470                     l2514:
   832                           
   833                           ;gpio.c: 378:             LATE |= (1 << pin_number);
   834   003470  C501  F502         	movff	set_pin_high@pin_number,??_set_pin_high
   835   003474  0E01               	movlw	1
   836   003476  6E03               	movwf	(??_set_pin_high+1)^(0+1280),c
   837   003478  2A02               	incf	??_set_pin_high^(0+1280),f,c
   838   00347A  EF41  F01A         	goto	u2224
   839   00347E                     u2225:
   840   00347E  90D8               	bcf	status,0,c
   841   003480  3603               	rlcf	(??_set_pin_high+1)^(0+1280),f,c
   842   003482                     u2224:
   843   003482  2E02               	decfsz	??_set_pin_high^(0+1280),f,c
   844   003484  EF3F  F01A         	goto	u2225
   845   003488  5003               	movf	(??_set_pin_high+1)^(0+1280),w,c
   846   00348A  12C2               	iorwf	194,f,c	;volatile
   847                           
   848                           ;gpio.c: 379:             break;
   849   00348C  EF7D  F01A         	goto	l272
   850   003490                     l2516:
   851                           
   852                           ;gpio.c: 381:             LATF |= (1 << pin_number);
   853   003490  C501  F502         	movff	set_pin_high@pin_number,??_set_pin_high
   854   003494  0E01               	movlw	1
   855   003496  6E03               	movwf	(??_set_pin_high+1)^(0+1280),c
   856   003498  2A02               	incf	??_set_pin_high^(0+1280),f,c
   857   00349A  EF51  F01A         	goto	u2234
   858   00349E                     u2235:
   859   00349E  90D8               	bcf	status,0,c
   860   0034A0  3603               	rlcf	(??_set_pin_high+1)^(0+1280),f,c
   861   0034A2                     u2234:
   862   0034A2  2E02               	decfsz	??_set_pin_high^(0+1280),f,c
   863   0034A4  EF4F  F01A         	goto	u2235
   864   0034A8  5003               	movf	(??_set_pin_high+1)^(0+1280),w,c
   865   0034AA  12C3               	iorwf	195,f,c	;volatile
   866                           
   867                           ;gpio.c: 382:             break;
   868   0034AC  EF7D  F01A         	goto	l272
   869   0034B0                     l2520:
   870   0034B0  5004               	movf	set_pin_high@port_name^(0+1280),w,c
   871   0034B2  6E02               	movwf	??_set_pin_high^(0+1280),c
   872   0034B4  6A03               	clrf	(??_set_pin_high+1)^(0+1280),c
   873                           
   874                           ; Switch on 2 bytes has been partitioned into a top level switch of size 1, and 1 sub-sw
      +                          itches
   875                           ; Switch size 1, requested type "simple"
   876                           ; Number of cases is 1, Range of values is 0 to 0
   877                           ; switch strategies available:
   878                           ; Name         Instructions Cycles
   879                           ; simple_byte            4     3 (average)
   880                           ;	Chosen strategy is simple_byte
   881   0034B6  5003               	movf	(??_set_pin_high+1)^(0+1280),w,c
   882   0034B8  0A00               	xorlw	0	; case 0
   883   0034BA  B4D8               	btfsc	status,2,c
   884   0034BC  EF62  F01A         	goto	l2930
   885   0034C0  EF7D  F01A         	goto	l272
   886   0034C4                     l2930:
   887                           
   888                           ; Switch size 1, requested type "simple"
   889                           ; Number of cases is 6, Range of values is 65 to 70
   890                           ; switch strategies available:
   891                           ; Name         Instructions Cycles
   892                           ; simple_byte           19    10 (average)
   893                           ;	Chosen strategy is simple_byte
   894   0034C4  5002               	movf	??_set_pin_high^(0+1280),w,c
   895   0034C6  0A41               	xorlw	65	; case 65
   896   0034C8  B4D8               	btfsc	status,2,c
   897   0034CA  EFF8  F019         	goto	l2506
   898   0034CE  0A03               	xorlw	3	; case 66
   899   0034D0  B4D8               	btfsc	status,2,c
   900   0034D2  EF08  F01A         	goto	l2508
   901   0034D6  0A01               	xorlw	1	; case 67
   902   0034D8  B4D8               	btfsc	status,2,c
   903   0034DA  EF18  F01A         	goto	l2510
   904   0034DE  0A07               	xorlw	7	; case 68
   905   0034E0  B4D8               	btfsc	status,2,c
   906   0034E2  EF28  F01A         	goto	l2512
   907   0034E6  0A01               	xorlw	1	; case 69
   908   0034E8  B4D8               	btfsc	status,2,c
   909   0034EA  EF38  F01A         	goto	l2514
   910   0034EE  0A03               	xorlw	3	; case 70
   911   0034F0  B4D8               	btfsc	status,2,c
   912   0034F2  EF48  F01A         	goto	l2516
   913   0034F6  EF7D  F01A         	goto	l272
   914   0034FA                     l272:
   915   0034FA  0012               	return		;funcret
   916   0034FC                     __end_of_set_pin_high:
   917                           	callstack 0
   918                           
   919 ;; *************** function _LCD_Write_String *****************
   920 ;; Defined at:
   921 ;;		line 392 in file "lcd.c"
   922 ;; Parameters:    Size  Location     Type
   923 ;;  string          1    3[COMRAM] PTR unsigned char 
   924 ;;		 -> STR_2(11), STR_1(11), 
   925 ;; Auto vars:     Size  Location     Type
   926 ;;  i               1    5[COMRAM] unsigned char 
   927 ;; Return value:  Size  Location     Type
   928 ;;                  1    wreg      void 
   929 ;; Registers used:
   930 ;;		wreg, status,2, status,0, tblptrl, tblptrh, tblptru, cstack
   931 ;; Tracked objects:
   932 ;;		On entry : 0/0
   933 ;;		On exit  : 0/0
   934 ;;		Unchanged: 0/0
   935 ;; Data sizes:     COMRAM   BANK5   BANK6   BANK7   BANK8   BANK9  BANK10  BANK11  BANK12  BANK13  BANK14  BANK15  BANK1
      +6  BANK17  BANK18  BANK19  BANK20  BANK21  BANK22  BANK23  BANK24  BANK25  BANK26  BANK27  BANK28  BANK29  BANK30  BANK3
      +1  BANK32  BANK33  BANK34  BANK35  BANK36
   936 ;;      Params:         1       0       0       0       0       0       0       0       0       0       0       0       
      +0       0       0       0       0       0       0       0       0       0       0       0       0       0       0       
      +0       0       0       0       0       0
   937 ;;      Locals:         1       0       0       0       0       0       0       0       0       0       0       0       
      +0       0       0       0       0       0       0       0       0       0       0       0       0       0       0       
      +0       0       0       0       0       0
   938 ;;      Temps:          1       0       0       0       0       0       0       0       0       0       0       0       
      +0       0       0       0       0       0       0       0       0       0       0       0       0       0       0       
      +0       0       0       0       0       0
   939 ;;      Totals:         3       0       0       0       0       0       0       0       0       0       0       0       
      +0       0       0       0       0       0       0       0       0       0       0       0       0       0       0       
      +0       0       0       0       0       0
   940 ;;Total ram usage:        3 bytes
   941 ;; Hardware stack levels used: 1
   942 ;; Hardware stack levels required when called: 2
   943 ;; This function calls:
   944 ;;		_LCD_write_data
   945 ;; This function is called by:
   946 ;;		_main
   947 ;; This function uses a non-reentrant model
   948 ;;
   949                           
   950                           	psect	text2
   951   003B22                     __ptext2:
   952                           	callstack 0
   953   003B22                     _LCD_Write_String:
   954                           	callstack 124
   955   003B22                     
   956                           ;lcd.c: 395:     for(uint8_t i=0 ; string[i] != '\0' ; i++){
   957   003B22  0E00               	movlw	0
   958   003B24  6E06               	movwf	LCD_Write_String@i^(0+1280),c
   959   003B26  EFA3  F01D         	goto	l2552
   960   003B2A                     l2548:
   961                           
   962                           ;lcd.c: 396:         LCD_write_data(string[i]);
   963   003B2A  5004               	movf	LCD_Write_String@string^(0+1280),w,c
   964   003B2C  2406               	addwf	LCD_Write_String@i^(0+1280),w,c
   965   003B2E  6E05               	movwf	??_LCD_Write_String^(0+1280),c
   966   003B30  C505  F4F6         	movff	??_LCD_Write_String,tblptrl
   967   003B34                     	if	1	;There is more than 1 active tblptr byte
   968   003B34  0E25               	movlw	high __smallconst
   969   003B36  6EF7               	movwf	tblptrh,c
   970   003B38                     	endif
   971   003B38                     	if	0	;tblptru may be non-zero
   972   003B38                     	endif
   973   003B38                     	if	1	;Program memory is > 0xFFFF, there are 3 active tblptr bytes
   974   003B38  0E00               	movlw	low (__smallconst shr (0+16))
   975   003B3A  6EF8               	movwf	tblptru,c
   976   003B3C                     	endif
   977   003B3C  0008               	tblrd		*
   978   003B3E  50F5               	movf	tablat,w,c
   979   003B40  EC07  F01B         	call	_LCD_write_data
   980   003B44                     
   981                           ;lcd.c: 397:     }
   982   003B44  2A06               	incf	LCD_Write_String@i^(0+1280),f,c
   983   003B46                     l2552:
   984   003B46  5004               	movf	LCD_Write_String@string^(0+1280),w,c
   985   003B48  2406               	addwf	LCD_Write_String@i^(0+1280),w,c
   986   003B4A  6E05               	movwf	??_LCD_Write_String^(0+1280),c
   987   003B4C  C505  F4F6         	movff	??_LCD_Write_String,tblptrl
   988   003B50                     	if	1	;There is more than 1 active tblptr byte
   989   003B50  0E25               	movlw	high __smallconst
   990   003B52  6EF7               	movwf	tblptrh,c
   991   003B54                     	endif
   992   003B54                     	if	0	;tblptru may be non-zero
   993   003B54                     	endif
   994   003B54                     	if	1	;Program memory is > 0xFFFF, there are 3 active tblptr bytes
   995   003B54  0E00               	movlw	low (__smallconst shr (0+16))
   996   003B56  6EF8               	movwf	tblptru,c
   997   003B58                     	endif
   998   003B58  0008               	tblrd		*
   999   003B5A  50F5               	movf	tablat,w,c
  1000   003B5C  0900               	iorlw	0
  1001   003B5E  A4D8               	btfss	status,2,c
  1002   003B60  EFB4  F01D         	goto	u2251
  1003   003B64  EFB6  F01D         	goto	u2250
  1004   003B68                     u2251:
  1005   003B68  EF95  F01D         	goto	l2548
  1006   003B6C                     u2250:
  1007   003B6C  0012               	return		;funcret
  1008   003B6E                     __end_of_LCD_Write_String:
  1009                           	callstack 0
  1010                           
  1011 ;; *************** function _LCD_Update_Screen *****************
  1012 ;; Defined at:
  1013 ;;		line 114 in file "main.c"
  1014 ;; Parameters:    Size  Location     Type
  1015 ;;  input           2    5[COMRAM] PTR unsigned char 
  1016 ;;		 -> main@input(2), 
  1017 ;;  input_size      1    7[COMRAM] unsigned char 
  1018 ;;  output          2    8[COMRAM] PTR unsigned char 
  1019 ;;		 -> main@output(2), 
  1020 ;;  output_size     1   10[COMRAM] unsigned char 
  1021 ;; Auto vars:     Size  Location     Type
  1022 ;;  i               1   12[COMRAM] unsigned char 
  1023 ;;  i               1   11[COMRAM] unsigned char 
  1024 ;; Return value:  Size  Location     Type
  1025 ;;                  1    wreg      void 
  1026 ;; Registers used:
  1027 ;;		wreg, fsr2l, fsr2h, status,2, status,0, cstack
  1028 ;; Tracked objects:
  1029 ;;		On entry : 0/0
  1030 ;;		On exit  : 0/0
  1031 ;;		Unchanged: 0/0
  1032 ;; Data sizes:     COMRAM   BANK5   BANK6   BANK7   BANK8   BANK9  BANK10  BANK11  BANK12  BANK13  BANK14  BANK15  BANK1
      +6  BANK17  BANK18  BANK19  BANK20  BANK21  BANK22  BANK23  BANK24  BANK25  BANK26  BANK27  BANK28  BANK29  BANK30  BANK3
      +1  BANK32  BANK33  BANK34  BANK35  BANK36
  1033 ;;      Params:         6       0       0       0       0       0       0       0       0       0       0       0       
      +0       0       0       0       0       0       0       0       0       0       0       0       0       0       0       
      +0       0       0       0       0       0
  1034 ;;      Locals:         2       0       0       0       0       0       0       0       0       0       0       0       
      +0       0       0       0       0       0       0       0       0       0       0       0       0       0       0       
      +0       0       0       0       0       0
  1035 ;;      Temps:          0       0       0       0       0       0       0       0       0       0       0       0       
      +0       0       0       0       0       0       0       0       0       0       0       0       0       0       0       
      +0       0       0       0       0       0
  1036 ;;      Totals:         8       0       0       0       0       0       0       0       0       0       0       0       
      +0       0       0       0       0       0       0       0       0       0       0       0       0       0       0       
      +0       0       0       0       0       0
  1037 ;;Total ram usage:        8 bytes
  1038 ;; Hardware stack levels used: 1
  1039 ;; Hardware stack levels required when called: 3
  1040 ;; This function calls:
  1041 ;;		_LCD_Cursor_Increment
  1042 ;;		_LCD_Cursor_Set
  1043 ;;		_LCD_Write_Char
  1044 ;; This function is called by:
  1045 ;;		_main
  1046 ;; This function uses a non-reentrant model
  1047 ;;
  1048                           
  1049                           	psect	text3
  1050   0038FA                     __ptext3:
  1051                           	callstack 0
  1052   0038FA                     _LCD_Update_Screen:
  1053                           	callstack 123
  1054   0038FA                     
  1055                           ;main.c: 114:     LCD_Cursor_Set(2, 11);;main.c: 115: ;main.c: 117:     {
  1056   0038FA  0E0B               	movlw	11
  1057   0038FC  6E04               	movwf	LCD_Cursor_Set@column^(0+1280),c
  1058   0038FE  0E01               	movlw	1
  1059   003900  EC61  F01D         	call	_LCD_Cursor_Set
  1060   003904                     
  1061                           ;main.c: 119:         else LCD_Write_Char(1);
  1062   003904  0E00               	movlw	0
  1063   003906  6E0C               	movwf	LCD_Update_Screen@i^(0+1280),c
  1064   003908  EF9F  F01C         	goto	l2566
  1065   00390C                     l2558:
  1066                           
  1067                           ;main.c: 120:         LCD_Cursor_Increment();;main.c: 121:     }
  1068   00390C  500C               	movf	LCD_Update_Screen@i^(0+1280),w,c
  1069   00390E  2406               	addwf	LCD_Update_Screen@input^(0+1280),w,c
  1070   003910  6ED9               	movwf	fsr2l,c
  1071   003912  0E00               	movlw	0
  1072   003914  2007               	addwfc	(LCD_Update_Screen@input+1)^(0+1280),w,c
  1073   003916  6EDA               	movwf	fsr2h,c
  1074   003918  50DF               	movf	indf2,w,c
  1075   00391A  A4D8               	btfss	status,2,c
  1076   00391C  EF92  F01C         	goto	u2261
  1077   003920  EF94  F01C         	goto	u2260
  1078   003924                     u2261:
  1079   003924  EF99  F01C         	goto	l2562
  1080   003928                     u2260:
  1081   003928  0E00               	movlw	0
  1082   00392A  EC0F  F01E         	call	_LCD_Write_Char
  1083   00392E  EF9C  F01C         	goto	l366
  1084   003932                     l2562:
  1085   003932  0E01               	movlw	1
  1086   003934  EC0F  F01E         	call	_LCD_Write_Char
  1087   003938                     l366:
  1088   003938  EC14  F01E         	call	_LCD_Cursor_Increment	;wreg free
  1089   00393C  2A0C               	incf	LCD_Update_Screen@i^(0+1280),f,c
  1090   00393E                     l2566:
  1091   00393E  5008               	movf	LCD_Update_Screen@input_size^(0+1280),w,c
  1092   003940  5C0C               	subwf	LCD_Update_Screen@i^(0+1280),w,c
  1093   003942  A0D8               	btfss	status,0,c
  1094   003944  EFA6  F01C         	goto	u2271
  1095   003948  EFA8  F01C         	goto	u2270
  1096   00394C                     u2271:
  1097   00394C  EF86  F01C         	goto	l2558
  1098   003950                     u2270:
  1099   003950  0E0B               	movlw	11
  1100   003952  6E04               	movwf	LCD_Cursor_Set@column^(0+1280),c
  1101   003954  0E02               	movlw	2
  1102   003956  EC61  F01D         	call	_LCD_Cursor_Set
  1103   00395A  0E00               	movlw	0
  1104   00395C  6E0D               	movwf	LCD_Update_Screen@i_295^(0+1280),c
  1105   00395E  EFCA  F01C         	goto	l2580
  1106   003962                     l2572:
  1107   003962  500D               	movf	LCD_Update_Screen@i_295^(0+1280),w,c
  1108   003964  2409               	addwf	LCD_Update_Screen@output^(0+1280),w,c
  1109   003966  6ED9               	movwf	fsr2l,c
  1110   003968  0E00               	movlw	0
  1111   00396A  200A               	addwfc	(LCD_Update_Screen@output+1)^(0+1280),w,c
  1112   00396C  6EDA               	movwf	fsr2h,c
  1113   00396E  50DF               	movf	indf2,w,c
  1114   003970  A4D8               	btfss	status,2,c
  1115   003972  EFBD  F01C         	goto	u2281
  1116   003976  EFBF  F01C         	goto	u2280
  1117   00397A                     u2281:
  1118   00397A  EFC4  F01C         	goto	l2576
  1119   00397E                     u2280:
  1120   00397E  0E00               	movlw	0
  1121   003980  EC0F  F01E         	call	_LCD_Write_Char
  1122   003984  EFC7  F01C         	goto	l371
  1123   003988                     l2576:
  1124   003988  0E01               	movlw	1
  1125   00398A  EC0F  F01E         	call	_LCD_Write_Char
  1126   00398E                     l371:
  1127   00398E  EC14  F01E         	call	_LCD_Cursor_Increment	;wreg free
  1128   003992  2A0D               	incf	LCD_Update_Screen@i_295^(0+1280),f,c
  1129   003994                     l2580:
  1130   003994  500B               	movf	LCD_Update_Screen@output_size^(0+1280),w,c
  1131   003996  5C0D               	subwf	LCD_Update_Screen@i_295^(0+1280),w,c
  1132   003998  A0D8               	btfss	status,0,c
  1133   00399A  EFD1  F01C         	goto	u2291
  1134   00399E  EFD3  F01C         	goto	u2290
  1135   0039A2                     u2291:
  1136   0039A2  EFB1  F01C         	goto	l2572
  1137   0039A6                     u2290:
  1138   0039A6  0012               	return		;funcret
  1139   0039A8                     __end_of_LCD_Update_Screen:
  1140                           	callstack 0
  1141                           
  1142 ;; *************** function _LCD_Write_Char *****************
  1143 ;; Defined at:
  1144 ;;		line 404 in file "lcd.c"
  1145 ;; Parameters:    Size  Location     Type
  1146 ;;  character       1    wreg     unsigned char 
  1147 ;; Auto vars:     Size  Location     Type
  1148 ;;  character       1    3[COMRAM] unsigned char 
  1149 ;; Return value:  Size  Location     Type
  1150 ;;                  1    wreg      void 
  1151 ;; Registers used:
  1152 ;;		wreg, status,2, status,0, cstack
  1153 ;; Tracked objects:
  1154 ;;		On entry : 0/0
  1155 ;;		On exit  : 0/0
  1156 ;;		Unchanged: 0/0
  1157 ;; Data sizes:     COMRAM   BANK5   BANK6   BANK7   BANK8   BANK9  BANK10  BANK11  BANK12  BANK13  BANK14  BANK15  BANK1
      +6  BANK17  BANK18  BANK19  BANK20  BANK21  BANK22  BANK23  BANK24  BANK25  BANK26  BANK27  BANK28  BANK29  BANK30  BANK3
      +1  BANK32  BANK33  BANK34  BANK35  BANK36
  1158 ;;      Params:         0       0       0       0       0       0       0       0       0       0       0       0       
      +0       0       0       0       0       0       0       0       0       0       0       0       0       0       0       
      +0       0       0       0       0       0
  1159 ;;      Locals:         1       0       0       0       0       0       0       0       0       0       0       0       
      +0       0       0       0       0       0       0       0       0       0       0       0       0       0       0       
      +0       0       0       0       0       0
  1160 ;;      Temps:          0       0       0       0       0       0       0       0       0       0       0       0       
      +0       0       0       0       0       0       0       0       0       0       0       0       0       0       0       
      +0       0       0       0       0       0
  1161 ;;      Totals:         1       0       0       0       0       0       0       0       0       0       0       0       
      +0       0       0       0       0       0       0       0       0       0       0       0       0       0       0       
      +0       0       0       0       0       0
  1162 ;;Total ram usage:        1 bytes
  1163 ;; Hardware stack levels used: 1
  1164 ;; Hardware stack levels required when called: 2
  1165 ;; This function calls:
  1166 ;;		_LCD_write_data
  1167 ;; This function is called by:
  1168 ;;		_main
  1169 ;;		_LCD_Update_Screen
  1170 ;;		_LCD_Write_Float
  1171 ;; This function uses a non-reentrant model
  1172 ;;
  1173                           
  1174                           	psect	text4
  1175   003C1E                     __ptext4:
  1176                           	callstack 0
  1177   003C1E                     _LCD_Write_Char:
  1178                           	callstack 124
  1179                           
  1180                           ;incstack = 0
  1181                           ;LCD_Write_Char@character stored from wreg
  1182   003C1E  6E04               	movwf	LCD_Write_Char@character^(0+1280),c
  1183   003C20                     
  1184                           ;lcd.c: 407:     LCD_write_data(character);
  1185   003C20  5004               	movf	LCD_Write_Char@character^(0+1280),w,c
  1186   003C22  EC07  F01B         	call	_LCD_write_data
  1187   003C26  0012               	return		;funcret
  1188   003C28                     __end_of_LCD_Write_Char:
  1189                           	callstack 0
  1190                           
  1191 ;; *************** function _LCD_Cursor_Increment *****************
  1192 ;; Defined at:
  1193 ;;		line 204 in file "lcd.c"
  1194 ;; Parameters:    Size  Location     Type
  1195 ;;		None
  1196 ;; Auto vars:     Size  Location     Type
  1197 ;;		None
  1198 ;; Return value:  Size  Location     Type
  1199 ;;                  1    wreg      void 
  1200 ;; Registers used:
  1201 ;;		wreg, status,2, status,0, cstack
  1202 ;; Tracked objects:
  1203 ;;		On entry : 0/0
  1204 ;;		On exit  : 0/0
  1205 ;;		Unchanged: 0/0
  1206 ;; Data sizes:     COMRAM   BANK5   BANK6   BANK7   BANK8   BANK9  BANK10  BANK11  BANK12  BANK13  BANK14  BANK15  BANK1
      +6  BANK17  BANK18  BANK19  BANK20  BANK21  BANK22  BANK23  BANK24  BANK25  BANK26  BANK27  BANK28  BANK29  BANK30  BANK3
      +1  BANK32  BANK33  BANK34  BANK35  BANK36
  1207 ;;      Params:         0       0       0       0       0       0       0       0       0       0       0       0       
      +0       0       0       0       0       0       0       0       0       0       0       0       0       0       0       
      +0       0       0       0       0       0
  1208 ;;      Locals:         0       0       0       0       0       0       0       0       0       0       0       0       
      +0       0       0       0       0       0       0       0       0       0       0       0       0       0       0       
      +0       0       0       0       0       0
  1209 ;;      Temps:          0       0       0       0       0       0       0       0       0       0       0       0       
      +0       0       0       0       0       0       0       0       0       0       0       0       0       0       0       
      +0       0       0       0       0       0
  1210 ;;      Totals:         0       0       0       0       0       0       0       0       0       0       0       0       
      +0       0       0       0       0       0       0       0       0       0       0       0       0       0       0       
      +0       0       0       0       0       0
  1211 ;;Total ram usage:        0 bytes
  1212 ;; Hardware stack levels used: 1
  1213 ;; Hardware stack levels required when called: 2
  1214 ;; This function calls:
  1215 ;;		_LCD_write_command
  1216 ;; This function is called by:
  1217 ;;		_main
  1218 ;;		_LCD_Update_Screen
  1219 ;; This function uses a non-reentrant model
  1220 ;;
  1221                           
  1222                           	psect	text5
  1223   003C28                     __ptext5:
  1224                           	callstack 0
  1225   003C28                     _LCD_Cursor_Increment:
  1226                           	callstack 123
  1227   003C28                     
  1228                           ;lcd.c: 207:     LCD_write_command(0x14);
  1229   003C28  0E14               	movlw	20
  1230   003C2A  EC85  F01B         	call	_LCD_write_command
  1231   003C2E  0012               	return		;funcret
  1232   003C30                     __end_of_LCD_Cursor_Increment:
  1233                           	callstack 0
  1234                           
  1235 ;; *************** function _LCD_Init *****************
  1236 ;; Defined at:
  1237 ;;		line 136 in file "lcd.c"
  1238 ;; Parameters:    Size  Location     Type
  1239 ;;		None
  1240 ;; Auto vars:     Size  Location     Type
  1241 ;;		None
  1242 ;; Return value:  Size  Location     Type
  1243 ;;                  1    wreg      void 
  1244 ;; Registers used:
  1245 ;;		wreg, status,2, status,0, cstack
  1246 ;; Tracked objects:
  1247 ;;		On entry : 0/0
  1248 ;;		On exit  : 0/0
  1249 ;;		Unchanged: 0/0
  1250 ;; Data sizes:     COMRAM   BANK5   BANK6   BANK7   BANK8   BANK9  BANK10  BANK11  BANK12  BANK13  BANK14  BANK15  BANK1
      +6  BANK17  BANK18  BANK19  BANK20  BANK21  BANK22  BANK23  BANK24  BANK25  BANK26  BANK27  BANK28  BANK29  BANK30  BANK3
      +1  BANK32  BANK33  BANK34  BANK35  BANK36
  1251 ;;      Params:         0       0       0       0       0       0       0       0       0       0       0       0       
      +0       0       0       0       0       0       0       0       0       0       0       0       0       0       0       
      +0       0       0       0       0       0
  1252 ;;      Locals:         0       0       0       0       0       0       0       0       0       0       0       0       
      +0       0       0       0       0       0       0       0       0       0       0       0       0       0       0       
      +0       0       0       0       0       0
  1253 ;;      Temps:          2       0       0       0       0       0       0       0       0       0       0       0       
      +0       0       0       0       0       0       0       0       0       0       0       0       0       0       0       
      +0       0       0       0       0       0
  1254 ;;      Totals:         2       0       0       0       0       0       0       0       0       0       0       0       
      +0       0       0       0       0       0       0       0       0       0       0       0       0       0       0       
      +0       0       0       0       0       0
  1255 ;;Total ram usage:        2 bytes
  1256 ;; Hardware stack levels used: 1
  1257 ;; Hardware stack levels required when called: 3
  1258 ;; This function calls:
  1259 ;;		_LCD_Clear
  1260 ;;		_LCD_pulse_clock
  1261 ;;		_LCD_write_command
  1262 ;; This function is called by:
  1263 ;;		_main
  1264 ;; This function uses a non-reentrant model
  1265 ;;
  1266                           
  1267                           	psect	text6
  1268   003A3E                     __ptext6:
  1269                           	callstack 0
  1270   003A3E                     _LCD_Init:
  1271                           	callstack 123
  1272   003A3E                     
  1273                           ;lcd.c: 139:     TRISCbits.TRISC0 = 0; LATCbits.LATC0 = 0;
  1274   003A3E  90C8               	bcf	200,0,c	;volatile
  1275   003A40  90C0               	bcf	192,0,c	;volatile
  1276                           
  1277                           ;lcd.c: 140:     TRISCbits.TRISC1 = 0; LATCbits.LATC1 = 0;
  1278   003A42  92C8               	bcf	200,1,c	;volatile
  1279   003A44  92C0               	bcf	192,1,c	;volatile
  1280                           
  1281                           ;lcd.c: 141:     TRISFbits.TRISF4 = 0; LATFbits.LATF4 = 0;
  1282   003A46  98CB               	bcf	203,4,c	;volatile
  1283   003A48  98C3               	bcf	195,4,c	;volatile
  1284                           
  1285                           ;lcd.c: 142:     TRISFbits.TRISF5 = 0; LATFbits.LATF5 = 0;
  1286   003A4A  9ACB               	bcf	203,5,c	;volatile
  1287   003A4C  9AC3               	bcf	195,5,c	;volatile
  1288                           
  1289                           ;lcd.c: 143:     TRISFbits.TRISF6 = 0; LATFbits.LATF6 = 0;
  1290   003A4E  9CCB               	bcf	203,6,c	;volatile
  1291   003A50  9CC3               	bcf	195,6,c	;volatile
  1292                           
  1293                           ;lcd.c: 144:     TRISFbits.TRISF7 = 0; LATFbits.LATF7 = 0;
  1294   003A52  9ECB               	bcf	203,7,c	;volatile
  1295   003A54  9EC3               	bcf	195,7,c	;volatile
  1296   003A56                     
  1297                           ;lcd.c: 151:     _delay((unsigned long)((60)*(64000000UL/4000.0)));
  1298   003A56  0E05               	movlw	5
  1299   003A58  6E06               	movwf	(??_LCD_Init+1)^(0+1280),c
  1300   003A5A  0EDF               	movlw	223
  1301   003A5C  6E05               	movwf	??_LCD_Init^(0+1280),c
  1302   003A5E  0EBC               	movlw	188
  1303   003A60                     u2357:
  1304   003A60  2EE8               	decfsz	wreg,f,c
  1305   003A62  D7FE               	bra	u2357
  1306   003A64  2E05               	decfsz	??_LCD_Init^(0+1280),f,c
  1307   003A66  D7FC               	bra	u2357
  1308   003A68  2E06               	decfsz	(??_LCD_Init+1)^(0+1280),f,c
  1309   003A6A  D7FA               	bra	u2357
  1310   003A6C                     
  1311                           ;lcd.c: 154:     LATFbits.LATF7 = 0; LATFbits.LATF6 = 0; LATFbits.LATF5 = 1; LATFbits.LA
      +                          TF4 = 1;
  1312   003A6C  9EC3               	bcf	195,7,c	;volatile
  1313   003A6E  9CC3               	bcf	195,6,c	;volatile
  1314   003A70  8AC3               	bsf	195,5,c	;volatile
  1315   003A72  88C3               	bsf	195,4,c	;volatile
  1316   003A74                     
  1317                           ;lcd.c: 157:     LCD_pulse_clock();
  1318   003A74  EC08  F01E         	call	_LCD_pulse_clock	;wreg free
  1319   003A78                     
  1320                           ;lcd.c: 160:     _delay((unsigned long)((6)*(64000000UL/4000.0)));
  1321   003A78  0E7D               	movlw	125
  1322   003A7A  6E05               	movwf	??_LCD_Init^(0+1280),c
  1323   003A7C  0EAC               	movlw	172
  1324   003A7E                     u2367:
  1325   003A7E  2EE8               	decfsz	wreg,f,c
  1326   003A80  D7FE               	bra	u2367
  1327   003A82  2E05               	decfsz	??_LCD_Init^(0+1280),f,c
  1328   003A84  D7FC               	bra	u2367
  1329                           
  1330                           ;lcd.c: 163:     LCD_pulse_clock();
  1331   003A86  EC08  F01E         	call	_LCD_pulse_clock	;wreg free
  1332   003A8A                     
  1333                           ;lcd.c: 166:     _delay((unsigned long)((150)*(64000000UL/4000000.0)));
  1334   003A8A  0E04               	movlw	4
  1335   003A8C  6E05               	movwf	??_LCD_Init^(0+1280),c
  1336   003A8E  0E1C               	movlw	28
  1337   003A90                     u2377:
  1338   003A90  2EE8               	decfsz	wreg,f,c
  1339   003A92  D7FE               	bra	u2377
  1340   003A94  2E05               	decfsz	??_LCD_Init^(0+1280),f,c
  1341   003A96  D7FC               	bra	u2377
  1342   003A98  D000               	nop2	
  1343   003A9A                     
  1344                           ;lcd.c: 169:     LCD_pulse_clock();
  1345   003A9A  EC08  F01E         	call	_LCD_pulse_clock	;wreg free
  1346   003A9E                     
  1347                           ;lcd.c: 172:     LATFbits.LATF7 = 0; LATFbits.LATF6 = 0; LATFbits.LATF5 = 1; LATFbits.LA
      +                          TF4 = 0;
  1348   003A9E  9EC3               	bcf	195,7,c	;volatile
  1349   003AA0  9CC3               	bcf	195,6,c	;volatile
  1350   003AA2  8AC3               	bsf	195,5,c	;volatile
  1351   003AA4  98C3               	bcf	195,4,c	;volatile
  1352   003AA6                     
  1353                           ;lcd.c: 175:     LCD_pulse_clock();
  1354   003AA6  EC08  F01E         	call	_LCD_pulse_clock	;wreg free
  1355   003AAA                     
  1356                           ;lcd.c: 178:     LCD_write_command(0x28);
  1357   003AAA  0E28               	movlw	40
  1358   003AAC  EC85  F01B         	call	_LCD_write_command
  1359   003AB0                     
  1360                           ;lcd.c: 179:     LCD_write_command(LCD_display_control);
  1361   003AB0  501C               	movf	_LCD_display_control^(0+1280),w,c
  1362   003AB2  EC85  F01B         	call	_LCD_write_command
  1363   003AB6                     
  1364                           ;lcd.c: 180:     LCD_write_command(LCD_entry_mode);
  1365   003AB6  501B               	movf	_LCD_entry_mode^(0+1280),w,c
  1366   003AB8  EC85  F01B         	call	_LCD_write_command
  1367   003ABC                     
  1368                           ;lcd.c: 181:     LCD_Clear();
  1369   003ABC  ECF0  F01D         	call	_LCD_Clear	;wreg free
  1370   003AC0  0012               	return		;funcret
  1371   003AC2                     __end_of_LCD_Init:
  1372                           	callstack 0
  1373                           
  1374 ;; *************** function _LCD_Clear *****************
  1375 ;; Defined at:
  1376 ;;		line 278 in file "lcd.c"
  1377 ;; Parameters:    Size  Location     Type
  1378 ;;		None
  1379 ;; Auto vars:     Size  Location     Type
  1380 ;;		None
  1381 ;; Return value:  Size  Location     Type
  1382 ;;                  1    wreg      void 
  1383 ;; Registers used:
  1384 ;;		wreg, status,2, status,0, cstack
  1385 ;; Tracked objects:
  1386 ;;		On entry : 0/0
  1387 ;;		On exit  : 0/0
  1388 ;;		Unchanged: 0/0
  1389 ;; Data sizes:     COMRAM   BANK5   BANK6   BANK7   BANK8   BANK9  BANK10  BANK11  BANK12  BANK13  BANK14  BANK15  BANK1
      +6  BANK17  BANK18  BANK19  BANK20  BANK21  BANK22  BANK23  BANK24  BANK25  BANK26  BANK27  BANK28  BANK29  BANK30  BANK3
      +1  BANK32  BANK33  BANK34  BANK35  BANK36
  1390 ;;      Params:         0       0       0       0       0       0       0       0       0       0       0       0       
      +0       0       0       0       0       0       0       0       0       0       0       0       0       0       0       
      +0       0       0       0       0       0
  1391 ;;      Locals:         0       0       0       0       0       0       0       0       0       0       0       0       
      +0       0       0       0       0       0       0       0       0       0       0       0       0       0       0       
      +0       0       0       0       0       0
  1392 ;;      Temps:          1       0       0       0       0       0       0       0       0       0       0       0       
      +0       0       0       0       0       0       0       0       0       0       0       0       0       0       0       
      +0       0       0       0       0       0
  1393 ;;      Totals:         1       0       0       0       0       0       0       0       0       0       0       0       
      +0       0       0       0       0       0       0       0       0       0       0       0       0       0       0       
      +0       0       0       0       0       0
  1394 ;;Total ram usage:        1 bytes
  1395 ;; Hardware stack levels used: 1
  1396 ;; Hardware stack levels required when called: 2
  1397 ;; This function calls:
  1398 ;;		_LCD_write_command
  1399 ;; This function is called by:
  1400 ;;		_LCD_Init
  1401 ;; This function uses a non-reentrant model
  1402 ;;
  1403                           
  1404                           	psect	text7
  1405   003BE0                     __ptext7:
  1406                           	callstack 0
  1407   003BE0                     _LCD_Clear:
  1408                           	callstack 123
  1409   003BE0                     
  1410                           ;lcd.c: 281:     LCD_write_command(0x01);
  1411   003BE0  0E01               	movlw	1
  1412   003BE2  EC85  F01B         	call	_LCD_write_command
  1413   003BE6                     
  1414                           ;lcd.c: 284:     _delay((unsigned long)(((2300-60))*(64000000UL/4000000.0)));
  1415   003BE6  0E2F               	movlw	47
  1416   003BE8  6E04               	movwf	??_LCD_Clear^(0+1280),c
  1417   003BEA  0E8A               	movlw	138
  1418   003BEC                     u2387:
  1419   003BEC  2EE8               	decfsz	wreg,f,c
  1420   003BEE  D7FE               	bra	u2387
  1421   003BF0  2E04               	decfsz	??_LCD_Clear^(0+1280),f,c
  1422   003BF2  D7FC               	bra	u2387
  1423   003BF4  D000               	nop2	
  1424   003BF6                     
  1425                           ;lcd.c: 287:     LCD_write_command(LCD_entry_mode);
  1426   003BF6  501B               	movf	_LCD_entry_mode^(0+1280),w,c
  1427   003BF8  EC85  F01B         	call	_LCD_write_command
  1428   003BFC  0012               	return		;funcret
  1429   003BFE                     __end_of_LCD_Clear:
  1430                           	callstack 0
  1431                           
  1432 ;; *************** function _LCD_Add_Character *****************
  1433 ;; Defined at:
  1434 ;;		line 371 in file "lcd.c"
  1435 ;; Parameters:    Size  Location     Type
  1436 ;;  pattern         2    5[COMRAM] PTR unsigned char 
  1437 ;;		 -> high_state(8), low_state(8), 
  1438 ;;  address         1    7[COMRAM] unsigned char 
  1439 ;; Auto vars:     Size  Location     Type
  1440 ;;  i               1    8[COMRAM] unsigned char 
  1441 ;; Return value:  Size  Location     Type
  1442 ;;                  1    wreg      void 
  1443 ;; Registers used:
  1444 ;;		wreg, fsr2l, fsr2h, status,2, status,0, prodl, prodh, cstack
  1445 ;; Tracked objects:
  1446 ;;		On entry : 0/0
  1447 ;;		On exit  : 0/0
  1448 ;;		Unchanged: 0/0
  1449 ;; Data sizes:     COMRAM   BANK5   BANK6   BANK7   BANK8   BANK9  BANK10  BANK11  BANK12  BANK13  BANK14  BANK15  BANK1
      +6  BANK17  BANK18  BANK19  BANK20  BANK21  BANK22  BANK23  BANK24  BANK25  BANK26  BANK27  BANK28  BANK29  BANK30  BANK3
      +1  BANK32  BANK33  BANK34  BANK35  BANK36
  1450 ;;      Params:         3       0       0       0       0       0       0       0       0       0       0       0       
      +0       0       0       0       0       0       0       0       0       0       0       0       0       0       0       
      +0       0       0       0       0       0
  1451 ;;      Locals:         1       0       0       0       0       0       0       0       0       0       0       0       
      +0       0       0       0       0       0       0       0       0       0       0       0       0       0       0       
      +0       0       0       0       0       0
  1452 ;;      Temps:          0       0       0       0       0       0       0       0       0       0       0       0       
      +0       0       0       0       0       0       0       0       0       0       0       0       0       0       0       
      +0       0       0       0       0       0
  1453 ;;      Totals:         4       0       0       0       0       0       0       0       0       0       0       0       
      +0       0       0       0       0       0       0       0       0       0       0       0       0       0       0       
      +0       0       0       0       0       0
  1454 ;;Total ram usage:        4 bytes
  1455 ;; Hardware stack levels used: 1
  1456 ;; Hardware stack levels required when called: 3
  1457 ;; This function calls:
  1458 ;;		_LCD_Cursor_Set
  1459 ;;		_LCD_write_command
  1460 ;;		_LCD_write_data
  1461 ;; This function is called by:
  1462 ;;		_main
  1463 ;; This function uses a non-reentrant model
  1464 ;;
  1465                           
  1466                           	psect	text8
  1467   003B6E                     __ptext8:
  1468                           	callstack 0
  1469   003B6E                     _LCD_Add_Character:
  1470                           	callstack 123
  1471   003B6E                     
  1472                           ;lcd.c: 376:     LCD_write_command( 0x40 + (uint8_t)(address<<3) );
  1473   003B6E  5008               	movf	LCD_Add_Character@address^(0+1280),w,c
  1474   003B70  0D08               	mullw	8
  1475   003B72  50F3               	movf	243,w,c
  1476   003B74  0F40               	addlw	64
  1477   003B76  EC85  F01B         	call	_LCD_write_command
  1478   003B7A                     
  1479                           ;lcd.c: 379:     for(uint8_t i=0 ; i < 8 ; i++) {
  1480   003B7A  0E00               	movlw	0
  1481   003B7C  6E09               	movwf	LCD_Add_Character@i^(0+1280),c
  1482   003B7E                     l2538:
  1483                           
  1484                           ;lcd.c: 380:         LCD_write_data(pattern[i]);
  1485   003B7E  5009               	movf	LCD_Add_Character@i^(0+1280),w,c
  1486   003B80  2406               	addwf	LCD_Add_Character@pattern^(0+1280),w,c
  1487   003B82  6ED9               	movwf	fsr2l,c
  1488   003B84  0E00               	movlw	0
  1489   003B86  2007               	addwfc	(LCD_Add_Character@pattern+1)^(0+1280),w,c
  1490   003B88  6EDA               	movwf	fsr2h,c
  1491   003B8A  50DF               	movf	indf2,w,c
  1492   003B8C  EC07  F01B         	call	_LCD_write_data
  1493   003B90                     
  1494                           ;lcd.c: 381:     }
  1495   003B90  2A09               	incf	LCD_Add_Character@i^(0+1280),f,c
  1496   003B92  0E07               	movlw	7
  1497   003B94  6409               	cpfsgt	LCD_Add_Character@i^(0+1280),c
  1498   003B96  EFCF  F01D         	goto	u2241
  1499   003B9A  EFD1  F01D         	goto	u2240
  1500   003B9E                     u2241:
  1501   003B9E  EFBF  F01D         	goto	l2538
  1502   003BA2                     u2240:
  1503   003BA2                     
  1504                           ;lcd.c: 384:     LCD_Cursor_Set(1, 1);
  1505   003BA2  0E01               	movlw	1
  1506   003BA4  6E04               	movwf	LCD_Cursor_Set@column^(0+1280),c
  1507   003BA6  0E01               	movlw	1
  1508   003BA8  EC61  F01D         	call	_LCD_Cursor_Set
  1509   003BAC  0012               	return		;funcret
  1510   003BAE                     __end_of_LCD_Add_Character:
  1511                           	callstack 0
  1512                           
  1513 ;; *************** function _LCD_write_data *****************
  1514 ;; Defined at:
  1515 ;;		line 104 in file "lcd.c"
  1516 ;; Parameters:    Size  Location     Type
  1517 ;;  data            1    wreg     unsigned char 
  1518 ;; Auto vars:     Size  Location     Type
  1519 ;;  data            1    2[COMRAM] unsigned char 
  1520 ;; Return value:  Size  Location     Type
  1521 ;;                  1    wreg      void 
  1522 ;; Registers used:
  1523 ;;		wreg, status,2, status,0, cstack
  1524 ;; Tracked objects:
  1525 ;;		On entry : 0/0
  1526 ;;		On exit  : 0/0
  1527 ;;		Unchanged: 0/0
  1528 ;; Data sizes:     COMRAM   BANK5   BANK6   BANK7   BANK8   BANK9  BANK10  BANK11  BANK12  BANK13  BANK14  BANK15  BANK1
      +6  BANK17  BANK18  BANK19  BANK20  BANK21  BANK22  BANK23  BANK24  BANK25  BANK26  BANK27  BANK28  BANK29  BANK30  BANK3
      +1  BANK32  BANK33  BANK34  BANK35  BANK36
  1529 ;;      Params:         0       0       0       0       0       0       0       0       0       0       0       0       
      +0       0       0       0       0       0       0       0       0       0       0       0       0       0       0       
      +0       0       0       0       0       0
  1530 ;;      Locals:         1       0       0       0       0       0       0       0       0       0       0       0       
      +0       0       0       0       0       0       0       0       0       0       0       0       0       0       0       
      +0       0       0       0       0       0
  1531 ;;      Temps:          2       0       0       0       0       0       0       0       0       0       0       0       
      +0       0       0       0       0       0       0       0       0       0       0       0       0       0       0       
      +0       0       0       0       0       0
  1532 ;;      Totals:         3       0       0       0       0       0       0       0       0       0       0       0       
      +0       0       0       0       0       0       0       0       0       0       0       0       0       0       0       
      +0       0       0       0       0       0
  1533 ;;Total ram usage:        3 bytes
  1534 ;; Hardware stack levels used: 1
  1535 ;; Hardware stack levels required when called: 1
  1536 ;; This function calls:
  1537 ;;		_LCD_pulse_clock
  1538 ;; This function is called by:
  1539 ;;		_LCD_Add_Character
  1540 ;;		_LCD_Write_String
  1541 ;;		_LCD_Write_Char
  1542 ;;		_LCD_Write_Variable
  1543 ;;		_LCD_Write_Float
  1544 ;; This function uses a non-reentrant model
  1545 ;;
  1546                           
  1547                           	psect	text9
  1548   00360E                     __ptext9:
  1549                           	callstack 0
  1550   00360E                     _LCD_write_data:
  1551                           	callstack 124
  1552                           
  1553                           ;incstack = 0
  1554                           ;LCD_write_data@data stored from wreg
  1555   00360E  6E03               	movwf	LCD_write_data@data^(0+1280),c
  1556   003610                     
  1557                           ;lcd.c: 106:     LATCbits.LATC0 = 1;
  1558   003610  80C0               	bsf	192,0,c	;volatile
  1559   003612                     
  1560                           ;lcd.c: 109:     LATFbits.LATF7 = (data & 0b10000000) >> 7;
  1561   003612  6A01               	clrf	??_LCD_write_data^(0+1280),c
  1562   003614  AE03               	btfss	LCD_write_data@data^(0+1280),7,c
  1563   003616  D001               	bra	u765
  1564   003618  2A01               	incf	??_LCD_write_data^(0+1280),f,c
  1565   00361A                     u765:
  1566   00361A  0E01               	movlw	1
  1567   00361C  1601               	andwf	??_LCD_write_data^(0+1280),f,c
  1568   00361E  3201               	rrcf	??_LCD_write_data^(0+1280),f,c
  1569   003620  3201               	rrcf	??_LCD_write_data^(0+1280),f,c
  1570   003622  50C3               	movf	195,w,c	;volatile
  1571   003624  1801               	xorwf	??_LCD_write_data^(0+1280),w,c
  1572   003626  0B7F               	andlw	-129
  1573   003628  1801               	xorwf	??_LCD_write_data^(0+1280),w,c
  1574   00362A  6EC3               	movwf	195,c	;volatile
  1575                           
  1576                           ;lcd.c: 110:     LATFbits.LATF6 = (data & 0b01000000) >> 6;
  1577   00362C  C503  F501         	movff	LCD_write_data@data,??_LCD_write_data
  1578   003630  0E06               	movlw	6
  1579   003632  6E02               	movwf	(??_LCD_write_data+1)^(0+1280),c
  1580   003634                     u775:
  1581   003634  90D8               	bcf	status,0,c
  1582   003636  3201               	rrcf	??_LCD_write_data^(0+1280),f,c
  1583   003638  2E02               	decfsz	(??_LCD_write_data+1)^(0+1280),f,c
  1584   00363A  EF1A  F01B         	goto	u775
  1585   00363E  0E01               	movlw	1
  1586   003640  1601               	andwf	??_LCD_write_data^(0+1280),f,c
  1587   003642  3A01               	swapf	??_LCD_write_data^(0+1280),f,c
  1588   003644  4601               	rlncf	??_LCD_write_data^(0+1280),f,c
  1589   003646  4601               	rlncf	??_LCD_write_data^(0+1280),f,c
  1590   003648  50C3               	movf	195,w,c	;volatile
  1591   00364A  1801               	xorwf	??_LCD_write_data^(0+1280),w,c
  1592   00364C  0BBF               	andlw	-65
  1593   00364E  1801               	xorwf	??_LCD_write_data^(0+1280),w,c
  1594   003650  6EC3               	movwf	195,c	;volatile
  1595                           
  1596                           ;lcd.c: 111:     LATFbits.LATF5 = (data & 0b00100000) >> 5;
  1597   003652  C503  F501         	movff	LCD_write_data@data,??_LCD_write_data
  1598   003656  0E05               	movlw	5
  1599   003658  6E02               	movwf	(??_LCD_write_data+1)^(0+1280),c
  1600   00365A                     u785:
  1601   00365A  90D8               	bcf	status,0,c
  1602   00365C  3201               	rrcf	??_LCD_write_data^(0+1280),f,c
  1603   00365E  2E02               	decfsz	(??_LCD_write_data+1)^(0+1280),f,c
  1604   003660  EF2D  F01B         	goto	u785
  1605   003664  0E01               	movlw	1
  1606   003666  1601               	andwf	??_LCD_write_data^(0+1280),f,c
  1607   003668  3A01               	swapf	??_LCD_write_data^(0+1280),f,c
  1608   00366A  4601               	rlncf	??_LCD_write_data^(0+1280),f,c
  1609   00366C  50C3               	movf	195,w,c	;volatile
  1610   00366E  1801               	xorwf	??_LCD_write_data^(0+1280),w,c
  1611   003670  0BDF               	andlw	-33
  1612   003672  1801               	xorwf	??_LCD_write_data^(0+1280),w,c
  1613   003674  6EC3               	movwf	195,c	;volatile
  1614                           
  1615                           ;lcd.c: 112:     LATFbits.LATF4 = (data & 0b00010000) >> 4;
  1616   003676  C503  F501         	movff	LCD_write_data@data,??_LCD_write_data
  1617   00367A  3A01               	swapf	??_LCD_write_data^(0+1280),f,c
  1618   00367C  0E0F               	movlw	15
  1619   00367E  1601               	andwf	??_LCD_write_data^(0+1280),f,c
  1620   003680  0E01               	movlw	1
  1621   003682  1601               	andwf	??_LCD_write_data^(0+1280),f,c
  1622   003684  3A01               	swapf	??_LCD_write_data^(0+1280),f,c
  1623   003686  50C3               	movf	195,w,c	;volatile
  1624   003688  1801               	xorwf	??_LCD_write_data^(0+1280),w,c
  1625   00368A  0BEF               	andlw	-17
  1626   00368C  1801               	xorwf	??_LCD_write_data^(0+1280),w,c
  1627   00368E  6EC3               	movwf	195,c	;volatile
  1628   003690                     
  1629                           ;lcd.c: 115:     LCD_pulse_clock();
  1630   003690  EC08  F01E         	call	_LCD_pulse_clock	;wreg free
  1631   003694                     
  1632                           ;lcd.c: 118:     LATFbits.LATF7 = (data & 0b00001000) >> 3;
  1633   003694  C503  F501         	movff	LCD_write_data@data,??_LCD_write_data
  1634   003698  90D8               	bcf	status,0,c
  1635   00369A  3201               	rrcf	??_LCD_write_data^(0+1280),f,c
  1636   00369C  90D8               	bcf	status,0,c
  1637   00369E  3201               	rrcf	??_LCD_write_data^(0+1280),f,c
  1638   0036A0  90D8               	bcf	status,0,c
  1639   0036A2  3201               	rrcf	??_LCD_write_data^(0+1280),f,c
  1640   0036A4  0E01               	movlw	1
  1641   0036A6  1601               	andwf	??_LCD_write_data^(0+1280),f,c
  1642   0036A8  3201               	rrcf	??_LCD_write_data^(0+1280),f,c
  1643   0036AA  3201               	rrcf	??_LCD_write_data^(0+1280),f,c
  1644   0036AC  50C3               	movf	195,w,c	;volatile
  1645   0036AE  1801               	xorwf	??_LCD_write_data^(0+1280),w,c
  1646   0036B0  0B7F               	andlw	-129
  1647   0036B2  1801               	xorwf	??_LCD_write_data^(0+1280),w,c
  1648   0036B4  6EC3               	movwf	195,c	;volatile
  1649   0036B6                     
  1650                           ;lcd.c: 119:     LATFbits.LATF6 = (data & 0b00000100) >> 2;
  1651   0036B6  C503  F501         	movff	LCD_write_data@data,??_LCD_write_data
  1652   0036BA  90D8               	bcf	status,0,c
  1653   0036BC  3201               	rrcf	??_LCD_write_data^(0+1280),f,c
  1654   0036BE  90D8               	bcf	status,0,c
  1655   0036C0  3201               	rrcf	??_LCD_write_data^(0+1280),f,c
  1656   0036C2  0E01               	movlw	1
  1657   0036C4  1601               	andwf	??_LCD_write_data^(0+1280),f,c
  1658   0036C6  3A01               	swapf	??_LCD_write_data^(0+1280),f,c
  1659   0036C8  4601               	rlncf	??_LCD_write_data^(0+1280),f,c
  1660   0036CA  4601               	rlncf	??_LCD_write_data^(0+1280),f,c
  1661   0036CC  50C3               	movf	195,w,c	;volatile
  1662   0036CE  1801               	xorwf	??_LCD_write_data^(0+1280),w,c
  1663   0036D0  0BBF               	andlw	-65
  1664   0036D2  1801               	xorwf	??_LCD_write_data^(0+1280),w,c
  1665   0036D4  6EC3               	movwf	195,c	;volatile
  1666   0036D6                     
  1667                           ;lcd.c: 120:     LATFbits.LATF5 = (data & 0b00000010) >> 1;
  1668   0036D6  C503  F501         	movff	LCD_write_data@data,??_LCD_write_data
  1669   0036DA  90D8               	bcf	status,0,c
  1670   0036DC  3201               	rrcf	??_LCD_write_data^(0+1280),f,c
  1671   0036DE  0E01               	movlw	1
  1672   0036E0  1601               	andwf	??_LCD_write_data^(0+1280),f,c
  1673   0036E2  3A01               	swapf	??_LCD_write_data^(0+1280),f,c
  1674   0036E4  4601               	rlncf	??_LCD_write_data^(0+1280),f,c
  1675   0036E6  50C3               	movf	195,w,c	;volatile
  1676   0036E8  1801               	xorwf	??_LCD_write_data^(0+1280),w,c
  1677   0036EA  0BDF               	andlw	-33
  1678   0036EC  1801               	xorwf	??_LCD_write_data^(0+1280),w,c
  1679   0036EE  6EC3               	movwf	195,c	;volatile
  1680   0036F0                     
  1681                           ;lcd.c: 121:     LATFbits.LATF4 = (data & 0b00000001) ;
  1682   0036F0  C503  F501         	movff	LCD_write_data@data,??_LCD_write_data
  1683   0036F4  0E01               	movlw	1
  1684   0036F6  1601               	andwf	??_LCD_write_data^(0+1280),f,c
  1685   0036F8  3A01               	swapf	??_LCD_write_data^(0+1280),f,c
  1686   0036FA  50C3               	movf	195,w,c	;volatile
  1687   0036FC  1801               	xorwf	??_LCD_write_data^(0+1280),w,c
  1688   0036FE  0BEF               	andlw	-17
  1689   003700  1801               	xorwf	??_LCD_write_data^(0+1280),w,c
  1690   003702  6EC3               	movwf	195,c	;volatile
  1691   003704                     
  1692                           ;lcd.c: 124:     LCD_pulse_clock();
  1693   003704  EC08  F01E         	call	_LCD_pulse_clock	;wreg free
  1694   003708  0012               	return		;funcret
  1695   00370A                     __end_of_LCD_write_data:
  1696                           	callstack 0
  1697                           
  1698 ;; *************** function _LCD_Cursor_Set *****************
  1699 ;; Defined at:
  1700 ;;		line 189 in file "lcd.c"
  1701 ;; Parameters:    Size  Location     Type
  1702 ;;  row             1    wreg     unsigned char 
  1703 ;;  column          1    3[COMRAM] unsigned char 
  1704 ;; Auto vars:     Size  Location     Type
  1705 ;;  row             1    4[COMRAM] unsigned char 
  1706 ;; Return value:  Size  Location     Type
  1707 ;;                  1    wreg      void 
  1708 ;; Registers used:
  1709 ;;		wreg, status,2, status,0, cstack
  1710 ;; Tracked objects:
  1711 ;;		On entry : 0/0
  1712 ;;		On exit  : 0/0
  1713 ;;		Unchanged: 0/0
  1714 ;; Data sizes:     COMRAM   BANK5   BANK6   BANK7   BANK8   BANK9  BANK10  BANK11  BANK12  BANK13  BANK14  BANK15  BANK1
      +6  BANK17  BANK18  BANK19  BANK20  BANK21  BANK22  BANK23  BANK24  BANK25  BANK26  BANK27  BANK28  BANK29  BANK30  BANK3
      +1  BANK32  BANK33  BANK34  BANK35  BANK36
  1715 ;;      Params:         1       0       0       0       0       0       0       0       0       0       0       0       
      +0       0       0       0       0       0       0       0       0       0       0       0       0       0       0       
      +0       0       0       0       0       0
  1716 ;;      Locals:         1       0       0       0       0       0       0       0       0       0       0       0       
      +0       0       0       0       0       0       0       0       0       0       0       0       0       0       0       
      +0       0       0       0       0       0
  1717 ;;      Temps:          0       0       0       0       0       0       0       0       0       0       0       0       
      +0       0       0       0       0       0       0       0       0       0       0       0       0       0       0       
      +0       0       0       0       0       0
  1718 ;;      Totals:         2       0       0       0       0       0       0       0       0       0       0       0       
      +0       0       0       0       0       0       0       0       0       0       0       0       0       0       0       
      +0       0       0       0       0       0
  1719 ;;Total ram usage:        2 bytes
  1720 ;; Hardware stack levels used: 1
  1721 ;; Hardware stack levels required when called: 2
  1722 ;; This function calls:
  1723 ;;		_LCD_write_command
  1724 ;; This function is called by:
  1725 ;;		_main
  1726 ;;		_LCD_Update_Screen
  1727 ;;		_LCD_Add_Character
  1728 ;; This function uses a non-reentrant model
  1729 ;;
  1730                           
  1731                           	psect	text10
  1732   003AC2                     __ptext10:
  1733                           	callstack 0
  1734   003AC2                     _LCD_Cursor_Set:
  1735                           	callstack 123
  1736                           
  1737                           ;incstack = 0
  1738                           ;LCD_Cursor_Set@row stored from wreg
  1739   003AC2  6E05               	movwf	LCD_Cursor_Set@row^(0+1280),c
  1740   003AC4                     
  1741                           ;lcd.c: 192:     if(row == 1) column += (0x80-1);
  1742   003AC4  0405               	decf	LCD_Cursor_Set@row^(0+1280),w,c
  1743   003AC6  A4D8               	btfss	status,2,c
  1744   003AC8  EF68  F01D         	goto	u2141
  1745   003ACC  EF6A  F01D         	goto	u2140
  1746   003AD0                     u2141:
  1747   003AD0  EF6C  F01D         	goto	l406
  1748   003AD4                     u2140:
  1749   003AD4  0E7F               	movlw	127
  1750   003AD6  2604               	addwf	LCD_Cursor_Set@column^(0+1280),f,c
  1751   003AD8                     l406:
  1752                           
  1753                           ;lcd.c: 193:     if(row == 2) column += (0xC0-1);
  1754   003AD8  0E02               	movlw	2
  1755   003ADA  1805               	xorwf	LCD_Cursor_Set@row^(0+1280),w,c
  1756   003ADC  A4D8               	btfss	status,2,c
  1757   003ADE  EF73  F01D         	goto	u2151
  1758   003AE2  EF75  F01D         	goto	u2150
  1759   003AE6                     u2151:
  1760   003AE6  EF77  F01D         	goto	l407
  1761   003AEA                     u2150:
  1762   003AEA  0EBF               	movlw	191
  1763   003AEC  2604               	addwf	LCD_Cursor_Set@column^(0+1280),f,c
  1764   003AEE                     l407:
  1765                           
  1766                           ;lcd.c: 194:     if(row == 3) column += (0x80+19);
  1767   003AEE  0E03               	movlw	3
  1768   003AF0  1805               	xorwf	LCD_Cursor_Set@row^(0+1280),w,c
  1769   003AF2  A4D8               	btfss	status,2,c
  1770   003AF4  EF7E  F01D         	goto	u2161
  1771   003AF8  EF80  F01D         	goto	u2160
  1772   003AFC                     u2161:
  1773   003AFC  EF82  F01D         	goto	l408
  1774   003B00                     u2160:
  1775   003B00  0E93               	movlw	147
  1776   003B02  2604               	addwf	LCD_Cursor_Set@column^(0+1280),f,c
  1777   003B04                     l408:
  1778                           
  1779                           ;lcd.c: 195:     if(row == 4) column += (0xC0+19);
  1780   003B04  0E04               	movlw	4
  1781   003B06  1805               	xorwf	LCD_Cursor_Set@row^(0+1280),w,c
  1782   003B08  A4D8               	btfss	status,2,c
  1783   003B0A  EF89  F01D         	goto	u2171
  1784   003B0E  EF8B  F01D         	goto	u2170
  1785   003B12                     u2171:
  1786   003B12  EF8D  F01D         	goto	l2502
  1787   003B16                     u2170:
  1788   003B16  0ED3               	movlw	211
  1789   003B18  2604               	addwf	LCD_Cursor_Set@column^(0+1280),f,c
  1790   003B1A                     l2502:
  1791                           
  1792                           ;lcd.c: 198:    LCD_write_command(column);
  1793   003B1A  5004               	movf	LCD_Cursor_Set@column^(0+1280),w,c
  1794   003B1C  EC85  F01B         	call	_LCD_write_command
  1795   003B20  0012               	return		;funcret
  1796   003B22                     __end_of_LCD_Cursor_Set:
  1797                           	callstack 0
  1798                           
  1799 ;; *************** function _LCD_write_command *****************
  1800 ;; Defined at:
  1801 ;;		line 76 in file "lcd.c"
  1802 ;; Parameters:    Size  Location     Type
  1803 ;;  command         1    wreg     unsigned char 
  1804 ;; Auto vars:     Size  Location     Type
  1805 ;;  command         1    2[COMRAM] unsigned char 
  1806 ;; Return value:  Size  Location     Type
  1807 ;;                  1    wreg      void 
  1808 ;; Registers used:
  1809 ;;		wreg, status,2, status,0, cstack
  1810 ;; Tracked objects:
  1811 ;;		On entry : 0/0
  1812 ;;		On exit  : 0/0
  1813 ;;		Unchanged: 0/0
  1814 ;; Data sizes:     COMRAM   BANK5   BANK6   BANK7   BANK8   BANK9  BANK10  BANK11  BANK12  BANK13  BANK14  BANK15  BANK1
      +6  BANK17  BANK18  BANK19  BANK20  BANK21  BANK22  BANK23  BANK24  BANK25  BANK26  BANK27  BANK28  BANK29  BANK30  BANK3
      +1  BANK32  BANK33  BANK34  BANK35  BANK36
  1815 ;;      Params:         0       0       0       0       0       0       0       0       0       0       0       0       
      +0       0       0       0       0       0       0       0       0       0       0       0       0       0       0       
      +0       0       0       0       0       0
  1816 ;;      Locals:         1       0       0       0       0       0       0       0       0       0       0       0       
      +0       0       0       0       0       0       0       0       0       0       0       0       0       0       0       
      +0       0       0       0       0       0
  1817 ;;      Temps:          2       0       0       0       0       0       0       0       0       0       0       0       
      +0       0       0       0       0       0       0       0       0       0       0       0       0       0       0       
      +0       0       0       0       0       0
  1818 ;;      Totals:         3       0       0       0       0       0       0       0       0       0       0       0       
      +0       0       0       0       0       0       0       0       0       0       0       0       0       0       0       
      +0       0       0       0       0       0
  1819 ;;Total ram usage:        3 bytes
  1820 ;; Hardware stack levels used: 1
  1821 ;; Hardware stack levels required when called: 1
  1822 ;; This function calls:
  1823 ;;		_LCD_pulse_clock
  1824 ;; This function is called by:
  1825 ;;		_LCD_Init
  1826 ;;		_LCD_Cursor_Set
  1827 ;;		_LCD_Cursor_Increment
  1828 ;;		_LCD_Clear
  1829 ;;		_LCD_Add_Character
  1830 ;;		_LCD_Cursor_Decrement
  1831 ;;		_LCD_Configure_Display
  1832 ;;		_LCD_Configure_Cursor_Display
  1833 ;;		_LCD_Configure_Cursor_Blink
  1834 ;;		_LCD_Shift_Reset
  1835 ;;		_LCD_Shift_Left
  1836 ;;		_LCD_Shift_Right
  1837 ;;		_LCD_Configure_Entry_ID
  1838 ;;		_LCD_Configure_Entry_Shift
  1839 ;; This function uses a non-reentrant model
  1840 ;;
  1841                           
  1842                           	psect	text11
  1843   00370A                     __ptext11:
  1844                           	callstack 0
  1845   00370A                     _LCD_write_command:
  1846                           	callstack 123
  1847                           
  1848                           ;incstack = 0
  1849                           ;LCD_write_command@command stored from wreg
  1850   00370A  6E03               	movwf	LCD_write_command@command^(0+1280),c
  1851   00370C                     
  1852                           ;lcd.c: 78:     LATCbits.LATC0 = 0;
  1853   00370C  90C0               	bcf	192,0,c	;volatile
  1854   00370E                     
  1855                           ;lcd.c: 81:     LATFbits.LATF7 = (command & 0b10000000) >> 7;
  1856   00370E  6A01               	clrf	??_LCD_write_command^(0+1280),c
  1857   003710  AE03               	btfss	LCD_write_command@command^(0+1280),7,c
  1858   003712  D001               	bra	u735
  1859   003714  2A01               	incf	??_LCD_write_command^(0+1280),f,c
  1860   003716                     u735:
  1861   003716  0E01               	movlw	1
  1862   003718  1601               	andwf	??_LCD_write_command^(0+1280),f,c
  1863   00371A  3201               	rrcf	??_LCD_write_command^(0+1280),f,c
  1864   00371C  3201               	rrcf	??_LCD_write_command^(0+1280),f,c
  1865   00371E  50C3               	movf	195,w,c	;volatile
  1866   003720  1801               	xorwf	??_LCD_write_command^(0+1280),w,c
  1867   003722  0B7F               	andlw	-129
  1868   003724  1801               	xorwf	??_LCD_write_command^(0+1280),w,c
  1869   003726  6EC3               	movwf	195,c	;volatile
  1870                           
  1871                           ;lcd.c: 82:     LATFbits.LATF6 = (command & 0b01000000) >> 6;
  1872   003728  C503  F501         	movff	LCD_write_command@command,??_LCD_write_command
  1873   00372C  0E06               	movlw	6
  1874   00372E  6E02               	movwf	(??_LCD_write_command+1)^(0+1280),c
  1875   003730                     u745:
  1876   003730  90D8               	bcf	status,0,c
  1877   003732  3201               	rrcf	??_LCD_write_command^(0+1280),f,c
  1878   003734  2E02               	decfsz	(??_LCD_write_command+1)^(0+1280),f,c
  1879   003736  EF98  F01B         	goto	u745
  1880   00373A  0E01               	movlw	1
  1881   00373C  1601               	andwf	??_LCD_write_command^(0+1280),f,c
  1882   00373E  3A01               	swapf	??_LCD_write_command^(0+1280),f,c
  1883   003740  4601               	rlncf	??_LCD_write_command^(0+1280),f,c
  1884   003742  4601               	rlncf	??_LCD_write_command^(0+1280),f,c
  1885   003744  50C3               	movf	195,w,c	;volatile
  1886   003746  1801               	xorwf	??_LCD_write_command^(0+1280),w,c
  1887   003748  0BBF               	andlw	-65
  1888   00374A  1801               	xorwf	??_LCD_write_command^(0+1280),w,c
  1889   00374C  6EC3               	movwf	195,c	;volatile
  1890                           
  1891                           ;lcd.c: 83:     LATFbits.LATF5 = (command & 0b00100000) >> 5;
  1892   00374E  C503  F501         	movff	LCD_write_command@command,??_LCD_write_command
  1893   003752  0E05               	movlw	5
  1894   003754  6E02               	movwf	(??_LCD_write_command+1)^(0+1280),c
  1895   003756                     u755:
  1896   003756  90D8               	bcf	status,0,c
  1897   003758  3201               	rrcf	??_LCD_write_command^(0+1280),f,c
  1898   00375A  2E02               	decfsz	(??_LCD_write_command+1)^(0+1280),f,c
  1899   00375C  EFAB  F01B         	goto	u755
  1900   003760  0E01               	movlw	1
  1901   003762  1601               	andwf	??_LCD_write_command^(0+1280),f,c
  1902   003764  3A01               	swapf	??_LCD_write_command^(0+1280),f,c
  1903   003766  4601               	rlncf	??_LCD_write_command^(0+1280),f,c
  1904   003768  50C3               	movf	195,w,c	;volatile
  1905   00376A  1801               	xorwf	??_LCD_write_command^(0+1280),w,c
  1906   00376C  0BDF               	andlw	-33
  1907   00376E  1801               	xorwf	??_LCD_write_command^(0+1280),w,c
  1908   003770  6EC3               	movwf	195,c	;volatile
  1909                           
  1910                           ;lcd.c: 84:     LATFbits.LATF4 = (command & 0b00010000) >> 4;
  1911   003772  C503  F501         	movff	LCD_write_command@command,??_LCD_write_command
  1912   003776  3A01               	swapf	??_LCD_write_command^(0+1280),f,c
  1913   003778  0E0F               	movlw	15
  1914   00377A  1601               	andwf	??_LCD_write_command^(0+1280),f,c
  1915   00377C  0E01               	movlw	1
  1916   00377E  1601               	andwf	??_LCD_write_command^(0+1280),f,c
  1917   003780  3A01               	swapf	??_LCD_write_command^(0+1280),f,c
  1918   003782  50C3               	movf	195,w,c	;volatile
  1919   003784  1801               	xorwf	??_LCD_write_command^(0+1280),w,c
  1920   003786  0BEF               	andlw	-17
  1921   003788  1801               	xorwf	??_LCD_write_command^(0+1280),w,c
  1922   00378A  6EC3               	movwf	195,c	;volatile
  1923   00378C                     
  1924                           ;lcd.c: 87:     LCD_pulse_clock();
  1925   00378C  EC08  F01E         	call	_LCD_pulse_clock	;wreg free
  1926   003790                     
  1927                           ;lcd.c: 90:     LATFbits.LATF7 = (command & 0b00001000) >> 3;
  1928   003790  C503  F501         	movff	LCD_write_command@command,??_LCD_write_command
  1929   003794  90D8               	bcf	status,0,c
  1930   003796  3201               	rrcf	??_LCD_write_command^(0+1280),f,c
  1931   003798  90D8               	bcf	status,0,c
  1932   00379A  3201               	rrcf	??_LCD_write_command^(0+1280),f,c
  1933   00379C  90D8               	bcf	status,0,c
  1934   00379E  3201               	rrcf	??_LCD_write_command^(0+1280),f,c
  1935   0037A0  0E01               	movlw	1
  1936   0037A2  1601               	andwf	??_LCD_write_command^(0+1280),f,c
  1937   0037A4  3201               	rrcf	??_LCD_write_command^(0+1280),f,c
  1938   0037A6  3201               	rrcf	??_LCD_write_command^(0+1280),f,c
  1939   0037A8  50C3               	movf	195,w,c	;volatile
  1940   0037AA  1801               	xorwf	??_LCD_write_command^(0+1280),w,c
  1941   0037AC  0B7F               	andlw	-129
  1942   0037AE  1801               	xorwf	??_LCD_write_command^(0+1280),w,c
  1943   0037B0  6EC3               	movwf	195,c	;volatile
  1944   0037B2                     
  1945                           ;lcd.c: 91:     LATFbits.LATF6 = (command & 0b00000100) >> 2;
  1946   0037B2  C503  F501         	movff	LCD_write_command@command,??_LCD_write_command
  1947   0037B6  90D8               	bcf	status,0,c
  1948   0037B8  3201               	rrcf	??_LCD_write_command^(0+1280),f,c
  1949   0037BA  90D8               	bcf	status,0,c
  1950   0037BC  3201               	rrcf	??_LCD_write_command^(0+1280),f,c
  1951   0037BE  0E01               	movlw	1
  1952   0037C0  1601               	andwf	??_LCD_write_command^(0+1280),f,c
  1953   0037C2  3A01               	swapf	??_LCD_write_command^(0+1280),f,c
  1954   0037C4  4601               	rlncf	??_LCD_write_command^(0+1280),f,c
  1955   0037C6  4601               	rlncf	??_LCD_write_command^(0+1280),f,c
  1956   0037C8  50C3               	movf	195,w,c	;volatile
  1957   0037CA  1801               	xorwf	??_LCD_write_command^(0+1280),w,c
  1958   0037CC  0BBF               	andlw	-65
  1959   0037CE  1801               	xorwf	??_LCD_write_command^(0+1280),w,c
  1960   0037D0  6EC3               	movwf	195,c	;volatile
  1961   0037D2                     
  1962                           ;lcd.c: 92:     LATFbits.LATF5 = (command & 0b00000010) >> 1;
  1963   0037D2  C503  F501         	movff	LCD_write_command@command,??_LCD_write_command
  1964   0037D6  90D8               	bcf	status,0,c
  1965   0037D8  3201               	rrcf	??_LCD_write_command^(0+1280),f,c
  1966   0037DA  0E01               	movlw	1
  1967   0037DC  1601               	andwf	??_LCD_write_command^(0+1280),f,c
  1968   0037DE  3A01               	swapf	??_LCD_write_command^(0+1280),f,c
  1969   0037E0  4601               	rlncf	??_LCD_write_command^(0+1280),f,c
  1970   0037E2  50C3               	movf	195,w,c	;volatile
  1971   0037E4  1801               	xorwf	??_LCD_write_command^(0+1280),w,c
  1972   0037E6  0BDF               	andlw	-33
  1973   0037E8  1801               	xorwf	??_LCD_write_command^(0+1280),w,c
  1974   0037EA  6EC3               	movwf	195,c	;volatile
  1975   0037EC                     
  1976                           ;lcd.c: 93:     LATFbits.LATF4 = (command & 0b00000001) ;
  1977   0037EC  C503  F501         	movff	LCD_write_command@command,??_LCD_write_command
  1978   0037F0  0E01               	movlw	1
  1979   0037F2  1601               	andwf	??_LCD_write_command^(0+1280),f,c
  1980   0037F4  3A01               	swapf	??_LCD_write_command^(0+1280),f,c
  1981   0037F6  50C3               	movf	195,w,c	;volatile
  1982   0037F8  1801               	xorwf	??_LCD_write_command^(0+1280),w,c
  1983   0037FA  0BEF               	andlw	-17
  1984   0037FC  1801               	xorwf	??_LCD_write_command^(0+1280),w,c
  1985   0037FE  6EC3               	movwf	195,c	;volatile
  1986   003800                     
  1987                           ;lcd.c: 96:     LCD_pulse_clock();
  1988   003800  EC08  F01E         	call	_LCD_pulse_clock	;wreg free
  1989   003804  0012               	return		;funcret
  1990   003806                     __end_of_LCD_write_command:
  1991                           	callstack 0
  1992                           
  1993 ;; *************** function _LCD_pulse_clock *****************
  1994 ;; Defined at:
  1995 ;;		line 64 in file "lcd.c"
  1996 ;; Parameters:    Size  Location     Type
  1997 ;;		None
  1998 ;; Auto vars:     Size  Location     Type
  1999 ;;		None
  2000 ;; Return value:  Size  Location     Type
  2001 ;;                  1    wreg      void 
  2002 ;; Registers used:
  2003 ;;		wreg
  2004 ;; Tracked objects:
  2005 ;;		On entry : 0/0
  2006 ;;		On exit  : 0/0
  2007 ;;		Unchanged: 0/0
  2008 ;; Data sizes:     COMRAM   BANK5   BANK6   BANK7   BANK8   BANK9  BANK10  BANK11  BANK12  BANK13  BANK14  BANK15  BANK1
      +6  BANK17  BANK18  BANK19  BANK20  BANK21  BANK22  BANK23  BANK24  BANK25  BANK26  BANK27  BANK28  BANK29  BANK30  BANK3
      +1  BANK32  BANK33  BANK34  BANK35  BANK36
  2009 ;;      Params:         0       0       0       0       0       0       0       0       0       0       0       0       
      +0       0       0       0       0       0       0       0       0       0       0       0       0       0       0       
      +0       0       0       0       0       0
  2010 ;;      Locals:         0       0       0       0       0       0       0       0       0       0       0       0       
      +0       0       0       0       0       0       0       0       0       0       0       0       0       0       0       
      +0       0       0       0       0       0
  2011 ;;      Temps:          0       0       0       0       0       0       0       0       0       0       0       0       
      +0       0       0       0       0       0       0       0       0       0       0       0       0       0       0       
      +0       0       0       0       0       0
  2012 ;;      Totals:         0       0       0       0       0       0       0       0       0       0       0       0       
      +0       0       0       0       0       0       0       0       0       0       0       0       0       0       0       
      +0       0       0       0       0       0
  2013 ;;Total ram usage:        0 bytes
  2014 ;; Hardware stack levels used: 1
  2015 ;; This function calls:
  2016 ;;		Nothing
  2017 ;; This function is called by:
  2018 ;;		_LCD_write_command
  2019 ;;		_LCD_write_data
  2020 ;;		_LCD_Init
  2021 ;; This function uses a non-reentrant model
  2022 ;;
  2023                           
  2024                           	psect	text12
  2025   003C10                     __ptext12:
  2026                           	callstack 0
  2027   003C10                     _LCD_pulse_clock:
  2028                           	callstack 124
  2029   003C10                     
  2030                           ;lcd.c: 66:   LATCbits.LATC1 = 1;
  2031   003C10  82C0               	bsf	192,1,c	;volatile
  2032   003C12                     
  2033                           ;lcd.c: 67:   _delay((unsigned long)((60)*(64000000UL/4000000.0)));
  2034   003C12  0EC0               	movlw	192
  2035   003C14                     u2397:
  2036   003C14  D000               	nop2	
  2037   003C16  2EE8               	decfsz	wreg,f,c
  2038   003C18  D7FD               	bra	u2397
  2039   003C1A                     
  2040                           ;lcd.c: 68:   LATCbits.LATC1 = 0;
  2041   003C1A  92C0               	bcf	192,1,c	;volatile
  2042   003C1C  0012               	return		;funcret
  2043   003C1E                     __end_of_LCD_pulse_clock:
  2044                           	callstack 0
  2045                           
  2046 ;; *************** function _GPIO_Init *****************
  2047 ;; Defined at:
  2048 ;;		line 97 in file "main.c"
  2049 ;; Parameters:    Size  Location     Type
  2050 ;;		None
  2051 ;; Auto vars:     Size  Location     Type
  2052 ;;		None
  2053 ;; Return value:  Size  Location     Type
  2054 ;;                  1    wreg      void 
  2055 ;; Registers used:
  2056 ;;		wreg, status,2, status,0, cstack
  2057 ;; Tracked objects:
  2058 ;;		On entry : 0/0
  2059 ;;		On exit  : 0/0
  2060 ;;		Unchanged: 0/0
  2061 ;; Data sizes:     COMRAM   BANK5   BANK6   BANK7   BANK8   BANK9  BANK10  BANK11  BANK12  BANK13  BANK14  BANK15  BANK1
      +6  BANK17  BANK18  BANK19  BANK20  BANK21  BANK22  BANK23  BANK24  BANK25  BANK26  BANK27  BANK28  BANK29  BANK30  BANK3
      +1  BANK32  BANK33  BANK34  BANK35  BANK36
  2062 ;;      Params:         0       0       0       0       0       0       0       0       0       0       0       0       
      +0       0       0       0       0       0       0       0       0       0       0       0       0       0       0       
      +0       0       0       0       0       0
  2063 ;;      Locals:         0       0       0       0       0       0       0       0       0       0       0       0       
      +0       0       0       0       0       0       0       0       0       0       0       0       0       0       0       
      +0       0       0       0       0       0
  2064 ;;      Temps:          0       0       0       0       0       0       0       0       0       0       0       0       
      +0       0       0       0       0       0       0       0       0       0       0       0       0       0       0       
      +0       0       0       0       0       0
  2065 ;;      Totals:         0       0       0       0       0       0       0       0       0       0       0       0       
      +0       0       0       0       0       0       0       0       0       0       0       0       0       0       0       
      +0       0       0       0       0       0
  2066 ;;Total ram usage:        0 bytes
  2067 ;; Hardware stack levels used: 1
  2068 ;; Hardware stack levels required when called: 2
  2069 ;; This function calls:
  2070 ;;		_configure_pin
  2071 ;;		_set_pin_low
  2072 ;; This function is called by:
  2073 ;;		_main
  2074 ;; This function uses a non-reentrant model
  2075 ;;
  2076                           
  2077                           	psect	text13
  2078   0039A8                     __ptext13:
  2079                           	callstack 0
  2080   0039A8                     _GPIO_Init:
  2081                           	callstack 124
  2082   0039A8                     
  2083                           ;main.c: 100: 
  2084   0039A8  0E03               	movlw	3
  2085   0039AA  6E05               	movwf	configure_pin@pin_number^(0+1280),c
  2086   0039AC  0E00               	movlw	0
  2087   0039AE  6E06               	movwf	configure_pin@is_input^(0+1280),c
  2088   0039B0  0E01               	movlw	1
  2089   0039B2  6E07               	movwf	configure_pin@is_digital^(0+1280),c
  2090   0039B4  0E00               	movlw	0
  2091   0039B6  6E08               	movwf	configure_pin@enable_pullup^(0+1280),c
  2092   0039B8  0E01               	movlw	1
  2093   0039BA  6E09               	movwf	configure_pin@use_ttl^(0+1280),c
  2094   0039BC  0E01               	movlw	1
  2095   0039BE  6E0A               	movwf	configure_pin@slew_rate_limited^(0+1280),c
  2096   0039C0  0E01               	movlw	1
  2097   0039C2  6E0B               	movwf	configure_pin@use_push_pull^(0+1280),c
  2098   0039C4  0E46               	movlw	70
  2099   0039C6  EC03  F01C         	call	_configure_pin
  2100   0039CA                     
  2101                           ;main.c: 101: void LCD_Update_Screen(uint8_t input[], uint8_t input_size, uint8_t output
      +                          [], uint8_t output_size)
  2102   0039CA  86C3               	bsf	195,3,c	;volatile
  2103                           
  2104                           ;main.c: 104:     LCD_Cursor_Set(1, 11);
  2105   0039CC  0E04               	movlw	4
  2106   0039CE  6E05               	movwf	configure_pin@pin_number^(0+1280),c
  2107   0039D0  0E01               	movlw	1
  2108   0039D2  6E06               	movwf	configure_pin@is_input^(0+1280),c
  2109   0039D4  0E01               	movlw	1
  2110   0039D6  6E07               	movwf	configure_pin@is_digital^(0+1280),c
  2111   0039D8  0E01               	movlw	1
  2112   0039DA  6E08               	movwf	configure_pin@enable_pullup^(0+1280),c
  2113   0039DC  0E01               	movlw	1
  2114   0039DE  6E09               	movwf	configure_pin@use_ttl^(0+1280),c
  2115   0039E0  0E01               	movlw	1
  2116   0039E2  6E0A               	movwf	configure_pin@slew_rate_limited^(0+1280),c
  2117   0039E4  0E01               	movlw	1
  2118   0039E6  6E0B               	movwf	configure_pin@use_push_pull^(0+1280),c
  2119   0039E8  0E42               	movlw	66
  2120   0039EA  EC03  F01C         	call	_configure_pin
  2121                           
  2122                           ;main.c: 107:     {
  2123   0039EE  0E02               	movlw	2
  2124   0039F0  6E05               	movwf	configure_pin@pin_number^(0+1280),c
  2125   0039F2  0E00               	movlw	0
  2126   0039F4  6E06               	movwf	configure_pin@is_input^(0+1280),c
  2127   0039F6  0E01               	movlw	1
  2128   0039F8  6E07               	movwf	configure_pin@is_digital^(0+1280),c
  2129   0039FA  0E00               	movlw	0
  2130   0039FC  6E08               	movwf	configure_pin@enable_pullup^(0+1280),c
  2131   0039FE  0E01               	movlw	1
  2132   003A00  6E09               	movwf	configure_pin@use_ttl^(0+1280),c
  2133   003A02  0E01               	movlw	1
  2134   003A04  6E0A               	movwf	configure_pin@slew_rate_limited^(0+1280),c
  2135   003A06  0E01               	movlw	1
  2136   003A08  6E0B               	movwf	configure_pin@use_push_pull^(0+1280),c
  2137   003A0A  0E46               	movlw	70
  2138   003A0C  EC03  F01C         	call	_configure_pin
  2139                           
  2140                           ;main.c: 108:         if(input[i] == 0) LCD_Write_Char(0);
  2141   003A10  0E02               	movlw	2
  2142   003A12  6E01               	movwf	set_pin_low@pin_number^(0+1280),c
  2143   003A14  0E46               	movlw	70
  2144   003A16  EC0C  F016         	call	_set_pin_low
  2145                           
  2146                           ;main.c: 111:     }
  2147   003A1A  0E04               	movlw	4
  2148   003A1C  6E05               	movwf	configure_pin@pin_number^(0+1280),c
  2149   003A1E  0E01               	movlw	1
  2150   003A20  6E06               	movwf	configure_pin@is_input^(0+1280),c
  2151   003A22  0E01               	movlw	1
  2152   003A24  6E07               	movwf	configure_pin@is_digital^(0+1280),c
  2153   003A26  0E01               	movlw	1
  2154   003A28  6E08               	movwf	configure_pin@enable_pullup^(0+1280),c
  2155   003A2A  0E01               	movlw	1
  2156   003A2C  6E09               	movwf	configure_pin@use_ttl^(0+1280),c
  2157   003A2E  0E01               	movlw	1
  2158   003A30  6E0A               	movwf	configure_pin@slew_rate_limited^(0+1280),c
  2159   003A32  0E01               	movlw	1
  2160   003A34  6E0B               	movwf	configure_pin@use_push_pull^(0+1280),c
  2161   003A36  0E42               	movlw	66
  2162   003A38  EC03  F01C         	call	_configure_pin
  2163   003A3C  0012               	return		;funcret
  2164   003A3E                     __end_of_GPIO_Init:
  2165                           	callstack 0
  2166                           
  2167 ;; *************** function _set_pin_low *****************
  2168 ;; Defined at:
  2169 ;;		line 388 in file "gpio.c"
  2170 ;; Parameters:    Size  Location     Type
  2171 ;;  port_name       1    wreg     enum E17445
  2172 ;;  pin_number      1    0[COMRAM] unsigned char 
  2173 ;; Auto vars:     Size  Location     Type
  2174 ;;  port_name       1    3[COMRAM] enum E17445
  2175 ;; Return value:  Size  Location     Type
  2176 ;;                  1    wreg      void 
  2177 ;; Registers used:
  2178 ;;		wreg, status,2, status,0
  2179 ;; Tracked objects:
  2180 ;;		On entry : 0/0
  2181 ;;		On exit  : 0/0
  2182 ;;		Unchanged: 0/0
  2183 ;; Data sizes:     COMRAM   BANK5   BANK6   BANK7   BANK8   BANK9  BANK10  BANK11  BANK12  BANK13  BANK14  BANK15  BANK1
      +6  BANK17  BANK18  BANK19  BANK20  BANK21  BANK22  BANK23  BANK24  BANK25  BANK26  BANK27  BANK28  BANK29  BANK30  BANK3
      +1  BANK32  BANK33  BANK34  BANK35  BANK36
  2184 ;;      Params:         1       0       0       0       0       0       0       0       0       0       0       0       
      +0       0       0       0       0       0       0       0       0       0       0       0       0       0       0       
      +0       0       0       0       0       0
  2185 ;;      Locals:         1       0       0       0       0       0       0       0       0       0       0       0       
      +0       0       0       0       0       0       0       0       0       0       0       0       0       0       0       
      +0       0       0       0       0       0
  2186 ;;      Temps:          2       0       0       0       0       0       0       0       0       0       0       0       
      +0       0       0       0       0       0       0       0       0       0       0       0       0       0       0       
      +0       0       0       0       0       0
  2187 ;;      Totals:         4       0       0       0       0       0       0       0       0       0       0       0       
      +0       0       0       0       0       0       0       0       0       0       0       0       0       0       0       
      +0       0       0       0       0       0
  2188 ;;Total ram usage:        4 bytes
  2189 ;; Hardware stack levels used: 1
  2190 ;; This function calls:
  2191 ;;		Nothing
  2192 ;; This function is called by:
  2193 ;;		_main
  2194 ;;		_GPIO_Init
  2195 ;; This function uses a non-reentrant model
  2196 ;;
  2197                           
  2198                           	psect	text14
  2199   002C18                     __ptext14:
  2200                           	callstack 0
  2201   002C18                     _set_pin_low:
  2202                           	callstack 126
  2203                           
  2204                           ;incstack = 0
  2205                           ;set_pin_low@port_name stored from wreg
  2206   002C18  6E04               	movwf	set_pin_low@port_name^(0+1280),c
  2207   002C1A                     
  2208                           ;gpio.c: 388: void set_pin_low(PortName_t port_name, uint8_t pin_number);gpio.c: 389: {;
      +                          gpio.c: 390:     switch(port_name)
  2209   002C1A  EF75  F016         	goto	l2486
  2210   002C1E                     l2472:
  2211                           
  2212                           ;gpio.c: 393:             LATA &= ~(1 << pin_number);
  2213   002C1E  C501  F502         	movff	set_pin_low@pin_number,??_set_pin_low
  2214   002C22  0E01               	movlw	1
  2215   002C24  6E03               	movwf	(??_set_pin_low+1)^(0+1280),c
  2216   002C26  2A02               	incf	??_set_pin_low^(0+1280),f,c
  2217   002C28  EF18  F016         	goto	u2084
  2218   002C2C                     u2085:
  2219   002C2C  90D8               	bcf	status,0,c
  2220   002C2E  3603               	rlcf	(??_set_pin_low+1)^(0+1280),f,c
  2221   002C30                     u2084:
  2222   002C30  2E02               	decfsz	??_set_pin_low^(0+1280),f,c
  2223   002C32  EF16  F016         	goto	u2085
  2224   002C36  5003               	movf	(??_set_pin_low+1)^(0+1280),w,c
  2225   002C38  0AFF               	xorlw	255
  2226   002C3A  16BE               	andwf	190,f,c	;volatile
  2227                           
  2228                           ;gpio.c: 394:             break;
  2229   002C3C  EF9A  F016         	goto	l284
  2230   002C40                     l2474:
  2231                           
  2232                           ;gpio.c: 396:             LATB &= ~(1 << pin_number);
  2233   002C40  C501  F502         	movff	set_pin_low@pin_number,??_set_pin_low
  2234   002C44  0E01               	movlw	1
  2235   002C46  6E03               	movwf	(??_set_pin_low+1)^(0+1280),c
  2236   002C48  2A02               	incf	??_set_pin_low^(0+1280),f,c
  2237   002C4A  EF29  F016         	goto	u2094
  2238   002C4E                     u2095:
  2239   002C4E  90D8               	bcf	status,0,c
  2240   002C50  3603               	rlcf	(??_set_pin_low+1)^(0+1280),f,c
  2241   002C52                     u2094:
  2242   002C52  2E02               	decfsz	??_set_pin_low^(0+1280),f,c
  2243   002C54  EF27  F016         	goto	u2095
  2244   002C58  5003               	movf	(??_set_pin_low+1)^(0+1280),w,c
  2245   002C5A  0AFF               	xorlw	255
  2246   002C5C  16BF               	andwf	191,f,c	;volatile
  2247                           
  2248                           ;gpio.c: 397:             break;
  2249   002C5E  EF9A  F016         	goto	l284
  2250   002C62                     l2476:
  2251                           
  2252                           ;gpio.c: 399:             LATC &= ~(1 << pin_number);
  2253   002C62  C501  F502         	movff	set_pin_low@pin_number,??_set_pin_low
  2254   002C66  0E01               	movlw	1
  2255   002C68  6E03               	movwf	(??_set_pin_low+1)^(0+1280),c
  2256   002C6A  2A02               	incf	??_set_pin_low^(0+1280),f,c
  2257   002C6C  EF3A  F016         	goto	u2104
  2258   002C70                     u2105:
  2259   002C70  90D8               	bcf	status,0,c
  2260   002C72  3603               	rlcf	(??_set_pin_low+1)^(0+1280),f,c
  2261   002C74                     u2104:
  2262   002C74  2E02               	decfsz	??_set_pin_low^(0+1280),f,c
  2263   002C76  EF38  F016         	goto	u2105
  2264   002C7A  5003               	movf	(??_set_pin_low+1)^(0+1280),w,c
  2265   002C7C  0AFF               	xorlw	255
  2266   002C7E  16C0               	andwf	192,f,c	;volatile
  2267                           
  2268                           ;gpio.c: 400:             break;
  2269   002C80  EF9A  F016         	goto	l284
  2270   002C84                     l2478:
  2271                           
  2272                           ;gpio.c: 402:             LATD &= ~(1 << pin_number);
  2273   002C84  C501  F502         	movff	set_pin_low@pin_number,??_set_pin_low
  2274   002C88  0E01               	movlw	1
  2275   002C8A  6E03               	movwf	(??_set_pin_low+1)^(0+1280),c
  2276   002C8C  2A02               	incf	??_set_pin_low^(0+1280),f,c
  2277   002C8E  EF4B  F016         	goto	u2114
  2278   002C92                     u2115:
  2279   002C92  90D8               	bcf	status,0,c
  2280   002C94  3603               	rlcf	(??_set_pin_low+1)^(0+1280),f,c
  2281   002C96                     u2114:
  2282   002C96  2E02               	decfsz	??_set_pin_low^(0+1280),f,c
  2283   002C98  EF49  F016         	goto	u2115
  2284   002C9C  5003               	movf	(??_set_pin_low+1)^(0+1280),w,c
  2285   002C9E  0AFF               	xorlw	255
  2286   002CA0  16C1               	andwf	193,f,c	;volatile
  2287                           
  2288                           ;gpio.c: 403:             break;
  2289   002CA2  EF9A  F016         	goto	l284
  2290   002CA6                     l2480:
  2291                           
  2292                           ;gpio.c: 405:             LATE &= ~(1 << pin_number);
  2293   002CA6  C501  F502         	movff	set_pin_low@pin_number,??_set_pin_low
  2294   002CAA  0E01               	movlw	1
  2295   002CAC  6E03               	movwf	(??_set_pin_low+1)^(0+1280),c
  2296   002CAE  2A02               	incf	??_set_pin_low^(0+1280),f,c
  2297   002CB0  EF5C  F016         	goto	u2124
  2298   002CB4                     u2125:
  2299   002CB4  90D8               	bcf	status,0,c
  2300   002CB6  3603               	rlcf	(??_set_pin_low+1)^(0+1280),f,c
  2301   002CB8                     u2124:
  2302   002CB8  2E02               	decfsz	??_set_pin_low^(0+1280),f,c
  2303   002CBA  EF5A  F016         	goto	u2125
  2304   002CBE  5003               	movf	(??_set_pin_low+1)^(0+1280),w,c
  2305   002CC0  0AFF               	xorlw	255
  2306   002CC2  16C2               	andwf	194,f,c	;volatile
  2307                           
  2308                           ;gpio.c: 406:             break;
  2309   002CC4  EF9A  F016         	goto	l284
  2310   002CC8                     l2482:
  2311                           
  2312                           ;gpio.c: 408:             LATF &= ~(1 << pin_number);
  2313   002CC8  C501  F502         	movff	set_pin_low@pin_number,??_set_pin_low
  2314   002CCC  0E01               	movlw	1
  2315   002CCE  6E03               	movwf	(??_set_pin_low+1)^(0+1280),c
  2316   002CD0  2A02               	incf	??_set_pin_low^(0+1280),f,c
  2317   002CD2  EF6D  F016         	goto	u2134
  2318   002CD6                     u2135:
  2319   002CD6  90D8               	bcf	status,0,c
  2320   002CD8  3603               	rlcf	(??_set_pin_low+1)^(0+1280),f,c
  2321   002CDA                     u2134:
  2322   002CDA  2E02               	decfsz	??_set_pin_low^(0+1280),f,c
  2323   002CDC  EF6B  F016         	goto	u2135
  2324   002CE0  5003               	movf	(??_set_pin_low+1)^(0+1280),w,c
  2325   002CE2  0AFF               	xorlw	255
  2326   002CE4  16C3               	andwf	195,f,c	;volatile
  2327                           
  2328                           ;gpio.c: 409:             break;
  2329   002CE6  EF9A  F016         	goto	l284
  2330   002CEA                     l2486:
  2331   002CEA  5004               	movf	set_pin_low@port_name^(0+1280),w,c
  2332   002CEC  6E02               	movwf	??_set_pin_low^(0+1280),c
  2333   002CEE  6A03               	clrf	(??_set_pin_low+1)^(0+1280),c
  2334                           
  2335                           ; Switch on 2 bytes has been partitioned into a top level switch of size 1, and 1 sub-sw
      +                          itches
  2336                           ; Switch size 1, requested type "simple"
  2337                           ; Number of cases is 1, Range of values is 0 to 0
  2338                           ; switch strategies available:
  2339                           ; Name         Instructions Cycles
  2340                           ; simple_byte            4     3 (average)
  2341                           ;	Chosen strategy is simple_byte
  2342   002CF0  5003               	movf	(??_set_pin_low+1)^(0+1280),w,c
  2343   002CF2  0A00               	xorlw	0	; case 0
  2344   002CF4  B4D8               	btfsc	status,2,c
  2345   002CF6  EF7F  F016         	goto	l2932
  2346   002CFA  EF9A  F016         	goto	l284
  2347   002CFE                     l2932:
  2348                           
  2349                           ; Switch size 1, requested type "simple"
  2350                           ; Number of cases is 6, Range of values is 65 to 70
  2351                           ; switch strategies available:
  2352                           ; Name         Instructions Cycles
  2353                           ; simple_byte           19    10 (average)
  2354                           ;	Chosen strategy is simple_byte
  2355   002CFE  5002               	movf	??_set_pin_low^(0+1280),w,c
  2356   002D00  0A41               	xorlw	65	; case 65
  2357   002D02  B4D8               	btfsc	status,2,c
  2358   002D04  EF0F  F016         	goto	l2472
  2359   002D08  0A03               	xorlw	3	; case 66
  2360   002D0A  B4D8               	btfsc	status,2,c
  2361   002D0C  EF20  F016         	goto	l2474
  2362   002D10  0A01               	xorlw	1	; case 67
  2363   002D12  B4D8               	btfsc	status,2,c
  2364   002D14  EF31  F016         	goto	l2476
  2365   002D18  0A07               	xorlw	7	; case 68
  2366   002D1A  B4D8               	btfsc	status,2,c
  2367   002D1C  EF42  F016         	goto	l2478
  2368   002D20  0A01               	xorlw	1	; case 69
  2369   002D22  B4D8               	btfsc	status,2,c
  2370   002D24  EF53  F016         	goto	l2480
  2371   002D28  0A03               	xorlw	3	; case 70
  2372   002D2A  B4D8               	btfsc	status,2,c
  2373   002D2C  EF64  F016         	goto	l2482
  2374   002D30  EF9A  F016         	goto	l284
  2375   002D34                     l284:
  2376   002D34  0012               	return		;funcret
  2377   002D36                     __end_of_set_pin_low:
  2378                           	callstack 0
  2379                           
  2380 ;; *************** function _configure_pin *****************
  2381 ;; Defined at:
  2382 ;;		line 325 in file "gpio.c"
  2383 ;; Parameters:    Size  Location     Type
  2384 ;;  port_name       1    wreg     enum E17445
  2385 ;;  pin_number      1    4[COMRAM] unsigned char 
  2386 ;;  is_input        1    5[COMRAM] _Bool 
  2387 ;;  is_digital      1    6[COMRAM] _Bool 
  2388 ;;  enable_pullu    1    7[COMRAM] _Bool 
  2389 ;;  use_ttl         1    8[COMRAM] _Bool 
  2390 ;;  slew_rate_li    1    9[COMRAM] _Bool 
  2391 ;;  use_push_pul    1   10[COMRAM] _Bool 
  2392 ;; Auto vars:     Size  Location     Type
  2393 ;;  port_name       1   11[COMRAM] enum E17445
  2394 ;; Return value:  Size  Location     Type
  2395 ;;                  1    wreg      void 
  2396 ;; Registers used:
  2397 ;;		wreg, status,2, status,0, cstack
  2398 ;; Tracked objects:
  2399 ;;		On entry : 0/0
  2400 ;;		On exit  : 0/0
  2401 ;;		Unchanged: 0/0
  2402 ;; Data sizes:     COMRAM   BANK5   BANK6   BANK7   BANK8   BANK9  BANK10  BANK11  BANK12  BANK13  BANK14  BANK15  BANK1
      +6  BANK17  BANK18  BANK19  BANK20  BANK21  BANK22  BANK23  BANK24  BANK25  BANK26  BANK27  BANK28  BANK29  BANK30  BANK3
      +1  BANK32  BANK33  BANK34  BANK35  BANK36
  2403 ;;      Params:         7       0       0       0       0       0       0       0       0       0       0       0       
      +0       0       0       0       0       0       0       0       0       0       0       0       0       0       0       
      +0       0       0       0       0       0
  2404 ;;      Locals:         1       0       0       0       0       0       0       0       0       0       0       0       
      +0       0       0       0       0       0       0       0       0       0       0       0       0       0       0       
      +0       0       0       0       0       0
  2405 ;;      Temps:          0       0       0       0       0       0       0       0       0       0       0       0       
      +0       0       0       0       0       0       0       0       0       0       0       0       0       0       0       
      +0       0       0       0       0       0
  2406 ;;      Totals:         8       0       0       0       0       0       0       0       0       0       0       0       
      +0       0       0       0       0       0       0       0       0       0       0       0       0       0       0       
      +0       0       0       0       0       0
  2407 ;;Total ram usage:        8 bytes
  2408 ;; Hardware stack levels used: 1
  2409 ;; Hardware stack levels required when called: 1
  2410 ;; This function calls:
  2411 ;;		_reset_pin_pullup
  2412 ;;		_set_pin_analog_mode
  2413 ;;		_set_pin_digital_mode
  2414 ;;		_set_pin_input
  2415 ;;		_set_pin_open_drain
  2416 ;;		_set_pin_output
  2417 ;;		_set_pin_pullup
  2418 ;;		_set_pin_push_pull
  2419 ;;		_set_pin_sr_limited
  2420 ;;		_set_pin_sr_maximum
  2421 ;;		_set_pin_st
  2422 ;;		_set_pin_ttl
  2423 ;; This function is called by:
  2424 ;;		_GPIO_Init
  2425 ;; This function uses a non-reentrant model
  2426 ;;
  2427                           
  2428                           	psect	text15
  2429   003806                     __ptext15:
  2430                           	callstack 0
  2431   003806                     _configure_pin:
  2432                           	callstack 124
  2433                           
  2434                           ;incstack = 0
  2435                           ;configure_pin@port_name stored from wreg
  2436   003806  6E0C               	movwf	configure_pin@port_name^(0+1280),c
  2437   003808                     
  2438                           ;gpio.c: 325: void configure_pin(PortName_t port_name, uint8_t pin_number, _Bool is_inpu
      +                          t,;gpio.c: 326:                    _Bool is_digital, _Bool enable_pullup, _Bool use_ttl,
      +                           _Bool slew_rate_limited,;gpio.c: 327:                    _Bool use_push_pull);gpio.c: 3
      +                          28: {;gpio.c: 329:     if(is_input)
  2439   003808  5006               	movf	configure_pin@is_input^(0+1280),w,c
  2440   00380A  B4D8               	btfsc	status,2,c
  2441   00380C  EF0A  F01C         	goto	u2021
  2442   003810  EF0C  F01C         	goto	u2020
  2443   003814                     u2021:
  2444   003814  EF13  F01C         	goto	l2438
  2445   003818                     u2020:
  2446   003818                     
  2447                           ;gpio.c: 330:         set_pin_input(port_name, pin_number);
  2448   003818  C505  F501         	movff	configure_pin@pin_number,set_pin_input@pin_number
  2449   00381C  500C               	movf	configure_pin@port_name^(0+1280),w,c
  2450   00381E  EC7E  F01A         	call	_set_pin_input
  2451   003822  EF18  F01C         	goto	l2440
  2452   003826                     l2438:
  2453                           
  2454                           ;gpio.c: 332:         set_pin_output(port_name, pin_number);
  2455   003826  C505  F501         	movff	configure_pin@pin_number,set_pin_output@pin_number
  2456   00382A  500C               	movf	configure_pin@port_name^(0+1280),w,c
  2457   00382C  EC48  F018         	call	_set_pin_output
  2458   003830                     l2440:
  2459                           
  2460                           ;gpio.c: 334:     if(is_digital)
  2461   003830  5007               	movf	configure_pin@is_digital^(0+1280),w,c
  2462   003832  B4D8               	btfsc	status,2,c
  2463   003834  EF1E  F01C         	goto	u2031
  2464   003838  EF20  F01C         	goto	u2030
  2465   00383C                     u2031:
  2466   00383C  EF27  F01C         	goto	l2444
  2467   003840                     u2030:
  2468   003840                     
  2469                           ;gpio.c: 335:         set_pin_digital_mode(port_name, pin_number);
  2470   003840  C505  F501         	movff	configure_pin@pin_number,set_pin_digital_mode@pin_number
  2471   003844  500C               	movf	configure_pin@port_name^(0+1280),w,c
  2472   003846  ECE2  F014         	call	_set_pin_digital_mode
  2473   00384A  EF2C  F01C         	goto	l2446
  2474   00384E                     l2444:
  2475                           
  2476                           ;gpio.c: 337:         set_pin_analog_mode(port_name, pin_number);
  2477   00384E  C505  F501         	movff	configure_pin@pin_number,set_pin_analog_mode@pin_number
  2478   003852  500C               	movf	configure_pin@port_name^(0+1280),w,c
  2479   003854  EC66  F019         	call	_set_pin_analog_mode
  2480   003858                     l2446:
  2481                           
  2482                           ;gpio.c: 339:     if(enable_pullup)
  2483   003858  5008               	movf	configure_pin@enable_pullup^(0+1280),w,c
  2484   00385A  B4D8               	btfsc	status,2,c
  2485   00385C  EF32  F01C         	goto	u2041
  2486   003860  EF34  F01C         	goto	u2040
  2487   003864                     u2041:
  2488   003864  EF3B  F01C         	goto	l2450
  2489   003868                     u2040:
  2490   003868                     
  2491                           ;gpio.c: 340:         set_pin_pullup(port_name, pin_number);
  2492   003868  C505  F501         	movff	configure_pin@pin_number,set_pin_pullup@pin_number
  2493   00386C  500C               	movf	configure_pin@port_name^(0+1280),w,c
  2494   00386E  ECB9  F017         	call	_set_pin_pullup
  2495   003872  EF40  F01C         	goto	l2452
  2496   003876                     l2450:
  2497                           
  2498                           ;gpio.c: 342:         reset_pin_pullup(port_name, pin_number);
  2499   003876  C505  F501         	movff	configure_pin@pin_number,reset_pin_pullup@pin_number
  2500   00387A  500C               	movf	configure_pin@port_name^(0+1280),w,c
  2501   00387C  EC77  F015         	call	_reset_pin_pullup
  2502   003880                     l2452:
  2503                           
  2504                           ;gpio.c: 344:     if(use_ttl)
  2505   003880  5009               	movf	configure_pin@use_ttl^(0+1280),w,c
  2506   003882  B4D8               	btfsc	status,2,c
  2507   003884  EF46  F01C         	goto	u2051
  2508   003888  EF48  F01C         	goto	u2050
  2509   00388C                     u2051:
  2510   00388C  EF4F  F01C         	goto	l2456
  2511   003890                     u2050:
  2512   003890                     
  2513                           ;gpio.c: 345:         set_pin_ttl(port_name, pin_number);
  2514   003890  C505  F501         	movff	configure_pin@pin_number,set_pin_ttl@pin_number
  2515   003894  500C               	movf	configure_pin@port_name^(0+1280),w,c
  2516   003896  EC23  F013         	call	_set_pin_ttl
  2517   00389A  EF54  F01C         	goto	l2458
  2518   00389E                     l2456:
  2519                           
  2520                           ;gpio.c: 347:         set_pin_st(port_name, pin_number);
  2521   00389E  C505  F501         	movff	configure_pin@pin_number,set_pin_st@pin_number
  2522   0038A2  500C               	movf	configure_pin@port_name^(0+1280),w,c
  2523   0038A4  EC9B  F016         	call	_set_pin_st
  2524   0038A8                     l2458:
  2525                           
  2526                           ;gpio.c: 349:     if(slew_rate_limited)
  2527   0038A8  500A               	movf	configure_pin@slew_rate_limited^(0+1280),w,c
  2528   0038AA  B4D8               	btfsc	status,2,c
  2529   0038AC  EF5A  F01C         	goto	u2061
  2530   0038B0  EF5C  F01C         	goto	u2060
  2531   0038B4                     u2061:
  2532   0038B4  EF63  F01C         	goto	l2462
  2533   0038B8                     u2060:
  2534   0038B8                     
  2535                           ;gpio.c: 350:         set_pin_sr_limited(port_name, pin_number);
  2536   0038B8  C505  F501         	movff	configure_pin@pin_number,set_pin_sr_limited@pin_number
  2537   0038BC  500C               	movf	configure_pin@port_name^(0+1280),w,c
  2538   0038BE  EC2A  F017         	call	_set_pin_sr_limited
  2539   0038C2  EF68  F01C         	goto	l2464
  2540   0038C6                     l2462:
  2541                           
  2542                           ;gpio.c: 352:         set_pin_sr_maximum(port_name, pin_number);
  2543   0038C6  C505  F501         	movff	configure_pin@pin_number,set_pin_sr_maximum@pin_number
  2544   0038CA  500C               	movf	configure_pin@port_name^(0+1280),w,c
  2545   0038CC  ECB8  F013         	call	_set_pin_sr_maximum
  2546   0038D0                     l2464:
  2547                           
  2548                           ;gpio.c: 354:     if(use_push_pull)
  2549   0038D0  500B               	movf	configure_pin@use_push_pull^(0+1280),w,c
  2550   0038D2  B4D8               	btfsc	status,2,c
  2551   0038D4  EF6E  F01C         	goto	u2071
  2552   0038D8  EF70  F01C         	goto	u2070
  2553   0038DC                     u2071:
  2554   0038DC  EF77  F01C         	goto	l2468
  2555   0038E0                     u2070:
  2556   0038E0                     
  2557                           ;gpio.c: 355:         set_pin_push_pull(port_name, pin_number);
  2558   0038E0  C505  F501         	movff	configure_pin@pin_number,set_pin_push_pull@pin_number
  2559   0038E4  500C               	movf	configure_pin@port_name^(0+1280),w,c
  2560   0038E6  EC4D  F014         	call	_set_pin_push_pull
  2561   0038EA  EF7C  F01C         	goto	l260
  2562   0038EE                     l2468:
  2563                           
  2564                           ;gpio.c: 357:         set_pin_open_drain(port_name, pin_number);
  2565   0038EE  C505  F501         	movff	configure_pin@pin_number,set_pin_open_drain@pin_number
  2566   0038F2  500C               	movf	configure_pin@port_name^(0+1280),w,c
  2567   0038F4  ECD7  F018         	call	_set_pin_open_drain
  2568   0038F8                     l260:
  2569   0038F8  0012               	return		;funcret
  2570   0038FA                     __end_of_configure_pin:
  2571                           	callstack 0
  2572                           
  2573 ;; *************** function _set_pin_ttl *****************
  2574 ;; Defined at:
  2575 ;;		line 191 in file "gpio.c"
  2576 ;; Parameters:    Size  Location     Type
  2577 ;;  port_name       1    wreg     enum E17445
  2578 ;;  pin_number      1    0[COMRAM] unsigned char 
  2579 ;; Auto vars:     Size  Location     Type
  2580 ;;  port_name       1    3[COMRAM] enum E17445
  2581 ;; Return value:  Size  Location     Type
  2582 ;;                  1    wreg      void 
  2583 ;; Registers used:
  2584 ;;		wreg, status,2, status,0
  2585 ;; Tracked objects:
  2586 ;;		On entry : 0/0
  2587 ;;		On exit  : 0/0
  2588 ;;		Unchanged: 0/0
  2589 ;; Data sizes:     COMRAM   BANK5   BANK6   BANK7   BANK8   BANK9  BANK10  BANK11  BANK12  BANK13  BANK14  BANK15  BANK1
      +6  BANK17  BANK18  BANK19  BANK20  BANK21  BANK22  BANK23  BANK24  BANK25  BANK26  BANK27  BANK28  BANK29  BANK30  BANK3
      +1  BANK32  BANK33  BANK34  BANK35  BANK36
  2590 ;;      Params:         1       0       0       0       0       0       0       0       0       0       0       0       
      +0       0       0       0       0       0       0       0       0       0       0       0       0       0       0       
      +0       0       0       0       0       0
  2591 ;;      Locals:         1       0       0       0       0       0       0       0       0       0       0       0       
      +0       0       0       0       0       0       0       0       0       0       0       0       0       0       0       
      +0       0       0       0       0       0
  2592 ;;      Temps:          2       0       0       0       0       0       0       0       0       0       0       0       
      +0       0       0       0       0       0       0       0       0       0       0       0       0       0       0       
      +0       0       0       0       0       0
  2593 ;;      Totals:         4       0       0       0       0       0       0       0       0       0       0       0       
      +0       0       0       0       0       0       0       0       0       0       0       0       0       0       0       
      +0       0       0       0       0       0
  2594 ;;Total ram usage:        4 bytes
  2595 ;; Hardware stack levels used: 1
  2596 ;; This function calls:
  2597 ;;		Nothing
  2598 ;; This function is called by:
  2599 ;;		_configure_pin
  2600 ;; This function uses a non-reentrant model
  2601 ;;
  2602                           
  2603                           	psect	text16
  2604   002646                     __ptext16:
  2605                           	callstack 0
  2606   002646                     _set_pin_ttl:
  2607                           	callstack 124
  2608                           
  2609                           ;incstack = 0
  2610                           ;set_pin_ttl@port_name stored from wreg
  2611   002646  6E04               	movwf	set_pin_ttl@port_name^(0+1280),c
  2612   002648                     
  2613                           ;gpio.c: 191: void set_pin_ttl(PortName_t port_name, uint8_t pin_number);gpio.c: 192: {;
      +                          gpio.c: 193:     switch(port_name)
  2614   002648  EF92  F013         	goto	l2340
  2615   00264C                     l2326:
  2616                           
  2617                           ;gpio.c: 196:             INLVLA &= ~(1 << pin_number);
  2618   00264C  C501  F502         	movff	set_pin_ttl@pin_number,??_set_pin_ttl
  2619   002650  0E01               	movlw	1
  2620   002652  6E03               	movwf	(??_set_pin_ttl+1)^(0+1280),c
  2621   002654  2A02               	incf	??_set_pin_ttl^(0+1280),f,c
  2622   002656  EF2F  F013         	goto	u1724
  2623   00265A                     u1725:
  2624   00265A  90D8               	bcf	status,0,c
  2625   00265C  3603               	rlcf	(??_set_pin_ttl+1)^(0+1280),f,c
  2626   00265E                     u1724:
  2627   00265E  2E02               	decfsz	??_set_pin_ttl^(0+1280),f,c
  2628   002660  EF2D  F013         	goto	u1725
  2629   002664  5003               	movf	(??_set_pin_ttl+1)^(0+1280),w,c
  2630   002666  0AFF               	xorlw	255
  2631   002668  0104               	movlb	4	; () banked
  2632   00266A  1704               	andwf	4,f,b	;volatile
  2633                           
  2634                           ;gpio.c: 197:             break;
  2635   00266C  EFB7  F013         	goto	l197
  2636   002670                     l2328:
  2637                           
  2638                           ;gpio.c: 199:             INLVLB &= ~(1 << pin_number);
  2639   002670  C501  F502         	movff	set_pin_ttl@pin_number,??_set_pin_ttl
  2640   002674  0E01               	movlw	1
  2641   002676  6E03               	movwf	(??_set_pin_ttl+1)^(0+1280),c
  2642   002678  2A02               	incf	??_set_pin_ttl^(0+1280),f,c
  2643   00267A  EF41  F013         	goto	u1734
  2644   00267E                     u1735:
  2645   00267E  90D8               	bcf	status,0,c
  2646   002680  3603               	rlcf	(??_set_pin_ttl+1)^(0+1280),f,c
  2647   002682                     u1734:
  2648   002682  2E02               	decfsz	??_set_pin_ttl^(0+1280),f,c
  2649   002684  EF3F  F013         	goto	u1735
  2650   002688  5003               	movf	(??_set_pin_ttl+1)^(0+1280),w,c
  2651   00268A  0AFF               	xorlw	255
  2652   00268C  0104               	movlb	4	; () banked
  2653   00268E  170C               	andwf	12,f,b	;volatile
  2654                           
  2655                           ;gpio.c: 200:             break;
  2656   002690  EFB7  F013         	goto	l197
  2657   002694                     l2330:
  2658                           
  2659                           ;gpio.c: 202:             INLVLC &= ~(1 << pin_number);
  2660   002694  C501  F502         	movff	set_pin_ttl@pin_number,??_set_pin_ttl
  2661   002698  0E01               	movlw	1
  2662   00269A  6E03               	movwf	(??_set_pin_ttl+1)^(0+1280),c
  2663   00269C  2A02               	incf	??_set_pin_ttl^(0+1280),f,c
  2664   00269E  EF53  F013         	goto	u1744
  2665   0026A2                     u1745:
  2666   0026A2  90D8               	bcf	status,0,c
  2667   0026A4  3603               	rlcf	(??_set_pin_ttl+1)^(0+1280),f,c
  2668   0026A6                     u1744:
  2669   0026A6  2E02               	decfsz	??_set_pin_ttl^(0+1280),f,c
  2670   0026A8  EF51  F013         	goto	u1745
  2671   0026AC  5003               	movf	(??_set_pin_ttl+1)^(0+1280),w,c
  2672   0026AE  0AFF               	xorlw	255
  2673   0026B0  0104               	movlb	4	; () banked
  2674   0026B2  1714               	andwf	20,f,b	;volatile
  2675                           
  2676                           ;gpio.c: 203:             break;
  2677   0026B4  EFB7  F013         	goto	l197
  2678   0026B8                     l2332:
  2679                           
  2680                           ;gpio.c: 205:             INLVLD &= ~(1 << pin_number);
  2681   0026B8  C501  F502         	movff	set_pin_ttl@pin_number,??_set_pin_ttl
  2682   0026BC  0E01               	movlw	1
  2683   0026BE  6E03               	movwf	(??_set_pin_ttl+1)^(0+1280),c
  2684   0026C0  2A02               	incf	??_set_pin_ttl^(0+1280),f,c
  2685   0026C2  EF65  F013         	goto	u1754
  2686   0026C6                     u1755:
  2687   0026C6  90D8               	bcf	status,0,c
  2688   0026C8  3603               	rlcf	(??_set_pin_ttl+1)^(0+1280),f,c
  2689   0026CA                     u1754:
  2690   0026CA  2E02               	decfsz	??_set_pin_ttl^(0+1280),f,c
  2691   0026CC  EF63  F013         	goto	u1755
  2692   0026D0  5003               	movf	(??_set_pin_ttl+1)^(0+1280),w,c
  2693   0026D2  0AFF               	xorlw	255
  2694   0026D4  0104               	movlb	4	; () banked
  2695   0026D6  171C               	andwf	28,f,b	;volatile
  2696                           
  2697                           ;gpio.c: 206:             break;
  2698   0026D8  EFB7  F013         	goto	l197
  2699   0026DC                     l2334:
  2700                           
  2701                           ;gpio.c: 208:             INLVLE &= ~(1 << pin_number);
  2702   0026DC  C501  F502         	movff	set_pin_ttl@pin_number,??_set_pin_ttl
  2703   0026E0  0E01               	movlw	1
  2704   0026E2  6E03               	movwf	(??_set_pin_ttl+1)^(0+1280),c
  2705   0026E4  2A02               	incf	??_set_pin_ttl^(0+1280),f,c
  2706   0026E6  EF77  F013         	goto	u1764
  2707   0026EA                     u1765:
  2708   0026EA  90D8               	bcf	status,0,c
  2709   0026EC  3603               	rlcf	(??_set_pin_ttl+1)^(0+1280),f,c
  2710   0026EE                     u1764:
  2711   0026EE  2E02               	decfsz	??_set_pin_ttl^(0+1280),f,c
  2712   0026F0  EF75  F013         	goto	u1765
  2713   0026F4  5003               	movf	(??_set_pin_ttl+1)^(0+1280),w,c
  2714   0026F6  0AFF               	xorlw	255
  2715   0026F8  0104               	movlb	4	; () banked
  2716   0026FA  1724               	andwf	36,f,b	;volatile
  2717                           
  2718                           ;gpio.c: 209:             break;
  2719   0026FC  EFB7  F013         	goto	l197
  2720   002700                     l2336:
  2721                           
  2722                           ;gpio.c: 211:             INLVLF &= ~(1 << pin_number);
  2723   002700  C501  F502         	movff	set_pin_ttl@pin_number,??_set_pin_ttl
  2724   002704  0E01               	movlw	1
  2725   002706  6E03               	movwf	(??_set_pin_ttl+1)^(0+1280),c
  2726   002708  2A02               	incf	??_set_pin_ttl^(0+1280),f,c
  2727   00270A  EF89  F013         	goto	u1774
  2728   00270E                     u1775:
  2729   00270E  90D8               	bcf	status,0,c
  2730   002710  3603               	rlcf	(??_set_pin_ttl+1)^(0+1280),f,c
  2731   002712                     u1774:
  2732   002712  2E02               	decfsz	??_set_pin_ttl^(0+1280),f,c
  2733   002714  EF87  F013         	goto	u1775
  2734   002718  5003               	movf	(??_set_pin_ttl+1)^(0+1280),w,c
  2735   00271A  0AFF               	xorlw	255
  2736   00271C  0104               	movlb	4	; () banked
  2737   00271E  172C               	andwf	44,f,b	;volatile
  2738                           
  2739                           ;gpio.c: 212:             break;
  2740   002720  EFB7  F013         	goto	l197
  2741   002724                     l2340:
  2742   002724  5004               	movf	set_pin_ttl@port_name^(0+1280),w,c
  2743   002726  6E02               	movwf	??_set_pin_ttl^(0+1280),c
  2744   002728  6A03               	clrf	(??_set_pin_ttl+1)^(0+1280),c
  2745                           
  2746                           ; Switch on 2 bytes has been partitioned into a top level switch of size 1, and 1 sub-sw
      +                          itches
  2747                           ; Switch size 1, requested type "simple"
  2748                           ; Number of cases is 1, Range of values is 0 to 0
  2749                           ; switch strategies available:
  2750                           ; Name         Instructions Cycles
  2751                           ; simple_byte            4     3 (average)
  2752                           ;	Chosen strategy is simple_byte
  2753   00272A  5003               	movf	(??_set_pin_ttl+1)^(0+1280),w,c
  2754   00272C  0A00               	xorlw	0	; case 0
  2755   00272E  B4D8               	btfsc	status,2,c
  2756   002730  EF9C  F013         	goto	l2934
  2757   002734  EFB7  F013         	goto	l197
  2758   002738                     l2934:
  2759                           
  2760                           ; Switch size 1, requested type "simple"
  2761                           ; Number of cases is 6, Range of values is 65 to 70
  2762                           ; switch strategies available:
  2763                           ; Name         Instructions Cycles
  2764                           ; simple_byte           19    10 (average)
  2765                           ;	Chosen strategy is simple_byte
  2766   002738  5002               	movf	??_set_pin_ttl^(0+1280),w,c
  2767   00273A  0A41               	xorlw	65	; case 65
  2768   00273C  B4D8               	btfsc	status,2,c
  2769   00273E  EF26  F013         	goto	l2326
  2770   002742  0A03               	xorlw	3	; case 66
  2771   002744  B4D8               	btfsc	status,2,c
  2772   002746  EF38  F013         	goto	l2328
  2773   00274A  0A01               	xorlw	1	; case 67
  2774   00274C  B4D8               	btfsc	status,2,c
  2775   00274E  EF4A  F013         	goto	l2330
  2776   002752  0A07               	xorlw	7	; case 68
  2777   002754  B4D8               	btfsc	status,2,c
  2778   002756  EF5C  F013         	goto	l2332
  2779   00275A  0A01               	xorlw	1	; case 69
  2780   00275C  B4D8               	btfsc	status,2,c
  2781   00275E  EF6E  F013         	goto	l2334
  2782   002762  0A03               	xorlw	3	; case 70
  2783   002764  B4D8               	btfsc	status,2,c
  2784   002766  EF80  F013         	goto	l2336
  2785   00276A  EFB7  F013         	goto	l197
  2786   00276E                     l197:
  2787   00276E  0012               	return		;funcret
  2788   002770                     __end_of_set_pin_ttl:
  2789                           	callstack 0
  2790                           
  2791 ;; *************** function _set_pin_st *****************
  2792 ;; Defined at:
  2793 ;;		line 164 in file "gpio.c"
  2794 ;; Parameters:    Size  Location     Type
  2795 ;;  port_name       1    wreg     enum E17445
  2796 ;;  pin_number      1    0[COMRAM] unsigned char 
  2797 ;; Auto vars:     Size  Location     Type
  2798 ;;  port_name       1    3[COMRAM] enum E17445
  2799 ;; Return value:  Size  Location     Type
  2800 ;;                  1    wreg      void 
  2801 ;; Registers used:
  2802 ;;		wreg, status,2, status,0
  2803 ;; Tracked objects:
  2804 ;;		On entry : 0/0
  2805 ;;		On exit  : 0/0
  2806 ;;		Unchanged: 0/0
  2807 ;; Data sizes:     COMRAM   BANK5   BANK6   BANK7   BANK8   BANK9  BANK10  BANK11  BANK12  BANK13  BANK14  BANK15  BANK1
      +6  BANK17  BANK18  BANK19  BANK20  BANK21  BANK22  BANK23  BANK24  BANK25  BANK26  BANK27  BANK28  BANK29  BANK30  BANK3
      +1  BANK32  BANK33  BANK34  BANK35  BANK36
  2808 ;;      Params:         1       0       0       0       0       0       0       0       0       0       0       0       
      +0       0       0       0       0       0       0       0       0       0       0       0       0       0       0       
      +0       0       0       0       0       0
  2809 ;;      Locals:         1       0       0       0       0       0       0       0       0       0       0       0       
      +0       0       0       0       0       0       0       0       0       0       0       0       0       0       0       
      +0       0       0       0       0       0
  2810 ;;      Temps:          2       0       0       0       0       0       0       0       0       0       0       0       
      +0       0       0       0       0       0       0       0       0       0       0       0       0       0       0       
      +0       0       0       0       0       0
  2811 ;;      Totals:         4       0       0       0       0       0       0       0       0       0       0       0       
      +0       0       0       0       0       0       0       0       0       0       0       0       0       0       0       
      +0       0       0       0       0       0
  2812 ;;Total ram usage:        4 bytes
  2813 ;; Hardware stack levels used: 1
  2814 ;; This function calls:
  2815 ;;		Nothing
  2816 ;; This function is called by:
  2817 ;;		_configure_pin
  2818 ;; This function uses a non-reentrant model
  2819 ;;
  2820                           
  2821                           	psect	text17
  2822   002D36                     __ptext17:
  2823                           	callstack 0
  2824   002D36                     _set_pin_st:
  2825                           	callstack 124
  2826                           
  2827                           ;incstack = 0
  2828                           ;set_pin_st@port_name stored from wreg
  2829   002D36  6E04               	movwf	set_pin_st@port_name^(0+1280),c
  2830   002D38                     
  2831                           ;gpio.c: 164: void set_pin_st(PortName_t port_name, uint8_t pin_number);gpio.c: 165: {;g
      +                          pio.c: 166:     switch(port_name)
  2832   002D38  EF04  F017         	goto	l2318
  2833   002D3C                     l2304:
  2834                           
  2835                           ;gpio.c: 169:             INLVLA |= (1 << pin_number);
  2836   002D3C  C501  F502         	movff	set_pin_st@pin_number,??_set_pin_st
  2837   002D40  0E01               	movlw	1
  2838   002D42  6E03               	movwf	(??_set_pin_st+1)^(0+1280),c
  2839   002D44  2A02               	incf	??_set_pin_st^(0+1280),f,c
  2840   002D46  EFA7  F016         	goto	u1664
  2841   002D4A                     u1665:
  2842   002D4A  90D8               	bcf	status,0,c
  2843   002D4C  3603               	rlcf	(??_set_pin_st+1)^(0+1280),f,c
  2844   002D4E                     u1664:
  2845   002D4E  2E02               	decfsz	??_set_pin_st^(0+1280),f,c
  2846   002D50  EFA5  F016         	goto	u1665
  2847   002D54  5003               	movf	(??_set_pin_st+1)^(0+1280),w,c
  2848   002D56  0104               	movlb	4	; () banked
  2849   002D58  1304               	iorwf	4,f,b	;volatile
  2850                           
  2851                           ;gpio.c: 170:             break;
  2852   002D5A  EF29  F017         	goto	l185
  2853   002D5E                     l2306:
  2854                           
  2855                           ;gpio.c: 172:             INLVLB |= (1 << pin_number);
  2856   002D5E  C501  F502         	movff	set_pin_st@pin_number,??_set_pin_st
  2857   002D62  0E01               	movlw	1
  2858   002D64  6E03               	movwf	(??_set_pin_st+1)^(0+1280),c
  2859   002D66  2A02               	incf	??_set_pin_st^(0+1280),f,c
  2860   002D68  EFB8  F016         	goto	u1674
  2861   002D6C                     u1675:
  2862   002D6C  90D8               	bcf	status,0,c
  2863   002D6E  3603               	rlcf	(??_set_pin_st+1)^(0+1280),f,c
  2864   002D70                     u1674:
  2865   002D70  2E02               	decfsz	??_set_pin_st^(0+1280),f,c
  2866   002D72  EFB6  F016         	goto	u1675
  2867   002D76  5003               	movf	(??_set_pin_st+1)^(0+1280),w,c
  2868   002D78  0104               	movlb	4	; () banked
  2869   002D7A  130C               	iorwf	12,f,b	;volatile
  2870                           
  2871                           ;gpio.c: 173:             break;
  2872   002D7C  EF29  F017         	goto	l185
  2873   002D80                     l2308:
  2874                           
  2875                           ;gpio.c: 175:             INLVLC |= (1 << pin_number);
  2876   002D80  C501  F502         	movff	set_pin_st@pin_number,??_set_pin_st
  2877   002D84  0E01               	movlw	1
  2878   002D86  6E03               	movwf	(??_set_pin_st+1)^(0+1280),c
  2879   002D88  2A02               	incf	??_set_pin_st^(0+1280),f,c
  2880   002D8A  EFC9  F016         	goto	u1684
  2881   002D8E                     u1685:
  2882   002D8E  90D8               	bcf	status,0,c
  2883   002D90  3603               	rlcf	(??_set_pin_st+1)^(0+1280),f,c
  2884   002D92                     u1684:
  2885   002D92  2E02               	decfsz	??_set_pin_st^(0+1280),f,c
  2886   002D94  EFC7  F016         	goto	u1685
  2887   002D98  5003               	movf	(??_set_pin_st+1)^(0+1280),w,c
  2888   002D9A  0104               	movlb	4	; () banked
  2889   002D9C  1314               	iorwf	20,f,b	;volatile
  2890                           
  2891                           ;gpio.c: 176:             break;
  2892   002D9E  EF29  F017         	goto	l185
  2893   002DA2                     l2310:
  2894                           
  2895                           ;gpio.c: 178:             INLVLD |= (1 << pin_number);
  2896   002DA2  C501  F502         	movff	set_pin_st@pin_number,??_set_pin_st
  2897   002DA6  0E01               	movlw	1
  2898   002DA8  6E03               	movwf	(??_set_pin_st+1)^(0+1280),c
  2899   002DAA  2A02               	incf	??_set_pin_st^(0+1280),f,c
  2900   002DAC  EFDA  F016         	goto	u1694
  2901   002DB0                     u1695:
  2902   002DB0  90D8               	bcf	status,0,c
  2903   002DB2  3603               	rlcf	(??_set_pin_st+1)^(0+1280),f,c
  2904   002DB4                     u1694:
  2905   002DB4  2E02               	decfsz	??_set_pin_st^(0+1280),f,c
  2906   002DB6  EFD8  F016         	goto	u1695
  2907   002DBA  5003               	movf	(??_set_pin_st+1)^(0+1280),w,c
  2908   002DBC  0104               	movlb	4	; () banked
  2909   002DBE  131C               	iorwf	28,f,b	;volatile
  2910                           
  2911                           ;gpio.c: 179:             break;
  2912   002DC0  EF29  F017         	goto	l185
  2913   002DC4                     l2312:
  2914                           
  2915                           ;gpio.c: 181:             INLVLE |= (1 << pin_number);
  2916   002DC4  C501  F502         	movff	set_pin_st@pin_number,??_set_pin_st
  2917   002DC8  0E01               	movlw	1
  2918   002DCA  6E03               	movwf	(??_set_pin_st+1)^(0+1280),c
  2919   002DCC  2A02               	incf	??_set_pin_st^(0+1280),f,c
  2920   002DCE  EFEB  F016         	goto	u1704
  2921   002DD2                     u1705:
  2922   002DD2  90D8               	bcf	status,0,c
  2923   002DD4  3603               	rlcf	(??_set_pin_st+1)^(0+1280),f,c
  2924   002DD6                     u1704:
  2925   002DD6  2E02               	decfsz	??_set_pin_st^(0+1280),f,c
  2926   002DD8  EFE9  F016         	goto	u1705
  2927   002DDC  5003               	movf	(??_set_pin_st+1)^(0+1280),w,c
  2928   002DDE  0104               	movlb	4	; () banked
  2929   002DE0  1324               	iorwf	36,f,b	;volatile
  2930                           
  2931                           ;gpio.c: 182:             break;
  2932   002DE2  EF29  F017         	goto	l185
  2933   002DE6                     l2314:
  2934                           
  2935                           ;gpio.c: 184:             INLVLF |= (1 << pin_number);
  2936   002DE6  C501  F502         	movff	set_pin_st@pin_number,??_set_pin_st
  2937   002DEA  0E01               	movlw	1
  2938   002DEC  6E03               	movwf	(??_set_pin_st+1)^(0+1280),c
  2939   002DEE  2A02               	incf	??_set_pin_st^(0+1280),f,c
  2940   002DF0  EFFC  F016         	goto	u1714
  2941   002DF4                     u1715:
  2942   002DF4  90D8               	bcf	status,0,c
  2943   002DF6  3603               	rlcf	(??_set_pin_st+1)^(0+1280),f,c
  2944   002DF8                     u1714:
  2945   002DF8  2E02               	decfsz	??_set_pin_st^(0+1280),f,c
  2946   002DFA  EFFA  F016         	goto	u1715
  2947   002DFE  5003               	movf	(??_set_pin_st+1)^(0+1280),w,c
  2948   002E00  0104               	movlb	4	; () banked
  2949   002E02  132C               	iorwf	44,f,b	;volatile
  2950                           
  2951                           ;gpio.c: 185:             break;
  2952   002E04  EF29  F017         	goto	l185
  2953   002E08                     l2318:
  2954   002E08  5004               	movf	set_pin_st@port_name^(0+1280),w,c
  2955   002E0A  6E02               	movwf	??_set_pin_st^(0+1280),c
  2956   002E0C  6A03               	clrf	(??_set_pin_st+1)^(0+1280),c
  2957                           
  2958                           ; Switch on 2 bytes has been partitioned into a top level switch of size 1, and 1 sub-sw
      +                          itches
  2959                           ; Switch size 1, requested type "simple"
  2960                           ; Number of cases is 1, Range of values is 0 to 0
  2961                           ; switch strategies available:
  2962                           ; Name         Instructions Cycles
  2963                           ; simple_byte            4     3 (average)
  2964                           ;	Chosen strategy is simple_byte
  2965   002E0E  5003               	movf	(??_set_pin_st+1)^(0+1280),w,c
  2966   002E10  0A00               	xorlw	0	; case 0
  2967   002E12  B4D8               	btfsc	status,2,c
  2968   002E14  EF0E  F017         	goto	l2936
  2969   002E18  EF29  F017         	goto	l185
  2970   002E1C                     l2936:
  2971                           
  2972                           ; Switch size 1, requested type "simple"
  2973                           ; Number of cases is 6, Range of values is 65 to 70
  2974                           ; switch strategies available:
  2975                           ; Name         Instructions Cycles
  2976                           ; simple_byte           19    10 (average)
  2977                           ;	Chosen strategy is simple_byte
  2978   002E1C  5002               	movf	??_set_pin_st^(0+1280),w,c
  2979   002E1E  0A41               	xorlw	65	; case 65
  2980   002E20  B4D8               	btfsc	status,2,c
  2981   002E22  EF9E  F016         	goto	l2304
  2982   002E26  0A03               	xorlw	3	; case 66
  2983   002E28  B4D8               	btfsc	status,2,c
  2984   002E2A  EFAF  F016         	goto	l2306
  2985   002E2E  0A01               	xorlw	1	; case 67
  2986   002E30  B4D8               	btfsc	status,2,c
  2987   002E32  EFC0  F016         	goto	l2308
  2988   002E36  0A07               	xorlw	7	; case 68
  2989   002E38  B4D8               	btfsc	status,2,c
  2990   002E3A  EFD1  F016         	goto	l2310
  2991   002E3E  0A01               	xorlw	1	; case 69
  2992   002E40  B4D8               	btfsc	status,2,c
  2993   002E42  EFE2  F016         	goto	l2312
  2994   002E46  0A03               	xorlw	3	; case 70
  2995   002E48  B4D8               	btfsc	status,2,c
  2996   002E4A  EFF3  F016         	goto	l2314
  2997   002E4E  EF29  F017         	goto	l185
  2998   002E52                     l185:
  2999   002E52  0012               	return		;funcret
  3000   002E54                     __end_of_set_pin_st:
  3001                           	callstack 0
  3002                           
  3003 ;; *************** function _set_pin_sr_maximum *****************
  3004 ;; Defined at:
  3005 ;;		line 244 in file "gpio.c"
  3006 ;; Parameters:    Size  Location     Type
  3007 ;;  port_name       1    wreg     enum E17445
  3008 ;;  pin_number      1    0[COMRAM] unsigned char 
  3009 ;; Auto vars:     Size  Location     Type
  3010 ;;  port_name       1    3[COMRAM] enum E17445
  3011 ;; Return value:  Size  Location     Type
  3012 ;;                  1    wreg      void 
  3013 ;; Registers used:
  3014 ;;		wreg, status,2, status,0
  3015 ;; Tracked objects:
  3016 ;;		On entry : 0/0
  3017 ;;		On exit  : 0/0
  3018 ;;		Unchanged: 0/0
  3019 ;; Data sizes:     COMRAM   BANK5   BANK6   BANK7   BANK8   BANK9  BANK10  BANK11  BANK12  BANK13  BANK14  BANK15  BANK1
      +6  BANK17  BANK18  BANK19  BANK20  BANK21  BANK22  BANK23  BANK24  BANK25  BANK26  BANK27  BANK28  BANK29  BANK30  BANK3
      +1  BANK32  BANK33  BANK34  BANK35  BANK36
  3020 ;;      Params:         1       0       0       0       0       0       0       0       0       0       0       0       
      +0       0       0       0       0       0       0       0       0       0       0       0       0       0       0       
      +0       0       0       0       0       0
  3021 ;;      Locals:         1       0       0       0       0       0       0       0       0       0       0       0       
      +0       0       0       0       0       0       0       0       0       0       0       0       0       0       0       
      +0       0       0       0       0       0
  3022 ;;      Temps:          2       0       0       0       0       0       0       0       0       0       0       0       
      +0       0       0       0       0       0       0       0       0       0       0       0       0       0       0       
      +0       0       0       0       0       0
  3023 ;;      Totals:         4       0       0       0       0       0       0       0       0       0       0       0       
      +0       0       0       0       0       0       0       0       0       0       0       0       0       0       0       
      +0       0       0       0       0       0
  3024 ;;Total ram usage:        4 bytes
  3025 ;; Hardware stack levels used: 1
  3026 ;; This function calls:
  3027 ;;		Nothing
  3028 ;; This function is called by:
  3029 ;;		_configure_pin
  3030 ;; This function uses a non-reentrant model
  3031 ;;
  3032                           
  3033                           	psect	text18
  3034   002770                     __ptext18:
  3035                           	callstack 0
  3036   002770                     _set_pin_sr_maximum:
  3037                           	callstack 124
  3038                           
  3039                           ;incstack = 0
  3040                           ;set_pin_sr_maximum@port_name stored from wreg
  3041   002770  6E04               	movwf	set_pin_sr_maximum@port_name^(0+1280),c
  3042   002772                     
  3043                           ;gpio.c: 244: void set_pin_sr_maximum(PortName_t port_name, uint8_t pin_number);gpio.c: 
      +                          245: {;gpio.c: 246:    switch(port_name)
  3044   002772  EF27  F014         	goto	l2384
  3045   002776                     l2370:
  3046                           
  3047                           ;gpio.c: 249:             SLRCONA &= ~(1 << pin_number);
  3048   002776  C501  F502         	movff	set_pin_sr_maximum@pin_number,??_set_pin_sr_maximum
  3049   00277A  0E01               	movlw	1
  3050   00277C  6E03               	movwf	(??_set_pin_sr_maximum+1)^(0+1280),c
  3051   00277E  2A02               	incf	??_set_pin_sr_maximum^(0+1280),f,c
  3052   002780  EFC4  F013         	goto	u1844
  3053   002784                     u1845:
  3054   002784  90D8               	bcf	status,0,c
  3055   002786  3603               	rlcf	(??_set_pin_sr_maximum+1)^(0+1280),f,c
  3056   002788                     u1844:
  3057   002788  2E02               	decfsz	??_set_pin_sr_maximum^(0+1280),f,c
  3058   00278A  EFC2  F013         	goto	u1845
  3059   00278E  5003               	movf	(??_set_pin_sr_maximum+1)^(0+1280),w,c
  3060   002790  0AFF               	xorlw	255
  3061   002792  0104               	movlb	4	; () banked
  3062   002794  1703               	andwf	3,f,b	;volatile
  3063                           
  3064                           ;gpio.c: 250:             break;
  3065   002796  EF4C  F014         	goto	l221
  3066   00279A                     l2372:
  3067                           
  3068                           ;gpio.c: 252:             SLRCONB &= ~(1 << pin_number);
  3069   00279A  C501  F502         	movff	set_pin_sr_maximum@pin_number,??_set_pin_sr_maximum
  3070   00279E  0E01               	movlw	1
  3071   0027A0  6E03               	movwf	(??_set_pin_sr_maximum+1)^(0+1280),c
  3072   0027A2  2A02               	incf	??_set_pin_sr_maximum^(0+1280),f,c
  3073   0027A4  EFD6  F013         	goto	u1854
  3074   0027A8                     u1855:
  3075   0027A8  90D8               	bcf	status,0,c
  3076   0027AA  3603               	rlcf	(??_set_pin_sr_maximum+1)^(0+1280),f,c
  3077   0027AC                     u1854:
  3078   0027AC  2E02               	decfsz	??_set_pin_sr_maximum^(0+1280),f,c
  3079   0027AE  EFD4  F013         	goto	u1855
  3080   0027B2  5003               	movf	(??_set_pin_sr_maximum+1)^(0+1280),w,c
  3081   0027B4  0AFF               	xorlw	255
  3082   0027B6  0104               	movlb	4	; () banked
  3083   0027B8  170B               	andwf	11,f,b	;volatile
  3084                           
  3085                           ;gpio.c: 253:             break;
  3086   0027BA  EF4C  F014         	goto	l221
  3087   0027BE                     l2374:
  3088                           
  3089                           ;gpio.c: 255:             SLRCONC &= ~(1 << pin_number);
  3090   0027BE  C501  F502         	movff	set_pin_sr_maximum@pin_number,??_set_pin_sr_maximum
  3091   0027C2  0E01               	movlw	1
  3092   0027C4  6E03               	movwf	(??_set_pin_sr_maximum+1)^(0+1280),c
  3093   0027C6  2A02               	incf	??_set_pin_sr_maximum^(0+1280),f,c
  3094   0027C8  EFE8  F013         	goto	u1864
  3095   0027CC                     u1865:
  3096   0027CC  90D8               	bcf	status,0,c
  3097   0027CE  3603               	rlcf	(??_set_pin_sr_maximum+1)^(0+1280),f,c
  3098   0027D0                     u1864:
  3099   0027D0  2E02               	decfsz	??_set_pin_sr_maximum^(0+1280),f,c
  3100   0027D2  EFE6  F013         	goto	u1865
  3101   0027D6  5003               	movf	(??_set_pin_sr_maximum+1)^(0+1280),w,c
  3102   0027D8  0AFF               	xorlw	255
  3103   0027DA  0104               	movlb	4	; () banked
  3104   0027DC  1713               	andwf	19,f,b	;volatile
  3105                           
  3106                           ;gpio.c: 256:             break;
  3107   0027DE  EF4C  F014         	goto	l221
  3108   0027E2                     l2376:
  3109                           
  3110                           ;gpio.c: 258:             SLRCOND &= ~(1 << pin_number);
  3111   0027E2  C501  F502         	movff	set_pin_sr_maximum@pin_number,??_set_pin_sr_maximum
  3112   0027E6  0E01               	movlw	1
  3113   0027E8  6E03               	movwf	(??_set_pin_sr_maximum+1)^(0+1280),c
  3114   0027EA  2A02               	incf	??_set_pin_sr_maximum^(0+1280),f,c
  3115   0027EC  EFFA  F013         	goto	u1874
  3116   0027F0                     u1875:
  3117   0027F0  90D8               	bcf	status,0,c
  3118   0027F2  3603               	rlcf	(??_set_pin_sr_maximum+1)^(0+1280),f,c
  3119   0027F4                     u1874:
  3120   0027F4  2E02               	decfsz	??_set_pin_sr_maximum^(0+1280),f,c
  3121   0027F6  EFF8  F013         	goto	u1875
  3122   0027FA  5003               	movf	(??_set_pin_sr_maximum+1)^(0+1280),w,c
  3123   0027FC  0AFF               	xorlw	255
  3124   0027FE  0104               	movlb	4	; () banked
  3125   002800  171B               	andwf	27,f,b	;volatile
  3126                           
  3127                           ;gpio.c: 259:             break;
  3128   002802  EF4C  F014         	goto	l221
  3129   002806                     l2378:
  3130                           
  3131                           ;gpio.c: 261:             SLRCONE &= ~(1 << pin_number);
  3132   002806  C501  F502         	movff	set_pin_sr_maximum@pin_number,??_set_pin_sr_maximum
  3133   00280A  0E01               	movlw	1
  3134   00280C  6E03               	movwf	(??_set_pin_sr_maximum+1)^(0+1280),c
  3135   00280E  2A02               	incf	??_set_pin_sr_maximum^(0+1280),f,c
  3136   002810  EF0C  F014         	goto	u1884
  3137   002814                     u1885:
  3138   002814  90D8               	bcf	status,0,c
  3139   002816  3603               	rlcf	(??_set_pin_sr_maximum+1)^(0+1280),f,c
  3140   002818                     u1884:
  3141   002818  2E02               	decfsz	??_set_pin_sr_maximum^(0+1280),f,c
  3142   00281A  EF0A  F014         	goto	u1885
  3143   00281E  5003               	movf	(??_set_pin_sr_maximum+1)^(0+1280),w,c
  3144   002820  0AFF               	xorlw	255
  3145   002822  0104               	movlb	4	; () banked
  3146   002824  1723               	andwf	35,f,b	;volatile
  3147                           
  3148                           ;gpio.c: 262:             break;
  3149   002826  EF4C  F014         	goto	l221
  3150   00282A                     l2380:
  3151                           
  3152                           ;gpio.c: 264:             SLRCONF &= ~(1 << pin_number);
  3153   00282A  C501  F502         	movff	set_pin_sr_maximum@pin_number,??_set_pin_sr_maximum
  3154   00282E  0E01               	movlw	1
  3155   002830  6E03               	movwf	(??_set_pin_sr_maximum+1)^(0+1280),c
  3156   002832  2A02               	incf	??_set_pin_sr_maximum^(0+1280),f,c
  3157   002834  EF1E  F014         	goto	u1894
  3158   002838                     u1895:
  3159   002838  90D8               	bcf	status,0,c
  3160   00283A  3603               	rlcf	(??_set_pin_sr_maximum+1)^(0+1280),f,c
  3161   00283C                     u1894:
  3162   00283C  2E02               	decfsz	??_set_pin_sr_maximum^(0+1280),f,c
  3163   00283E  EF1C  F014         	goto	u1895
  3164   002842  5003               	movf	(??_set_pin_sr_maximum+1)^(0+1280),w,c
  3165   002844  0AFF               	xorlw	255
  3166   002846  0104               	movlb	4	; () banked
  3167   002848  172B               	andwf	43,f,b	;volatile
  3168                           
  3169                           ;gpio.c: 265:             break;
  3170   00284A  EF4C  F014         	goto	l221
  3171   00284E                     l2384:
  3172   00284E  5004               	movf	set_pin_sr_maximum@port_name^(0+1280),w,c
  3173   002850  6E02               	movwf	??_set_pin_sr_maximum^(0+1280),c
  3174   002852  6A03               	clrf	(??_set_pin_sr_maximum+1)^(0+1280),c
  3175                           
  3176                           ; Switch on 2 bytes has been partitioned into a top level switch of size 1, and 1 sub-sw
      +                          itches
  3177                           ; Switch size 1, requested type "simple"
  3178                           ; Number of cases is 1, Range of values is 0 to 0
  3179                           ; switch strategies available:
  3180                           ; Name         Instructions Cycles
  3181                           ; simple_byte            4     3 (average)
  3182                           ;	Chosen strategy is simple_byte
  3183   002854  5003               	movf	(??_set_pin_sr_maximum+1)^(0+1280),w,c
  3184   002856  0A00               	xorlw	0	; case 0
  3185   002858  B4D8               	btfsc	status,2,c
  3186   00285A  EF31  F014         	goto	l2938
  3187   00285E  EF4C  F014         	goto	l221
  3188   002862                     l2938:
  3189                           
  3190                           ; Switch size 1, requested type "simple"
  3191                           ; Number of cases is 6, Range of values is 65 to 70
  3192                           ; switch strategies available:
  3193                           ; Name         Instructions Cycles
  3194                           ; simple_byte           19    10 (average)
  3195                           ;	Chosen strategy is simple_byte
  3196   002862  5002               	movf	??_set_pin_sr_maximum^(0+1280),w,c
  3197   002864  0A41               	xorlw	65	; case 65
  3198   002866  B4D8               	btfsc	status,2,c
  3199   002868  EFBB  F013         	goto	l2370
  3200   00286C  0A03               	xorlw	3	; case 66
  3201   00286E  B4D8               	btfsc	status,2,c
  3202   002870  EFCD  F013         	goto	l2372
  3203   002874  0A01               	xorlw	1	; case 67
  3204   002876  B4D8               	btfsc	status,2,c
  3205   002878  EFDF  F013         	goto	l2374
  3206   00287C  0A07               	xorlw	7	; case 68
  3207   00287E  B4D8               	btfsc	status,2,c
  3208   002880  EFF1  F013         	goto	l2376
  3209   002884  0A01               	xorlw	1	; case 69
  3210   002886  B4D8               	btfsc	status,2,c
  3211   002888  EF03  F014         	goto	l2378
  3212   00288C  0A03               	xorlw	3	; case 70
  3213   00288E  B4D8               	btfsc	status,2,c
  3214   002890  EF15  F014         	goto	l2380
  3215   002894  EF4C  F014         	goto	l221
  3216   002898                     l221:
  3217   002898  0012               	return		;funcret
  3218   00289A                     __end_of_set_pin_sr_maximum:
  3219                           	callstack 0
  3220                           
  3221 ;; *************** function _set_pin_sr_limited *****************
  3222 ;; Defined at:
  3223 ;;		line 217 in file "gpio.c"
  3224 ;; Parameters:    Size  Location     Type
  3225 ;;  port_name       1    wreg     enum E17445
  3226 ;;  pin_number      1    0[COMRAM] unsigned char 
  3227 ;; Auto vars:     Size  Location     Type
  3228 ;;  port_name       1    3[COMRAM] enum E17445
  3229 ;; Return value:  Size  Location     Type
  3230 ;;                  1    wreg      void 
  3231 ;; Registers used:
  3232 ;;		wreg, status,2, status,0
  3233 ;; Tracked objects:
  3234 ;;		On entry : 0/0
  3235 ;;		On exit  : 0/0
  3236 ;;		Unchanged: 0/0
  3237 ;; Data sizes:     COMRAM   BANK5   BANK6   BANK7   BANK8   BANK9  BANK10  BANK11  BANK12  BANK13  BANK14  BANK15  BANK1
      +6  BANK17  BANK18  BANK19  BANK20  BANK21  BANK22  BANK23  BANK24  BANK25  BANK26  BANK27  BANK28  BANK29  BANK30  BANK3
      +1  BANK32  BANK33  BANK34  BANK35  BANK36
  3238 ;;      Params:         1       0       0       0       0       0       0       0       0       0       0       0       
      +0       0       0       0       0       0       0       0       0       0       0       0       0       0       0       
      +0       0       0       0       0       0
  3239 ;;      Locals:         1       0       0       0       0       0       0       0       0       0       0       0       
      +0       0       0       0       0       0       0       0       0       0       0       0       0       0       0       
      +0       0       0       0       0       0
  3240 ;;      Temps:          2       0       0       0       0       0       0       0       0       0       0       0       
      +0       0       0       0       0       0       0       0       0       0       0       0       0       0       0       
      +0       0       0       0       0       0
  3241 ;;      Totals:         4       0       0       0       0       0       0       0       0       0       0       0       
      +0       0       0       0       0       0       0       0       0       0       0       0       0       0       0       
      +0       0       0       0       0       0
  3242 ;;Total ram usage:        4 bytes
  3243 ;; Hardware stack levels used: 1
  3244 ;; This function calls:
  3245 ;;		Nothing
  3246 ;; This function is called by:
  3247 ;;		_configure_pin
  3248 ;; This function uses a non-reentrant model
  3249 ;;
  3250                           
  3251                           	psect	text19
  3252   002E54                     __ptext19:
  3253                           	callstack 0
  3254   002E54                     _set_pin_sr_limited:
  3255                           	callstack 124
  3256                           
  3257                           ;incstack = 0
  3258                           ;set_pin_sr_limited@port_name stored from wreg
  3259   002E54  6E04               	movwf	set_pin_sr_limited@port_name^(0+1280),c
  3260   002E56                     
  3261                           ;gpio.c: 217: void set_pin_sr_limited(PortName_t port_name, uint8_t pin_number);gpio.c: 
      +                          218: {;gpio.c: 219:     switch(port_name)
  3262   002E56  EF93  F017         	goto	l2362
  3263   002E5A                     l2348:
  3264                           
  3265                           ;gpio.c: 222:             SLRCONA |= (1 << pin_number);
  3266   002E5A  C501  F502         	movff	set_pin_sr_limited@pin_number,??_set_pin_sr_limited
  3267   002E5E  0E01               	movlw	1
  3268   002E60  6E03               	movwf	(??_set_pin_sr_limited+1)^(0+1280),c
  3269   002E62  2A02               	incf	??_set_pin_sr_limited^(0+1280),f,c
  3270   002E64  EF36  F017         	goto	u1784
  3271   002E68                     u1785:
  3272   002E68  90D8               	bcf	status,0,c
  3273   002E6A  3603               	rlcf	(??_set_pin_sr_limited+1)^(0+1280),f,c
  3274   002E6C                     u1784:
  3275   002E6C  2E02               	decfsz	??_set_pin_sr_limited^(0+1280),f,c
  3276   002E6E  EF34  F017         	goto	u1785
  3277   002E72  5003               	movf	(??_set_pin_sr_limited+1)^(0+1280),w,c
  3278   002E74  0104               	movlb	4	; () banked
  3279   002E76  1303               	iorwf	3,f,b	;volatile
  3280                           
  3281                           ;gpio.c: 223:             break;
  3282   002E78  EFB8  F017         	goto	l209
  3283   002E7C                     l2350:
  3284                           
  3285                           ;gpio.c: 225:             SLRCONB |= (1 << pin_number);
  3286   002E7C  C501  F502         	movff	set_pin_sr_limited@pin_number,??_set_pin_sr_limited
  3287   002E80  0E01               	movlw	1
  3288   002E82  6E03               	movwf	(??_set_pin_sr_limited+1)^(0+1280),c
  3289   002E84  2A02               	incf	??_set_pin_sr_limited^(0+1280),f,c
  3290   002E86  EF47  F017         	goto	u1794
  3291   002E8A                     u1795:
  3292   002E8A  90D8               	bcf	status,0,c
  3293   002E8C  3603               	rlcf	(??_set_pin_sr_limited+1)^(0+1280),f,c
  3294   002E8E                     u1794:
  3295   002E8E  2E02               	decfsz	??_set_pin_sr_limited^(0+1280),f,c
  3296   002E90  EF45  F017         	goto	u1795
  3297   002E94  5003               	movf	(??_set_pin_sr_limited+1)^(0+1280),w,c
  3298   002E96  0104               	movlb	4	; () banked
  3299   002E98  130B               	iorwf	11,f,b	;volatile
  3300                           
  3301                           ;gpio.c: 226:             break;
  3302   002E9A  EFB8  F017         	goto	l209
  3303   002E9E                     l2352:
  3304                           
  3305                           ;gpio.c: 228:             SLRCONC |= (1 << pin_number);
  3306   002E9E  C501  F502         	movff	set_pin_sr_limited@pin_number,??_set_pin_sr_limited
  3307   002EA2  0E01               	movlw	1
  3308   002EA4  6E03               	movwf	(??_set_pin_sr_limited+1)^(0+1280),c
  3309   002EA6  2A02               	incf	??_set_pin_sr_limited^(0+1280),f,c
  3310   002EA8  EF58  F017         	goto	u1804
  3311   002EAC                     u1805:
  3312   002EAC  90D8               	bcf	status,0,c
  3313   002EAE  3603               	rlcf	(??_set_pin_sr_limited+1)^(0+1280),f,c
  3314   002EB0                     u1804:
  3315   002EB0  2E02               	decfsz	??_set_pin_sr_limited^(0+1280),f,c
  3316   002EB2  EF56  F017         	goto	u1805
  3317   002EB6  5003               	movf	(??_set_pin_sr_limited+1)^(0+1280),w,c
  3318   002EB8  0104               	movlb	4	; () banked
  3319   002EBA  1313               	iorwf	19,f,b	;volatile
  3320                           
  3321                           ;gpio.c: 229:             break;
  3322   002EBC  EFB8  F017         	goto	l209
  3323   002EC0                     l2354:
  3324                           
  3325                           ;gpio.c: 231:             SLRCOND |= (1 << pin_number);
  3326   002EC0  C501  F502         	movff	set_pin_sr_limited@pin_number,??_set_pin_sr_limited
  3327   002EC4  0E01               	movlw	1
  3328   002EC6  6E03               	movwf	(??_set_pin_sr_limited+1)^(0+1280),c
  3329   002EC8  2A02               	incf	??_set_pin_sr_limited^(0+1280),f,c
  3330   002ECA  EF69  F017         	goto	u1814
  3331   002ECE                     u1815:
  3332   002ECE  90D8               	bcf	status,0,c
  3333   002ED0  3603               	rlcf	(??_set_pin_sr_limited+1)^(0+1280),f,c
  3334   002ED2                     u1814:
  3335   002ED2  2E02               	decfsz	??_set_pin_sr_limited^(0+1280),f,c
  3336   002ED4  EF67  F017         	goto	u1815
  3337   002ED8  5003               	movf	(??_set_pin_sr_limited+1)^(0+1280),w,c
  3338   002EDA  0104               	movlb	4	; () banked
  3339   002EDC  131B               	iorwf	27,f,b	;volatile
  3340                           
  3341                           ;gpio.c: 232:             break;
  3342   002EDE  EFB8  F017         	goto	l209
  3343   002EE2                     l2356:
  3344                           
  3345                           ;gpio.c: 234:             SLRCONE |= (1 << pin_number);
  3346   002EE2  C501  F502         	movff	set_pin_sr_limited@pin_number,??_set_pin_sr_limited
  3347   002EE6  0E01               	movlw	1
  3348   002EE8  6E03               	movwf	(??_set_pin_sr_limited+1)^(0+1280),c
  3349   002EEA  2A02               	incf	??_set_pin_sr_limited^(0+1280),f,c
  3350   002EEC  EF7A  F017         	goto	u1824
  3351   002EF0                     u1825:
  3352   002EF0  90D8               	bcf	status,0,c
  3353   002EF2  3603               	rlcf	(??_set_pin_sr_limited+1)^(0+1280),f,c
  3354   002EF4                     u1824:
  3355   002EF4  2E02               	decfsz	??_set_pin_sr_limited^(0+1280),f,c
  3356   002EF6  EF78  F017         	goto	u1825
  3357   002EFA  5003               	movf	(??_set_pin_sr_limited+1)^(0+1280),w,c
  3358   002EFC  0104               	movlb	4	; () banked
  3359   002EFE  1323               	iorwf	35,f,b	;volatile
  3360                           
  3361                           ;gpio.c: 235:             break;
  3362   002F00  EFB8  F017         	goto	l209
  3363   002F04                     l2358:
  3364                           
  3365                           ;gpio.c: 237:             SLRCONF |= (1 << pin_number);
  3366   002F04  C501  F502         	movff	set_pin_sr_limited@pin_number,??_set_pin_sr_limited
  3367   002F08  0E01               	movlw	1
  3368   002F0A  6E03               	movwf	(??_set_pin_sr_limited+1)^(0+1280),c
  3369   002F0C  2A02               	incf	??_set_pin_sr_limited^(0+1280),f,c
  3370   002F0E  EF8B  F017         	goto	u1834
  3371   002F12                     u1835:
  3372   002F12  90D8               	bcf	status,0,c
  3373   002F14  3603               	rlcf	(??_set_pin_sr_limited+1)^(0+1280),f,c
  3374   002F16                     u1834:
  3375   002F16  2E02               	decfsz	??_set_pin_sr_limited^(0+1280),f,c
  3376   002F18  EF89  F017         	goto	u1835
  3377   002F1C  5003               	movf	(??_set_pin_sr_limited+1)^(0+1280),w,c
  3378   002F1E  0104               	movlb	4	; () banked
  3379   002F20  132B               	iorwf	43,f,b	;volatile
  3380                           
  3381                           ;gpio.c: 238:             break;
  3382   002F22  EFB8  F017         	goto	l209
  3383   002F26                     l2362:
  3384   002F26  5004               	movf	set_pin_sr_limited@port_name^(0+1280),w,c
  3385   002F28  6E02               	movwf	??_set_pin_sr_limited^(0+1280),c
  3386   002F2A  6A03               	clrf	(??_set_pin_sr_limited+1)^(0+1280),c
  3387                           
  3388                           ; Switch on 2 bytes has been partitioned into a top level switch of size 1, and 1 sub-sw
      +                          itches
  3389                           ; Switch size 1, requested type "simple"
  3390                           ; Number of cases is 1, Range of values is 0 to 0
  3391                           ; switch strategies available:
  3392                           ; Name         Instructions Cycles
  3393                           ; simple_byte            4     3 (average)
  3394                           ;	Chosen strategy is simple_byte
  3395   002F2C  5003               	movf	(??_set_pin_sr_limited+1)^(0+1280),w,c
  3396   002F2E  0A00               	xorlw	0	; case 0
  3397   002F30  B4D8               	btfsc	status,2,c
  3398   002F32  EF9D  F017         	goto	l2940
  3399   002F36  EFB8  F017         	goto	l209
  3400   002F3A                     l2940:
  3401                           
  3402                           ; Switch size 1, requested type "simple"
  3403                           ; Number of cases is 6, Range of values is 65 to 70
  3404                           ; switch strategies available:
  3405                           ; Name         Instructions Cycles
  3406                           ; simple_byte           19    10 (average)
  3407                           ;	Chosen strategy is simple_byte
  3408   002F3A  5002               	movf	??_set_pin_sr_limited^(0+1280),w,c
  3409   002F3C  0A41               	xorlw	65	; case 65
  3410   002F3E  B4D8               	btfsc	status,2,c
  3411   002F40  EF2D  F017         	goto	l2348
  3412   002F44  0A03               	xorlw	3	; case 66
  3413   002F46  B4D8               	btfsc	status,2,c
  3414   002F48  EF3E  F017         	goto	l2350
  3415   002F4C  0A01               	xorlw	1	; case 67
  3416   002F4E  B4D8               	btfsc	status,2,c
  3417   002F50  EF4F  F017         	goto	l2352
  3418   002F54  0A07               	xorlw	7	; case 68
  3419   002F56  B4D8               	btfsc	status,2,c
  3420   002F58  EF60  F017         	goto	l2354
  3421   002F5C  0A01               	xorlw	1	; case 69
  3422   002F5E  B4D8               	btfsc	status,2,c
  3423   002F60  EF71  F017         	goto	l2356
  3424   002F64  0A03               	xorlw	3	; case 70
  3425   002F66  B4D8               	btfsc	status,2,c
  3426   002F68  EF82  F017         	goto	l2358
  3427   002F6C  EFB8  F017         	goto	l209
  3428   002F70                     l209:
  3429   002F70  0012               	return		;funcret
  3430   002F72                     __end_of_set_pin_sr_limited:
  3431                           	callstack 0
  3432                           
  3433 ;; *************** function _set_pin_push_pull *****************
  3434 ;; Defined at:
  3435 ;;		line 271 in file "gpio.c"
  3436 ;; Parameters:    Size  Location     Type
  3437 ;;  port_name       1    wreg     enum E17445
  3438 ;;  pin_number      1    0[COMRAM] unsigned char 
  3439 ;; Auto vars:     Size  Location     Type
  3440 ;;  port_name       1    3[COMRAM] enum E17445
  3441 ;; Return value:  Size  Location     Type
  3442 ;;                  1    wreg      void 
  3443 ;; Registers used:
  3444 ;;		wreg, status,2, status,0
  3445 ;; Tracked objects:
  3446 ;;		On entry : 0/0
  3447 ;;		On exit  : 0/0
  3448 ;;		Unchanged: 0/0
  3449 ;; Data sizes:     COMRAM   BANK5   BANK6   BANK7   BANK8   BANK9  BANK10  BANK11  BANK12  BANK13  BANK14  BANK15  BANK1
      +6  BANK17  BANK18  BANK19  BANK20  BANK21  BANK22  BANK23  BANK24  BANK25  BANK26  BANK27  BANK28  BANK29  BANK30  BANK3
      +1  BANK32  BANK33  BANK34  BANK35  BANK36
  3450 ;;      Params:         1       0       0       0       0       0       0       0       0       0       0       0       
      +0       0       0       0       0       0       0       0       0       0       0       0       0       0       0       
      +0       0       0       0       0       0
  3451 ;;      Locals:         1       0       0       0       0       0       0       0       0       0       0       0       
      +0       0       0       0       0       0       0       0       0       0       0       0       0       0       0       
      +0       0       0       0       0       0
  3452 ;;      Temps:          2       0       0       0       0       0       0       0       0       0       0       0       
      +0       0       0       0       0       0       0       0       0       0       0       0       0       0       0       
      +0       0       0       0       0       0
  3453 ;;      Totals:         4       0       0       0       0       0       0       0       0       0       0       0       
      +0       0       0       0       0       0       0       0       0       0       0       0       0       0       0       
      +0       0       0       0       0       0
  3454 ;;Total ram usage:        4 bytes
  3455 ;; Hardware stack levels used: 1
  3456 ;; This function calls:
  3457 ;;		Nothing
  3458 ;; This function is called by:
  3459 ;;		_configure_pin
  3460 ;; This function uses a non-reentrant model
  3461 ;;
  3462                           
  3463                           	psect	text20
  3464   00289A                     __ptext20:
  3465                           	callstack 0
  3466   00289A                     _set_pin_push_pull:
  3467                           	callstack 124
  3468                           
  3469                           ;incstack = 0
  3470                           ;set_pin_push_pull@port_name stored from wreg
  3471   00289A  6E04               	movwf	set_pin_push_pull@port_name^(0+1280),c
  3472   00289C                     
  3473                           ;gpio.c: 271: void set_pin_push_pull(PortName_t port_name, uint8_t pin_number);gpio.c: 2
      +                          72: {;gpio.c: 273:     switch(port_name)
  3474   00289C  EFBC  F014         	goto	l2406
  3475   0028A0                     l2392:
  3476                           
  3477                           ;gpio.c: 276:             ODCONA &= ~(1 << pin_number);
  3478   0028A0  C501  F502         	movff	set_pin_push_pull@pin_number,??_set_pin_push_pull
  3479   0028A4  0E01               	movlw	1
  3480   0028A6  6E03               	movwf	(??_set_pin_push_pull+1)^(0+1280),c
  3481   0028A8  2A02               	incf	??_set_pin_push_pull^(0+1280),f,c
  3482   0028AA  EF59  F014         	goto	u1904
  3483   0028AE                     u1905:
  3484   0028AE  90D8               	bcf	status,0,c
  3485   0028B0  3603               	rlcf	(??_set_pin_push_pull+1)^(0+1280),f,c
  3486   0028B2                     u1904:
  3487   0028B2  2E02               	decfsz	??_set_pin_push_pull^(0+1280),f,c
  3488   0028B4  EF57  F014         	goto	u1905
  3489   0028B8  5003               	movf	(??_set_pin_push_pull+1)^(0+1280),w,c
  3490   0028BA  0AFF               	xorlw	255
  3491   0028BC  0104               	movlb	4	; () banked
  3492   0028BE  1702               	andwf	2,f,b	;volatile
  3493                           
  3494                           ;gpio.c: 277:             break;
  3495   0028C0  EFE1  F014         	goto	l233
  3496   0028C4                     l2394:
  3497                           
  3498                           ;gpio.c: 279:             ODCONB &= ~(1 << pin_number);
  3499   0028C4  C501  F502         	movff	set_pin_push_pull@pin_number,??_set_pin_push_pull
  3500   0028C8  0E01               	movlw	1
  3501   0028CA  6E03               	movwf	(??_set_pin_push_pull+1)^(0+1280),c
  3502   0028CC  2A02               	incf	??_set_pin_push_pull^(0+1280),f,c
  3503   0028CE  EF6B  F014         	goto	u1914
  3504   0028D2                     u1915:
  3505   0028D2  90D8               	bcf	status,0,c
  3506   0028D4  3603               	rlcf	(??_set_pin_push_pull+1)^(0+1280),f,c
  3507   0028D6                     u1914:
  3508   0028D6  2E02               	decfsz	??_set_pin_push_pull^(0+1280),f,c
  3509   0028D8  EF69  F014         	goto	u1915
  3510   0028DC  5003               	movf	(??_set_pin_push_pull+1)^(0+1280),w,c
  3511   0028DE  0AFF               	xorlw	255
  3512   0028E0  0104               	movlb	4	; () banked
  3513   0028E2  170A               	andwf	10,f,b	;volatile
  3514                           
  3515                           ;gpio.c: 280:             break;
  3516   0028E4  EFE1  F014         	goto	l233
  3517   0028E8                     l2396:
  3518                           
  3519                           ;gpio.c: 282:             ODCONC &= ~(1 << pin_number);
  3520   0028E8  C501  F502         	movff	set_pin_push_pull@pin_number,??_set_pin_push_pull
  3521   0028EC  0E01               	movlw	1
  3522   0028EE  6E03               	movwf	(??_set_pin_push_pull+1)^(0+1280),c
  3523   0028F0  2A02               	incf	??_set_pin_push_pull^(0+1280),f,c
  3524   0028F2  EF7D  F014         	goto	u1924
  3525   0028F6                     u1925:
  3526   0028F6  90D8               	bcf	status,0,c
  3527   0028F8  3603               	rlcf	(??_set_pin_push_pull+1)^(0+1280),f,c
  3528   0028FA                     u1924:
  3529   0028FA  2E02               	decfsz	??_set_pin_push_pull^(0+1280),f,c
  3530   0028FC  EF7B  F014         	goto	u1925
  3531   002900  5003               	movf	(??_set_pin_push_pull+1)^(0+1280),w,c
  3532   002902  0AFF               	xorlw	255
  3533   002904  0104               	movlb	4	; () banked
  3534   002906  1712               	andwf	18,f,b	;volatile
  3535                           
  3536                           ;gpio.c: 283:             break;
  3537   002908  EFE1  F014         	goto	l233
  3538   00290C                     l2398:
  3539                           
  3540                           ;gpio.c: 285:             ODCOND &= ~(1 << pin_number);
  3541   00290C  C501  F502         	movff	set_pin_push_pull@pin_number,??_set_pin_push_pull
  3542   002910  0E01               	movlw	1
  3543   002912  6E03               	movwf	(??_set_pin_push_pull+1)^(0+1280),c
  3544   002914  2A02               	incf	??_set_pin_push_pull^(0+1280),f,c
  3545   002916  EF8F  F014         	goto	u1934
  3546   00291A                     u1935:
  3547   00291A  90D8               	bcf	status,0,c
  3548   00291C  3603               	rlcf	(??_set_pin_push_pull+1)^(0+1280),f,c
  3549   00291E                     u1934:
  3550   00291E  2E02               	decfsz	??_set_pin_push_pull^(0+1280),f,c
  3551   002920  EF8D  F014         	goto	u1935
  3552   002924  5003               	movf	(??_set_pin_push_pull+1)^(0+1280),w,c
  3553   002926  0AFF               	xorlw	255
  3554   002928  0104               	movlb	4	; () banked
  3555   00292A  171A               	andwf	26,f,b	;volatile
  3556                           
  3557                           ;gpio.c: 286:             break;
  3558   00292C  EFE1  F014         	goto	l233
  3559   002930                     l2400:
  3560                           
  3561                           ;gpio.c: 288:             ODCONE &= ~(1 << pin_number);
  3562   002930  C501  F502         	movff	set_pin_push_pull@pin_number,??_set_pin_push_pull
  3563   002934  0E01               	movlw	1
  3564   002936  6E03               	movwf	(??_set_pin_push_pull+1)^(0+1280),c
  3565   002938  2A02               	incf	??_set_pin_push_pull^(0+1280),f,c
  3566   00293A  EFA1  F014         	goto	u1944
  3567   00293E                     u1945:
  3568   00293E  90D8               	bcf	status,0,c
  3569   002940  3603               	rlcf	(??_set_pin_push_pull+1)^(0+1280),f,c
  3570   002942                     u1944:
  3571   002942  2E02               	decfsz	??_set_pin_push_pull^(0+1280),f,c
  3572   002944  EF9F  F014         	goto	u1945
  3573   002948  5003               	movf	(??_set_pin_push_pull+1)^(0+1280),w,c
  3574   00294A  0AFF               	xorlw	255
  3575   00294C  0104               	movlb	4	; () banked
  3576   00294E  1722               	andwf	34,f,b	;volatile
  3577                           
  3578                           ;gpio.c: 289:             break;
  3579   002950  EFE1  F014         	goto	l233
  3580   002954                     l2402:
  3581                           
  3582                           ;gpio.c: 291:             ODCONF &= ~(1 << pin_number);
  3583   002954  C501  F502         	movff	set_pin_push_pull@pin_number,??_set_pin_push_pull
  3584   002958  0E01               	movlw	1
  3585   00295A  6E03               	movwf	(??_set_pin_push_pull+1)^(0+1280),c
  3586   00295C  2A02               	incf	??_set_pin_push_pull^(0+1280),f,c
  3587   00295E  EFB3  F014         	goto	u1954
  3588   002962                     u1955:
  3589   002962  90D8               	bcf	status,0,c
  3590   002964  3603               	rlcf	(??_set_pin_push_pull+1)^(0+1280),f,c
  3591   002966                     u1954:
  3592   002966  2E02               	decfsz	??_set_pin_push_pull^(0+1280),f,c
  3593   002968  EFB1  F014         	goto	u1955
  3594   00296C  5003               	movf	(??_set_pin_push_pull+1)^(0+1280),w,c
  3595   00296E  0AFF               	xorlw	255
  3596   002970  0104               	movlb	4	; () banked
  3597   002972  172A               	andwf	42,f,b	;volatile
  3598                           
  3599                           ;gpio.c: 292:             break;
  3600   002974  EFE1  F014         	goto	l233
  3601   002978                     l2406:
  3602   002978  5004               	movf	set_pin_push_pull@port_name^(0+1280),w,c
  3603   00297A  6E02               	movwf	??_set_pin_push_pull^(0+1280),c
  3604   00297C  6A03               	clrf	(??_set_pin_push_pull+1)^(0+1280),c
  3605                           
  3606                           ; Switch on 2 bytes has been partitioned into a top level switch of size 1, and 1 sub-sw
      +                          itches
  3607                           ; Switch size 1, requested type "simple"
  3608                           ; Number of cases is 1, Range of values is 0 to 0
  3609                           ; switch strategies available:
  3610                           ; Name         Instructions Cycles
  3611                           ; simple_byte            4     3 (average)
  3612                           ;	Chosen strategy is simple_byte
  3613   00297E  5003               	movf	(??_set_pin_push_pull+1)^(0+1280),w,c
  3614   002980  0A00               	xorlw	0	; case 0
  3615   002982  B4D8               	btfsc	status,2,c
  3616   002984  EFC6  F014         	goto	l2942
  3617   002988  EFE1  F014         	goto	l233
  3618   00298C                     l2942:
  3619                           
  3620                           ; Switch size 1, requested type "simple"
  3621                           ; Number of cases is 6, Range of values is 65 to 70
  3622                           ; switch strategies available:
  3623                           ; Name         Instructions Cycles
  3624                           ; simple_byte           19    10 (average)
  3625                           ;	Chosen strategy is simple_byte
  3626   00298C  5002               	movf	??_set_pin_push_pull^(0+1280),w,c
  3627   00298E  0A41               	xorlw	65	; case 65
  3628   002990  B4D8               	btfsc	status,2,c
  3629   002992  EF50  F014         	goto	l2392
  3630   002996  0A03               	xorlw	3	; case 66
  3631   002998  B4D8               	btfsc	status,2,c
  3632   00299A  EF62  F014         	goto	l2394
  3633   00299E  0A01               	xorlw	1	; case 67
  3634   0029A0  B4D8               	btfsc	status,2,c
  3635   0029A2  EF74  F014         	goto	l2396
  3636   0029A6  0A07               	xorlw	7	; case 68
  3637   0029A8  B4D8               	btfsc	status,2,c
  3638   0029AA  EF86  F014         	goto	l2398
  3639   0029AE  0A01               	xorlw	1	; case 69
  3640   0029B0  B4D8               	btfsc	status,2,c
  3641   0029B2  EF98  F014         	goto	l2400
  3642   0029B6  0A03               	xorlw	3	; case 70
  3643   0029B8  B4D8               	btfsc	status,2,c
  3644   0029BA  EFAA  F014         	goto	l2402
  3645   0029BE  EFE1  F014         	goto	l233
  3646   0029C2                     l233:
  3647   0029C2  0012               	return		;funcret
  3648   0029C4                     __end_of_set_pin_push_pull:
  3649                           	callstack 0
  3650                           
  3651 ;; *************** function _set_pin_pullup *****************
  3652 ;; Defined at:
  3653 ;;		line 110 in file "gpio.c"
  3654 ;; Parameters:    Size  Location     Type
  3655 ;;  port_name       1    wreg     enum E17445
  3656 ;;  pin_number      1    0[COMRAM] unsigned char 
  3657 ;; Auto vars:     Size  Location     Type
  3658 ;;  port_name       1    3[COMRAM] enum E17445
  3659 ;; Return value:  Size  Location     Type
  3660 ;;                  1    wreg      void 
  3661 ;; Registers used:
  3662 ;;		wreg, status,2, status,0
  3663 ;; Tracked objects:
  3664 ;;		On entry : 0/0
  3665 ;;		On exit  : 0/0
  3666 ;;		Unchanged: 0/0
  3667 ;; Data sizes:     COMRAM   BANK5   BANK6   BANK7   BANK8   BANK9  BANK10  BANK11  BANK12  BANK13  BANK14  BANK15  BANK1
      +6  BANK17  BANK18  BANK19  BANK20  BANK21  BANK22  BANK23  BANK24  BANK25  BANK26  BANK27  BANK28  BANK29  BANK30  BANK3
      +1  BANK32  BANK33  BANK34  BANK35  BANK36
  3668 ;;      Params:         1       0       0       0       0       0       0       0       0       0       0       0       
      +0       0       0       0       0       0       0       0       0       0       0       0       0       0       0       
      +0       0       0       0       0       0
  3669 ;;      Locals:         1       0       0       0       0       0       0       0       0       0       0       0       
      +0       0       0       0       0       0       0       0       0       0       0       0       0       0       0       
      +0       0       0       0       0       0
  3670 ;;      Temps:          2       0       0       0       0       0       0       0       0       0       0       0       
      +0       0       0       0       0       0       0       0       0       0       0       0       0       0       0       
      +0       0       0       0       0       0
  3671 ;;      Totals:         4       0       0       0       0       0       0       0       0       0       0       0       
      +0       0       0       0       0       0       0       0       0       0       0       0       0       0       0       
      +0       0       0       0       0       0
  3672 ;;Total ram usage:        4 bytes
  3673 ;; Hardware stack levels used: 1
  3674 ;; This function calls:
  3675 ;;		Nothing
  3676 ;; This function is called by:
  3677 ;;		_configure_pin
  3678 ;; This function uses a non-reentrant model
  3679 ;;
  3680                           
  3681                           	psect	text21
  3682   002F72                     __ptext21:
  3683                           	callstack 0
  3684   002F72                     _set_pin_pullup:
  3685                           	callstack 124
  3686                           
  3687                           ;incstack = 0
  3688                           ;set_pin_pullup@port_name stored from wreg
  3689   002F72  6E04               	movwf	set_pin_pullup@port_name^(0+1280),c
  3690   002F74                     
  3691                           ;gpio.c: 110: void set_pin_pullup(PortName_t port_name, uint8_t pin_number);gpio.c: 111:
      +                           {;gpio.c: 112:     switch(port_name)
  3692   002F74  EF22  F018         	goto	l2274
  3693   002F78                     l2260:
  3694                           
  3695                           ;gpio.c: 115:             WPUA |= (1 << pin_number);
  3696   002F78  C501  F502         	movff	set_pin_pullup@pin_number,??_set_pin_pullup
  3697   002F7C  0E01               	movlw	1
  3698   002F7E  6E03               	movwf	(??_set_pin_pullup+1)^(0+1280),c
  3699   002F80  2A02               	incf	??_set_pin_pullup^(0+1280),f,c
  3700   002F82  EFC5  F017         	goto	u1544
  3701   002F86                     u1545:
  3702   002F86  90D8               	bcf	status,0,c
  3703   002F88  3603               	rlcf	(??_set_pin_pullup+1)^(0+1280),f,c
  3704   002F8A                     u1544:
  3705   002F8A  2E02               	decfsz	??_set_pin_pullup^(0+1280),f,c
  3706   002F8C  EFC3  F017         	goto	u1545
  3707   002F90  5003               	movf	(??_set_pin_pullup+1)^(0+1280),w,c
  3708   002F92  0104               	movlb	4	; () banked
  3709   002F94  1301               	iorwf	1,f,b	;volatile
  3710                           
  3711                           ;gpio.c: 116:             break;
  3712   002F96  EF47  F018         	goto	l161
  3713   002F9A                     l2262:
  3714                           
  3715                           ;gpio.c: 118:             WPUB |= (1 << pin_number);
  3716   002F9A  C501  F502         	movff	set_pin_pullup@pin_number,??_set_pin_pullup
  3717   002F9E  0E01               	movlw	1
  3718   002FA0  6E03               	movwf	(??_set_pin_pullup+1)^(0+1280),c
  3719   002FA2  2A02               	incf	??_set_pin_pullup^(0+1280),f,c
  3720   002FA4  EFD6  F017         	goto	u1554
  3721   002FA8                     u1555:
  3722   002FA8  90D8               	bcf	status,0,c
  3723   002FAA  3603               	rlcf	(??_set_pin_pullup+1)^(0+1280),f,c
  3724   002FAC                     u1554:
  3725   002FAC  2E02               	decfsz	??_set_pin_pullup^(0+1280),f,c
  3726   002FAE  EFD4  F017         	goto	u1555
  3727   002FB2  5003               	movf	(??_set_pin_pullup+1)^(0+1280),w,c
  3728   002FB4  0104               	movlb	4	; () banked
  3729   002FB6  1309               	iorwf	9,f,b	;volatile
  3730                           
  3731                           ;gpio.c: 119:             break;
  3732   002FB8  EF47  F018         	goto	l161
  3733   002FBC                     l2264:
  3734                           
  3735                           ;gpio.c: 121:             WPUC |= (1 << pin_number);
  3736   002FBC  C501  F502         	movff	set_pin_pullup@pin_number,??_set_pin_pullup
  3737   002FC0  0E01               	movlw	1
  3738   002FC2  6E03               	movwf	(??_set_pin_pullup+1)^(0+1280),c
  3739   002FC4  2A02               	incf	??_set_pin_pullup^(0+1280),f,c
  3740   002FC6  EFE7  F017         	goto	u1564
  3741   002FCA                     u1565:
  3742   002FCA  90D8               	bcf	status,0,c
  3743   002FCC  3603               	rlcf	(??_set_pin_pullup+1)^(0+1280),f,c
  3744   002FCE                     u1564:
  3745   002FCE  2E02               	decfsz	??_set_pin_pullup^(0+1280),f,c
  3746   002FD0  EFE5  F017         	goto	u1565
  3747   002FD4  5003               	movf	(??_set_pin_pullup+1)^(0+1280),w,c
  3748   002FD6  0104               	movlb	4	; () banked
  3749   002FD8  1311               	iorwf	17,f,b	;volatile
  3750                           
  3751                           ;gpio.c: 122:             break;
  3752   002FDA  EF47  F018         	goto	l161
  3753   002FDE                     l2266:
  3754                           
  3755                           ;gpio.c: 124:             WPUD |= (1 << pin_number);
  3756   002FDE  C501  F502         	movff	set_pin_pullup@pin_number,??_set_pin_pullup
  3757   002FE2  0E01               	movlw	1
  3758   002FE4  6E03               	movwf	(??_set_pin_pullup+1)^(0+1280),c
  3759   002FE6  2A02               	incf	??_set_pin_pullup^(0+1280),f,c
  3760   002FE8  EFF8  F017         	goto	u1574
  3761   002FEC                     u1575:
  3762   002FEC  90D8               	bcf	status,0,c
  3763   002FEE  3603               	rlcf	(??_set_pin_pullup+1)^(0+1280),f,c
  3764   002FF0                     u1574:
  3765   002FF0  2E02               	decfsz	??_set_pin_pullup^(0+1280),f,c
  3766   002FF2  EFF6  F017         	goto	u1575
  3767   002FF6  5003               	movf	(??_set_pin_pullup+1)^(0+1280),w,c
  3768   002FF8  0104               	movlb	4	; () banked
  3769   002FFA  1319               	iorwf	25,f,b	;volatile
  3770                           
  3771                           ;gpio.c: 125:             break;
  3772   002FFC  EF47  F018         	goto	l161
  3773   003000                     l2268:
  3774                           
  3775                           ;gpio.c: 127:             WPUE |= (1 << pin_number);
  3776   003000  C501  F502         	movff	set_pin_pullup@pin_number,??_set_pin_pullup
  3777   003004  0E01               	movlw	1
  3778   003006  6E03               	movwf	(??_set_pin_pullup+1)^(0+1280),c
  3779   003008  2A02               	incf	??_set_pin_pullup^(0+1280),f,c
  3780   00300A  EF09  F018         	goto	u1584
  3781   00300E                     u1585:
  3782   00300E  90D8               	bcf	status,0,c
  3783   003010  3603               	rlcf	(??_set_pin_pullup+1)^(0+1280),f,c
  3784   003012                     u1584:
  3785   003012  2E02               	decfsz	??_set_pin_pullup^(0+1280),f,c
  3786   003014  EF07  F018         	goto	u1585
  3787   003018  5003               	movf	(??_set_pin_pullup+1)^(0+1280),w,c
  3788   00301A  0104               	movlb	4	; () banked
  3789   00301C  1321               	iorwf	33,f,b	;volatile
  3790                           
  3791                           ;gpio.c: 128:             break;
  3792   00301E  EF47  F018         	goto	l161
  3793   003022                     l2270:
  3794                           
  3795                           ;gpio.c: 130:             WPUF |= (1 << pin_number);
  3796   003022  C501  F502         	movff	set_pin_pullup@pin_number,??_set_pin_pullup
  3797   003026  0E01               	movlw	1
  3798   003028  6E03               	movwf	(??_set_pin_pullup+1)^(0+1280),c
  3799   00302A  2A02               	incf	??_set_pin_pullup^(0+1280),f,c
  3800   00302C  EF1A  F018         	goto	u1594
  3801   003030                     u1595:
  3802   003030  90D8               	bcf	status,0,c
  3803   003032  3603               	rlcf	(??_set_pin_pullup+1)^(0+1280),f,c
  3804   003034                     u1594:
  3805   003034  2E02               	decfsz	??_set_pin_pullup^(0+1280),f,c
  3806   003036  EF18  F018         	goto	u1595
  3807   00303A  5003               	movf	(??_set_pin_pullup+1)^(0+1280),w,c
  3808   00303C  0104               	movlb	4	; () banked
  3809   00303E  1329               	iorwf	41,f,b	;volatile
  3810                           
  3811                           ;gpio.c: 131:             break;
  3812   003040  EF47  F018         	goto	l161
  3813   003044                     l2274:
  3814   003044  5004               	movf	set_pin_pullup@port_name^(0+1280),w,c
  3815   003046  6E02               	movwf	??_set_pin_pullup^(0+1280),c
  3816   003048  6A03               	clrf	(??_set_pin_pullup+1)^(0+1280),c
  3817                           
  3818                           ; Switch on 2 bytes has been partitioned into a top level switch of size 1, and 1 sub-sw
      +                          itches
  3819                           ; Switch size 1, requested type "simple"
  3820                           ; Number of cases is 1, Range of values is 0 to 0
  3821                           ; switch strategies available:
  3822                           ; Name         Instructions Cycles
  3823                           ; simple_byte            4     3 (average)
  3824                           ;	Chosen strategy is simple_byte
  3825   00304A  5003               	movf	(??_set_pin_pullup+1)^(0+1280),w,c
  3826   00304C  0A00               	xorlw	0	; case 0
  3827   00304E  B4D8               	btfsc	status,2,c
  3828   003050  EF2C  F018         	goto	l2944
  3829   003054  EF47  F018         	goto	l161
  3830   003058                     l2944:
  3831                           
  3832                           ; Switch size 1, requested type "simple"
  3833                           ; Number of cases is 6, Range of values is 65 to 70
  3834                           ; switch strategies available:
  3835                           ; Name         Instructions Cycles
  3836                           ; simple_byte           19    10 (average)
  3837                           ;	Chosen strategy is simple_byte
  3838   003058  5002               	movf	??_set_pin_pullup^(0+1280),w,c
  3839   00305A  0A41               	xorlw	65	; case 65
  3840   00305C  B4D8               	btfsc	status,2,c
  3841   00305E  EFBC  F017         	goto	l2260
  3842   003062  0A03               	xorlw	3	; case 66
  3843   003064  B4D8               	btfsc	status,2,c
  3844   003066  EFCD  F017         	goto	l2262
  3845   00306A  0A01               	xorlw	1	; case 67
  3846   00306C  B4D8               	btfsc	status,2,c
  3847   00306E  EFDE  F017         	goto	l2264
  3848   003072  0A07               	xorlw	7	; case 68
  3849   003074  B4D8               	btfsc	status,2,c
  3850   003076  EFEF  F017         	goto	l2266
  3851   00307A  0A01               	xorlw	1	; case 69
  3852   00307C  B4D8               	btfsc	status,2,c
  3853   00307E  EF00  F018         	goto	l2268
  3854   003082  0A03               	xorlw	3	; case 70
  3855   003084  B4D8               	btfsc	status,2,c
  3856   003086  EF11  F018         	goto	l2270
  3857   00308A  EF47  F018         	goto	l161
  3858   00308E                     l161:
  3859   00308E  0012               	return		;funcret
  3860   003090                     __end_of_set_pin_pullup:
  3861                           	callstack 0
  3862                           
  3863 ;; *************** function _set_pin_output *****************
  3864 ;; Defined at:
  3865 ;;		line 31 in file "gpio.c"
  3866 ;; Parameters:    Size  Location     Type
  3867 ;;  port_name       1    wreg     enum E17445
  3868 ;;  pin_number      1    0[COMRAM] unsigned char 
  3869 ;; Auto vars:     Size  Location     Type
  3870 ;;  port_name       1    3[COMRAM] enum E17445
  3871 ;; Return value:  Size  Location     Type
  3872 ;;                  1    wreg      void 
  3873 ;; Registers used:
  3874 ;;		wreg, status,2, status,0
  3875 ;; Tracked objects:
  3876 ;;		On entry : 0/0
  3877 ;;		On exit  : 0/0
  3878 ;;		Unchanged: 0/0
  3879 ;; Data sizes:     COMRAM   BANK5   BANK6   BANK7   BANK8   BANK9  BANK10  BANK11  BANK12  BANK13  BANK14  BANK15  BANK1
      +6  BANK17  BANK18  BANK19  BANK20  BANK21  BANK22  BANK23  BANK24  BANK25  BANK26  BANK27  BANK28  BANK29  BANK30  BANK3
      +1  BANK32  BANK33  BANK34  BANK35  BANK36
  3880 ;;      Params:         1       0       0       0       0       0       0       0       0       0       0       0       
      +0       0       0       0       0       0       0       0       0       0       0       0       0       0       0       
      +0       0       0       0       0       0
  3881 ;;      Locals:         1       0       0       0       0       0       0       0       0       0       0       0       
      +0       0       0       0       0       0       0       0       0       0       0       0       0       0       0       
      +0       0       0       0       0       0
  3882 ;;      Temps:          2       0       0       0       0       0       0       0       0       0       0       0       
      +0       0       0       0       0       0       0       0       0       0       0       0       0       0       0       
      +0       0       0       0       0       0
  3883 ;;      Totals:         4       0       0       0       0       0       0       0       0       0       0       0       
      +0       0       0       0       0       0       0       0       0       0       0       0       0       0       0       
      +0       0       0       0       0       0
  3884 ;;Total ram usage:        4 bytes
  3885 ;; Hardware stack levels used: 1
  3886 ;; This function calls:
  3887 ;;		Nothing
  3888 ;; This function is called by:
  3889 ;;		_configure_pin
  3890 ;; This function uses a non-reentrant model
  3891 ;;
  3892                           
  3893                           	psect	text22
  3894   003090                     __ptext22:
  3895                           	callstack 0
  3896   003090                     _set_pin_output:
  3897                           	callstack 124
  3898                           
  3899                           ;incstack = 0
  3900                           ;set_pin_output@port_name stored from wreg
  3901   003090  6E04               	movwf	set_pin_output@port_name^(0+1280),c
  3902   003092                     
  3903                           ;gpio.c: 31: void set_pin_output(PortName_t port_name, uint8_t pin_number);gpio.c: 32: {
      +                          ;gpio.c: 33:     switch(port_name)
  3904   003092  EFB1  F018         	goto	l2208
  3905   003096                     l2194:
  3906                           
  3907                           ;gpio.c: 36:             TRISA &= ~(1 << pin_number);
  3908   003096  C501  F502         	movff	set_pin_output@pin_number,??_set_pin_output
  3909   00309A  0E01               	movlw	1
  3910   00309C  6E03               	movwf	(??_set_pin_output+1)^(0+1280),c
  3911   00309E  2A02               	incf	??_set_pin_output^(0+1280),f,c
  3912   0030A0  EF54  F018         	goto	u1364
  3913   0030A4                     u1365:
  3914   0030A4  90D8               	bcf	status,0,c
  3915   0030A6  3603               	rlcf	(??_set_pin_output+1)^(0+1280),f,c
  3916   0030A8                     u1364:
  3917   0030A8  2E02               	decfsz	??_set_pin_output^(0+1280),f,c
  3918   0030AA  EF52  F018         	goto	u1365
  3919   0030AE  5003               	movf	(??_set_pin_output+1)^(0+1280),w,c
  3920   0030B0  0AFF               	xorlw	255
  3921   0030B2  16C6               	andwf	198,f,c	;volatile
  3922                           
  3923                           ;gpio.c: 37:             break;
  3924   0030B4  EFD6  F018         	goto	l125
  3925   0030B8                     l2196:
  3926                           
  3927                           ;gpio.c: 39:             TRISB &= ~(1 << pin_number);
  3928   0030B8  C501  F502         	movff	set_pin_output@pin_number,??_set_pin_output
  3929   0030BC  0E01               	movlw	1
  3930   0030BE  6E03               	movwf	(??_set_pin_output+1)^(0+1280),c
  3931   0030C0  2A02               	incf	??_set_pin_output^(0+1280),f,c
  3932   0030C2  EF65  F018         	goto	u1374
  3933   0030C6                     u1375:
  3934   0030C6  90D8               	bcf	status,0,c
  3935   0030C8  3603               	rlcf	(??_set_pin_output+1)^(0+1280),f,c
  3936   0030CA                     u1374:
  3937   0030CA  2E02               	decfsz	??_set_pin_output^(0+1280),f,c
  3938   0030CC  EF63  F018         	goto	u1375
  3939   0030D0  5003               	movf	(??_set_pin_output+1)^(0+1280),w,c
  3940   0030D2  0AFF               	xorlw	255
  3941   0030D4  16C7               	andwf	199,f,c	;volatile
  3942                           
  3943                           ;gpio.c: 40:             break;
  3944   0030D6  EFD6  F018         	goto	l125
  3945   0030DA                     l2198:
  3946                           
  3947                           ;gpio.c: 42:             TRISC &= ~(1 << pin_number);
  3948   0030DA  C501  F502         	movff	set_pin_output@pin_number,??_set_pin_output
  3949   0030DE  0E01               	movlw	1
  3950   0030E0  6E03               	movwf	(??_set_pin_output+1)^(0+1280),c
  3951   0030E2  2A02               	incf	??_set_pin_output^(0+1280),f,c
  3952   0030E4  EF76  F018         	goto	u1384
  3953   0030E8                     u1385:
  3954   0030E8  90D8               	bcf	status,0,c
  3955   0030EA  3603               	rlcf	(??_set_pin_output+1)^(0+1280),f,c
  3956   0030EC                     u1384:
  3957   0030EC  2E02               	decfsz	??_set_pin_output^(0+1280),f,c
  3958   0030EE  EF74  F018         	goto	u1385
  3959   0030F2  5003               	movf	(??_set_pin_output+1)^(0+1280),w,c
  3960   0030F4  0AFF               	xorlw	255
  3961   0030F6  16C8               	andwf	200,f,c	;volatile
  3962                           
  3963                           ;gpio.c: 43:             break;
  3964   0030F8  EFD6  F018         	goto	l125
  3965   0030FC                     l2200:
  3966                           
  3967                           ;gpio.c: 45:             TRISD &= ~(1 << pin_number);
  3968   0030FC  C501  F502         	movff	set_pin_output@pin_number,??_set_pin_output
  3969   003100  0E01               	movlw	1
  3970   003102  6E03               	movwf	(??_set_pin_output+1)^(0+1280),c
  3971   003104  2A02               	incf	??_set_pin_output^(0+1280),f,c
  3972   003106  EF87  F018         	goto	u1394
  3973   00310A                     u1395:
  3974   00310A  90D8               	bcf	status,0,c
  3975   00310C  3603               	rlcf	(??_set_pin_output+1)^(0+1280),f,c
  3976   00310E                     u1394:
  3977   00310E  2E02               	decfsz	??_set_pin_output^(0+1280),f,c
  3978   003110  EF85  F018         	goto	u1395
  3979   003114  5003               	movf	(??_set_pin_output+1)^(0+1280),w,c
  3980   003116  0AFF               	xorlw	255
  3981   003118  16C9               	andwf	201,f,c	;volatile
  3982                           
  3983                           ;gpio.c: 46:             break;
  3984   00311A  EFD6  F018         	goto	l125
  3985   00311E                     l2202:
  3986                           
  3987                           ;gpio.c: 48:             TRISE &= ~(1 << pin_number);
  3988   00311E  C501  F502         	movff	set_pin_output@pin_number,??_set_pin_output
  3989   003122  0E01               	movlw	1
  3990   003124  6E03               	movwf	(??_set_pin_output+1)^(0+1280),c
  3991   003126  2A02               	incf	??_set_pin_output^(0+1280),f,c
  3992   003128  EF98  F018         	goto	u1404
  3993   00312C                     u1405:
  3994   00312C  90D8               	bcf	status,0,c
  3995   00312E  3603               	rlcf	(??_set_pin_output+1)^(0+1280),f,c
  3996   003130                     u1404:
  3997   003130  2E02               	decfsz	??_set_pin_output^(0+1280),f,c
  3998   003132  EF96  F018         	goto	u1405
  3999   003136  5003               	movf	(??_set_pin_output+1)^(0+1280),w,c
  4000   003138  0AFF               	xorlw	255
  4001   00313A  16CA               	andwf	202,f,c	;volatile
  4002                           
  4003                           ;gpio.c: 49:             break;
  4004   00313C  EFD6  F018         	goto	l125
  4005   003140                     l2204:
  4006                           
  4007                           ;gpio.c: 51:             TRISF &= ~(1 << pin_number);
  4008   003140  C501  F502         	movff	set_pin_output@pin_number,??_set_pin_output
  4009   003144  0E01               	movlw	1
  4010   003146  6E03               	movwf	(??_set_pin_output+1)^(0+1280),c
  4011   003148  2A02               	incf	??_set_pin_output^(0+1280),f,c
  4012   00314A  EFA9  F018         	goto	u1414
  4013   00314E                     u1415:
  4014   00314E  90D8               	bcf	status,0,c
  4015   003150  3603               	rlcf	(??_set_pin_output+1)^(0+1280),f,c
  4016   003152                     u1414:
  4017   003152  2E02               	decfsz	??_set_pin_output^(0+1280),f,c
  4018   003154  EFA7  F018         	goto	u1415
  4019   003158  5003               	movf	(??_set_pin_output+1)^(0+1280),w,c
  4020   00315A  0AFF               	xorlw	255
  4021   00315C  16CB               	andwf	203,f,c	;volatile
  4022                           
  4023                           ;gpio.c: 52:             break;
  4024   00315E  EFD6  F018         	goto	l125
  4025   003162                     l2208:
  4026   003162  5004               	movf	set_pin_output@port_name^(0+1280),w,c
  4027   003164  6E02               	movwf	??_set_pin_output^(0+1280),c
  4028   003166  6A03               	clrf	(??_set_pin_output+1)^(0+1280),c
  4029                           
  4030                           ; Switch on 2 bytes has been partitioned into a top level switch of size 1, and 1 sub-sw
      +                          itches
  4031                           ; Switch size 1, requested type "simple"
  4032                           ; Number of cases is 1, Range of values is 0 to 0
  4033                           ; switch strategies available:
  4034                           ; Name         Instructions Cycles
  4035                           ; simple_byte            4     3 (average)
  4036                           ;	Chosen strategy is simple_byte
  4037   003168  5003               	movf	(??_set_pin_output+1)^(0+1280),w,c
  4038   00316A  0A00               	xorlw	0	; case 0
  4039   00316C  B4D8               	btfsc	status,2,c
  4040   00316E  EFBB  F018         	goto	l2946
  4041   003172  EFD6  F018         	goto	l125
  4042   003176                     l2946:
  4043                           
  4044                           ; Switch size 1, requested type "simple"
  4045                           ; Number of cases is 6, Range of values is 65 to 70
  4046                           ; switch strategies available:
  4047                           ; Name         Instructions Cycles
  4048                           ; simple_byte           19    10 (average)
  4049                           ;	Chosen strategy is simple_byte
  4050   003176  5002               	movf	??_set_pin_output^(0+1280),w,c
  4051   003178  0A41               	xorlw	65	; case 65
  4052   00317A  B4D8               	btfsc	status,2,c
  4053   00317C  EF4B  F018         	goto	l2194
  4054   003180  0A03               	xorlw	3	; case 66
  4055   003182  B4D8               	btfsc	status,2,c
  4056   003184  EF5C  F018         	goto	l2196
  4057   003188  0A01               	xorlw	1	; case 67
  4058   00318A  B4D8               	btfsc	status,2,c
  4059   00318C  EF6D  F018         	goto	l2198
  4060   003190  0A07               	xorlw	7	; case 68
  4061   003192  B4D8               	btfsc	status,2,c
  4062   003194  EF7E  F018         	goto	l2200
  4063   003198  0A01               	xorlw	1	; case 69
  4064   00319A  B4D8               	btfsc	status,2,c
  4065   00319C  EF8F  F018         	goto	l2202
  4066   0031A0  0A03               	xorlw	3	; case 70
  4067   0031A2  B4D8               	btfsc	status,2,c
  4068   0031A4  EFA0  F018         	goto	l2204
  4069   0031A8  EFD6  F018         	goto	l125
  4070   0031AC                     l125:
  4071   0031AC  0012               	return		;funcret
  4072   0031AE                     __end_of_set_pin_output:
  4073                           	callstack 0
  4074                           
  4075 ;; *************** function _set_pin_open_drain *****************
  4076 ;; Defined at:
  4077 ;;		line 298 in file "gpio.c"
  4078 ;; Parameters:    Size  Location     Type
  4079 ;;  port_name       1    wreg     enum E17445
  4080 ;;  pin_number      1    0[COMRAM] unsigned char 
  4081 ;; Auto vars:     Size  Location     Type
  4082 ;;  port_name       1    3[COMRAM] enum E17445
  4083 ;; Return value:  Size  Location     Type
  4084 ;;                  1    wreg      void 
  4085 ;; Registers used:
  4086 ;;		wreg, status,2, status,0
  4087 ;; Tracked objects:
  4088 ;;		On entry : 0/0
  4089 ;;		On exit  : 0/0
  4090 ;;		Unchanged: 0/0
  4091 ;; Data sizes:     COMRAM   BANK5   BANK6   BANK7   BANK8   BANK9  BANK10  BANK11  BANK12  BANK13  BANK14  BANK15  BANK1
      +6  BANK17  BANK18  BANK19  BANK20  BANK21  BANK22  BANK23  BANK24  BANK25  BANK26  BANK27  BANK28  BANK29  BANK30  BANK3
      +1  BANK32  BANK33  BANK34  BANK35  BANK36
  4092 ;;      Params:         1       0       0       0       0       0       0       0       0       0       0       0       
      +0       0       0       0       0       0       0       0       0       0       0       0       0       0       0       
      +0       0       0       0       0       0
  4093 ;;      Locals:         1       0       0       0       0       0       0       0       0       0       0       0       
      +0       0       0       0       0       0       0       0       0       0       0       0       0       0       0       
      +0       0       0       0       0       0
  4094 ;;      Temps:          2       0       0       0       0       0       0       0       0       0       0       0       
      +0       0       0       0       0       0       0       0       0       0       0       0       0       0       0       
      +0       0       0       0       0       0
  4095 ;;      Totals:         4       0       0       0       0       0       0       0       0       0       0       0       
      +0       0       0       0       0       0       0       0       0       0       0       0       0       0       0       
      +0       0       0       0       0       0
  4096 ;;Total ram usage:        4 bytes
  4097 ;; Hardware stack levels used: 1
  4098 ;; This function calls:
  4099 ;;		Nothing
  4100 ;; This function is called by:
  4101 ;;		_configure_pin
  4102 ;; This function uses a non-reentrant model
  4103 ;;
  4104                           
  4105                           	psect	text23
  4106   0031AE                     __ptext23:
  4107                           	callstack 0
  4108   0031AE                     _set_pin_open_drain:
  4109                           	callstack 124
  4110                           
  4111                           ;incstack = 0
  4112                           ;set_pin_open_drain@port_name stored from wreg
  4113   0031AE  6E04               	movwf	set_pin_open_drain@port_name^(0+1280),c
  4114   0031B0                     
  4115                           ;gpio.c: 298: void set_pin_open_drain(PortName_t port_name, uint8_t pin_number);gpio.c: 
      +                          299: {;gpio.c: 300:     switch(port_name)
  4116   0031B0  EF40  F019         	goto	l2428
  4117   0031B4                     l2414:
  4118                           
  4119                           ;gpio.c: 303:             ODCONA |= (1 << pin_number);
  4120   0031B4  C501  F502         	movff	set_pin_open_drain@pin_number,??_set_pin_open_drain
  4121   0031B8  0E01               	movlw	1
  4122   0031BA  6E03               	movwf	(??_set_pin_open_drain+1)^(0+1280),c
  4123   0031BC  2A02               	incf	??_set_pin_open_drain^(0+1280),f,c
  4124   0031BE  EFE3  F018         	goto	u1964
  4125   0031C2                     u1965:
  4126   0031C2  90D8               	bcf	status,0,c
  4127   0031C4  3603               	rlcf	(??_set_pin_open_drain+1)^(0+1280),f,c
  4128   0031C6                     u1964:
  4129   0031C6  2E02               	decfsz	??_set_pin_open_drain^(0+1280),f,c
  4130   0031C8  EFE1  F018         	goto	u1965
  4131   0031CC  5003               	movf	(??_set_pin_open_drain+1)^(0+1280),w,c
  4132   0031CE  0104               	movlb	4	; () banked
  4133   0031D0  1302               	iorwf	2,f,b	;volatile
  4134                           
  4135                           ;gpio.c: 304:             break;
  4136   0031D2  EF65  F019         	goto	l245
  4137   0031D6                     l2416:
  4138                           
  4139                           ;gpio.c: 306:             ODCONB |= (1 << pin_number);
  4140   0031D6  C501  F502         	movff	set_pin_open_drain@pin_number,??_set_pin_open_drain
  4141   0031DA  0E01               	movlw	1
  4142   0031DC  6E03               	movwf	(??_set_pin_open_drain+1)^(0+1280),c
  4143   0031DE  2A02               	incf	??_set_pin_open_drain^(0+1280),f,c
  4144   0031E0  EFF4  F018         	goto	u1974
  4145   0031E4                     u1975:
  4146   0031E4  90D8               	bcf	status,0,c
  4147   0031E6  3603               	rlcf	(??_set_pin_open_drain+1)^(0+1280),f,c
  4148   0031E8                     u1974:
  4149   0031E8  2E02               	decfsz	??_set_pin_open_drain^(0+1280),f,c
  4150   0031EA  EFF2  F018         	goto	u1975
  4151   0031EE  5003               	movf	(??_set_pin_open_drain+1)^(0+1280),w,c
  4152   0031F0  0104               	movlb	4	; () banked
  4153   0031F2  130A               	iorwf	10,f,b	;volatile
  4154                           
  4155                           ;gpio.c: 307:             break;
  4156   0031F4  EF65  F019         	goto	l245
  4157   0031F8                     l2418:
  4158                           
  4159                           ;gpio.c: 309:             ODCONC |= (1 << pin_number);
  4160   0031F8  C501  F502         	movff	set_pin_open_drain@pin_number,??_set_pin_open_drain
  4161   0031FC  0E01               	movlw	1
  4162   0031FE  6E03               	movwf	(??_set_pin_open_drain+1)^(0+1280),c
  4163   003200  2A02               	incf	??_set_pin_open_drain^(0+1280),f,c
  4164   003202  EF05  F019         	goto	u1984
  4165   003206                     u1985:
  4166   003206  90D8               	bcf	status,0,c
  4167   003208  3603               	rlcf	(??_set_pin_open_drain+1)^(0+1280),f,c
  4168   00320A                     u1984:
  4169   00320A  2E02               	decfsz	??_set_pin_open_drain^(0+1280),f,c
  4170   00320C  EF03  F019         	goto	u1985
  4171   003210  5003               	movf	(??_set_pin_open_drain+1)^(0+1280),w,c
  4172   003212  0104               	movlb	4	; () banked
  4173   003214  1312               	iorwf	18,f,b	;volatile
  4174                           
  4175                           ;gpio.c: 310:             break;
  4176   003216  EF65  F019         	goto	l245
  4177   00321A                     l2420:
  4178                           
  4179                           ;gpio.c: 312:             ODCOND |= (1 << pin_number);
  4180   00321A  C501  F502         	movff	set_pin_open_drain@pin_number,??_set_pin_open_drain
  4181   00321E  0E01               	movlw	1
  4182   003220  6E03               	movwf	(??_set_pin_open_drain+1)^(0+1280),c
  4183   003222  2A02               	incf	??_set_pin_open_drain^(0+1280),f,c
  4184   003224  EF16  F019         	goto	u1994
  4185   003228                     u1995:
  4186   003228  90D8               	bcf	status,0,c
  4187   00322A  3603               	rlcf	(??_set_pin_open_drain+1)^(0+1280),f,c
  4188   00322C                     u1994:
  4189   00322C  2E02               	decfsz	??_set_pin_open_drain^(0+1280),f,c
  4190   00322E  EF14  F019         	goto	u1995
  4191   003232  5003               	movf	(??_set_pin_open_drain+1)^(0+1280),w,c
  4192   003234  0104               	movlb	4	; () banked
  4193   003236  131A               	iorwf	26,f,b	;volatile
  4194                           
  4195                           ;gpio.c: 313:             break;
  4196   003238  EF65  F019         	goto	l245
  4197   00323C                     l2422:
  4198                           
  4199                           ;gpio.c: 315:             ODCONE |= (1 << pin_number);
  4200   00323C  C501  F502         	movff	set_pin_open_drain@pin_number,??_set_pin_open_drain
  4201   003240  0E01               	movlw	1
  4202   003242  6E03               	movwf	(??_set_pin_open_drain+1)^(0+1280),c
  4203   003244  2A02               	incf	??_set_pin_open_drain^(0+1280),f,c
  4204   003246  EF27  F019         	goto	u2004
  4205   00324A                     u2005:
  4206   00324A  90D8               	bcf	status,0,c
  4207   00324C  3603               	rlcf	(??_set_pin_open_drain+1)^(0+1280),f,c
  4208   00324E                     u2004:
  4209   00324E  2E02               	decfsz	??_set_pin_open_drain^(0+1280),f,c
  4210   003250  EF25  F019         	goto	u2005
  4211   003254  5003               	movf	(??_set_pin_open_drain+1)^(0+1280),w,c
  4212   003256  0104               	movlb	4	; () banked
  4213   003258  1322               	iorwf	34,f,b	;volatile
  4214                           
  4215                           ;gpio.c: 316:             break;
  4216   00325A  EF65  F019         	goto	l245
  4217   00325E                     l2424:
  4218                           
  4219                           ;gpio.c: 318:             ODCONF |= (1 << pin_number);
  4220   00325E  C501  F502         	movff	set_pin_open_drain@pin_number,??_set_pin_open_drain
  4221   003262  0E01               	movlw	1
  4222   003264  6E03               	movwf	(??_set_pin_open_drain+1)^(0+1280),c
  4223   003266  2A02               	incf	??_set_pin_open_drain^(0+1280),f,c
  4224   003268  EF38  F019         	goto	u2014
  4225   00326C                     u2015:
  4226   00326C  90D8               	bcf	status,0,c
  4227   00326E  3603               	rlcf	(??_set_pin_open_drain+1)^(0+1280),f,c
  4228   003270                     u2014:
  4229   003270  2E02               	decfsz	??_set_pin_open_drain^(0+1280),f,c
  4230   003272  EF36  F019         	goto	u2015
  4231   003276  5003               	movf	(??_set_pin_open_drain+1)^(0+1280),w,c
  4232   003278  0104               	movlb	4	; () banked
  4233   00327A  132A               	iorwf	42,f,b	;volatile
  4234                           
  4235                           ;gpio.c: 319:             break;
  4236   00327C  EF65  F019         	goto	l245
  4237   003280                     l2428:
  4238   003280  5004               	movf	set_pin_open_drain@port_name^(0+1280),w,c
  4239   003282  6E02               	movwf	??_set_pin_open_drain^(0+1280),c
  4240   003284  6A03               	clrf	(??_set_pin_open_drain+1)^(0+1280),c
  4241                           
  4242                           ; Switch on 2 bytes has been partitioned into a top level switch of size 1, and 1 sub-sw
      +                          itches
  4243                           ; Switch size 1, requested type "simple"
  4244                           ; Number of cases is 1, Range of values is 0 to 0
  4245                           ; switch strategies available:
  4246                           ; Name         Instructions Cycles
  4247                           ; simple_byte            4     3 (average)
  4248                           ;	Chosen strategy is simple_byte
  4249   003286  5003               	movf	(??_set_pin_open_drain+1)^(0+1280),w,c
  4250   003288  0A00               	xorlw	0	; case 0
  4251   00328A  B4D8               	btfsc	status,2,c
  4252   00328C  EF4A  F019         	goto	l2948
  4253   003290  EF65  F019         	goto	l245
  4254   003294                     l2948:
  4255                           
  4256                           ; Switch size 1, requested type "simple"
  4257                           ; Number of cases is 6, Range of values is 65 to 70
  4258                           ; switch strategies available:
  4259                           ; Name         Instructions Cycles
  4260                           ; simple_byte           19    10 (average)
  4261                           ;	Chosen strategy is simple_byte
  4262   003294  5002               	movf	??_set_pin_open_drain^(0+1280),w,c
  4263   003296  0A41               	xorlw	65	; case 65
  4264   003298  B4D8               	btfsc	status,2,c
  4265   00329A  EFDA  F018         	goto	l2414
  4266   00329E  0A03               	xorlw	3	; case 66
  4267   0032A0  B4D8               	btfsc	status,2,c
  4268   0032A2  EFEB  F018         	goto	l2416
  4269   0032A6  0A01               	xorlw	1	; case 67
  4270   0032A8  B4D8               	btfsc	status,2,c
  4271   0032AA  EFFC  F018         	goto	l2418
  4272   0032AE  0A07               	xorlw	7	; case 68
  4273   0032B0  B4D8               	btfsc	status,2,c
  4274   0032B2  EF0D  F019         	goto	l2420
  4275   0032B6  0A01               	xorlw	1	; case 69
  4276   0032B8  B4D8               	btfsc	status,2,c
  4277   0032BA  EF1E  F019         	goto	l2422
  4278   0032BE  0A03               	xorlw	3	; case 70
  4279   0032C0  B4D8               	btfsc	status,2,c
  4280   0032C2  EF2F  F019         	goto	l2424
  4281   0032C6  EF65  F019         	goto	l245
  4282   0032CA                     l245:
  4283   0032CA  0012               	return		;funcret
  4284   0032CC                     __end_of_set_pin_open_drain:
  4285                           	callstack 0
  4286                           
  4287 ;; *************** function _set_pin_input *****************
  4288 ;; Defined at:
  4289 ;;		line 3 in file "gpio.c"
  4290 ;; Parameters:    Size  Location     Type
  4291 ;;  port_name       1    wreg     enum E17445
  4292 ;;  pin_number      1    0[COMRAM] unsigned char 
  4293 ;; Auto vars:     Size  Location     Type
  4294 ;;  port_name       1    3[COMRAM] enum E17445
  4295 ;; Return value:  Size  Location     Type
  4296 ;;                  1    wreg      void 
  4297 ;; Registers used:
  4298 ;;		wreg, status,2, status,0
  4299 ;; Tracked objects:
  4300 ;;		On entry : 0/0
  4301 ;;		On exit  : 0/0
  4302 ;;		Unchanged: 0/0
  4303 ;; Data sizes:     COMRAM   BANK5   BANK6   BANK7   BANK8   BANK9  BANK10  BANK11  BANK12  BANK13  BANK14  BANK15  BANK1
      +6  BANK17  BANK18  BANK19  BANK20  BANK21  BANK22  BANK23  BANK24  BANK25  BANK26  BANK27  BANK28  BANK29  BANK30  BANK3
      +1  BANK32  BANK33  BANK34  BANK35  BANK36
  4304 ;;      Params:         1       0       0       0       0       0       0       0       0       0       0       0       
      +0       0       0       0       0       0       0       0       0       0       0       0       0       0       0       
      +0       0       0       0       0       0
  4305 ;;      Locals:         1       0       0       0       0       0       0       0       0       0       0       0       
      +0       0       0       0       0       0       0       0       0       0       0       0       0       0       0       
      +0       0       0       0       0       0
  4306 ;;      Temps:          2       0       0       0       0       0       0       0       0       0       0       0       
      +0       0       0       0       0       0       0       0       0       0       0       0       0       0       0       
      +0       0       0       0       0       0
  4307 ;;      Totals:         4       0       0       0       0       0       0       0       0       0       0       0       
      +0       0       0       0       0       0       0       0       0       0       0       0       0       0       0       
      +0       0       0       0       0       0
  4308 ;;Total ram usage:        4 bytes
  4309 ;; Hardware stack levels used: 1
  4310 ;; This function calls:
  4311 ;;		Nothing
  4312 ;; This function is called by:
  4313 ;;		_configure_pin
  4314 ;; This function uses a non-reentrant model
  4315 ;;
  4316                           
  4317                           	psect	text24
  4318   0034FC                     __ptext24:
  4319                           	callstack 0
  4320   0034FC                     _set_pin_input:
  4321                           	callstack 124
  4322                           
  4323                           ;incstack = 0
  4324                           ;set_pin_input@port_name stored from wreg
  4325   0034FC  6E04               	movwf	set_pin_input@port_name^(0+1280),c
  4326   0034FE                     
  4327                           ;gpio.c: 3: void set_pin_input(PortName_t port_name, uint8_t pin_number);gpio.c: 4: {;gp
      +                          io.c: 5:     switch(port_name)
  4328   0034FE  EFE1  F01A         	goto	l2186
  4329   003502                     l2172:
  4330                           
  4331                           ;gpio.c: 8:             TRISA |= (1 << pin_number);
  4332   003502  C501  F502         	movff	set_pin_input@pin_number,??_set_pin_input
  4333   003506  0E01               	movlw	1
  4334   003508  6E03               	movwf	(??_set_pin_input+1)^(0+1280),c
  4335   00350A  2A02               	incf	??_set_pin_input^(0+1280),f,c
  4336   00350C  EF8A  F01A         	goto	u1304
  4337   003510                     u1305:
  4338   003510  90D8               	bcf	status,0,c
  4339   003512  3603               	rlcf	(??_set_pin_input+1)^(0+1280),f,c
  4340   003514                     u1304:
  4341   003514  2E02               	decfsz	??_set_pin_input^(0+1280),f,c
  4342   003516  EF88  F01A         	goto	u1305
  4343   00351A  5003               	movf	(??_set_pin_input+1)^(0+1280),w,c
  4344   00351C  12C6               	iorwf	198,f,c	;volatile
  4345                           
  4346                           ;gpio.c: 9:             break;
  4347   00351E  EF06  F01B         	goto	l113
  4348   003522                     l2174:
  4349                           
  4350                           ;gpio.c: 11:             TRISB |= (1 << pin_number);
  4351   003522  C501  F502         	movff	set_pin_input@pin_number,??_set_pin_input
  4352   003526  0E01               	movlw	1
  4353   003528  6E03               	movwf	(??_set_pin_input+1)^(0+1280),c
  4354   00352A  2A02               	incf	??_set_pin_input^(0+1280),f,c
  4355   00352C  EF9A  F01A         	goto	u1314
  4356   003530                     u1315:
  4357   003530  90D8               	bcf	status,0,c
  4358   003532  3603               	rlcf	(??_set_pin_input+1)^(0+1280),f,c
  4359   003534                     u1314:
  4360   003534  2E02               	decfsz	??_set_pin_input^(0+1280),f,c
  4361   003536  EF98  F01A         	goto	u1315
  4362   00353A  5003               	movf	(??_set_pin_input+1)^(0+1280),w,c
  4363   00353C  12C7               	iorwf	199,f,c	;volatile
  4364                           
  4365                           ;gpio.c: 12:             break;
  4366   00353E  EF06  F01B         	goto	l113
  4367   003542                     l2176:
  4368                           
  4369                           ;gpio.c: 14:             TRISC |= (1 << pin_number);
  4370   003542  C501  F502         	movff	set_pin_input@pin_number,??_set_pin_input
  4371   003546  0E01               	movlw	1
  4372   003548  6E03               	movwf	(??_set_pin_input+1)^(0+1280),c
  4373   00354A  2A02               	incf	??_set_pin_input^(0+1280),f,c
  4374   00354C  EFAA  F01A         	goto	u1324
  4375   003550                     u1325:
  4376   003550  90D8               	bcf	status,0,c
  4377   003552  3603               	rlcf	(??_set_pin_input+1)^(0+1280),f,c
  4378   003554                     u1324:
  4379   003554  2E02               	decfsz	??_set_pin_input^(0+1280),f,c
  4380   003556  EFA8  F01A         	goto	u1325
  4381   00355A  5003               	movf	(??_set_pin_input+1)^(0+1280),w,c
  4382   00355C  12C8               	iorwf	200,f,c	;volatile
  4383                           
  4384                           ;gpio.c: 15:             break;
  4385   00355E  EF06  F01B         	goto	l113
  4386   003562                     l2178:
  4387                           
  4388                           ;gpio.c: 17:             TRISD |= (1 << pin_number);
  4389   003562  C501  F502         	movff	set_pin_input@pin_number,??_set_pin_input
  4390   003566  0E01               	movlw	1
  4391   003568  6E03               	movwf	(??_set_pin_input+1)^(0+1280),c
  4392   00356A  2A02               	incf	??_set_pin_input^(0+1280),f,c
  4393   00356C  EFBA  F01A         	goto	u1334
  4394   003570                     u1335:
  4395   003570  90D8               	bcf	status,0,c
  4396   003572  3603               	rlcf	(??_set_pin_input+1)^(0+1280),f,c
  4397   003574                     u1334:
  4398   003574  2E02               	decfsz	??_set_pin_input^(0+1280),f,c
  4399   003576  EFB8  F01A         	goto	u1335
  4400   00357A  5003               	movf	(??_set_pin_input+1)^(0+1280),w,c
  4401   00357C  12C9               	iorwf	201,f,c	;volatile
  4402                           
  4403                           ;gpio.c: 18:             break;
  4404   00357E  EF06  F01B         	goto	l113
  4405   003582                     l2180:
  4406                           
  4407                           ;gpio.c: 20:             TRISE |= (1 << pin_number);
  4408   003582  C501  F502         	movff	set_pin_input@pin_number,??_set_pin_input
  4409   003586  0E01               	movlw	1
  4410   003588  6E03               	movwf	(??_set_pin_input+1)^(0+1280),c
  4411   00358A  2A02               	incf	??_set_pin_input^(0+1280),f,c
  4412   00358C  EFCA  F01A         	goto	u1344
  4413   003590                     u1345:
  4414   003590  90D8               	bcf	status,0,c
  4415   003592  3603               	rlcf	(??_set_pin_input+1)^(0+1280),f,c
  4416   003594                     u1344:
  4417   003594  2E02               	decfsz	??_set_pin_input^(0+1280),f,c
  4418   003596  EFC8  F01A         	goto	u1345
  4419   00359A  5003               	movf	(??_set_pin_input+1)^(0+1280),w,c
  4420   00359C  12CA               	iorwf	202,f,c	;volatile
  4421                           
  4422                           ;gpio.c: 21:             break;
  4423   00359E  EF06  F01B         	goto	l113
  4424   0035A2                     l2182:
  4425                           
  4426                           ;gpio.c: 23:             TRISF |= (1 << pin_number);
  4427   0035A2  C501  F502         	movff	set_pin_input@pin_number,??_set_pin_input
  4428   0035A6  0E01               	movlw	1
  4429   0035A8  6E03               	movwf	(??_set_pin_input+1)^(0+1280),c
  4430   0035AA  2A02               	incf	??_set_pin_input^(0+1280),f,c
  4431   0035AC  EFDA  F01A         	goto	u1354
  4432   0035B0                     u1355:
  4433   0035B0  90D8               	bcf	status,0,c
  4434   0035B2  3603               	rlcf	(??_set_pin_input+1)^(0+1280),f,c
  4435   0035B4                     u1354:
  4436   0035B4  2E02               	decfsz	??_set_pin_input^(0+1280),f,c
  4437   0035B6  EFD8  F01A         	goto	u1355
  4438   0035BA  5003               	movf	(??_set_pin_input+1)^(0+1280),w,c
  4439   0035BC  12CB               	iorwf	203,f,c	;volatile
  4440                           
  4441                           ;gpio.c: 24:             break;
  4442   0035BE  EF06  F01B         	goto	l113
  4443   0035C2                     l2186:
  4444   0035C2  5004               	movf	set_pin_input@port_name^(0+1280),w,c
  4445   0035C4  6E02               	movwf	??_set_pin_input^(0+1280),c
  4446   0035C6  6A03               	clrf	(??_set_pin_input+1)^(0+1280),c
  4447                           
  4448                           ; Switch on 2 bytes has been partitioned into a top level switch of size 1, and 1 sub-sw
      +                          itches
  4449                           ; Switch size 1, requested type "simple"
  4450                           ; Number of cases is 1, Range of values is 0 to 0
  4451                           ; switch strategies available:
  4452                           ; Name         Instructions Cycles
  4453                           ; simple_byte            4     3 (average)
  4454                           ;	Chosen strategy is simple_byte
  4455   0035C8  5003               	movf	(??_set_pin_input+1)^(0+1280),w,c
  4456   0035CA  0A00               	xorlw	0	; case 0
  4457   0035CC  B4D8               	btfsc	status,2,c
  4458   0035CE  EFEB  F01A         	goto	l2950
  4459   0035D2  EF06  F01B         	goto	l113
  4460   0035D6                     l2950:
  4461                           
  4462                           ; Switch size 1, requested type "simple"
  4463                           ; Number of cases is 6, Range of values is 65 to 70
  4464                           ; switch strategies available:
  4465                           ; Name         Instructions Cycles
  4466                           ; simple_byte           19    10 (average)
  4467                           ;	Chosen strategy is simple_byte
  4468   0035D6  5002               	movf	??_set_pin_input^(0+1280),w,c
  4469   0035D8  0A41               	xorlw	65	; case 65
  4470   0035DA  B4D8               	btfsc	status,2,c
  4471   0035DC  EF81  F01A         	goto	l2172
  4472   0035E0  0A03               	xorlw	3	; case 66
  4473   0035E2  B4D8               	btfsc	status,2,c
  4474   0035E4  EF91  F01A         	goto	l2174
  4475   0035E8  0A01               	xorlw	1	; case 67
  4476   0035EA  B4D8               	btfsc	status,2,c
  4477   0035EC  EFA1  F01A         	goto	l2176
  4478   0035F0  0A07               	xorlw	7	; case 68
  4479   0035F2  B4D8               	btfsc	status,2,c
  4480   0035F4  EFB1  F01A         	goto	l2178
  4481   0035F8  0A01               	xorlw	1	; case 69
  4482   0035FA  B4D8               	btfsc	status,2,c
  4483   0035FC  EFC1  F01A         	goto	l2180
  4484   003600  0A03               	xorlw	3	; case 70
  4485   003602  B4D8               	btfsc	status,2,c
  4486   003604  EFD1  F01A         	goto	l2182
  4487   003608  EF06  F01B         	goto	l113
  4488   00360C                     l113:
  4489   00360C  0012               	return		;funcret
  4490   00360E                     __end_of_set_pin_input:
  4491                           	callstack 0
  4492                           
  4493 ;; *************** function _set_pin_digital_mode *****************
  4494 ;; Defined at:
  4495 ;;		line 57 in file "gpio.c"
  4496 ;; Parameters:    Size  Location     Type
  4497 ;;  port_name       1    wreg     enum E17445
  4498 ;;  pin_number      1    0[COMRAM] unsigned char 
  4499 ;; Auto vars:     Size  Location     Type
  4500 ;;  port_name       1    3[COMRAM] enum E17445
  4501 ;; Return value:  Size  Location     Type
  4502 ;;                  1    wreg      void 
  4503 ;; Registers used:
  4504 ;;		wreg, status,2, status,0
  4505 ;; Tracked objects:
  4506 ;;		On entry : 0/0
  4507 ;;		On exit  : 0/0
  4508 ;;		Unchanged: 0/0
  4509 ;; Data sizes:     COMRAM   BANK5   BANK6   BANK7   BANK8   BANK9  BANK10  BANK11  BANK12  BANK13  BANK14  BANK15  BANK1
      +6  BANK17  BANK18  BANK19  BANK20  BANK21  BANK22  BANK23  BANK24  BANK25  BANK26  BANK27  BANK28  BANK29  BANK30  BANK3
      +1  BANK32  BANK33  BANK34  BANK35  BANK36
  4510 ;;      Params:         1       0       0       0       0       0       0       0       0       0       0       0       
      +0       0       0       0       0       0       0       0       0       0       0       0       0       0       0       
      +0       0       0       0       0       0
  4511 ;;      Locals:         1       0       0       0       0       0       0       0       0       0       0       0       
      +0       0       0       0       0       0       0       0       0       0       0       0       0       0       0       
      +0       0       0       0       0       0
  4512 ;;      Temps:          2       0       0       0       0       0       0       0       0       0       0       0       
      +0       0       0       0       0       0       0       0       0       0       0       0       0       0       0       
      +0       0       0       0       0       0
  4513 ;;      Totals:         4       0       0       0       0       0       0       0       0       0       0       0       
      +0       0       0       0       0       0       0       0       0       0       0       0       0       0       0       
      +0       0       0       0       0       0
  4514 ;;Total ram usage:        4 bytes
  4515 ;; Hardware stack levels used: 1
  4516 ;; This function calls:
  4517 ;;		Nothing
  4518 ;; This function is called by:
  4519 ;;		_configure_pin
  4520 ;; This function uses a non-reentrant model
  4521 ;;
  4522                           
  4523                           	psect	text25
  4524   0029C4                     __ptext25:
  4525                           	callstack 0
  4526   0029C4                     _set_pin_digital_mode:
  4527                           	callstack 124
  4528                           
  4529                           ;incstack = 0
  4530                           ;set_pin_digital_mode@port_name stored from wreg
  4531   0029C4  6E04               	movwf	set_pin_digital_mode@port_name^(0+1280),c
  4532   0029C6                     
  4533                           ;gpio.c: 57: void set_pin_digital_mode(PortName_t port_name, uint8_t pin_number);gpio.c:
      +                           58: {;gpio.c: 59:     switch(port_name)
  4534   0029C6  EF51  F015         	goto	l2230
  4535   0029CA                     l2216:
  4536                           
  4537                           ;gpio.c: 62:             ANSELA &= ~(1 << pin_number);
  4538   0029CA  C501  F502         	movff	set_pin_digital_mode@pin_number,??_set_pin_digital_mode
  4539   0029CE  0E01               	movlw	1
  4540   0029D0  6E03               	movwf	(??_set_pin_digital_mode+1)^(0+1280),c
  4541   0029D2  2A02               	incf	??_set_pin_digital_mode^(0+1280),f,c
  4542   0029D4  EFEE  F014         	goto	u1424
  4543   0029D8                     u1425:
  4544   0029D8  90D8               	bcf	status,0,c
  4545   0029DA  3603               	rlcf	(??_set_pin_digital_mode+1)^(0+1280),f,c
  4546   0029DC                     u1424:
  4547   0029DC  2E02               	decfsz	??_set_pin_digital_mode^(0+1280),f,c
  4548   0029DE  EFEC  F014         	goto	u1425
  4549   0029E2  5003               	movf	(??_set_pin_digital_mode+1)^(0+1280),w,c
  4550   0029E4  0AFF               	xorlw	255
  4551   0029E6  0104               	movlb	4	; () banked
  4552   0029E8  1700               	andwf	0,f,b	;volatile
  4553                           
  4554                           ;gpio.c: 63:             break;
  4555   0029EA  EF76  F015         	goto	l137
  4556   0029EE                     l2218:
  4557                           
  4558                           ;gpio.c: 65:             ANSELB &= ~(1 << pin_number);
  4559   0029EE  C501  F502         	movff	set_pin_digital_mode@pin_number,??_set_pin_digital_mode
  4560   0029F2  0E01               	movlw	1
  4561   0029F4  6E03               	movwf	(??_set_pin_digital_mode+1)^(0+1280),c
  4562   0029F6  2A02               	incf	??_set_pin_digital_mode^(0+1280),f,c
  4563   0029F8  EF00  F015         	goto	u1434
  4564   0029FC                     u1435:
  4565   0029FC  90D8               	bcf	status,0,c
  4566   0029FE  3603               	rlcf	(??_set_pin_digital_mode+1)^(0+1280),f,c
  4567   002A00                     u1434:
  4568   002A00  2E02               	decfsz	??_set_pin_digital_mode^(0+1280),f,c
  4569   002A02  EFFE  F014         	goto	u1435
  4570   002A06  5003               	movf	(??_set_pin_digital_mode+1)^(0+1280),w,c
  4571   002A08  0AFF               	xorlw	255
  4572   002A0A  0104               	movlb	4	; () banked
  4573   002A0C  1708               	andwf	8,f,b	;volatile
  4574                           
  4575                           ;gpio.c: 66:             break;
  4576   002A0E  EF76  F015         	goto	l137
  4577   002A12                     l2220:
  4578                           
  4579                           ;gpio.c: 68:             ANSELC &= ~(1 << pin_number);
  4580   002A12  C501  F502         	movff	set_pin_digital_mode@pin_number,??_set_pin_digital_mode
  4581   002A16  0E01               	movlw	1
  4582   002A18  6E03               	movwf	(??_set_pin_digital_mode+1)^(0+1280),c
  4583   002A1A  2A02               	incf	??_set_pin_digital_mode^(0+1280),f,c
  4584   002A1C  EF12  F015         	goto	u1444
  4585   002A20                     u1445:
  4586   002A20  90D8               	bcf	status,0,c
  4587   002A22  3603               	rlcf	(??_set_pin_digital_mode+1)^(0+1280),f,c
  4588   002A24                     u1444:
  4589   002A24  2E02               	decfsz	??_set_pin_digital_mode^(0+1280),f,c
  4590   002A26  EF10  F015         	goto	u1445
  4591   002A2A  5003               	movf	(??_set_pin_digital_mode+1)^(0+1280),w,c
  4592   002A2C  0AFF               	xorlw	255
  4593   002A2E  0104               	movlb	4	; () banked
  4594   002A30  1710               	andwf	16,f,b	;volatile
  4595                           
  4596                           ;gpio.c: 69:             break;
  4597   002A32  EF76  F015         	goto	l137
  4598   002A36                     l2222:
  4599                           
  4600                           ;gpio.c: 71:             ANSELD &= ~(1 << pin_number);
  4601   002A36  C501  F502         	movff	set_pin_digital_mode@pin_number,??_set_pin_digital_mode
  4602   002A3A  0E01               	movlw	1
  4603   002A3C  6E03               	movwf	(??_set_pin_digital_mode+1)^(0+1280),c
  4604   002A3E  2A02               	incf	??_set_pin_digital_mode^(0+1280),f,c
  4605   002A40  EF24  F015         	goto	u1454
  4606   002A44                     u1455:
  4607   002A44  90D8               	bcf	status,0,c
  4608   002A46  3603               	rlcf	(??_set_pin_digital_mode+1)^(0+1280),f,c
  4609   002A48                     u1454:
  4610   002A48  2E02               	decfsz	??_set_pin_digital_mode^(0+1280),f,c
  4611   002A4A  EF22  F015         	goto	u1455
  4612   002A4E  5003               	movf	(??_set_pin_digital_mode+1)^(0+1280),w,c
  4613   002A50  0AFF               	xorlw	255
  4614   002A52  0104               	movlb	4	; () banked
  4615   002A54  1718               	andwf	24,f,b	;volatile
  4616                           
  4617                           ;gpio.c: 72:             break;
  4618   002A56  EF76  F015         	goto	l137
  4619   002A5A                     l2224:
  4620                           
  4621                           ;gpio.c: 74:             ANSELE &= ~(1 << pin_number);
  4622   002A5A  C501  F502         	movff	set_pin_digital_mode@pin_number,??_set_pin_digital_mode
  4623   002A5E  0E01               	movlw	1
  4624   002A60  6E03               	movwf	(??_set_pin_digital_mode+1)^(0+1280),c
  4625   002A62  2A02               	incf	??_set_pin_digital_mode^(0+1280),f,c
  4626   002A64  EF36  F015         	goto	u1464
  4627   002A68                     u1465:
  4628   002A68  90D8               	bcf	status,0,c
  4629   002A6A  3603               	rlcf	(??_set_pin_digital_mode+1)^(0+1280),f,c
  4630   002A6C                     u1464:
  4631   002A6C  2E02               	decfsz	??_set_pin_digital_mode^(0+1280),f,c
  4632   002A6E  EF34  F015         	goto	u1465
  4633   002A72  5003               	movf	(??_set_pin_digital_mode+1)^(0+1280),w,c
  4634   002A74  0AFF               	xorlw	255
  4635   002A76  0104               	movlb	4	; () banked
  4636   002A78  1720               	andwf	32,f,b	;volatile
  4637                           
  4638                           ;gpio.c: 75:             break;
  4639   002A7A  EF76  F015         	goto	l137
  4640   002A7E                     l2226:
  4641                           
  4642                           ;gpio.c: 77:             ANSELF &= ~(1 << pin_number);
  4643   002A7E  C501  F502         	movff	set_pin_digital_mode@pin_number,??_set_pin_digital_mode
  4644   002A82  0E01               	movlw	1
  4645   002A84  6E03               	movwf	(??_set_pin_digital_mode+1)^(0+1280),c
  4646   002A86  2A02               	incf	??_set_pin_digital_mode^(0+1280),f,c
  4647   002A88  EF48  F015         	goto	u1474
  4648   002A8C                     u1475:
  4649   002A8C  90D8               	bcf	status,0,c
  4650   002A8E  3603               	rlcf	(??_set_pin_digital_mode+1)^(0+1280),f,c
  4651   002A90                     u1474:
  4652   002A90  2E02               	decfsz	??_set_pin_digital_mode^(0+1280),f,c
  4653   002A92  EF46  F015         	goto	u1475
  4654   002A96  5003               	movf	(??_set_pin_digital_mode+1)^(0+1280),w,c
  4655   002A98  0AFF               	xorlw	255
  4656   002A9A  0104               	movlb	4	; () banked
  4657   002A9C  1728               	andwf	40,f,b	;volatile
  4658                           
  4659                           ;gpio.c: 78:             break;
  4660   002A9E  EF76  F015         	goto	l137
  4661   002AA2                     l2230:
  4662   002AA2  5004               	movf	set_pin_digital_mode@port_name^(0+1280),w,c
  4663   002AA4  6E02               	movwf	??_set_pin_digital_mode^(0+1280),c
  4664   002AA6  6A03               	clrf	(??_set_pin_digital_mode+1)^(0+1280),c
  4665                           
  4666                           ; Switch on 2 bytes has been partitioned into a top level switch of size 1, and 1 sub-sw
      +                          itches
  4667                           ; Switch size 1, requested type "simple"
  4668                           ; Number of cases is 1, Range of values is 0 to 0
  4669                           ; switch strategies available:
  4670                           ; Name         Instructions Cycles
  4671                           ; simple_byte            4     3 (average)
  4672                           ;	Chosen strategy is simple_byte
  4673   002AA8  5003               	movf	(??_set_pin_digital_mode+1)^(0+1280),w,c
  4674   002AAA  0A00               	xorlw	0	; case 0
  4675   002AAC  B4D8               	btfsc	status,2,c
  4676   002AAE  EF5B  F015         	goto	l2952
  4677   002AB2  EF76  F015         	goto	l137
  4678   002AB6                     l2952:
  4679                           
  4680                           ; Switch size 1, requested type "simple"
  4681                           ; Number of cases is 6, Range of values is 65 to 70
  4682                           ; switch strategies available:
  4683                           ; Name         Instructions Cycles
  4684                           ; simple_byte           19    10 (average)
  4685                           ;	Chosen strategy is simple_byte
  4686   002AB6  5002               	movf	??_set_pin_digital_mode^(0+1280),w,c
  4687   002AB8  0A41               	xorlw	65	; case 65
  4688   002ABA  B4D8               	btfsc	status,2,c
  4689   002ABC  EFE5  F014         	goto	l2216
  4690   002AC0  0A03               	xorlw	3	; case 66
  4691   002AC2  B4D8               	btfsc	status,2,c
  4692   002AC4  EFF7  F014         	goto	l2218
  4693   002AC8  0A01               	xorlw	1	; case 67
  4694   002ACA  B4D8               	btfsc	status,2,c
  4695   002ACC  EF09  F015         	goto	l2220
  4696   002AD0  0A07               	xorlw	7	; case 68
  4697   002AD2  B4D8               	btfsc	status,2,c
  4698   002AD4  EF1B  F015         	goto	l2222
  4699   002AD8  0A01               	xorlw	1	; case 69
  4700   002ADA  B4D8               	btfsc	status,2,c
  4701   002ADC  EF2D  F015         	goto	l2224
  4702   002AE0  0A03               	xorlw	3	; case 70
  4703   002AE2  B4D8               	btfsc	status,2,c
  4704   002AE4  EF3F  F015         	goto	l2226
  4705   002AE8  EF76  F015         	goto	l137
  4706   002AEC                     l137:
  4707   002AEC  0012               	return		;funcret
  4708   002AEE                     __end_of_set_pin_digital_mode:
  4709                           	callstack 0
  4710                           
  4711 ;; *************** function _set_pin_analog_mode *****************
  4712 ;; Defined at:
  4713 ;;		line 83 in file "gpio.c"
  4714 ;; Parameters:    Size  Location     Type
  4715 ;;  port_name       1    wreg     enum E17445
  4716 ;;  pin_number      1    0[COMRAM] unsigned char 
  4717 ;; Auto vars:     Size  Location     Type
  4718 ;;  port_name       1    3[COMRAM] enum E17445
  4719 ;; Return value:  Size  Location     Type
  4720 ;;                  1    wreg      void 
  4721 ;; Registers used:
  4722 ;;		wreg, status,2, status,0
  4723 ;; Tracked objects:
  4724 ;;		On entry : 0/0
  4725 ;;		On exit  : 0/0
  4726 ;;		Unchanged: 0/0
  4727 ;; Data sizes:     COMRAM   BANK5   BANK6   BANK7   BANK8   BANK9  BANK10  BANK11  BANK12  BANK13  BANK14  BANK15  BANK1
      +6  BANK17  BANK18  BANK19  BANK20  BANK21  BANK22  BANK23  BANK24  BANK25  BANK26  BANK27  BANK28  BANK29  BANK30  BANK3
      +1  BANK32  BANK33  BANK34  BANK35  BANK36
  4728 ;;      Params:         1       0       0       0       0       0       0       0       0       0       0       0       
      +0       0       0       0       0       0       0       0       0       0       0       0       0       0       0       
      +0       0       0       0       0       0
  4729 ;;      Locals:         1       0       0       0       0       0       0       0       0       0       0       0       
      +0       0       0       0       0       0       0       0       0       0       0       0       0       0       0       
      +0       0       0       0       0       0
  4730 ;;      Temps:          2       0       0       0       0       0       0       0       0       0       0       0       
      +0       0       0       0       0       0       0       0       0       0       0       0       0       0       0       
      +0       0       0       0       0       0
  4731 ;;      Totals:         4       0       0       0       0       0       0       0       0       0       0       0       
      +0       0       0       0       0       0       0       0       0       0       0       0       0       0       0       
      +0       0       0       0       0       0
  4732 ;;Total ram usage:        4 bytes
  4733 ;; Hardware stack levels used: 1
  4734 ;; This function calls:
  4735 ;;		Nothing
  4736 ;; This function is called by:
  4737 ;;		_configure_pin
  4738 ;; This function uses a non-reentrant model
  4739 ;;
  4740                           
  4741                           	psect	text26
  4742   0032CC                     __ptext26:
  4743                           	callstack 0
  4744   0032CC                     _set_pin_analog_mode:
  4745                           	callstack 124
  4746                           
  4747                           ;incstack = 0
  4748                           ;set_pin_analog_mode@port_name stored from wreg
  4749   0032CC  6E04               	movwf	set_pin_analog_mode@port_name^(0+1280),c
  4750   0032CE                     
  4751                           ;gpio.c: 83: void set_pin_analog_mode(PortName_t port_name, uint8_t pin_number);gpio.c: 
      +                          84: {;gpio.c: 85:     switch(port_name)
  4752   0032CE  EFCF  F019         	goto	l2252
  4753   0032D2                     l2238:
  4754                           
  4755                           ;gpio.c: 88:             ANSELA |= (1 << pin_number);
  4756   0032D2  C501  F502         	movff	set_pin_analog_mode@pin_number,??_set_pin_analog_mode
  4757   0032D6  0E01               	movlw	1
  4758   0032D8  6E03               	movwf	(??_set_pin_analog_mode+1)^(0+1280),c
  4759   0032DA  2A02               	incf	??_set_pin_analog_mode^(0+1280),f,c
  4760   0032DC  EF72  F019         	goto	u1484
  4761   0032E0                     u1485:
  4762   0032E0  90D8               	bcf	status,0,c
  4763   0032E2  3603               	rlcf	(??_set_pin_analog_mode+1)^(0+1280),f,c
  4764   0032E4                     u1484:
  4765   0032E4  2E02               	decfsz	??_set_pin_analog_mode^(0+1280),f,c
  4766   0032E6  EF70  F019         	goto	u1485
  4767   0032EA  5003               	movf	(??_set_pin_analog_mode+1)^(0+1280),w,c
  4768   0032EC  0104               	movlb	4	; () banked
  4769   0032EE  1300               	iorwf	0,f,b	;volatile
  4770                           
  4771                           ;gpio.c: 89:             break;
  4772   0032F0  EFF4  F019         	goto	l149
  4773   0032F4                     l2240:
  4774                           
  4775                           ;gpio.c: 91:             ANSELB |= (1 << pin_number);
  4776   0032F4  C501  F502         	movff	set_pin_analog_mode@pin_number,??_set_pin_analog_mode
  4777   0032F8  0E01               	movlw	1
  4778   0032FA  6E03               	movwf	(??_set_pin_analog_mode+1)^(0+1280),c
  4779   0032FC  2A02               	incf	??_set_pin_analog_mode^(0+1280),f,c
  4780   0032FE  EF83  F019         	goto	u1494
  4781   003302                     u1495:
  4782   003302  90D8               	bcf	status,0,c
  4783   003304  3603               	rlcf	(??_set_pin_analog_mode+1)^(0+1280),f,c
  4784   003306                     u1494:
  4785   003306  2E02               	decfsz	??_set_pin_analog_mode^(0+1280),f,c
  4786   003308  EF81  F019         	goto	u1495
  4787   00330C  5003               	movf	(??_set_pin_analog_mode+1)^(0+1280),w,c
  4788   00330E  0104               	movlb	4	; () banked
  4789   003310  1308               	iorwf	8,f,b	;volatile
  4790                           
  4791                           ;gpio.c: 92:             break;
  4792   003312  EFF4  F019         	goto	l149
  4793   003316                     l2242:
  4794                           
  4795                           ;gpio.c: 94:             ANSELC |= (1 << pin_number);
  4796   003316  C501  F502         	movff	set_pin_analog_mode@pin_number,??_set_pin_analog_mode
  4797   00331A  0E01               	movlw	1
  4798   00331C  6E03               	movwf	(??_set_pin_analog_mode+1)^(0+1280),c
  4799   00331E  2A02               	incf	??_set_pin_analog_mode^(0+1280),f,c
  4800   003320  EF94  F019         	goto	u1504
  4801   003324                     u1505:
  4802   003324  90D8               	bcf	status,0,c
  4803   003326  3603               	rlcf	(??_set_pin_analog_mode+1)^(0+1280),f,c
  4804   003328                     u1504:
  4805   003328  2E02               	decfsz	??_set_pin_analog_mode^(0+1280),f,c
  4806   00332A  EF92  F019         	goto	u1505
  4807   00332E  5003               	movf	(??_set_pin_analog_mode+1)^(0+1280),w,c
  4808   003330  0104               	movlb	4	; () banked
  4809   003332  1310               	iorwf	16,f,b	;volatile
  4810                           
  4811                           ;gpio.c: 95:             break;
  4812   003334  EFF4  F019         	goto	l149
  4813   003338                     l2244:
  4814                           
  4815                           ;gpio.c: 97:             ANSELD |= (1 << pin_number);
  4816   003338  C501  F502         	movff	set_pin_analog_mode@pin_number,??_set_pin_analog_mode
  4817   00333C  0E01               	movlw	1
  4818   00333E  6E03               	movwf	(??_set_pin_analog_mode+1)^(0+1280),c
  4819   003340  2A02               	incf	??_set_pin_analog_mode^(0+1280),f,c
  4820   003342  EFA5  F019         	goto	u1514
  4821   003346                     u1515:
  4822   003346  90D8               	bcf	status,0,c
  4823   003348  3603               	rlcf	(??_set_pin_analog_mode+1)^(0+1280),f,c
  4824   00334A                     u1514:
  4825   00334A  2E02               	decfsz	??_set_pin_analog_mode^(0+1280),f,c
  4826   00334C  EFA3  F019         	goto	u1515
  4827   003350  5003               	movf	(??_set_pin_analog_mode+1)^(0+1280),w,c
  4828   003352  0104               	movlb	4	; () banked
  4829   003354  1318               	iorwf	24,f,b	;volatile
  4830                           
  4831                           ;gpio.c: 98:             break;
  4832   003356  EFF4  F019         	goto	l149
  4833   00335A                     l2246:
  4834                           
  4835                           ;gpio.c: 100:             ANSELE |= (1 << pin_number);
  4836   00335A  C501  F502         	movff	set_pin_analog_mode@pin_number,??_set_pin_analog_mode
  4837   00335E  0E01               	movlw	1
  4838   003360  6E03               	movwf	(??_set_pin_analog_mode+1)^(0+1280),c
  4839   003362  2A02               	incf	??_set_pin_analog_mode^(0+1280),f,c
  4840   003364  EFB6  F019         	goto	u1524
  4841   003368                     u1525:
  4842   003368  90D8               	bcf	status,0,c
  4843   00336A  3603               	rlcf	(??_set_pin_analog_mode+1)^(0+1280),f,c
  4844   00336C                     u1524:
  4845   00336C  2E02               	decfsz	??_set_pin_analog_mode^(0+1280),f,c
  4846   00336E  EFB4  F019         	goto	u1525
  4847   003372  5003               	movf	(??_set_pin_analog_mode+1)^(0+1280),w,c
  4848   003374  0104               	movlb	4	; () banked
  4849   003376  1320               	iorwf	32,f,b	;volatile
  4850                           
  4851                           ;gpio.c: 101:             break;
  4852   003378  EFF4  F019         	goto	l149
  4853   00337C                     l2248:
  4854                           
  4855                           ;gpio.c: 103:             ANSELF |= (1 << pin_number);
  4856   00337C  C501  F502         	movff	set_pin_analog_mode@pin_number,??_set_pin_analog_mode
  4857   003380  0E01               	movlw	1
  4858   003382  6E03               	movwf	(??_set_pin_analog_mode+1)^(0+1280),c
  4859   003384  2A02               	incf	??_set_pin_analog_mode^(0+1280),f,c
  4860   003386  EFC7  F019         	goto	u1534
  4861   00338A                     u1535:
  4862   00338A  90D8               	bcf	status,0,c
  4863   00338C  3603               	rlcf	(??_set_pin_analog_mode+1)^(0+1280),f,c
  4864   00338E                     u1534:
  4865   00338E  2E02               	decfsz	??_set_pin_analog_mode^(0+1280),f,c
  4866   003390  EFC5  F019         	goto	u1535
  4867   003394  5003               	movf	(??_set_pin_analog_mode+1)^(0+1280),w,c
  4868   003396  0104               	movlb	4	; () banked
  4869   003398  1328               	iorwf	40,f,b	;volatile
  4870                           
  4871                           ;gpio.c: 104:             break;
  4872   00339A  EFF4  F019         	goto	l149
  4873   00339E                     l2252:
  4874   00339E  5004               	movf	set_pin_analog_mode@port_name^(0+1280),w,c
  4875   0033A0  6E02               	movwf	??_set_pin_analog_mode^(0+1280),c
  4876   0033A2  6A03               	clrf	(??_set_pin_analog_mode+1)^(0+1280),c
  4877                           
  4878                           ; Switch on 2 bytes has been partitioned into a top level switch of size 1, and 1 sub-sw
      +                          itches
  4879                           ; Switch size 1, requested type "simple"
  4880                           ; Number of cases is 1, Range of values is 0 to 0
  4881                           ; switch strategies available:
  4882                           ; Name         Instructions Cycles
  4883                           ; simple_byte            4     3 (average)
  4884                           ;	Chosen strategy is simple_byte
  4885   0033A4  5003               	movf	(??_set_pin_analog_mode+1)^(0+1280),w,c
  4886   0033A6  0A00               	xorlw	0	; case 0
  4887   0033A8  B4D8               	btfsc	status,2,c
  4888   0033AA  EFD9  F019         	goto	l2954
  4889   0033AE  EFF4  F019         	goto	l149
  4890   0033B2                     l2954:
  4891                           
  4892                           ; Switch size 1, requested type "simple"
  4893                           ; Number of cases is 6, Range of values is 65 to 70
  4894                           ; switch strategies available:
  4895                           ; Name         Instructions Cycles
  4896                           ; simple_byte           19    10 (average)
  4897                           ;	Chosen strategy is simple_byte
  4898   0033B2  5002               	movf	??_set_pin_analog_mode^(0+1280),w,c
  4899   0033B4  0A41               	xorlw	65	; case 65
  4900   0033B6  B4D8               	btfsc	status,2,c
  4901   0033B8  EF69  F019         	goto	l2238
  4902   0033BC  0A03               	xorlw	3	; case 66
  4903   0033BE  B4D8               	btfsc	status,2,c
  4904   0033C0  EF7A  F019         	goto	l2240
  4905   0033C4  0A01               	xorlw	1	; case 67
  4906   0033C6  B4D8               	btfsc	status,2,c
  4907   0033C8  EF8B  F019         	goto	l2242
  4908   0033CC  0A07               	xorlw	7	; case 68
  4909   0033CE  B4D8               	btfsc	status,2,c
  4910   0033D0  EF9C  F019         	goto	l2244
  4911   0033D4  0A01               	xorlw	1	; case 69
  4912   0033D6  B4D8               	btfsc	status,2,c
  4913   0033D8  EFAD  F019         	goto	l2246
  4914   0033DC  0A03               	xorlw	3	; case 70
  4915   0033DE  B4D8               	btfsc	status,2,c
  4916   0033E0  EFBE  F019         	goto	l2248
  4917   0033E4  EFF4  F019         	goto	l149
  4918   0033E8                     l149:
  4919   0033E8  0012               	return		;funcret
  4920   0033EA                     __end_of_set_pin_analog_mode:
  4921                           	callstack 0
  4922                           
  4923 ;; *************** function _reset_pin_pullup *****************
  4924 ;; Defined at:
  4925 ;;		line 137 in file "gpio.c"
  4926 ;; Parameters:    Size  Location     Type
  4927 ;;  port_name       1    wreg     enum E17445
  4928 ;;  pin_number      1    0[COMRAM] unsigned char 
  4929 ;; Auto vars:     Size  Location     Type
  4930 ;;  port_name       1    3[COMRAM] enum E17445
  4931 ;; Return value:  Size  Location     Type
  4932 ;;                  1    wreg      void 
  4933 ;; Registers used:
  4934 ;;		wreg, status,2, status,0
  4935 ;; Tracked objects:
  4936 ;;		On entry : 0/0
  4937 ;;		On exit  : 0/0
  4938 ;;		Unchanged: 0/0
  4939 ;; Data sizes:     COMRAM   BANK5   BANK6   BANK7   BANK8   BANK9  BANK10  BANK11  BANK12  BANK13  BANK14  BANK15  BANK1
      +6  BANK17  BANK18  BANK19  BANK20  BANK21  BANK22  BANK23  BANK24  BANK25  BANK26  BANK27  BANK28  BANK29  BANK30  BANK3
      +1  BANK32  BANK33  BANK34  BANK35  BANK36
  4940 ;;      Params:         1       0       0       0       0       0       0       0       0       0       0       0       
      +0       0       0       0       0       0       0       0       0       0       0       0       0       0       0       
      +0       0       0       0       0       0
  4941 ;;      Locals:         1       0       0       0       0       0       0       0       0       0       0       0       
      +0       0       0       0       0       0       0       0       0       0       0       0       0       0       0       
      +0       0       0       0       0       0
  4942 ;;      Temps:          2       0       0       0       0       0       0       0       0       0       0       0       
      +0       0       0       0       0       0       0       0       0       0       0       0       0       0       0       
      +0       0       0       0       0       0
  4943 ;;      Totals:         4       0       0       0       0       0       0       0       0       0       0       0       
      +0       0       0       0       0       0       0       0       0       0       0       0       0       0       0       
      +0       0       0       0       0       0
  4944 ;;Total ram usage:        4 bytes
  4945 ;; Hardware stack levels used: 1
  4946 ;; This function calls:
  4947 ;;		Nothing
  4948 ;; This function is called by:
  4949 ;;		_configure_pin
  4950 ;; This function uses a non-reentrant model
  4951 ;;
  4952                           
  4953                           	psect	text27
  4954   002AEE                     __ptext27:
  4955                           	callstack 0
  4956   002AEE                     _reset_pin_pullup:
  4957                           	callstack 124
  4958                           
  4959                           ;incstack = 0
  4960                           ;reset_pin_pullup@port_name stored from wreg
  4961   002AEE  6E04               	movwf	reset_pin_pullup@port_name^(0+1280),c
  4962   002AF0                     
  4963                           ;gpio.c: 137: void reset_pin_pullup(PortName_t port_name, uint8_t pin_number);gpio.c: 13
      +                          8: {;gpio.c: 139:     switch(port_name)
  4964   002AF0  EFE6  F015         	goto	l2296
  4965   002AF4                     l2282:
  4966                           
  4967                           ;gpio.c: 142:             WPUA &= ~(1 << pin_number);
  4968   002AF4  C501  F502         	movff	reset_pin_pullup@pin_number,??_reset_pin_pullup
  4969   002AF8  0E01               	movlw	1
  4970   002AFA  6E03               	movwf	(??_reset_pin_pullup+1)^(0+1280),c
  4971   002AFC  2A02               	incf	??_reset_pin_pullup^(0+1280),f,c
  4972   002AFE  EF83  F015         	goto	u1604
  4973   002B02                     u1605:
  4974   002B02  90D8               	bcf	status,0,c
  4975   002B04  3603               	rlcf	(??_reset_pin_pullup+1)^(0+1280),f,c
  4976   002B06                     u1604:
  4977   002B06  2E02               	decfsz	??_reset_pin_pullup^(0+1280),f,c
  4978   002B08  EF81  F015         	goto	u1605
  4979   002B0C  5003               	movf	(??_reset_pin_pullup+1)^(0+1280),w,c
  4980   002B0E  0AFF               	xorlw	255
  4981   002B10  0104               	movlb	4	; () banked
  4982   002B12  1701               	andwf	1,f,b	;volatile
  4983                           
  4984                           ;gpio.c: 143:             break;
  4985   002B14  EF0B  F016         	goto	l173
  4986   002B18                     l2284:
  4987                           
  4988                           ;gpio.c: 145:             WPUB &= ~(1 << pin_number);
  4989   002B18  C501  F502         	movff	reset_pin_pullup@pin_number,??_reset_pin_pullup
  4990   002B1C  0E01               	movlw	1
  4991   002B1E  6E03               	movwf	(??_reset_pin_pullup+1)^(0+1280),c
  4992   002B20  2A02               	incf	??_reset_pin_pullup^(0+1280),f,c
  4993   002B22  EF95  F015         	goto	u1614
  4994   002B26                     u1615:
  4995   002B26  90D8               	bcf	status,0,c
  4996   002B28  3603               	rlcf	(??_reset_pin_pullup+1)^(0+1280),f,c
  4997   002B2A                     u1614:
  4998   002B2A  2E02               	decfsz	??_reset_pin_pullup^(0+1280),f,c
  4999   002B2C  EF93  F015         	goto	u1615
  5000   002B30  5003               	movf	(??_reset_pin_pullup+1)^(0+1280),w,c
  5001   002B32  0AFF               	xorlw	255
  5002   002B34  0104               	movlb	4	; () banked
  5003   002B36  1709               	andwf	9,f,b	;volatile
  5004                           
  5005                           ;gpio.c: 146:             break;
  5006   002B38  EF0B  F016         	goto	l173
  5007   002B3C                     l2286:
  5008                           
  5009                           ;gpio.c: 148:             WPUC &= ~(1 << pin_number);
  5010   002B3C  C501  F502         	movff	reset_pin_pullup@pin_number,??_reset_pin_pullup
  5011   002B40  0E01               	movlw	1
  5012   002B42  6E03               	movwf	(??_reset_pin_pullup+1)^(0+1280),c
  5013   002B44  2A02               	incf	??_reset_pin_pullup^(0+1280),f,c
  5014   002B46  EFA7  F015         	goto	u1624
  5015   002B4A                     u1625:
  5016   002B4A  90D8               	bcf	status,0,c
  5017   002B4C  3603               	rlcf	(??_reset_pin_pullup+1)^(0+1280),f,c
  5018   002B4E                     u1624:
  5019   002B4E  2E02               	decfsz	??_reset_pin_pullup^(0+1280),f,c
  5020   002B50  EFA5  F015         	goto	u1625
  5021   002B54  5003               	movf	(??_reset_pin_pullup+1)^(0+1280),w,c
  5022   002B56  0AFF               	xorlw	255
  5023   002B58  0104               	movlb	4	; () banked
  5024   002B5A  1711               	andwf	17,f,b	;volatile
  5025                           
  5026                           ;gpio.c: 149:             break;
  5027   002B5C  EF0B  F016         	goto	l173
  5028   002B60                     l2288:
  5029                           
  5030                           ;gpio.c: 151:             WPUD &= ~(1 << pin_number);
  5031   002B60  C501  F502         	movff	reset_pin_pullup@pin_number,??_reset_pin_pullup
  5032   002B64  0E01               	movlw	1
  5033   002B66  6E03               	movwf	(??_reset_pin_pullup+1)^(0+1280),c
  5034   002B68  2A02               	incf	??_reset_pin_pullup^(0+1280),f,c
  5035   002B6A  EFB9  F015         	goto	u1634
  5036   002B6E                     u1635:
  5037   002B6E  90D8               	bcf	status,0,c
  5038   002B70  3603               	rlcf	(??_reset_pin_pullup+1)^(0+1280),f,c
  5039   002B72                     u1634:
  5040   002B72  2E02               	decfsz	??_reset_pin_pullup^(0+1280),f,c
  5041   002B74  EFB7  F015         	goto	u1635
  5042   002B78  5003               	movf	(??_reset_pin_pullup+1)^(0+1280),w,c
  5043   002B7A  0AFF               	xorlw	255
  5044   002B7C  0104               	movlb	4	; () banked
  5045   002B7E  1719               	andwf	25,f,b	;volatile
  5046                           
  5047                           ;gpio.c: 152:             break;
  5048   002B80  EF0B  F016         	goto	l173
  5049   002B84                     l2290:
  5050                           
  5051                           ;gpio.c: 154:             WPUE &= ~(1 << pin_number);
  5052   002B84  C501  F502         	movff	reset_pin_pullup@pin_number,??_reset_pin_pullup
  5053   002B88  0E01               	movlw	1
  5054   002B8A  6E03               	movwf	(??_reset_pin_pullup+1)^(0+1280),c
  5055   002B8C  2A02               	incf	??_reset_pin_pullup^(0+1280),f,c
  5056   002B8E  EFCB  F015         	goto	u1644
  5057   002B92                     u1645:
  5058   002B92  90D8               	bcf	status,0,c
  5059   002B94  3603               	rlcf	(??_reset_pin_pullup+1)^(0+1280),f,c
  5060   002B96                     u1644:
  5061   002B96  2E02               	decfsz	??_reset_pin_pullup^(0+1280),f,c
  5062   002B98  EFC9  F015         	goto	u1645
  5063   002B9C  5003               	movf	(??_reset_pin_pullup+1)^(0+1280),w,c
  5064   002B9E  0AFF               	xorlw	255
  5065   002BA0  0104               	movlb	4	; () banked
  5066   002BA2  1721               	andwf	33,f,b	;volatile
  5067                           
  5068                           ;gpio.c: 155:             break;
  5069   002BA4  EF0B  F016         	goto	l173
  5070   002BA8                     l2292:
  5071                           
  5072                           ;gpio.c: 157:             WPUF &= ~(1 << pin_number);
  5073   002BA8  C501  F502         	movff	reset_pin_pullup@pin_number,??_reset_pin_pullup
  5074   002BAC  0E01               	movlw	1
  5075   002BAE  6E03               	movwf	(??_reset_pin_pullup+1)^(0+1280),c
  5076   002BB0  2A02               	incf	??_reset_pin_pullup^(0+1280),f,c
  5077   002BB2  EFDD  F015         	goto	u1654
  5078   002BB6                     u1655:
  5079   002BB6  90D8               	bcf	status,0,c
  5080   002BB8  3603               	rlcf	(??_reset_pin_pullup+1)^(0+1280),f,c
  5081   002BBA                     u1654:
  5082   002BBA  2E02               	decfsz	??_reset_pin_pullup^(0+1280),f,c
  5083   002BBC  EFDB  F015         	goto	u1655
  5084   002BC0  5003               	movf	(??_reset_pin_pullup+1)^(0+1280),w,c
  5085   002BC2  0AFF               	xorlw	255
  5086   002BC4  0104               	movlb	4	; () banked
  5087   002BC6  1729               	andwf	41,f,b	;volatile
  5088                           
  5089                           ;gpio.c: 158:             break;
  5090   002BC8  EF0B  F016         	goto	l173
  5091   002BCC                     l2296:
  5092   002BCC  5004               	movf	reset_pin_pullup@port_name^(0+1280),w,c
  5093   002BCE  6E02               	movwf	??_reset_pin_pullup^(0+1280),c
  5094   002BD0  6A03               	clrf	(??_reset_pin_pullup+1)^(0+1280),c
  5095                           
  5096                           ; Switch on 2 bytes has been partitioned into a top level switch of size 1, and 1 sub-sw
      +                          itches
  5097                           ; Switch size 1, requested type "simple"
  5098                           ; Number of cases is 1, Range of values is 0 to 0
  5099                           ; switch strategies available:
  5100                           ; Name         Instructions Cycles
  5101                           ; simple_byte            4     3 (average)
  5102                           ;	Chosen strategy is simple_byte
  5103   002BD2  5003               	movf	(??_reset_pin_pullup+1)^(0+1280),w,c
  5104   002BD4  0A00               	xorlw	0	; case 0
  5105   002BD6  B4D8               	btfsc	status,2,c
  5106   002BD8  EFF0  F015         	goto	l2956
  5107   002BDC  EF0B  F016         	goto	l173
  5108   002BE0                     l2956:
  5109                           
  5110                           ; Switch size 1, requested type "simple"
  5111                           ; Number of cases is 6, Range of values is 65 to 70
  5112                           ; switch strategies available:
  5113                           ; Name         Instructions Cycles
  5114                           ; simple_byte           19    10 (average)
  5115                           ;	Chosen strategy is simple_byte
  5116   002BE0  5002               	movf	??_reset_pin_pullup^(0+1280),w,c
  5117   002BE2  0A41               	xorlw	65	; case 65
  5118   002BE4  B4D8               	btfsc	status,2,c
  5119   002BE6  EF7A  F015         	goto	l2282
  5120   002BEA  0A03               	xorlw	3	; case 66
  5121   002BEC  B4D8               	btfsc	status,2,c
  5122   002BEE  EF8C  F015         	goto	l2284
  5123   002BF2  0A01               	xorlw	1	; case 67
  5124   002BF4  B4D8               	btfsc	status,2,c
  5125   002BF6  EF9E  F015         	goto	l2286
  5126   002BFA  0A07               	xorlw	7	; case 68
  5127   002BFC  B4D8               	btfsc	status,2,c
  5128   002BFE  EFB0  F015         	goto	l2288
  5129   002C02  0A01               	xorlw	1	; case 69
  5130   002C04  B4D8               	btfsc	status,2,c
  5131   002C06  EFC2  F015         	goto	l2290
  5132   002C0A  0A03               	xorlw	3	; case 70
  5133   002C0C  B4D8               	btfsc	status,2,c
  5134   002C0E  EFD4  F015         	goto	l2292
  5135   002C12  EF0B  F016         	goto	l173
  5136   002C16                     l173:
  5137   002C16  0012               	return		;funcret
  5138   002C18                     __end_of_reset_pin_pullup:
  5139                           	callstack 0
  5140                           
  5141 ;; *************** function _Clock_Init *****************
  5142 ;; Defined at:
  5143 ;;		line 57 in file "config.c"
  5144 ;; Parameters:    Size  Location     Type
  5145 ;;		None
  5146 ;; Auto vars:     Size  Location     Type
  5147 ;;		None
  5148 ;; Return value:  Size  Location     Type
  5149 ;;                  1    wreg      void 
  5150 ;; Registers used:
  5151 ;;		wreg, status,2
  5152 ;; Tracked objects:
  5153 ;;		On entry : 0/0
  5154 ;;		On exit  : 0/0
  5155 ;;		Unchanged: 0/0
  5156 ;; Data sizes:     COMRAM   BANK5   BANK6   BANK7   BANK8   BANK9  BANK10  BANK11  BANK12  BANK13  BANK14  BANK15  BANK1
      +6  BANK17  BANK18  BANK19  BANK20  BANK21  BANK22  BANK23  BANK24  BANK25  BANK26  BANK27  BANK28  BANK29  BANK30  BANK3
      +1  BANK32  BANK33  BANK34  BANK35  BANK36
  5157 ;;      Params:         0       0       0       0       0       0       0       0       0       0       0       0       
      +0       0       0       0       0       0       0       0       0       0       0       0       0       0       0       
      +0       0       0       0       0       0
  5158 ;;      Locals:         0       0       0       0       0       0       0       0       0       0       0       0       
      +0       0       0       0       0       0       0       0       0       0       0       0       0       0       0       
      +0       0       0       0       0       0
  5159 ;;      Temps:          0       0       0       0       0       0       0       0       0       0       0       0       
      +0       0       0       0       0       0       0       0       0       0       0       0       0       0       0       
      +0       0       0       0       0       0
  5160 ;;      Totals:         0       0       0       0       0       0       0       0       0       0       0       0       
      +0       0       0       0       0       0       0       0       0       0       0       0       0       0       0       
      +0       0       0       0       0       0
  5161 ;;Total ram usage:        0 bytes
  5162 ;; Hardware stack levels used: 1
  5163 ;; This function calls:
  5164 ;;		Nothing
  5165 ;; This function is called by:
  5166 ;;		_main
  5167 ;; This function uses a non-reentrant model
  5168 ;;
  5169                           
  5170                           	psect	text28
  5171   003C30                     __ptext28:
  5172                           	callstack 0
  5173   003C30                     _Clock_Init:
  5174                           	callstack 126
  5175   003C30                     
  5176                           ;config.c: 59:     OSCCON1 = 0b0110000;
  5177   003C30  0E30               	movlw	48
  5178   003C32  0100               	movlb	0	; () banked
  5179   003C34  6FAD               	movwf	173,b	;volatile
  5180   003C36                     
  5181                           ; BSR set to: 0
  5182   003C36  0012               	return		;funcret
  5183   003C38                     __end_of_Clock_Init:
  5184                           	callstack 0
  5185                           
  5186                           	psect	rparam
  5187   000000                     
  5188                           	psect	config
  5189                           
  5190                           ;Config register CONFIG1 @ 0x300000
  5191                           ;	External Oscillator Selection
  5192                           ;	FEXTOSC = OFF, Oscillator not enabled
  5193                           ;	Reset Oscillator Selection
  5194                           ;	RSTOSC = HFINTOSC_64MHZ, HFINTOSC with HFFRQ = 64 MHz and CDIV = 1:1
  5195   300000                     	org	3145728
  5196   300000  8C                 	db	140
  5197                           
  5198                           ;Config register CONFIG2 @ 0x300001
  5199                           ;	Clock out Enable bit
  5200                           ;	CLKOUTEN = OFF, CLKOUT function is disabled
  5201                           ;	PRLOCKED One-Way Set Enable bit
  5202                           ;	PR1WAY = OFF, PRLOCKED bit can be set and cleared repeatedly
  5203                           ;	Clock Switch Enable bit
  5204                           ;	CSWEN = ON, Writing to NOSC and NDIV is allowed
  5205                           ;	Fail-Safe Clock Monitor Enable bit
  5206                           ;	FCMEN = ON, Fail-Safe Clock Monitor enabled
  5207   300001                     	org	3145729
  5208   300001  FD                 	db	253
  5209                           
  5210                           ;Config register CONFIG3 @ 0x300002
  5211                           ;	MCLR Enable bit
  5212                           ;	MCLRE = EXTMCLR, If LVP = 0, MCLR pin is MCLR; If LVP = 1, RE3 pin function is MCLR
  5213                           ;	Power-up timer selection bits
  5214                           ;	PWRTS = PWRT_OFF, PWRT is disabled
  5215                           ;	Multi-vector enable bit
  5216                           ;	MVECEN = ON, Multi-vector enabled, Vector table used for interrupts
  5217                           ;	IVTLOCK bit One-way set enable bit
  5218                           ;	IVT1WAY = ON, IVTLOCKED bit can be cleared and set only once
  5219                           ;	Low Power BOR Enable bit
  5220                           ;	LPBOREN = OFF, Low-Power BOR disabled
  5221                           ;	Brown-out Reset Enable bits
  5222                           ;	BOREN = OFF, Brown-out Reset disabled
  5223   300002                     	org	3145730
  5224   300002  3F                 	db	63
  5225                           
  5226                           ;Config register CONFIG4 @ 0x300003
  5227                           ;	Brown-out Reset Voltage Selection bits
  5228                           ;	BORV = VBOR_1P9, Brown-out Reset Voltage (VBOR) set to 1.9V
  5229                           ;	ZCD Disable bit
  5230                           ;	ZCD = OFF, ZCD module is disabled. ZCD can be enabled by setting the ZCDSEN bit of ZCD
      +                          CON
  5231                           ;	PPSLOCK bit One-Way Set Enable bit
  5232                           ;	PPS1WAY = ON, PPSLOCKED bit can be cleared and set only once; PPS registers remain loc
      +                          ked after one clear/set cycle
  5233                           ;	Stack Full/Underflow Reset Enable bit
  5234                           ;	STVREN = ON, Stack full/underflow will cause Reset
  5235                           ;	Low Voltage Programming Enable bit
  5236                           ;	LVP = ON, Low voltage programming enabled. MCLR/VPP pin function is MCLR. MCLRE config
      +                          uration bit is ignored
  5237                           ;	Extended Instruction Set Enable bit
  5238                           ;	XINST = OFF, Extended Instruction Set and Indexed Addressing Mode disabled
  5239   300003                     	org	3145731
  5240   300003  FF                 	db	255
  5241                           
  5242                           ;Config register CONFIG5 @ 0x300004
  5243                           ;	WDT Period selection bits
  5244                           ;	WDTCPS = WDTCPS_31, Divider ratio 1:65536; software control of WDTPS
  5245                           ;	WDT operating mode
  5246                           ;	WDTE = OFF, WDT Disabled; SWDTEN is ignored
  5247   300004                     	org	3145732
  5248   300004  9F                 	db	159
  5249                           
  5250                           ;Config register CONFIG6 @ 0x300005
  5251                           ;	WDT Window Select bits
  5252                           ;	WDTCWS = WDTCWS_7, window always open (100%); software control; keyed access not requi
      +                          red
  5253                           ;	WDT input clock selector
  5254                           ;	WDTCCS = SC, Software Control
  5255   300005                     	org	3145733
  5256   300005  FF                 	db	255
  5257                           
  5258                           ;Config register CONFIG7 @ 0x300006
  5259                           ;	Boot Block Size selection bits
  5260                           ;	BBSIZE = BBSIZE_512, Boot Block size is 512 words
  5261                           ;	Boot Block enable bit
  5262                           ;	BBEN = OFF, Boot block disabled
  5263                           ;	Storage Area Flash enable bit
  5264                           ;	SAFEN = OFF, SAF disabled
  5265                           ;	Background Debugger
  5266                           ;	DEBUG = ON, Background Debugger enabled
  5267   300006                     	org	3145734
  5268   300006  DF                 	db	223
  5269                           
  5270                           ;Config register CONFIG8 @ 0x300007
  5271                           ;	Boot Block Write Protection bit
  5272                           ;	WRTB = OFF, Boot Block not Write protected
  5273                           ;	Configuration Register Write Protection bit
  5274                           ;	WRTC = OFF, Configuration registers not Write protected
  5275                           ;	Data EEPROM Write Protection bit
  5276                           ;	WRTD = OFF, Data EEPROM not Write protected
  5277                           ;	SAF Write protection bit
  5278                           ;	WRTSAF = OFF, SAF not Write Protected
  5279                           ;	Application Block write protection bit
  5280                           ;	WRTAPP = OFF, Application Block not write protected
  5281   300007                     	org	3145735
  5282   300007  FF                 	db	255
  5283                           
  5284                           ;Config register CONFIG10 @ 0x300009
  5285                           ;	PFM and Data EEPROM Code Protection bit
  5286                           ;	CP = OFF, PFM and Data EEPROM code protection disabled
  5287   300009                     	org	3145737
  5288   300009  FF                 	db	255
  5289                           tosu	equ	0x4FF
  5290                           tosh	equ	0x4FE
  5291                           tosl	equ	0x4FD
  5292                           stkptr	equ	0x4FC
  5293                           pclatu	equ	0x4FB
  5294                           pclath	equ	0x4FA
  5295                           pcl	equ	0x4F9
  5296                           tblptru	equ	0x4F8
  5297                           tblptrh	equ	0x4F7
  5298                           tblptrl	equ	0x4F6
  5299                           tablat	equ	0x4F5
  5300                           prodh	equ	0x4F4
  5301                           prodl	equ	0x4F3
  5302                           indf0	equ	0x4EF
  5303                           postinc0	equ	0x4EE
  5304                           postdec0	equ	0x4ED
  5305                           preinc0	equ	0x4EC
  5306                           plusw0	equ	0x4EB
  5307                           fsr0h	equ	0x4EA
  5308                           fsr0l	equ	0x4E9
  5309                           wreg	equ	0x4E8
  5310                           indf1	equ	0x4E7
  5311                           postinc1	equ	0x4E6
  5312                           postdec1	equ	0x4E5
  5313                           preinc1	equ	0x4E4
  5314                           plusw1	equ	0x4E3
  5315                           fsr1h	equ	0x4E2
  5316                           fsr1l	equ	0x4E1
  5317                           bsr	equ	0x4E0
  5318                           indf2	equ	0x4DF
  5319                           postinc2	equ	0x4DE
  5320                           postdec2	equ	0x4DD
  5321                           preinc2	equ	0x4DC
  5322                           plusw2	equ	0x4DB
  5323                           fsr2h	equ	0x4DA
  5324                           fsr2l	equ	0x4D9
  5325                           status	equ	0x4D8

Data Sizes:
    Strings     22
    Constant    0
    Data        18
    BSS         8
    Persistent  0
    Stack       0

Auto Spaces:
    Space          Size  Autos    Used
    COMRAM           95     26      52
    BANK5           160      0       0
    BANK6           256      0       0
    BANK7           256      0       0
    BANK8           256      0       0
    BANK9           256      0       0
    BANK10          256      0       0
    BANK11          256      0       0
    BANK12          256      0       0
    BANK13          256      0       0
    BANK14          256      0       0
    BANK15          256      0       0
    BANK16          256      0       0
    BANK17          256      0       0
    BANK18          256      0       0
    BANK19          256      0       0
    BANK20          256      0       0
    BANK21          256      0       0
    BANK22          256      0       0
    BANK23          256      0       0
    BANK24          256      0       0
    BANK25          256      0       0
    BANK26          256      0       0
    BANK27          256      0       0
    BANK28          256      0       0
    BANK29          256      0       0
    BANK30          256      0       0
    BANK31          256      0       0
    BANK32          256      0       0
    BANK33          256      0       0
    BANK34          256      0       0
    BANK35          256      0       0
    BANK36          256      0       0

Pointer List with Targets:

    LCD_Add_Character@pattern	PTR unsigned char  size(2) Largest target is 8
		 -> high_state(COMRAM[8]), low_state(COMRAM[8]), 

    LCD_Update_Screen@input	PTR unsigned char  size(2) Largest target is 2
		 -> main@input(COMRAM[2]), 

    LCD_Update_Screen@output	PTR unsigned char  size(2) Largest target is 2
		 -> main@output(COMRAM[2]), 

    LCD_Write_String@string	PTR unsigned char  size(1) Largest target is 11
		 -> STR_1(CODE[11]), STR_2(CODE[11]), 


Critical Paths under _main in COMRAM

    _main->_LCD_Update_Screen
    _LCD_Write_String->_LCD_write_data
    _LCD_Update_Screen->_LCD_Cursor_Set
    _LCD_Write_Char->_LCD_write_data
    _LCD_Cursor_Increment->_LCD_write_command
    _LCD_Init->_LCD_Clear
    _LCD_Clear->_LCD_write_command
    _LCD_Add_Character->_LCD_Cursor_Set
    _LCD_Cursor_Set->_LCD_write_command
    _GPIO_Init->_configure_pin
    _configure_pin->_reset_pin_pullup
    _configure_pin->_set_pin_analog_mode
    _configure_pin->_set_pin_digital_mode
    _configure_pin->_set_pin_input
    _configure_pin->_set_pin_open_drain
    _configure_pin->_set_pin_output
    _configure_pin->_set_pin_pullup
    _configure_pin->_set_pin_push_pull
    _configure_pin->_set_pin_sr_limited
    _configure_pin->_set_pin_sr_maximum
    _configure_pin->_set_pin_st
    _configure_pin->_set_pin_ttl

Critical Paths under _main in BANK5

    None.

Critical Paths under _main in BANK6

    None.

Critical Paths under _main in BANK7

    None.

Critical Paths under _main in BANK8

    None.

Critical Paths under _main in BANK9

    None.

Critical Paths under _main in BANK10

    None.

Critical Paths under _main in BANK11

    None.

Critical Paths under _main in BANK12

    None.

Critical Paths under _main in BANK13

    None.

Critical Paths under _main in BANK14

    None.

Critical Paths under _main in BANK15

    None.

Critical Paths under _main in BANK16

    None.

Critical Paths under _main in BANK17

    None.

Critical Paths under _main in BANK18

    None.

Critical Paths under _main in BANK19

    None.

Critical Paths under _main in BANK20

    None.

Critical Paths under _main in BANK21

    None.

Critical Paths under _main in BANK22

    None.

Critical Paths under _main in BANK23

    None.

Critical Paths under _main in BANK24

    None.

Critical Paths under _main in BANK25

    None.

Critical Paths under _main in BANK26

    None.

Critical Paths under _main in BANK27

    None.

Critical Paths under _main in BANK28

    None.

Critical Paths under _main in BANK29

    None.

Critical Paths under _main in BANK30

    None.

Critical Paths under _main in BANK31

    None.

Critical Paths under _main in BANK32

    None.

Critical Paths under _main in BANK33

    None.

Critical Paths under _main in BANK34

    None.

Critical Paths under _main in BANK35

    None.

Critical Paths under _main in BANK36

    None.

Call Graph Tables:

 ---------------------------------------------------------------------------------
 (Depth) Function   	        Calls       Base Space   Used Autos Params    Refs
 ---------------------------------------------------------------------------------
 (0) _main                                                13     8      5   10676
                                             13 COMRAM    13     8      5
                         _Clock_Init
                          _GPIO_Init
                  _LCD_Add_Character
               _LCD_Cursor_Increment
                     _LCD_Cursor_Set
                           _LCD_Init
                  _LCD_Update_Screen
                     _LCD_Write_Char
                   _LCD_Write_String
                       _set_pin_high
                        _set_pin_low
 ---------------------------------------------------------------------------------
 (1) _set_pin_high                                         4     3      1     230
                                              0 COMRAM     4     3      1
 ---------------------------------------------------------------------------------
 (1) _LCD_Write_String                                     3     2      1     362
                                              3 COMRAM     3     2      1
                     _LCD_write_data
 ---------------------------------------------------------------------------------
 (1) _LCD_Update_Screen                                    8     2      6    1353
                                              5 COMRAM     8     2      6
               _LCD_Cursor_Increment
                     _LCD_Cursor_Set
                     _LCD_Write_Char
 ---------------------------------------------------------------------------------
 (1) _LCD_Write_Char                                       1     1      0     135
                                              3 COMRAM     1     1      0
                     _LCD_write_data
 ---------------------------------------------------------------------------------
 (2) _LCD_Cursor_Increment                                 0     0      0     120
                  _LCD_write_command
 ---------------------------------------------------------------------------------
 (1) _LCD_Init                                             2     2      0     240
                                              4 COMRAM     2     2      0
                          _LCD_Clear
                    _LCD_pulse_clock
                  _LCD_write_command
 ---------------------------------------------------------------------------------
 (2) _LCD_Clear                                            1     1      0     120
                                              3 COMRAM     1     1      0
                  _LCD_write_command
 ---------------------------------------------------------------------------------
 (1) _LCD_Add_Character                                    4     1      3    1270
                                              5 COMRAM     4     1      3
                     _LCD_Cursor_Set
                  _LCD_write_command
                     _LCD_write_data
 ---------------------------------------------------------------------------------
 (2) _LCD_write_data                                       3     3      0     120
                                              0 COMRAM     3     3      0
                    _LCD_pulse_clock
 ---------------------------------------------------------------------------------
 (2) _LCD_Cursor_Set                                       2     1      1     614
                                              3 COMRAM     2     1      1
                  _LCD_write_command
 ---------------------------------------------------------------------------------
 (3) _LCD_write_command                                    3     3      0     120
                                              0 COMRAM     3     3      0
                    _LCD_pulse_clock
 ---------------------------------------------------------------------------------
 (3) _LCD_pulse_clock                                      0     0      0       0
 ---------------------------------------------------------------------------------
 (1) _GPIO_Init                                            0     0      0    5854
                      _configure_pin
                        _set_pin_low
 ---------------------------------------------------------------------------------
 (1) _set_pin_low                                          4     3      1     306
                                              0 COMRAM     4     3      1
 ---------------------------------------------------------------------------------
 (2) _configure_pin                                        8     1      7    5548
                                              4 COMRAM     8     1      7
                   _reset_pin_pullup
                _set_pin_analog_mode
               _set_pin_digital_mode
                      _set_pin_input
                 _set_pin_open_drain
                     _set_pin_output
                     _set_pin_pullup
                  _set_pin_push_pull
                 _set_pin_sr_limited
                 _set_pin_sr_maximum
                         _set_pin_st
                        _set_pin_ttl
 ---------------------------------------------------------------------------------
 (3) _set_pin_ttl                                          4     3      1     230
                                              0 COMRAM     4     3      1
 ---------------------------------------------------------------------------------
 (3) _set_pin_st                                           4     3      1     230
                                              0 COMRAM     4     3      1
 ---------------------------------------------------------------------------------
 (3) _set_pin_sr_maximum                                   4     3      1     230
                                              0 COMRAM     4     3      1
 ---------------------------------------------------------------------------------
 (3) _set_pin_sr_limited                                   4     3      1     230
                                              0 COMRAM     4     3      1
 ---------------------------------------------------------------------------------
 (3) _set_pin_push_pull                                    4     3      1     230
                                              0 COMRAM     4     3      1
 ---------------------------------------------------------------------------------
 (3) _set_pin_pullup                                       4     3      1     230
                                              0 COMRAM     4     3      1
 ---------------------------------------------------------------------------------
 (3) _set_pin_output                                       4     3      1     230
                                              0 COMRAM     4     3      1
 ---------------------------------------------------------------------------------
 (3) _set_pin_open_drain                                   4     3      1     230
                                              0 COMRAM     4     3      1
 ---------------------------------------------------------------------------------
 (3) _set_pin_input                                        4     3      1     230
                                              0 COMRAM     4     3      1
 ---------------------------------------------------------------------------------
 (3) _set_pin_digital_mode                                 4     3      1     230
                                              0 COMRAM     4     3      1
 ---------------------------------------------------------------------------------
 (3) _set_pin_analog_mode                                  4     3      1     230
                                              0 COMRAM     4     3      1
 ---------------------------------------------------------------------------------
 (3) _reset_pin_pullup                                     4     3      1     230
                                              0 COMRAM     4     3      1
 ---------------------------------------------------------------------------------
 (1) _Clock_Init                                           0     0      0       0
 ---------------------------------------------------------------------------------
 Estimated maximum stack depth 3
 ---------------------------------------------------------------------------------

 Call Graph Graphs:

 _main (ROOT)
   _Clock_Init
   _GPIO_Init
     _configure_pin
       _reset_pin_pullup
       _set_pin_analog_mode
       _set_pin_digital_mode
       _set_pin_input
       _set_pin_open_drain
       _set_pin_output
       _set_pin_pullup
       _set_pin_push_pull
       _set_pin_sr_limited
       _set_pin_sr_maximum
       _set_pin_st
       _set_pin_ttl
     _set_pin_low
   _LCD_Add_Character
     _LCD_Cursor_Set
       _LCD_write_command
         _LCD_pulse_clock
     _LCD_write_command
     _LCD_write_data
       _LCD_pulse_clock
   _LCD_Cursor_Increment
     _LCD_write_command
   _LCD_Cursor_Set
   _LCD_Init
     _LCD_Clear
       _LCD_write_command
     _LCD_pulse_clock
     _LCD_write_command
   _LCD_Update_Screen
     _LCD_Cursor_Increment
     _LCD_Cursor_Set
     _LCD_Write_Char
       _LCD_write_data
   _LCD_Write_Char
   _LCD_Write_String
     _LCD_write_data
   _set_pin_high
   _set_pin_low

 Address spaces:
Name               Size   Autos  Total    Cost      Usage
BIGRAM            1FFF      0       0      70        0.0%
EEDATA             400      0       0       0        0.0%
BITBIGSFRhll       352      0       0      80        0.0%
BITBIGSFR_1        100      0       0      69        0.0%
BITBANK36          100      0       0      67        0.0%
BANK36             100      0       0      68        0.0%
BITBANK35          100      0       0      65        0.0%
BANK35             100      0       0      66        0.0%
BITBANK34          100      0       0      63        0.0%
BANK34             100      0       0      64        0.0%
BITBANK33          100      0       0      61        0.0%
BANK33             100      0       0      62        0.0%
BITBANK32          100      0       0      59        0.0%
BANK32             100      0       0      60        0.0%
BITBANK31          100      0       0      56        0.0%
BANK31             100      0       0      57        0.0%
BITBANK30          100      0       0      54        0.0%
BANK30             100      0       0      55        0.0%
BITBANK29          100      0       0      52        0.0%
BANK29             100      0       0      53        0.0%
BITBANK28          100      0       0      50        0.0%
BANK28             100      0       0      51        0.0%
BITBANK27          100      0       0      48        0.0%
BANK27             100      0       0      49        0.0%
BITBANK26          100      0       0      46        0.0%
BANK26             100      0       0      47        0.0%
BITBANK25          100      0       0      44        0.0%
BANK25             100      0       0      45        0.0%
BITBANK24          100      0       0      42        0.0%
BANK24             100      0       0      43        0.0%
BITBANK23          100      0       0      40        0.0%
BANK23             100      0       0      41        0.0%
BITBANK22          100      0       0      38        0.0%
BANK22             100      0       0      39        0.0%
BITBANK21          100      0       0      36        0.0%
BANK21             100      0       0      37        0.0%
BITBANK20          100      0       0      34        0.0%
BANK20             100      0       0      35        0.0%
BITBANK19          100      0       0      32        0.0%
BANK19             100      0       0      33        0.0%
BITBANK18          100      0       0      30        0.0%
BANK18             100      0       0      31        0.0%
BITBANK17          100      0       0      28        0.0%
BANK17             100      0       0      29        0.0%
BITBANK16          100      0       0      26        0.0%
BANK16             100      0       0      27        0.0%
BITBANK15          100      0       0      24        0.0%
BANK15             100      0       0      25        0.0%
BITBANK14          100      0       0      22        0.0%
BANK14             100      0       0      23        0.0%
BITBANK13          100      0       0      20        0.0%
BANK13             100      0       0      21        0.0%
BITBANK12          100      0       0      18        0.0%
BANK12             100      0       0      19        0.0%
BITBANK11          100      0       0      16        0.0%
BANK11             100      0       0      17        0.0%
BITBANK10          100      0       0      14        0.0%
BANK10             100      0       0      15        0.0%
BITBANK9           100      0       0      12        0.0%
BANK9              100      0       0      13        0.0%
BITBANK8           100      0       0      10        0.0%
BANK8              100      0       0      11        0.0%
BITBANK7           100      0       0       8        0.0%
BANK7              100      0       0       9        0.0%
BITBANK6           100      0       0       6        0.0%
BANK6              100      0       0       7        0.0%
BITBIGSFRl          AD      0       0      81        0.0%
BITBANK5            A0      0       0       4        0.0%
BANK5               A0      0       0       5        0.0%
BITBIGSFRhlhhhh     91      0       0      74        0.0%
BITCOMRAM           5F      0       0       0        0.0%
COMRAM              5F     1A      34       1       54.7%
BITBIGSFRhhh        2C      0       0      71        0.0%
BITBIGSFRhlhhhh      3      0       0      75        0.0%
BITBIGSFRhlhhhh      3      0       0      76        0.0%
BITBIGSFRhlhhhl      3      0       0      77        0.0%
BITBIGSFRhlhhlh      3      0       0      78        0.0%
BITBIGSFRhlhlh       3      0       0      79        0.0%
BITBIGSFRhlhhhh      2      0       0      73        0.0%
BITBIGSFRhhl         2      0       0      72        0.0%
BIGSFR_1             0      0       0     200        0.0%
BIGSFR               0      0       0     200        0.0%
BITSFR_6             0      0       0     200        0.0%
SFR_6                0      0       0     200        0.0%
BITSFR_5             0      0       0     200        0.0%
SFR_5                0      0       0     200        0.0%
BITSFR_4             0      0       0     200        0.0%
SFR_4                0      0       0     200        0.0%
BITSFR_3             0      0       0     200        0.0%
SFR_3                0      0       0     200        0.0%
BITSFR_2             0      0       0     200        0.0%
SFR_2                0      0       0     200        0.0%
BITSFR_1             0      0       0     200        0.0%
SFR_1                0      0       0     200        0.0%
BITSFR               0      0       0     200        0.0%
SFR                  0      0       0     200        0.0%
STACK                0      0       0       2        0.0%
NULL                 0      0       0       0        0.0%
ABS                  0      0      34      58        0.0%
DATA                 0      0      34       3        0.0%
CODE                 0      0       0       0        0.0%


Microchip Technology PIC18 Macro Assembler V2.46 build 20240104201356 
Symbol Table                                                                                   Mon Oct 21 22:21:17 2024

    __end_of_set_pin_open_drain 32CC          LCD_Update_Screen@input 0506                               l5 3C36  
                _LCD_Cursor_Set 3AC2  configure_pin@slew_rate_limited 050A                  ?_configure_pin 0505  
       LCD_Update_Screen@output 0509                             l113 360C                             l125 31AC  
                           l221 2898                             l400 3708                             l137 2AEC  
                           l161 308E                             l233 29C2                             l209 2F70  
                           l410 3B20                             l403 3AC0                             l260 38F8  
                           l173 2C16                             l149 33E8                             l245 32CA  
                           l413 3C2E                             l406 3AD8                             l407 3AEE  
                           l360 3A3C                             l408 3B04                             l272 34FA  
                           l185 2E52                             l353 25EE                             l434 3BFC  
                           l371 398E                             l284 2D34                             l197 276E  
                           l373 39A6                             l366 3938                             l464 3B6C  
                           l394 3C1C                             l458 3BAC                             l467 3C26  
                           l397 3804                             u735 3716                             u745 3730  
                           u755 3756                             u765 361A                             u775 3634  
                           u785 365A                             wreg 04E8      __end_of_set_pin_sr_maximum 289A  
    __end_of_set_pin_sr_limited 2F72                            l2200 30FC                            l2202 311E  
                          l2220 2A12                            l2204 3140                            l1180 3C10  
                          l2222 2A36                            l2230 2AA2                            l2214 29C6  
                          l2310 2DA2                            l2302 2D38                            l1182 3C12  
                          l2240 32F4                            l2224 2A5A                            l2216 29CA  
                          l2208 3162                            l2400 2930                            l2312 2DC4  
                          l2304 2D3C                            l1184 3C1A                            l1600 3A72  
                          l2242 3316                            l2226 2A7E                            l2218 29EE  
                          l2170 34FE                            l2402 2954                            l2314 2DE6  
                          l2306 2D5E                            l2330 2694                            l1450 370C  
                          l1610 3A9E                            l1602 3A74                            l2244 3338  
                          l2252 339E                            l2236 32CE                            l2180 3582  
                          l2172 3502                            l2420 321A                            l2412 31B0  
                          l2260 2F78                            l2308 2D80                            l2332 26B8  
                          l2340 2724                            l2324 2648                            l1460 37D2  
                          l1452 370E                            l2500 3B16                            l1620 3AAA  
                          l1612 3AA0                            l1604 3A78                            l2246 335A  
                          l2238 32D2                            l2182 35A2                            l2174 3522  
                          l2422 323C                            l2414 31B4                            l2270 3022  
                          l2262 2F9A                            l2406 2978                            l2350 2E7C  
                          l2318 2E08                            l2334 26DC                            l2326 264C  
                          l1462 37EC                            l1454 378C                            l2502 3B1A  
                          l1470 3690                            l1622 3AB0                            l1614 3AA2  
                          l1606 3A8A                            l2510 3430                            l2280 2AF0  
                          l2248 337C                            l2176 3542                            l2424 325E  
                          l2416 31D6                            l2192 3092                            l2264 2FBC  
                          l2352 2E9E                            l2336 2700                            l2328 2670  
                          l2440 3830                            l1464 3800                            l1456 3790  
                          l1480 3704                            l1472 3694                            l1560 3BF6  
                          l1624 3AB6                            l1616 3AA4                            l1608 3A9A  
                          l1552 3C20                            l2512 3450                            l2520 34B0  
                          l2504 33EC                            l2600 2560                            l1562 3C30  
                          l2290 2B84                            l2282 2AF4                            l2178 3562  
                          l2186 35C2                            l2418 31F8                            l2194 3096  
                          l2266 2FDE                            l2274 3044                            l2258 2F74  
                          l2354 2EC0                            l2362 2F26                            l2346 2E56  
                          l2370 2776                            l2450 3876                            l2442 3840  
                          l2434 3808                            l1458 37B2                            l1474 36B6  
                          l1466 3610                            l2530 3B6E                            l1626 3ABC  
                          l1618 3AA6                            l1554 3C28                            l2514 3470  
                          l2506 33F0                            l2610 2582                            l2602 2566  
                          l2292 2BA8                            l2284 2B18                            l2428 3280  
                          l2196 30B8                            l2268 3000                            l2356 2EE2  
                          l2348 2E5A                            l2380 282A                            l2372 279A  
                          l2460 38B8                            l2452 3880                            l2444 384E  
                          l2436 3818                            l1476 36D6                            l1468 3612  
                          l2540 3B90                            l2532 3B7A                            l1556 3BE0  
                          l2516 3490                            l2508 3410                            l2620 259C  
                          l2612 2588                            l2604 2570                            l2286 2B3C  
                          l2198 30DA                            l2390 289C                            l2358 2F04  
                          l2374 27BE                            l2462 38C6                            l2454 3890  
                          l2446 3858                            l2438 3826                            l2470 2C1A  
                          l2526 39A8                            l1478 36F0                            l2542 3B92  
                          l1558 3BE6                            l1590 3A3E                            l2550 3B44  
                          l2630 25DE                            l2622 25B0                            l2614 2590  
                          l2606 2578                            l2288 2B60                            l2296 2BCC  
                          l2392 28A0                            l2376 27E2                            l2384 284E  
                          l2368 2772                            l2464 38D0                            l2456 389E  
                          l2448 3868                            l2480 2CA6                            l2472 2C1E  
                          l2528 39CA                            l2544 3BA2                            l1592 3A56  
                          l2560 3928                            l2552 3B46                            l2640 25FE  
                          l2632 25E2                            l2624 25C2                            l2616 2598  
                          l2608 257E                            l2394 28C4                            l2378 2806  
                          l2466 38E0                            l2458 38A8                            l2482 2CC8  
                          l2474 2C40                            l2538 3B7E                            l1594 3A6C  
                          l2570 395A                            l2562 3932                            l2554 38FA  
                          l2546 3B22                            l2642 2602                            l2634 25E6  
                          l2626 25D2                            l2618 259C                            l2396 28E8  
                          l2468 38EE                            l2476 2C62                            l2492 3AC4  
                          l1596 3A6E                            l2572 3962                            l2580 3994  
                          l2564 393C                            l2556 3904                            l2548 3B2A  
                          l2636 25F0                            l2644 2606                            l2628 25D4  
                          l2398 290C                            l2478 2C84                            l2486 2CEA  
                          l2494 3AD4                            l1598 3A70                            l2574 397E  
                          l2558 390C                            l2566 393E                            l2638 25FA  
                          l2646 2622                            l2590 2534                            l2582 2518  
                          l2496 3AEA                            l2576 3988                            l2568 3950  
                          l2648 2626                            l2592 2544                            l2584 251C  
                          l2498 3B00                            l2578 3992                            l2930 34C4  
                          l2594 254E                            l2586 2520                            l2940 2F3A  
                          l2932 2CFE                            l2596 2556                            l2588 2524  
                          l2950 35D6                            l2942 298C                            l2934 2738  
                          l2598 255C                            l2952 2AB6                            l2944 3058  
                          l2936 2E1C                            l2954 33B2                            l2946 3176  
                          l2938 2862                            l2956 2BE0                            l2948 3294  
                          STR_1 250C                            STR_2 2501                            u2004 324E  
                          u2020 3818                            u2005 324A                            u2021 3814  
                          u2014 3270                            u2030 3840                            u2015 326C  
                          u2031 383C                            u1304 3514                            u2040 3868  
                          u2104 2C74                            u1305 3510                            u2041 3864  
                          u2105 2C70                            u1314 3534                            u2050 3890  
                          u2114 2C96                            u1315 3530                            u2051 388C  
                          u2115 2C92                            u1324 3554                            u1404 3130  
                          u2060 38B8                            u2124 2CB8                            u2140 3AD4  
                          u2204 3442                            u2300 25AC                            u1325 3550  
                          u1405 312C                            u2061 38B4                            u2125 2CB4  
                          u2141 3AD0                            u2205 343E                            u2301 25A6  
                          _LATA 04BE                            u1334 3574                            u1414 3152  
                          u2070 38E0                            u2134 2CDA                            u2150 3AEA  
                          u2214 3462                            u2310 25AE                            _LATB 04BF  
                          u1335 3570                            u1415 314E                            u2071 38DC  
                          u2135 2CD6                            u2151 3AE6                            u2215 345E  
                          _LATC 04C0                            u1504 3328                            u1424 29DC  
                          u1344 3594                            u2160 3B00                            u2240 3BA2  
                          u2224 3482                            u2320 25C2                            _LATD 04C1  
                          u1505 3324                            u1425 29D8                            u1345 3590  
                          u2161 3AFC                            u2241 3B9E                            u2225 347E  
                          u2321 25BE                            _LATE 04C2                            u1514 334A  
                          u1434 2A00                            u1354 35B4                            u2170 3B16  
                          u2250 3B6C                            u2234 34A2                            u2330 25D2  
                          _LATF 04C3                            u1515 3346                            u1435 29FC  
                          u1355 35B0                            u2171 3B12                            u2251 3B68  
                          u2235 349E                            u2331 25CE                            u1604 2B06  
                          u1524 336C                            u1444 2A24                            u1364 30A8  
                          u2084 2C30                            u2260 3928                            u1605 2B02  
                          u1525 3368                            u1445 2A20                            u1365 30A4  
                          u2085 2C2C                            u2261 3924                            u1614 2B2A  
                          u1534 338E                            u1454 2A48                            u1374 30CA  
                          u2094 2C52                            u2270 3950                            u1615 2B26  
                          u1535 338A                            u1455 2A44                            u1375 30C6  
                          u2095 2C4E                            u2271 394C                            u1624 2B4E  
                          u1464 2A6C                            u1384 30EC                            u1544 2F8A  
                          u1704 2DD6                            u2280 397E                            u2184 3402  
                          u1625 2B4A                            u1465 2A68                            u1385 30E8  
                          u1545 2F86                            u1705 2DD2                            u2281 397A  
                          u2185 33FE                            u1634 2B72                            u1474 2A90  
                          u1394 310E                            u1554 2FAC                            u1714 2DF8  
                          u2290 39A6                            u2194 3422                            u1635 2B6E  
                          u1475 2A8C                            u1395 310A                            u1555 2FA8  
                          u1715 2DF4                            u2291 39A2                            u2195 341E  
                          u2347 2630                            u1644 2B96                            u1484 32E4  
                          u1564 2FCE                            u1804 2EB0                            u1724 265E  
                          u1645 2B92                            u1485 32E0                            u1565 2FCA  
                          u1805 2EAC                            u1725 265A                            u2357 3A60  
                          u1654 2BBA                            u1494 3306                            u1574 2FF0  
                          u1814 2ED2                            u1734 2682                            u1655 2BB6  
                          u1495 3302                            u1575 2FEC                            u1815 2ECE  
                          u1735 267E                            u2367 3A7E                            u1584 3012  
                          u1904 28B2                            u1824 2EF4                            u1664 2D4E  
                          u1744 26A6                            u1585 300E                            u1905 28AE  
                          u1825 2EF0                            u1665 2D4A                            u1745 26A2  
                          u2377 3A90                            u1594 3034                            u1914 28D6  
                          u1834 2F16                            u1674 2D70                            u1754 26CA  
                          u1595 3030                            u1915 28D2                            u1835 2F12  
                          u1675 2D6C                            u1755 26C6                            u2387 3BEC  
                          u1924 28FA                            u1844 2788                            u1684 2D92  
                          u1764 26EE                            u1925 28F6                            u1845 2784  
                          u1685 2D8E                            u1765 26EA                            u2397 3C14  
                          u1934 291E                            u1854 27AC                            u1694 2DB4  
                          u1774 2712                            u1935 291A                            u1855 27A8  
                          u1695 2DB0                            u1775 270E                            u1944 2942  
                          u1784 2E6C                            u1864 27D0                            u1945 293E  
                          u1785 2E68                            u1865 27CC                            u1954 2966  
                          u1794 2E8E                            u1874 27F4                            u1955 2962  
                          u1795 2E8A                            u1875 27F0                            u1964 31C6  
                          u1884 2818                            u1965 31C2                            u1885 2814  
                          u1974 31E8                            u1894 283C                            u1975 31E4  
                          u1895 2838                            u1984 320A                            u1985 3206  
                          u1994 322C                            u1995 3228                            _WPUA 0401  
                          _WPUB 0409                            _WPUC 0411                            _WPUD 0419  
                          _WPUE 0421                            _WPUF 0429               main@current_state 051A  
             ?_LCD_Write_String 0504        __end_of_reset_pin_pullup 2C18                            _main 2518  
                          indf2 04DF                            fsr1l 04E1                            fsr2l 04D9  
                          prodl 04F3                            start FFFC              ??_LCD_Write_String 0505  
        __end_of_LCD_Cursor_Set 3B22                    ___param_bank 0000                      _Clock_Init 3C30  
              __end_of_LCD_Init 3AC2                           ?_main 050E                           _PORTA 04CE  
                         _PORTB 04CF                           _PORTC 04D0                           _PORTD 04D1  
                         _PORTE 04D2                           _PORTF 04D3                           _TRISA 04C6  
                         _TRISB 04C7                           _TRISC 04C8                           _TRISD 04C9  
                         _TRISE 04CA                           _TRISF 04CB                           tablat 04F5  
          configure_pin@use_ttl 0509                           status 04D8                  _LCD_Write_Char 3C1E  
               ?_LCD_Cursor_Set 0504                 __initialization 3BAE                    __end_of_main 2646  
               ??_configure_pin 050C                          ??_main 0513               __end_of_LCD_Clear 3BFE  
                 __activetblptr 0003               __end_of_GPIO_Init 3A3E               _set_pin_push_pull 289A  
                        _ANSELA 0400                          _ANSELB 0408                          _ANSELC 0410  
                        _ANSELD 0418                          _ANSELE 0420                          _ANSELF 0428  
                        _ODCONA 0402                          _ODCONB 040A                          _ODCONC 0412  
                        _ODCOND 041A                          _ODCONE 0422                          _ODCONF 042A  
                        _INLVLA 0404                          _INLVLB 040C                          _INLVLC 0414  
                        _INLVLD 041C                          _INLVLE 0424                          _INLVLF 042C  
            ?_set_pin_push_pull 0501          __end_of_LCD_Write_Char 3C28             ??_set_pin_push_pull 0502  
                  ?_set_pin_low 0501                    ?_set_pin_ttl 0501    set_pin_sr_maximum@pin_number 0501  
         configure_pin@is_input 0506                     ?_Clock_Init 0501           set_pin_high@port_name 0504  
                        clear_0 3BD4                          isa$std 0001   set_pin_analog_mode@pin_number 0501  
                  __pdataCOMRAM 051B                    __mediumconst 0000                          tblptrh 04F7  
                        tblptrl 04F6                          tblptru 04F8       __end_of_set_pin_push_pull 29C4  
          set_pin_ttl@port_name 0504                      __accesstop 0560         __end_of__initialization 3BDA  
                     ?_LCD_Init 0501                   ___rparam_used 0001                 ?_LCD_Write_Char 0501  
      set_pin_output@pin_number 0501                  __pcstackCOMRAM 0501                  _LCD_entry_mode 051B  
             _LCD_write_command 370A              ?_LCD_write_command 0501           __end_of_set_pin_input 360E  
  __end_of_LCD_Cursor_Increment 3C30              _set_pin_open_drain 31AE             ??_LCD_write_command 0501  
    configure_pin@use_push_pull 050B    set_pin_sr_limited@pin_number 0501             ?_set_pin_open_drain 0501  
                    ??_LCD_Init 0505               ?_reset_pin_pullup 0501              _set_pin_sr_maximum 2770  
            _set_pin_sr_limited 2E54              ??_reset_pin_pullup 0502             _set_pin_analog_mode 32CC  
   set_pin_sr_maximum@port_name 0504              main@previous_state 0517       __end_of_LCD_write_command 3806  
          ??_set_pin_open_drain 0502          LCD_Write_String@string 0504             ?_set_pin_sr_maximum 0501  
           ?_set_pin_sr_limited 0501            ?_set_pin_analog_mode 0501                         _OSCCON1 00AD  
                       _SLRCONA 0403                         _SLRCONB 040B                         _SLRCONC 0413  
                       _SLRCOND 041B                         _SLRCONE 0423                         _SLRCONF 042B  
                    _high_state 051D          set_pin_high@pin_number 0501            ??_set_pin_sr_maximum 0502  
          ??_set_pin_sr_limited 0502        LCD_write_command@command 0503           set_pin_low@pin_number 0501  
   set_pin_sr_limited@port_name 0504                ??_LCD_Cursor_Set 0505                         __Hparam 0000  
                       __Lparam 0000                  _LCD_write_data 360E                   ?_set_pin_high 0501  
                  __psmallconst 2500             set_pin_st@port_name 0504                         __pcinit 3BAE  
                       __ramtop 2500                         __ptext0 2518                         __ptext1 33EA  
                       __ptext2 3B22                         __ptext3 38FA                         __ptext4 3C1E  
                       __ptext5 3C28                         __ptext6 3A3E                         __ptext7 3BE0  
                       __ptext8 3B6E                         __ptext9 360E           ??_set_pin_analog_mode 0502  
         set_pin_ttl@pin_number 0501                       _LCD_Clear 3BE0               LCD_Cursor_Set@row 0505  
                     _GPIO_Init 39A8            end_of_initialization 3BDA      set_pin_push_pull@port_name 0504  
          _LCD_Cursor_Increment 3C28          configure_pin@port_name 050C             _LCD_display_control 051C  
        __end_of_LCD_write_data 370A                      _set_pin_st 2D36                         postdec1 04E5  
                ??_set_pin_high 0502                         postinc0 04EE                      main@F17556 0533  
                    main@F17558 0531                    ??_Clock_Init 0501           __end_of_configure_pin 38FA  
                     _PORTBbits 04CF               ??_LCD_pulse_clock 0501                       _TRISCbits 04C8  
                     _TRISFbits 04CB              LCD_Update_Screen@i 050C                      ?_LCD_Clear 0501  
      set_pin_pullup@pin_number 0501                      ?_GPIO_Init 0501               LCD_Write_String@i 0506  
              ??_LCD_Write_Char 0504              __end_of_Clock_Init 3C38            LCD_Cursor_Set@column 0504  
   LCD_Update_Screen@input_size 0508                  _set_pin_pullup 2F72                  _set_pin_output 3090  
         ?_LCD_Cursor_Increment 0501                      main@output 0518                 ?_LCD_write_data 0501  
              _LCD_Write_String 3B22                   __pidataCOMRAM 3BFE    __end_of_set_pin_digital_mode 2AEE  
           start_initialization 3BAE          __end_of_set_pin_pullup 3090          __end_of_set_pin_output 31AE  
   set_pin_open_drain@port_name 0504                     ?_set_pin_st 0501                     __pbssCOMRAM 052D  
                   ??_LCD_Clear 0504                     ??_GPIO_Init 050D            __end_of_set_pin_high 34FC  
               ?_set_pin_pullup 0501                 ?_set_pin_output 0501          ??_LCD_Cursor_Increment 0504  
            LCD_Add_Character@i 0509         set_pin_output@port_name 0504  set_pin_digital_mode@pin_number 0501  
                   __smallconst 2500       reset_pin_pullup@port_name 0504              LCD_write_data@data 0503  
          set_pin_low@port_name 0504               _LCD_Update_Screen 38FA                        _LCD_Init 3A3E  
                      _LATCbits 04C0                        _LATFbits 04C3              ?_LCD_Update_Screen 0506  
          _set_pin_digital_mode 29C4                       _low_state 0525                 _LCD_pulse_clock 3C10  
                 ??_set_pin_low 0502                   ??_set_pin_ttl 0502             ??_LCD_Update_Screen 050C  
  set_pin_open_drain@pin_number 0501     __end_of_set_pin_analog_mode 33EA         set_pin_input@pin_number 0501  
             _LCD_Add_Character 3B6E                   _set_pin_input 34FC              ?_LCD_Add_Character 0506  
                     main@input 0515       __end_of_LCD_Update_Screen 39A8                       copy_data0 3BC2  
       set_pin_pullup@port_name 0504             ??_LCD_Add_Character 0509        __end_of_LCD_Write_String 3B6E  
          set_pin_st@pin_number 0501                ??_LCD_write_data 0501           ?_set_pin_digital_mode 0501  
                      __Hrparam 0000                       modff@F522 052D                        __Lrparam 0000  
  LCD_Update_Screen@output_size 050B       __end_of_LCD_Add_Character 3BAE                _reset_pin_pullup 2AEE  
                ?_set_pin_input 0501             __end_of_set_pin_low 2D36             __end_of_set_pin_ttl 2770  
       configure_pin@is_digital 0507                        __ptext10 3AC2                        __ptext11 370A  
                      __ptext20 289A                        __ptext12 3C10                        __ptext21 2F72  
                      __ptext13 39A8                        __ptext22 3090                        __ptext14 2C18  
                      __ptext23 31AE                        __ptext15 3806                        __ptext24 34FC  
                      __ptext16 2646                        __ptext25 29C4                        __ptext17 2D36  
                      __ptext26 32CC                        __ptext18 2770                        __ptext27 2AEE  
                      __ptext19 2E54                        __ptext28 3C30    set_pin_analog_mode@port_name 0504  
   set_pin_push_pull@pin_number 0501   set_pin_digital_mode@port_name 0504         __end_of_LCD_pulse_clock 3C1E  
                  ??_set_pin_st 0502                        isa$xinst 0000         configure_pin@pin_number 0505  
                  _set_pin_high 33EA                        main@argc 050E                        main@argv 0510  
      LCD_Add_Character@address 0508          set_pin_input@port_name 0504                ??_set_pin_pullup 0502  
              ??_set_pin_output 0502              __end_of_set_pin_st 2E54        LCD_Add_Character@pattern 0506  
        ??_set_pin_digital_mode 0502                     _set_pin_low 2C18         LCD_Write_Char@character 0504  
                   _set_pin_ttl 2646      configure_pin@enable_pullup 0508                 ??_set_pin_input 0502  
    reset_pin_pullup@pin_number 0501                   _configure_pin 3806                ?_LCD_pulse_clock 0501  
        LCD_Update_Screen@i_295 050D  
