

Microchip MPLAB XC8 Assembler V2.46 build 20240104201356 
                                                                                               Tue Oct 29 00:16:44 2024

Microchip MPLAB XC8 C Compiler v2.46 (Free license) build 20240104201356 Og1 
     1                           	processor	18F57Q43
     2                           	fnconf	rparam,??,?,0
     3                           	pagewidth 120
     4                           	opt	flic
     5                           	psect	smallconst,global,reloc=2,class=SMALLCONST,delta=1,noexec
     6                           	psect	cinit,global,reloc=2,class=CODE,delta=1
     7                           	psect	bssCOMRAM,global,class=COMRAM,space=1,delta=1,lowdata,noexec
     8                           	psect	cstackCOMRAM,global,class=COMRAM,space=1,delta=1,lowdata,noexec
     9                           	psect	text0,global,reloc=2,class=CODE,delta=1
    10                           	psect	text1,global,reloc=2,class=CODE,delta=1,group=3
    11                           	psect	text2,global,reloc=2,class=CODE,delta=1,group=1
    12                           	psect	text3,global,reloc=2,class=CODE,delta=1,group=1
    13                           	psect	text4,global,reloc=2,class=CODE,delta=1,group=3
    14                           	psect	text5,global,reloc=2,class=CODE,delta=1
    15                           	psect	text6,global,reloc=2,class=CODE,delta=1
    16                           	psect	text7,global,reloc=2,class=CODE,delta=1,group=2
    17                           	psect	text8,global,reloc=2,class=CODE,delta=1,group=2
    18                           	psect	text9,global,reloc=2,class=CODE,delta=1
    19                           	psect	text10,global,reloc=2,class=CODE,delta=1,group=2
    20                           	psect	text11,global,reloc=2,class=CODE,delta=1
    21                           	psect	text12,global,reloc=2,class=CODE,delta=1
    22                           	psect	text13,global,reloc=2,class=CODE,delta=1
    23                           	psect	text14,global,reloc=2,class=CODE,delta=1
    24                           	psect	text15,global,reloc=2,class=CODE,delta=1
    25                           	psect	text16,global,reloc=2,class=CODE,delta=1
    26                           	psect	text17,global,reloc=2,class=CODE,delta=1
    27                           	psect	text18,global,reloc=2,class=CODE,delta=1
    28                           	psect	text19,global,reloc=2,class=CODE,delta=1
    29                           	psect	text20,global,reloc=2,class=CODE,delta=1
    30                           	psect	text21,global,reloc=2,class=CODE,delta=1
    31                           	psect	text22,global,reloc=2,class=CODE,delta=1
    32                           	psect	text23,global,reloc=2,class=CODE,delta=1
    33                           	psect	text24,global,reloc=2,class=CODE,delta=1
    34                           	psect	text25,global,reloc=2,class=CODE,delta=1
    35                           	psect	text26,global,reloc=2,class=CODE,delta=1
    36                           	psect	text27,global,reloc=4,class=CODE,delta=1
    37                           	psect	text28,global,reloc=2,class=CODE,delta=1
    38                           	psect	ivt0x3008,global,reloc=2,class=CODE,delta=1,noexec,keep,optim=
    39                           	psect	intsave_regs,global,class=BIGRAM,space=1,delta=1,noexec
    40                           	psect	rparam,global,class=COMRAM,space=1,delta=1,noexec
    41                           	psect	config,global,abs,ovrld,class=CONFIG,space=4,delta=1,noexec
    42   000000                     
    43                           ; Generated 18/12/2023 GMT
    44                           ; 
    45                           ; Copyright © 2023, Microchip Technology Inc. and its subsidiaries ("Microchip")
    46                           ; All rights reserved.
    47                           ; 
    48                           ; This software is developed by Microchip Technology Inc. and its subsidiaries ("Microch
      +                          ip").
    49                           ; 
    50                           ; Redistribution and use in source and binary forms, with or without modification, are
    51                           ; permitted provided that the following conditions are met:
    52                           ; 
    53                           ;     1. Redistributions of source code must retain the above copyright notice, this lis
      +                          t of
    54                           ;        conditions and the following disclaimer.
    55                           ; 
    56                           ;     2. Redistributions in binary form must reproduce the above copyright notice, this 
      +                          list
    57                           ;        of conditions and the following disclaimer in the documentation and/or other
    58                           ;        materials provided with the distribution. Publication is not required when
    59                           ;        this file is used in an embedded application.
    60                           ; 
    61                           ;     3. Microchip's name may not be used to endorse or promote products derived from th
      +                          is
    62                           ;        software without specific prior written permission.
    63                           ; 
    64                           ; THIS SOFTWARE IS PROVIDED BY MICROCHIP "AS IS" AND ANY EXPRESS OR IMPLIED WARRANTIES,
    65                           ; INCLUDING, BUT NOT LIMITED TO, THE IMPLIED WARRANTIES OF MERCHANTABILITY AND FITNESS F
      +                          OR
    66                           ; PURPOSE ARE DISCLAIMED.  IN NO EVENT SHALL MICROCHIP BE LIABLE FOR ANY DIRECT, INDIREC
      +                          T,
    67                           ; INCIDENTAL, SPECIAL, EXEMPLARY, OR CONSEQUENTIAL DAMAGES (INCLUDING BUT NOT LIMITED TO
    68                           ; PROCUREMENT OF SUBSTITUTE GOODS OR SERVICES; LOSS OF USE, DATA OR PROFITS; OR BUSINESS
    69                           ; INTERRUPTION) HOWSOEVER CAUSED AND ON ANY THEORY OF LIABILITY, WHETHER IN CONTRACT, ST
      +                          RICT
    70                           ; LIABILITY, OR TORT (INCLUDING NEGLIGENCE OR OTHERWISE) ARISING IN ANY WAY OUT OF THE U
      +                          SE OF
    71                           ; THIS SOFTWARE, EVEN IF ADVISED OF THE POSSIBILITY OF SUCH DAMAGE.
    72                           ; 
    73                           ; 
    74                           ; Code-generator required, PIC18F57Q43 Definitions
    75                           ; 
    76                           ; SFR Addresses
    77   000000                     _U1BRG	set	686
    78   000000                     _U1CON1bits	set	684
    79   000000                     _U1CON2bits	set	685
    80   000000                     _ODCONF	set	1066
    81   000000                     _ODCONE	set	1058
    82   000000                     _ODCOND	set	1050
    83   000000                     _ODCONC	set	1042
    84   000000                     _ODCONB	set	1034
    85   000000                     _ODCONA	set	1026
    86   000000                     _SLRCONF	set	1067
    87   000000                     _SLRCONE	set	1059
    88   000000                     _SLRCOND	set	1051
    89   000000                     _SLRCONC	set	1043
    90   000000                     _SLRCONB	set	1035
    91   000000                     _SLRCONA	set	1027
    92   000000                     _INLVLF	set	1068
    93   000000                     _INLVLE	set	1060
    94   000000                     _INLVLD	set	1052
    95   000000                     _INLVLC	set	1044
    96   000000                     _INLVLB	set	1036
    97   000000                     _INLVLA	set	1028
    98   000000                     _WPUF	set	1065
    99   000000                     _WPUE	set	1057
   100   000000                     _WPUD	set	1049
   101   000000                     _WPUC	set	1041
   102   000000                     _WPUB	set	1033
   103   000000                     _WPUA	set	1025
   104   000000                     _ANSELF	set	1064
   105   000000                     _ANSELE	set	1056
   106   000000                     _ANSELD	set	1048
   107   000000                     _ANSELC	set	1040
   108   000000                     _ANSELB	set	1032
   109   000000                     _LATFbits	set	1219
   110   000000                     _OSCCON1	set	173
   111   000000                     _RF0PPS	set	553
   112   000000                     _U1CON0bits	set	683
   113   000000                     _ANSELA	set	1024
   114   000000                     _TRISA	set	1222
   115   000000                     _PORTA	set	1230
   116   000000                     _TRISF	set	1227
   117   000000                     _TRISE	set	1226
   118   000000                     _TRISD	set	1225
   119   000000                     _TRISC	set	1224
   120   000000                     _TRISB	set	1223
   121   000000                     _IVTBASEL	set	1117
   122   000000                     _IVTBASEH	set	1118
   123   000000                     _IVTBASEU	set	1119
   124   000000                     _PIE4bits	set	1186
   125   000000                     _PIR4bits	set	1202
   126   000000                     _LATA	set	1214
   127   000000                     _LATF	set	1219
   128   000000                     _LATE	set	1218
   129   000000                     _LATD	set	1217
   130   000000                     _LATC	set	1216
   131   000000                     _LATB	set	1215
   132   000000                     _INTCON0bits	set	1238
   133   000000                     _PORTF	set	1235
   134   000000                     _PORTE	set	1234
   135   000000                     _PORTD	set	1233
   136   000000                     _PORTC	set	1232
   137   000000                     _PORTB	set	1231
   138   000000                     _U1FIFObits	set	688
   139   000000                     _U1ERRIRbits	set	690
   140   000000                     _U1RXPPSbits	set	626
   141   000000                     _U1RXB	set	673
   142   000000                     _U1TXB	set	675
   143   000000                     _IPR4bits	set	870
   144                           
   145                           	psect	smallconst
   146   002500                     __psmallconst:
   147                           	callstack 0
   148   002500  00                 	db	0
   149   002501                     STR_1:
   150                           
   151                           ; BSR set to: 2
   152   002501  48                 	db	72	;'H'
   153   002502  6F                 	db	111	;'o'
   154   002503  6C                 	db	108	;'l'
   155   002504  61                 	db	97	;'a'
   156   002505  20                 	db	32
   157   002506  4D                 	db	77	;'M'
   158   002507  75                 	db	117	;'u'
   159   002508  6E                 	db	110	;'n'
   160   002509  64                 	db	100	;'d'
   161   00250A  6F                 	db	111	;'o'
   162   00250B  20                 	db	32
   163   00250C  25                 	db	37
   164   00250D  75                 	db	117	;'u'
   165   00250E  20                 	db	32
   166   00250F  0D                 	db	13
   167   002510  0A                 	db	10
   168   002511  00                 	db	0
   169   002512  00                 	db	0	; dummy byte at the end
   170   000000                     
   171                           ; #config settings
   172                           
   173                           	psect	cinit
   174   0045D6                     __pcinit:
   175                           	callstack 0
   176   0045D6                     start_initialization:
   177                           	callstack 0
   178   0045D6                     __initialization:
   179                           	callstack 0
   180                           
   181                           ; Clear objects allocated to COMRAM (43 bytes)
   182   0045D6  EE01  F12E         	lfsr	0,__pbssCOMRAM
   183   0045DA  0E2B               	movlw	43
   184   0045DC                     clear_0:
   185   0045DC  6AEE               	clrf	postinc0,c
   186   0045DE  06E8               	decf	wreg,f,c
   187   0045E0  E1FD               	bnz	clear_0
   188                           
   189                           ;
   190                           ; Setup IVTBASE
   191                           ;
   192   0045E2  0104               	movlb	4
   193   0045E4  0E08               	movlw	(ivt0x3008_base shr 0)& (0+255)
   194   0045E6  6F5D               	movwf	93,b
   195   0045E8  0E30               	movlw	(ivt0x3008_base shr (0+8))& (0+255)
   196   0045EA  6F5E               	movwf	94,b
   197   0045EC  0E00               	movlw	(ivt0x3008_base shr (0+16))& (0+255)
   198   0045EE  6F5F               	movwf	95,b
   199   0045F0                     end_of_initialization:
   200                           	callstack 0
   201   0045F0                     __end_of__initialization:
   202                           	callstack 0
   203   0045F0  0100               	movlb	0
   204   0045F2  EFA2  F021         	goto	_main	;jump to C main() function
   205                           
   206                           	psect	bssCOMRAM
   207   00052E                     __pbssCOMRAM:
   208                           	callstack 0
   209   00052E                     _dbuf:
   210                           	callstack 0
   211   00052E                     	ds	32
   212   00054E                     _width:
   213                           	callstack 0
   214   00054E                     	ds	2
   215   000550                     _prec:
   216                           	callstack 0
   217   000550                     	ds	2
   218   000552                     _button_press_counter:
   219                           	callstack 0
   220   000552                     	ds	2
   221   000554                     _x:
   222                           	callstack 0
   223   000554                     	ds	2
   224   000556                     _button_flag:
   225                           	callstack 0
   226   000556                     	ds	2
   227   000558                     _flags:
   228                           	callstack 0
   229   000558                     	ds	1
   230                           
   231                           	psect	cstackCOMRAM
   232   000501                     __pcstackCOMRAM:
   233                           	callstack 0
   234   000501                     INT_ISR@dataRx:
   235                           	callstack 0
   236                           
   237                           ; 1 bytes @ 0x0
   238   000501                     	ds	1
   239   000502                     ?___lwdiv:
   240                           	callstack 0
   241   000502                     ?___lwmod:
   242                           	callstack 0
   243   000502                     ?___lldiv:
   244                           	callstack 0
   245   000502                     set_pin_input@pin_number:
   246                           	callstack 0
   247   000502                     set_pin_output@pin_number:
   248                           	callstack 0
   249   000502                     set_pin_digital_mode@pin_number:
   250                           	callstack 0
   251   000502                     set_pin_analog_mode@pin_number:
   252                           	callstack 0
   253   000502                     set_pin_pullup@pin_number:
   254                           	callstack 0
   255   000502                     reset_pin_pullup@pin_number:
   256                           	callstack 0
   257   000502                     set_pin_st@pin_number:
   258                           	callstack 0
   259   000502                     set_pin_ttl@pin_number:
   260                           	callstack 0
   261   000502                     set_pin_sr_limited@pin_number:
   262                           	callstack 0
   263   000502                     set_pin_sr_maximum@pin_number:
   264                           	callstack 0
   265   000502                     set_pin_push_pull@pin_number:
   266                           	callstack 0
   267   000502                     set_pin_open_drain@pin_number:
   268                           	callstack 0
   269   000502                     UART1_Write_Char@ch:
   270                           	callstack 0
   271   000502                     ___lwdiv@dividend:
   272                           	callstack 0
   273   000502                     ___lwmod@dividend:
   274                           	callstack 0
   275   000502                     ___lldiv@dividend:
   276                           	callstack 0
   277                           
   278                           ; 4 bytes @ 0x1
   279   000502                     	ds	1
   280   000503                     ??_set_pin_input:
   281   000503                     ??_set_pin_output:
   282   000503                     ??_set_pin_digital_mode:
   283   000503                     ??_set_pin_analog_mode:
   284   000503                     ??_set_pin_pullup:
   285   000503                     ??_reset_pin_pullup:
   286   000503                     ??_set_pin_st:
   287   000503                     ??_set_pin_ttl:
   288   000503                     ??_set_pin_sr_limited:
   289   000503                     ??_set_pin_sr_maximum:
   290   000503                     ??_set_pin_push_pull:
   291   000503                     ??_set_pin_open_drain:
   292   000503                     putch@dataTx:
   293                           	callstack 0
   294                           
   295                           ; 1 bytes @ 0x2
   296   000503                     	ds	1
   297   000504                     ___lwdiv@divisor:
   298                           	callstack 0
   299   000504                     ___lwmod@divisor:
   300                           	callstack 0
   301   000504                     fputc@c:
   302                           	callstack 0
   303                           
   304                           ; 2 bytes @ 0x3
   305   000504                     	ds	1
   306   000505                     set_pin_input@port_name:
   307                           	callstack 0
   308   000505                     set_pin_output@port_name:
   309                           	callstack 0
   310   000505                     set_pin_digital_mode@port_name:
   311                           	callstack 0
   312   000505                     set_pin_analog_mode@port_name:
   313                           	callstack 0
   314   000505                     set_pin_pullup@port_name:
   315                           	callstack 0
   316   000505                     reset_pin_pullup@port_name:
   317                           	callstack 0
   318   000505                     set_pin_st@port_name:
   319                           	callstack 0
   320   000505                     set_pin_ttl@port_name:
   321                           	callstack 0
   322   000505                     set_pin_sr_limited@port_name:
   323                           	callstack 0
   324   000505                     set_pin_sr_maximum@port_name:
   325                           	callstack 0
   326   000505                     set_pin_push_pull@port_name:
   327                           	callstack 0
   328   000505                     set_pin_open_drain@port_name:
   329                           	callstack 0
   330                           
   331                           ; 1 bytes @ 0x4
   332   000505                     	ds	1
   333   000506                     configure_pin@pin_number:
   334                           	callstack 0
   335   000506                     ___lwmod@counter:
   336                           	callstack 0
   337   000506                     ___lwdiv@quotient:
   338                           	callstack 0
   339   000506                     fputc@fp:
   340                           	callstack 0
   341   000506                     ___lldiv@divisor:
   342                           	callstack 0
   343                           
   344                           ; 4 bytes @ 0x5
   345   000506                     	ds	1
   346   000507                     configure_pin@is_input:
   347                           	callstack 0
   348                           
   349                           ; 1 bytes @ 0x6
   350   000507                     	ds	1
   351   000508                     ??_fputc:
   352   000508                     configure_pin@is_digital:
   353                           	callstack 0
   354   000508                     ___lwdiv@counter:
   355                           	callstack 0
   356                           
   357                           ; 1 bytes @ 0x7
   358   000508                     	ds	1
   359   000509                     configure_pin@enable_pullup:
   360                           	callstack 0
   361                           
   362                           ; 1 bytes @ 0x8
   363   000509                     	ds	1
   364   00050A                     configure_pin@use_ttl:
   365                           	callstack 0
   366   00050A                     ___lldiv@quotient:
   367                           	callstack 0
   368                           
   369                           ; 4 bytes @ 0x9
   370   00050A                     	ds	1
   371   00050B                     configure_pin@slew_rate_limited:
   372                           	callstack 0
   373                           
   374                           ; 1 bytes @ 0xA
   375   00050B                     	ds	1
   376   00050C                     configure_pin@use_push_pull:
   377                           	callstack 0
   378                           
   379                           ; 1 bytes @ 0xB
   380   00050C                     	ds	1
   381   00050D                     configure_pin@port_name:
   382                           	callstack 0
   383   00050D                     vfpfcnvrt@fp:
   384                           	callstack 0
   385                           
   386                           ; 2 bytes @ 0xC
   387   00050D                     	ds	1
   388   00050E                     ___lldiv@counter:
   389                           	callstack 0
   390                           
   391                           ; 1 bytes @ 0xD
   392   00050E                     	ds	1
   393   00050F                     vfpfcnvrt@fmt:
   394                           	callstack 0
   395   00050F                     UART1_Init@baud:
   396                           	callstack 0
   397                           
   398                           ; 4 bytes @ 0xE
   399   00050F                     	ds	2
   400   000511                     vfpfcnvrt@ap:
   401                           	callstack 0
   402                           
   403                           ; 2 bytes @ 0x10
   404   000511                     	ds	2
   405   000513                     ??_vfpfcnvrt:
   406                           
   407                           ; 1 bytes @ 0x12
   408   000513                     	ds	2
   409   000515                     vfpfcnvrt@convarg:
   410                           	callstack 0
   411                           
   412                           ; 4 bytes @ 0x14
   413   000515                     	ds	4
   414   000519                     vfpfcnvrt@cp:
   415                           	callstack 0
   416                           
   417                           ; 1 bytes @ 0x18
   418   000519                     	ds	1
   419   00051A                     vfpfcnvrt@c:
   420                           	callstack 0
   421                           
   422                           ; 1 bytes @ 0x19
   423   00051A                     	ds	1
   424   00051B                     ?_vfprintf:
   425                           	callstack 0
   426   00051B                     vfprintf@fp:
   427                           	callstack 0
   428                           
   429                           ; 2 bytes @ 0x1A
   430   00051B                     	ds	2
   431   00051D                     vfprintf@fmt:
   432                           	callstack 0
   433                           
   434                           ; 1 bytes @ 0x1C
   435   00051D                     	ds	1
   436   00051E                     vfprintf@ap:
   437                           	callstack 0
   438                           
   439                           ; 2 bytes @ 0x1D
   440   00051E                     	ds	2
   441   000520                     vfprintf@cfmt:
   442                           	callstack 0
   443                           
   444                           ; 1 bytes @ 0x1F
   445   000520                     	ds	1
   446   000521                     ?_printf:
   447                           	callstack 0
   448   000521                     printf@fmt:
   449                           	callstack 0
   450                           
   451                           ; 1 bytes @ 0x20
   452   000521                     	ds	3
   453   000524                     printf@ap:
   454                           	callstack 0
   455                           
   456                           ; 2 bytes @ 0x23
   457   000524                     	ds	2
   458   000526                     
   459                           ; 2 bytes @ 0x25
   460   000526                     	ds	2
   461   000528                     
   462                           ; 3 bytes @ 0x27
   463   000528                     	ds	3
   464   00052B                     ??_main:
   465                           
   466                           ; 1 bytes @ 0x2A
   467   00052B                     	ds	2
   468   00052D                     main@i:
   469                           	callstack 0
   470                           
   471                           ; 1 bytes @ 0x2C
   472   00052D                     	ds	1
   473                           
   474 ;;
   475 ;;Main: autosize = 0, tempsize = 2, incstack = 0, save=0
   476 ;;
   477 ;; *************** function _main *****************
   478 ;; Defined at:
   479 ;;		line 15 in file "main.c"
   480 ;; Parameters:    Size  Location     Type
   481 ;;  argc            2   37[COMRAM] int 
   482 ;;  argv            3   39[COMRAM] PTR PTR unsigned char 
   483 ;; Auto vars:     Size  Location     Type
   484 ;;  i               1   44[COMRAM] unsigned char 
   485 ;; Return value:  Size  Location     Type
   486 ;;                  2   37[COMRAM] int 
   487 ;; Registers used:
   488 ;;		wreg, fsr1l, fsr1h, fsr2l, fsr2h, status,2, status,0, tblptrl, tblptrh, tblptru, cstack
   489 ;; Tracked objects:
   490 ;;		On entry : 0/0
   491 ;;		On exit  : 0/0
   492 ;;		Unchanged: 0/0
   493 ;; Data sizes:     COMRAM   BANK5   BANK6   BANK7   BANK8   BANK9  BANK10  BANK11  BANK12  BANK13  BANK14  BANK15  BANK1
      +6  BANK17  BANK18  BANK19  BANK20  BANK21  BANK22  BANK23  BANK24  BANK25  BANK26  BANK27  BANK28  BANK29  BANK30  BANK3
      +1  BANK32  BANK33  BANK34  BANK35  BANK36
   494 ;;      Params:         5       0       0       0       0       0       0       0       0       0       0       0       
      +0       0       0       0       0       0       0       0       0       0       0       0       0       0       0       
      +0       0       0       0       0       0
   495 ;;      Locals:         1       0       0       0       0       0       0       0       0       0       0       0       
      +0       0       0       0       0       0       0       0       0       0       0       0       0       0       0       
      +0       0       0       0       0       0
   496 ;;      Temps:          2       0       0       0       0       0       0       0       0       0       0       0       
      +0       0       0       0       0       0       0       0       0       0       0       0       0       0       0       
      +0       0       0       0       0       0
   497 ;;      Totals:         8       0       0       0       0       0       0       0       0       0       0       0       
      +0       0       0       0       0       0       0       0       0       0       0       0       0       0       0       
      +0       0       0       0       0       0
   498 ;;Total ram usage:        8 bytes
   499 ;; Hardware stack levels required when called: 8
   500 ;; This function calls:
   501 ;;		_Clock_Init
   502 ;;		_GPIO_Init
   503 ;;		_INTERRUPT_Init
   504 ;;		_UART1_Init
   505 ;;		_printf
   506 ;; This function is called by:
   507 ;;		Startup code after reset
   508 ;; This function uses a non-reentrant model
   509 ;;
   510                           
   511                           	psect	text0
   512   004344                     __ptext0:
   513                           	callstack 0
   514   004344                     _main:
   515                           	callstack 119
   516   004344                     
   517                           ;main.c: 17:     }
   518   004344  EC16  F023         	call	_Clock_Init	;wreg free
   519   004348                     
   520                           ;main.c: 18: 
   521   004348  EC1A  F022         	call	_GPIO_Init	;wreg free
   522   00434C                     
   523                           ;main.c: 19:     return (0);
   524   00434C  0E80               	movlw	128
   525   00434E  6E0F               	movwf	UART1_Init@baud^(0+1280),c
   526   004350  0E25               	movlw	37
   527   004352  6E10               	movwf	(UART1_Init@baud+1)^(0+1280),c
   528   004354  0E00               	movlw	0
   529   004356  6E11               	movwf	(UART1_Init@baud+2)^(0+1280),c
   530   004358  0E00               	movlw	0
   531   00435A  6E12               	movwf	(UART1_Init@baud+3)^(0+1280),c
   532   00435C  EC53  F021         	call	_UART1_Init	;wreg free
   533                           
   534                           ;main.c: 20: }
   535   004360  ECDA  F022         	call	_INTERRUPT_Init	;wreg free
   536   004364                     l2474:
   537                           
   538                           ;main.c: 23: {;main.c: 24: 
   539   004364  0E00               	movlw	0
   540   004366  6E2D               	movwf	main@i^(0+1280),c
   541   004368                     l2480:
   542                           
   543                           ;main.c: 25:     configure_pin(PORT_F, 3, 0, 1, 0, 1, 1, 1);;main.c: 26:     (LATFbits.L
      +                          ATF3 = 1);
   544   004368  0E01               	movlw	low STR_1
   545   00436A  6E21               	movwf	printf@fmt^(0+1280),c
   546   00436C  C52D  F522         	movff	main@i,?_printf+1
   547   004370  6A23               	clrf	(?_printf+2)^(0+1280),c
   548   004372  ECC9  F022         	call	_printf	;wreg free
   549   004376                     
   550                           ;main.c: 27: 
   551   004376  0E11               	movlw	17
   552   004378  6E2C               	movwf	(??_main+1)^(0+1280),c
   553   00437A  0E3C               	movlw	60
   554   00437C  6E2B               	movwf	??_main^(0+1280),c
   555   00437E  0ECB               	movlw	203
   556   004380                     u2197:
   557   004380  2EE8               	decfsz	wreg,f,c
   558   004382  D7FE               	bra	u2197
   559   004384  2E2B               	decfsz	??_main^(0+1280),f,c
   560   004386  D7FC               	bra	u2197
   561   004388  2E2C               	decfsz	(??_main+1)^(0+1280),f,c
   562   00438A  D7FA               	bra	u2197
   563   00438C  0000               	nop	
   564   00438E                     
   565                           ;main.c: 28: 
   566   00438E  2A2D               	incf	main@i^(0+1280),f,c
   567   004390  0E09               	movlw	9
   568   004392  642D               	cpfsgt	main@i^(0+1280),c
   569   004394  EFCE  F021         	goto	u2181
   570   004398  EFD0  F021         	goto	u2180
   571   00439C                     u2181:
   572   00439C  EFB4  F021         	goto	l2480
   573   0043A0                     u2180:
   574   0043A0                     
   575                           ;main.c: 29:     configure_pin(PORT_D, 0, 0, 1, 0, 1, 1, 1);
   576   0043A0  0E52               	movlw	82
   577   0043A2  6E2C               	movwf	(??_main+1)^(0+1280),c
   578   0043A4  0E2B               	movlw	43
   579   0043A6  6E2B               	movwf	??_main^(0+1280),c
   580   0043A8  0E00               	movlw	0
   581   0043AA                     u2207:
   582   0043AA  2EE8               	decfsz	wreg,f,c
   583   0043AC  D7FE               	bra	u2207
   584   0043AE  2E2B               	decfsz	??_main^(0+1280),f,c
   585   0043B0  D7FC               	bra	u2207
   586   0043B2  2E2C               	decfsz	(??_main+1)^(0+1280),f,c
   587   0043B4  D7FA               	bra	u2207
   588   0043B6  D000               	nop2	
   589   0043B8  EFB2  F021         	goto	l2474
   590   0043BC  EF81  F018         	goto	start
   591   0043C0                     __end_of_main:
   592                           	callstack 0
   593                           
   594 ;; *************** function _printf *****************
   595 ;; Defined at:
   596 ;;		line 5 in file "C:\Program Files\Microchip\xc8\v2.46\pic\sources\c99\common\printf.c"
   597 ;; Parameters:    Size  Location     Type
   598 ;;  fmt             1   32[COMRAM] PTR const unsigned char 
   599 ;;		 -> STR_1(17), 
   600 ;; Auto vars:     Size  Location     Type
   601 ;;  ap              2   35[COMRAM] PTR void [1]
   602 ;;		 -> ?_printf(2), 
   603 ;;  ret             2    0        int 
   604 ;; Return value:  Size  Location     Type
   605 ;;                  2   32[COMRAM] int 
   606 ;; Registers used:
   607 ;;		wreg, fsr1l, fsr1h, fsr2l, fsr2h, status,2, status,0, tblptrl, tblptrh, tblptru, cstack
   608 ;; Tracked objects:
   609 ;;		On entry : 0/0
   610 ;;		On exit  : 0/0
   611 ;;		Unchanged: 0/0
   612 ;; Data sizes:     COMRAM   BANK5   BANK6   BANK7   BANK8   BANK9  BANK10  BANK11  BANK12  BANK13  BANK14  BANK15  BANK1
      +6  BANK17  BANK18  BANK19  BANK20  BANK21  BANK22  BANK23  BANK24  BANK25  BANK26  BANK27  BANK28  BANK29  BANK30  BANK3
      +1  BANK32  BANK33  BANK34  BANK35  BANK36
   613 ;;      Params:         3       0       0       0       0       0       0       0       0       0       0       0       
      +0       0       0       0       0       0       0       0       0       0       0       0       0       0       0       
      +0       0       0       0       0       0
   614 ;;      Locals:         2       0       0       0       0       0       0       0       0       0       0       0       
      +0       0       0       0       0       0       0       0       0       0       0       0       0       0       0       
      +0       0       0       0       0       0
   615 ;;      Temps:          0       0       0       0       0       0       0       0       0       0       0       0       
      +0       0       0       0       0       0       0       0       0       0       0       0       0       0       0       
      +0       0       0       0       0       0
   616 ;;      Totals:         5       0       0       0       0       0       0       0       0       0       0       0       
      +0       0       0       0       0       0       0       0       0       0       0       0       0       0       0       
      +0       0       0       0       0       0
   617 ;;Total ram usage:        5 bytes
   618 ;; Hardware stack levels used: 1
   619 ;; Hardware stack levels required when called: 7
   620 ;; This function calls:
   621 ;;		_vfprintf
   622 ;; This function is called by:
   623 ;;		_main
   624 ;; This function uses a non-reentrant model
   625 ;;
   626                           
   627                           	psect	text1
   628   004592                     __ptext1:
   629                           	callstack 0
   630   004592                     _printf:
   631                           	callstack 119
   632   004592  0E22               	movlw	low (?_printf+1)
   633   004594  6E24               	movwf	printf@ap^(0+1280),c
   634   004596  0E05               	movlw	high (?_printf+1)
   635   004598  6E25               	movwf	(printf@ap+1)^(0+1280),c
   636   00459A  0E00               	movlw	0
   637   00459C  6E1B               	movwf	vfprintf@fp^(0+1280),c
   638   00459E  0E00               	movlw	0
   639   0045A0  6E1C               	movwf	(vfprintf@fp+1)^(0+1280),c
   640   0045A2  C521  F51D         	movff	printf@fmt,vfprintf@fmt
   641   0045A6  0E24               	movlw	low printf@ap
   642   0045A8  6E1E               	movwf	vfprintf@ap^(0+1280),c
   643   0045AA  0E05               	movlw	high printf@ap
   644   0045AC  6E1F               	movwf	(vfprintf@ap+1)^(0+1280),c
   645   0045AE  EC82  F022         	call	_vfprintf	;wreg free
   646   0045B2  0012               	return		;funcret
   647   0045B4                     __end_of_printf:
   648                           	callstack 0
   649                           
   650 ;; *************** function _vfprintf *****************
   651 ;; Defined at:
   652 ;;		line 1817 in file "C:\Program Files\Microchip\xc8\v2.46\pic\sources\c99\common\doprnt.c"
   653 ;; Parameters:    Size  Location     Type
   654 ;;  fp              2   26[COMRAM] PTR struct _IO_FILE
   655 ;;		 -> NULL(0), 
   656 ;;  fmt             1   28[COMRAM] PTR const unsigned char 
   657 ;;		 -> STR_1(17), 
   658 ;;  ap              2   29[COMRAM] PTR PTR void 
   659 ;;		 -> printf@ap(2), 
   660 ;; Auto vars:     Size  Location     Type
   661 ;;  cfmt            1   31[COMRAM] PTR unsigned char 
   662 ;;		 -> STR_1(17), 
   663 ;; Return value:  Size  Location     Type
   664 ;;                  2   26[COMRAM] int 
   665 ;; Registers used:
   666 ;;		wreg, fsr1l, fsr1h, fsr2l, fsr2h, status,2, status,0, tblptrl, tblptrh, tblptru, cstack
   667 ;; Tracked objects:
   668 ;;		On entry : 0/0
   669 ;;		On exit  : 0/0
   670 ;;		Unchanged: 0/0
   671 ;; Data sizes:     COMRAM   BANK5   BANK6   BANK7   BANK8   BANK9  BANK10  BANK11  BANK12  BANK13  BANK14  BANK15  BANK1
      +6  BANK17  BANK18  BANK19  BANK20  BANK21  BANK22  BANK23  BANK24  BANK25  BANK26  BANK27  BANK28  BANK29  BANK30  BANK3
      +1  BANK32  BANK33  BANK34  BANK35  BANK36
   672 ;;      Params:         5       0       0       0       0       0       0       0       0       0       0       0       
      +0       0       0       0       0       0       0       0       0       0       0       0       0       0       0       
      +0       0       0       0       0       0
   673 ;;      Locals:         1       0       0       0       0       0       0       0       0       0       0       0       
      +0       0       0       0       0       0       0       0       0       0       0       0       0       0       0       
      +0       0       0       0       0       0
   674 ;;      Temps:          0       0       0       0       0       0       0       0       0       0       0       0       
      +0       0       0       0       0       0       0       0       0       0       0       0       0       0       0       
      +0       0       0       0       0       0
   675 ;;      Totals:         6       0       0       0       0       0       0       0       0       0       0       0       
      +0       0       0       0       0       0       0       0       0       0       0       0       0       0       0       
      +0       0       0       0       0       0
   676 ;;Total ram usage:        6 bytes
   677 ;; Hardware stack levels used: 1
   678 ;; Hardware stack levels required when called: 6
   679 ;; This function calls:
   680 ;;		_vfpfcnvrt
   681 ;; This function is called by:
   682 ;;		_printf
   683 ;; This function uses a non-reentrant model
   684 ;;
   685                           
   686                           	psect	text2
   687   004504                     __ptext2:
   688                           	callstack 0
   689   004504                     _vfprintf:
   690                           	callstack 119
   691   004504                     
   692                           ;C:\Program Files\Microchip\xc8\v2.46\pic\sources\c99\common\doprnt.c: 1817: int vfprint
      +                          f(FILE *fp, const char *fmt, va_list ap);C:\Program Files\Microchip\xc8\v2.46\pic\source
      +                          s\c99\common\doprnt.c: 1818: {;C:\Program Files\Microchip\xc8\v2.46\pic\sources\c99\comm
      +                          on\doprnt.c: 1820:     char *cfmt;;C:\Program Files\Microchip\xc8\v2.46\pic\sources\c99\
      +                          common\doprnt.c: 1822:     cfmt = (char *)fmt;
   693   004504  C51D  F520         	movff	vfprintf@fmt,vfprintf@cfmt
   694                           
   695                           ;C:\Program Files\Microchip\xc8\v2.46\pic\sources\c99\common\doprnt.c: 1826:     while (
      +                          *cfmt) {
   696   004508  EF94  F022         	goto	l2430
   697   00450C                     l2428:
   698                           
   699                           ;C:\Program Files\Microchip\xc8\v2.46\pic\sources\c99\common\doprnt.c: 1830:    vfpfcnvr
      +                          t(fp, &cfmt, ap);
   700   00450C  C51B  F50D         	movff	vfprintf@fp,vfpfcnvrt@fp
   701   004510  C51C  F50E         	movff	vfprintf@fp+1,vfpfcnvrt@fp+1
   702   004514  0E20               	movlw	low vfprintf@cfmt
   703   004516  6E0F               	movwf	vfpfcnvrt@fmt^(0+1280),c
   704   004518  0E05               	movlw	high vfprintf@cfmt
   705   00451A  6E10               	movwf	(vfpfcnvrt@fmt+1)^(0+1280),c
   706   00451C  C51E  F511         	movff	vfprintf@ap,vfpfcnvrt@ap
   707   004520  C51F  F512         	movff	vfprintf@ap+1,vfpfcnvrt@ap+1
   708   004524  EC83  F018         	call	_vfpfcnvrt	;wreg free
   709   004528                     l2430:
   710                           
   711                           ;C:\Program Files\Microchip\xc8\v2.46\pic\sources\c99\common\doprnt.c: 1826:     while (
      +                          *cfmt) {
   712   004528  C520  F4F6         	movff	vfprintf@cfmt,tblptrl
   713   00452C                     	if	1	;There is more than 1 active tblptr byte
   714   00452C  0E25               	movlw	high __smallconst
   715   00452E  6EF7               	movwf	tblptrh,c
   716   004530                     	endif
   717   004530                     	if	0	;tblptru may be non-zero
   718   004530                     	endif
   719   004530                     	if	1	;Program memory is > 0xFFFF, there are 3 active tblptr bytes
   720   004530  0E00               	movlw	low (__smallconst shr (0+16))
   721   004532  6EF8               	movwf	tblptru,c
   722   004534                     	endif
   723   004534  0008               	tblrd		*
   724   004536  50F5               	movf	tablat,w,c
   725   004538  0900               	iorlw	0
   726   00453A  A4D8               	btfss	status,2,c
   727   00453C  EFA2  F022         	goto	u2171
   728   004540  EFA4  F022         	goto	u2170
   729   004544                     u2171:
   730   004544  EF86  F022         	goto	l2428
   731   004548                     u2170:
   732   004548                     
   733                           ;C:\Program Files\Microchip\xc8\v2.46\pic\sources\c99\common\doprnt.c: 1835:  return 0;
   734   004548  0E00               	movlw	0
   735   00454A  6E1C               	movwf	(?_vfprintf+1)^(0+1280),c
   736   00454C  0E00               	movlw	0
   737   00454E  6E1B               	movwf	?_vfprintf^(0+1280),c
   738   004550  0012               	return		;funcret
   739   004552                     __end_of_vfprintf:
   740                           	callstack 0
   741                           
   742 ;; *************** function _vfpfcnvrt *****************
   743 ;; Defined at:
   744 ;;		line 1177 in file "C:\Program Files\Microchip\xc8\v2.46\pic\sources\c99\common\doprnt.c"
   745 ;; Parameters:    Size  Location     Type
   746 ;;  fp              2   12[COMRAM] PTR struct _IO_FILE
   747 ;;		 -> NULL(0), 
   748 ;;  fmt             2   14[COMRAM] PTR PTR unsigned char 
   749 ;;		 -> vfprintf@cfmt(1), 
   750 ;;  ap              2   16[COMRAM] PTR PTR void 
   751 ;;		 -> printf@ap(2), 
   752 ;; Auto vars:     Size  Location     Type
   753 ;;  convarg         4   20[COMRAM] struct .
   754 ;;  c               1   25[COMRAM] unsigned char 
   755 ;;  cp              1   24[COMRAM] PTR unsigned char 
   756 ;;		 -> STR_1(17), 
   757 ;;  done            1    0        _Bool 
   758 ;; Return value:  Size  Location     Type
   759 ;;                  1    wreg      void 
   760 ;; Registers used:
   761 ;;		wreg, fsr1l, fsr1h, fsr2l, fsr2h, status,2, status,0, tblptrl, tblptrh, tblptru, cstack
   762 ;; Tracked objects:
   763 ;;		On entry : 0/0
   764 ;;		On exit  : 0/0
   765 ;;		Unchanged: 0/0
   766 ;; Data sizes:     COMRAM   BANK5   BANK6   BANK7   BANK8   BANK9  BANK10  BANK11  BANK12  BANK13  BANK14  BANK15  BANK1
      +6  BANK17  BANK18  BANK19  BANK20  BANK21  BANK22  BANK23  BANK24  BANK25  BANK26  BANK27  BANK28  BANK29  BANK30  BANK3
      +1  BANK32  BANK33  BANK34  BANK35  BANK36
   767 ;;      Params:         6       0       0       0       0       0       0       0       0       0       0       0       
      +0       0       0       0       0       0       0       0       0       0       0       0       0       0       0       
      +0       0       0       0       0       0
   768 ;;      Locals:         6       0       0       0       0       0       0       0       0       0       0       0       
      +0       0       0       0       0       0       0       0       0       0       0       0       0       0       0       
      +0       0       0       0       0       0
   769 ;;      Temps:          2       0       0       0       0       0       0       0       0       0       0       0       
      +0       0       0       0       0       0       0       0       0       0       0       0       0       0       0       
      +0       0       0       0       0       0
   770 ;;      Totals:        14       0       0       0       0       0       0       0       0       0       0       0       
      +0       0       0       0       0       0       0       0       0       0       0       0       0       0       0       
      +0       0       0       0       0       0
   771 ;;Total ram usage:       14 bytes
   772 ;; Hardware stack levels used: 1
   773 ;; Hardware stack levels required when called: 5
   774 ;; This function calls:
   775 ;;		___lwdiv
   776 ;;		___lwmod
   777 ;;		_fputc
   778 ;; This function is called by:
   779 ;;		_vfprintf
   780 ;; This function uses a non-reentrant model
   781 ;;
   782                           
   783                           	psect	text3
   784   003106                     __ptext3:
   785                           	callstack 0
   786   003106                     _vfpfcnvrt:
   787                           	callstack 119
   788   003106                     
   789                           ;C:\Program Files\Microchip\xc8\v2.46\pic\sources\c99\common\doprnt.c: 1177: vfpfcnvrt(F
      +                          ILE *fp, char *fmt[], va_list ap);C:\Program Files\Microchip\xc8\v2.46\pic\sources\c99\c
      +                          ommon\doprnt.c: 1178: {;C:\Program Files\Microchip\xc8\v2.46\pic\sources\c99\common\dopr
      +                          nt.c: 1179:     char c, *cp;;C:\Program Files\Microchip\xc8\v2.46\pic\sources\c99\common
      +                          \doprnt.c: 1180:     _Bool done;;C:\Program Files\Microchip\xc8\v2.46\pic\sources\c99\co
      +                          mmon\doprnt.c: 1188:  } convarg;;C:\Program Files\Microchip\xc8\v2.46\pic\sources\c99\co
      +                          mmon\doprnt.c: 1201:     if ((*fmt)[0] == '%') {
   790   003106  C50F  F4D9         	movff	vfpfcnvrt@fmt,fsr2l
   791   00310A  C510  F4DA         	movff	vfpfcnvrt@fmt+1,fsr2h
   792   00310E  C4DF F4F6          	movff	indf2,tblptrl
   793   003112                     	if	1	;There is more than 1 active tblptr byte
   794   003112  0E25               	movlw	high __smallconst
   795   003114  6EF7               	movwf	tblptrh,c
   796   003116                     	endif
   797   003116                     	if	0	;tblptru may be non-zero
   798   003116                     	endif
   799   003116                     	if	1	;Program memory is > 0xFFFF, there are 3 active tblptr bytes
   800   003116  0E00               	movlw	low (__smallconst shr (0+16))
   801   003118  6EF8               	movwf	tblptru,c
   802   00311A                     	endif
   803   00311A  0008               	tblrd		*
   804   00311C  50F5               	movf	tablat,w,c
   805   00311E  0A25               	xorlw	37
   806   003120  A4D8               	btfss	status,2,c
   807   003122  EF95  F018         	goto	u2031
   808   003126  EF97  F018         	goto	u2030
   809   00312A                     u2031:
   810   00312A  EF3F  F019         	goto	l2362
   811   00312E                     u2030:
   812   00312E                     
   813                           ;C:\Program Files\Microchip\xc8\v2.46\pic\sources\c99\common\doprnt.c: 1202:         ++*
      +                          fmt;
   814   00312E  C50F  F4D9         	movff	vfpfcnvrt@fmt,fsr2l
   815   003132  C510  F4DA         	movff	vfpfcnvrt@fmt+1,fsr2h
   816   003136  2ADF               	incf	indf2,f,c
   817   003138                     
   818                           ;C:\Program Files\Microchip\xc8\v2.46\pic\sources\c99\common\doprnt.c: 1204:         fla
      +                          gs = width = 0;
   819   003138  0E00               	movlw	0
   820   00313A  6E4F               	movwf	(_width+1)^(0+1280),c
   821   00313C  0E00               	movlw	0
   822   00313E  6E4E               	movwf	_width^(0+1280),c
   823   003140  C54E  F558         	movff	_width,_flags
   824   003144                     
   825                           ;C:\Program Files\Microchip\xc8\v2.46\pic\sources\c99\common\doprnt.c: 1205:         pre
      +                          c = -1;
   826   003144  6850               	setf	_prec^(0+1280),c
   827   003146  6851               	setf	(_prec+1)^(0+1280),c
   828   003148                     
   829                           ;C:\Program Files\Microchip\xc8\v2.46\pic\sources\c99\common\doprnt.c: 1439:   if (0
   830   003148  C50F  F4D9         	movff	vfpfcnvrt@fmt,fsr2l
   831   00314C  C510  F4DA         	movff	vfpfcnvrt@fmt+1,fsr2h
   832   003150  50DF               	movf	indf2,w,c
   833   003152  6E19               	movwf	vfpfcnvrt@cp^(0+1280),c
   834   003154  C519  F4F6         	movff	vfpfcnvrt@cp,tblptrl
   835   003158                     	if	1	;There is more than 1 active tblptr byte
   836   003158  0E25               	movlw	high __smallconst
   837   00315A  6EF7               	movwf	tblptrh,c
   838   00315C                     	endif
   839   00315C                     	if	0	;tblptru may be non-zero
   840   00315C                     	endif
   841   00315C                     	if	1	;Program memory is > 0xFFFF, there are 3 active tblptr bytes
   842   00315C  0E00               	movlw	low (__smallconst shr (0+16))
   843   00315E  6EF8               	movwf	tblptru,c
   844   003160                     	endif
   845   003160  0008               	tblrd		*
   846   003162  50F5               	movf	tablat,w,c
   847   003164  0A75               	xorlw	117
   848   003166  A4D8               	btfss	status,2,c
   849   003168  EFB8  F018         	goto	u2041
   850   00316C  EFBA  F018         	goto	u2040
   851   003170                     u2041:
   852   003170  EF38  F019         	goto	l2358
   853   003174                     u2040:
   854   003174                     
   855                           ;C:\Program Files\Microchip\xc8\v2.46\pic\sources\c99\common\doprnt.c: 1452:     ) {;C:\
      +                          Program Files\Microchip\xc8\v2.46\pic\sources\c99\common\doprnt.c: 1495:    convarg.uint
      +                           = (vfpf_uint_t)(unsigned int)(*(unsigned int *)__va_arg(*(unsigned int **)ap, (unsigned
      +                           int)0));
   856   003174  C511  F4D9         	movff	vfpfcnvrt@ap,fsr2l
   857   003178  C512  F4DA         	movff	vfpfcnvrt@ap+1,fsr2h
   858   00317C  C4DF F513          	movff	indf2,??_vfpfcnvrt
   859   003180  0E02               	movlw	2
   860   003182  26DE               	addwf	postinc2,f,c
   861   003184  C4DF F514          	movff	indf2,??_vfpfcnvrt+1
   862   003188  0E00               	movlw	0
   863   00318A  22DD               	addwfc	postdec2,f,c
   864   00318C  C513  F4D9         	movff	??_vfpfcnvrt,fsr2l
   865   003190  C514  F4DA         	movff	??_vfpfcnvrt+1,fsr2h
   866   003194  C4DE F515          	movff	postinc2,vfpfcnvrt@convarg
   867   003198  C4DD F516          	movff	postdec2,vfpfcnvrt@convarg+1
   868                           
   869                           ;C:\Program Files\Microchip\xc8\v2.46\pic\sources\c99\common\doprnt.c: 1497:    *fmt = c
      +                          p+1;
   870   00319C  2819               	incf	vfpfcnvrt@cp^(0+1280),w,c
   871   00319E  C50F  F4D9         	movff	vfpfcnvrt@fmt,fsr2l
   872   0031A2  C510  F4DA         	movff	vfpfcnvrt@fmt+1,fsr2h
   873   0031A6  6EDF               	movwf	indf2,c
   874                           
   875                           ;C:\Program Files\Microchip\xc8\v2.46\pic\sources\c99\common\doprnt.c: 1498:    switch (
      +                          *cp) {
   876   0031A8  EF2A  F019         	goto	l2356
   877   0031AC                     l2338:
   878                           
   879                           ;C:\Program Files\Microchip\xc8\v2.46\pic\sources\c99\common\doprnt.c: 1525:      c = si
      +                          zeof(dbuf);
   880   0031AC  0E20               	movlw	32
   881   0031AE  6E1A               	movwf	vfpfcnvrt@c^(0+1280),c
   882   0031B0                     l2340:
   883                           
   884                           ;C:\Program Files\Microchip\xc8\v2.46\pic\sources\c99\common\doprnt.c: 1527:       dbuf[
      +                          --c] = (convarg.uint % 10) + '0';
   885   0031B0  061A               	decf	vfpfcnvrt@c^(0+1280),f,c
   886   0031B2  0E2E               	movlw	low _dbuf
   887   0031B4  241A               	addwf	vfpfcnvrt@c^(0+1280),w,c
   888   0031B6  6ED9               	movwf	fsr2l,c
   889   0031B8  6ADA               	clrf	fsr2h,c
   890   0031BA  0E05               	movlw	high _dbuf
   891   0031BC  22DA               	addwfc	fsr2h,f,c
   892   0031BE  C515  F502         	movff	vfpfcnvrt@convarg,___lwmod@dividend
   893   0031C2  C516  F503         	movff	vfpfcnvrt@convarg+1,___lwmod@dividend+1
   894   0031C6  0E00               	movlw	0
   895   0031C8  6E05               	movwf	(___lwmod@divisor+1)^(0+1280),c
   896   0031CA  0E0A               	movlw	10
   897   0031CC  6E04               	movwf	___lwmod@divisor^(0+1280),c
   898   0031CE  EC50  F022         	call	___lwmod	;wreg free
   899   0031D2  5002               	movf	?___lwmod^(0+1280),w,c
   900   0031D4  0F30               	addlw	48
   901   0031D6  6EDF               	movwf	indf2,c
   902   0031D8                     
   903                           ;C:\Program Files\Microchip\xc8\v2.46\pic\sources\c99\common\doprnt.c: 1528:       conva
      +                          rg.uint /= 10;
   904   0031D8  C515  F502         	movff	vfpfcnvrt@convarg,___lwdiv@dividend
   905   0031DC  C516  F503         	movff	vfpfcnvrt@convarg+1,___lwdiv@dividend+1
   906   0031E0  0E00               	movlw	0
   907   0031E2  6E05               	movwf	(___lwdiv@divisor+1)^(0+1280),c
   908   0031E4  0E0A               	movlw	10
   909   0031E6  6E04               	movwf	___lwdiv@divisor^(0+1280),c
   910   0031E8  ECE0  F021         	call	___lwdiv	;wreg free
   911   0031EC  C502  F515         	movff	?___lwdiv,vfpfcnvrt@convarg
   912   0031F0  C503  F516         	movff	?___lwdiv+1,vfpfcnvrt@convarg+1
   913   0031F4                     
   914                           ;C:\Program Files\Microchip\xc8\v2.46\pic\sources\c99\common\doprnt.c: 1532:      } whil
      +                          e (convarg.uint != 0 && c != 0);
   915   0031F4  5015               	movf	vfpfcnvrt@convarg^(0+1280),w,c
   916   0031F6  1016               	iorwf	(vfpfcnvrt@convarg+1)^(0+1280),w,c
   917   0031F8  B4D8               	btfsc	status,2,c
   918   0031FA  EF01  F019         	goto	u2051
   919   0031FE  EF03  F019         	goto	u2050
   920   003202                     u2051:
   921   003202  EF1F  F019         	goto	l2352
   922   003206                     u2050:
   923   003206  501A               	movf	vfpfcnvrt@c^(0+1280),w,c
   924   003208  A4D8               	btfss	status,2,c
   925   00320A  EF09  F019         	goto	u2061
   926   00320E  EF0B  F019         	goto	u2060
   927   003212                     u2061:
   928   003212  EFD8  F018         	goto	l2340
   929   003216                     u2060:
   930   003216  EF1F  F019         	goto	l2352
   931   00321A                     l2348:
   932                           
   933                           ;C:\Program Files\Microchip\xc8\v2.46\pic\sources\c99\common\doprnt.c: 1534:       fputc
      +                          (dbuf[c++], fp);
   934   00321A  0E2E               	movlw	low _dbuf
   935   00321C  241A               	addwf	vfpfcnvrt@c^(0+1280),w,c
   936   00321E  6ED9               	movwf	fsr2l,c
   937   003220  6ADA               	clrf	fsr2h,c
   938   003222  0E05               	movlw	high _dbuf
   939   003224  22DA               	addwfc	fsr2h,f,c
   940   003226  50DF               	movf	indf2,w,c
   941   003228  6E13               	movwf	??_vfpfcnvrt^(0+1280),c
   942   00322A  5013               	movf	??_vfpfcnvrt^(0+1280),w,c
   943   00322C  6E04               	movwf	fputc@c^(0+1280),c
   944   00322E  6A05               	clrf	(fputc@c+1)^(0+1280),c
   945   003230  C50D  F506         	movff	vfpfcnvrt@fp,fputc@fp
   946   003234  C50E  F507         	movff	vfpfcnvrt@fp+1,fputc@fp+1
   947   003238  EC9C  F020         	call	_fputc	;wreg free
   948   00323C  2A1A               	incf	vfpfcnvrt@c^(0+1280),f,c
   949   00323E                     l2352:
   950                           
   951                           ;C:\Program Files\Microchip\xc8\v2.46\pic\sources\c99\common\doprnt.c: 1533:      while 
      +                          (c != sizeof(dbuf)) {
   952   00323E  0E20               	movlw	32
   953   003240  181A               	xorwf	vfpfcnvrt@c^(0+1280),w,c
   954   003242  A4D8               	btfss	status,2,c
   955   003244  EF26  F019         	goto	u2071
   956   003248  EF28  F019         	goto	u2070
   957   00324C                     u2071:
   958   00324C  EF0D  F019         	goto	l2348
   959   003250                     u2070:
   960   003250  EF55  F019         	goto	l1145
   961   003254                     l2356:
   962   003254  C519  F4F6         	movff	vfpfcnvrt@cp,tblptrl
   963   003258                     	if	1	;There is more than 1 active tblptr byte
   964   003258  0E25               	movlw	high __smallconst
   965   00325A  6EF7               	movwf	tblptrh,c
   966   00325C                     	endif
   967   00325C                     	if	0	;tblptru may be non-zero
   968   00325C                     	endif
   969   00325C                     	if	1	;Program memory is > 0xFFFF, there are 3 active tblptr bytes
   970   00325C  0E00               	movlw	low (__smallconst shr (0+16))
   971   00325E  6EF8               	movwf	tblptru,c
   972   003260                     	endif
   973   003260  0008               	tblrd		*
   974   003262  50F5               	movf	tablat,w,c
   975                           
   976                           ; Switch size 1, requested type "simple"
   977                           ; Number of cases is 1, Range of values is 117 to 117
   978                           ; switch strategies available:
   979                           ; Name         Instructions Cycles
   980                           ; simple_byte            4     3 (average)
   981                           ;	Chosen strategy is simple_byte
   982   003264  0A75               	xorlw	117	; case 117
   983   003266  B4D8               	btfsc	status,2,c
   984   003268  EFD6  F018         	goto	l2338
   985   00326C  EF38  F019         	goto	l2358
   986   003270                     l2358:
   987                           
   988                           ;C:\Program Files\Microchip\xc8\v2.46\pic\sources\c99\common\doprnt.c: 1806:         ++*
      +                          fmt;
   989   003270  C50F  F4D9         	movff	vfpfcnvrt@fmt,fsr2l
   990   003274  C510  F4DA         	movff	vfpfcnvrt@fmt+1,fsr2h
   991   003278  2ADF               	incf	indf2,f,c
   992   00327A  EF55  F019         	goto	l1145
   993   00327E                     l2362:
   994                           
   995                           ;C:\Program Files\Microchip\xc8\v2.46\pic\sources\c99\common\doprnt.c: 1811:     fputc((
      +                          int)(*fmt)[0], fp);
   996   00327E  C50F  F4D9         	movff	vfpfcnvrt@fmt,fsr2l
   997   003282  C510  F4DA         	movff	vfpfcnvrt@fmt+1,fsr2h
   998   003286  C4DF F4F6          	movff	indf2,tblptrl
   999   00328A                     	if	1	;There is more than 1 active tblptr byte
  1000   00328A  0E25               	movlw	high __smallconst
  1001   00328C  6EF7               	movwf	tblptrh,c
  1002   00328E                     	endif
  1003   00328E                     	if	0	;tblptru may be non-zero
  1004   00328E                     	endif
  1005   00328E                     	if	1	;Program memory is > 0xFFFF, there are 3 active tblptr bytes
  1006   00328E  0E00               	movlw	low (__smallconst shr (0+16))
  1007   003290  6EF8               	movwf	tblptru,c
  1008   003292                     	endif
  1009   003292  0008               	tblrd		*
  1010   003294  50F5               	movf	tablat,w,c
  1011   003296  6E04               	movwf	fputc@c^(0+1280),c
  1012   003298  6A05               	clrf	(fputc@c+1)^(0+1280),c
  1013   00329A  C50D  F506         	movff	vfpfcnvrt@fp,fputc@fp
  1014   00329E  C50E  F507         	movff	vfpfcnvrt@fp+1,fputc@fp+1
  1015   0032A2  EC9C  F020         	call	_fputc	;wreg free
  1016   0032A6  EF38  F019         	goto	l2358
  1017   0032AA                     l1145:
  1018   0032AA  0012               	return		;funcret
  1019   0032AC                     __end_of_vfpfcnvrt:
  1020                           	callstack 0
  1021                           
  1022 ;; *************** function _fputc *****************
  1023 ;; Defined at:
  1024 ;;		line 8 in file "C:\Program Files\Microchip\xc8\v2.46\pic\sources\c99\common\nf_fputc.c"
  1025 ;; Parameters:    Size  Location     Type
  1026 ;;  c               2    3[COMRAM] int 
  1027 ;;  fp              2    5[COMRAM] PTR struct _IO_FILE
  1028 ;;		 -> NULL(0), 
  1029 ;; Auto vars:     Size  Location     Type
  1030 ;;		None
  1031 ;; Return value:  Size  Location     Type
  1032 ;;                  2    3[COMRAM] int 
  1033 ;; Registers used:
  1034 ;;		wreg, fsr1l, fsr1h, fsr2l, fsr2h, status,2, status,0, cstack
  1035 ;; Tracked objects:
  1036 ;;		On entry : 0/0
  1037 ;;		On exit  : 0/0
  1038 ;;		Unchanged: 0/0
  1039 ;; Data sizes:     COMRAM   BANK5   BANK6   BANK7   BANK8   BANK9  BANK10  BANK11  BANK12  BANK13  BANK14  BANK15  BANK1
      +6  BANK17  BANK18  BANK19  BANK20  BANK21  BANK22  BANK23  BANK24  BANK25  BANK26  BANK27  BANK28  BANK29  BANK30  BANK3
      +1  BANK32  BANK33  BANK34  BANK35  BANK36
  1040 ;;      Params:         4       0       0       0       0       0       0       0       0       0       0       0       
      +0       0       0       0       0       0       0       0       0       0       0       0       0       0       0       
      +0       0       0       0       0       0
  1041 ;;      Locals:         0       0       0       0       0       0       0       0       0       0       0       0       
      +0       0       0       0       0       0       0       0       0       0       0       0       0       0       0       
      +0       0       0       0       0       0
  1042 ;;      Temps:          5       0       0       0       0       0       0       0       0       0       0       0       
      +0       0       0       0       0       0       0       0       0       0       0       0       0       0       0       
      +0       0       0       0       0       0
  1043 ;;      Totals:         9       0       0       0       0       0       0       0       0       0       0       0       
      +0       0       0       0       0       0       0       0       0       0       0       0       0       0       0       
      +0       0       0       0       0       0
  1044 ;;Total ram usage:        9 bytes
  1045 ;; Hardware stack levels used: 1
  1046 ;; Hardware stack levels required when called: 4
  1047 ;; This function calls:
  1048 ;;		_putch
  1049 ;; This function is called by:
  1050 ;;		_vfpfcnvrt
  1051 ;; This function uses a non-reentrant model
  1052 ;;
  1053                           
  1054                           	psect	text4
  1055   004138                     __ptext4:
  1056                           	callstack 0
  1057   004138                     _fputc:
  1058                           	callstack 119
  1059   004138  5006               	movf	fputc@fp^(0+1280),w,c
  1060   00413A  1007               	iorwf	(fputc@fp+1)^(0+1280),w,c
  1061   00413C  B4D8               	btfsc	status,2,c
  1062   00413E  EFA3  F020         	goto	u1271
  1063   004142  EFA5  F020         	goto	u1270
  1064   004146                     u1271:
  1065   004146  EFAE  F020         	goto	l2050
  1066   00414A                     u1270:
  1067   00414A  5006               	movf	fputc@fp^(0+1280),w,c
  1068   00414C  1007               	iorwf	(fputc@fp+1)^(0+1280),w,c
  1069   00414E  A4D8               	btfss	status,2,c
  1070   004150  EFAC  F020         	goto	u1281
  1071   004154  EFAE  F020         	goto	u1280
  1072   004158                     u1281:
  1073   004158  EFB3  F020         	goto	l2052
  1074   00415C                     u1280:
  1075   00415C                     l2050:
  1076   00415C  5004               	movf	fputc@c^(0+1280),w,c
  1077   00415E  EC11  F023         	call	_putch
  1078   004162  EF00  F021         	goto	l1164
  1079   004166                     l2052:
  1080   004166  EE20 F00A          	lfsr	2,10
  1081   00416A  5006               	movf	fputc@fp^(0+1280),w,c
  1082   00416C  26D9               	addwf	fsr2l,f,c
  1083   00416E  5007               	movf	(fputc@fp+1)^(0+1280),w,c
  1084   004170  22DA               	addwfc	fsr2h,f,c
  1085   004172  50DE               	movf	postinc2,w,c
  1086   004174  10DE               	iorwf	postinc2,w,c
  1087   004176  B4D8               	btfsc	status,2,c
  1088   004178  EFC0  F020         	goto	u1291
  1089   00417C  EFC2  F020         	goto	u1290
  1090   004180                     u1291:
  1091   004180  EFDD  F020         	goto	l2056
  1092   004184                     u1290:
  1093   004184  EE20 F00A          	lfsr	2,10
  1094   004188  5006               	movf	fputc@fp^(0+1280),w,c
  1095   00418A  26D9               	addwf	fsr2l,f,c
  1096   00418C  5007               	movf	(fputc@fp+1)^(0+1280),w,c
  1097   00418E  22DA               	addwfc	fsr2h,f,c
  1098   004190  EE10 F003          	lfsr	1,3
  1099   004194  5006               	movf	fputc@fp^(0+1280),w,c
  1100   004196  26E1               	addwf	fsr1l,f,c
  1101   004198  5007               	movf	(fputc@fp+1)^(0+1280),w,c
  1102   00419A  22E2               	addwfc	fsr1h,f,c
  1103   00419C  50DE               	movf	postinc2,w,c
  1104   00419E  5CE6               	subwf	postinc1,w,c
  1105   0041A0  50E6               	movf	postinc1,w,c
  1106   0041A2  0A80               	xorlw	128
  1107   0041A4  6E0C               	movwf	(??_fputc+4)^(0+1280),c
  1108   0041A6  50DE               	movf	postinc2,w,c
  1109   0041A8  0A80               	xorlw	128
  1110   0041AA  580C               	subwfb	(??_fputc+4)^(0+1280),w,c
  1111   0041AC  B0D8               	btfsc	status,0,c
  1112   0041AE  EFDB  F020         	goto	u1301
  1113   0041B2  EFDD  F020         	goto	u1300
  1114   0041B6                     u1301:
  1115   0041B6  EF00  F021         	goto	l1164
  1116   0041BA                     u1300:
  1117   0041BA                     l2056:
  1118   0041BA  EE20 F003          	lfsr	2,3
  1119   0041BE  5006               	movf	fputc@fp^(0+1280),w,c
  1120   0041C0  26D9               	addwf	fsr2l,f,c
  1121   0041C2  5007               	movf	(fputc@fp+1)^(0+1280),w,c
  1122   0041C4  22DA               	addwfc	fsr2h,f,c
  1123   0041C6  C4DE F508          	movff	postinc2,??_fputc
  1124   0041CA  C4DD F509          	movff	postdec2,??_fputc+1
  1125   0041CE  C506  F4D9         	movff	fputc@fp,fsr2l
  1126   0041D2  C507  F4DA         	movff	fputc@fp+1,fsr2h
  1127   0041D6  C4DE F50A          	movff	postinc2,??_fputc+2
  1128   0041DA  C4DD F50B          	movff	postdec2,??_fputc+3
  1129   0041DE  5008               	movf	??_fputc^(0+1280),w,c
  1130   0041E0  240A               	addwf	(??_fputc+2)^(0+1280),w,c
  1131   0041E2  6ED9               	movwf	fsr2l,c
  1132   0041E4  5009               	movf	(??_fputc+1)^(0+1280),w,c
  1133   0041E6  200B               	addwfc	(??_fputc+3)^(0+1280),w,c
  1134   0041E8  6EDA               	movwf	fsr2h,c
  1135   0041EA  C504  F4DF         	movff	fputc@c,indf2
  1136   0041EE  EE20 F003          	lfsr	2,3
  1137   0041F2  5006               	movf	fputc@fp^(0+1280),w,c
  1138   0041F4  26D9               	addwf	fsr2l,f,c
  1139   0041F6  5007               	movf	(fputc@fp+1)^(0+1280),w,c
  1140   0041F8  22DA               	addwfc	fsr2h,f,c
  1141   0041FA  2ADE               	incf	postinc2,f,c
  1142   0041FC  0E00               	movlw	0
  1143   0041FE  22DD               	addwfc	postdec2,f,c
  1144   004200                     l1164:
  1145   004200  0012               	return		;funcret
  1146   004202                     __end_of_fputc:
  1147                           	callstack 0
  1148                           
  1149 ;; *************** function _putch *****************
  1150 ;; Defined at:
  1151 ;;		line 41 in file "uart.c"
  1152 ;; Parameters:    Size  Location     Type
  1153 ;;  dataTx          1    wreg     unsigned char 
  1154 ;; Auto vars:     Size  Location     Type
  1155 ;;  dataTx          1    2[COMRAM] unsigned char 
  1156 ;; Return value:  Size  Location     Type
  1157 ;;                  1    wreg      void 
  1158 ;; Registers used:
  1159 ;;		wreg, status,2, cstack
  1160 ;; Tracked objects:
  1161 ;;		On entry : 0/0
  1162 ;;		On exit  : 0/0
  1163 ;;		Unchanged: 0/0
  1164 ;; Data sizes:     COMRAM   BANK5   BANK6   BANK7   BANK8   BANK9  BANK10  BANK11  BANK12  BANK13  BANK14  BANK15  BANK1
      +6  BANK17  BANK18  BANK19  BANK20  BANK21  BANK22  BANK23  BANK24  BANK25  BANK26  BANK27  BANK28  BANK29  BANK30  BANK3
      +1  BANK32  BANK33  BANK34  BANK35  BANK36
  1165 ;;      Params:         0       0       0       0       0       0       0       0       0       0       0       0       
      +0       0       0       0       0       0       0       0       0       0       0       0       0       0       0       
      +0       0       0       0       0       0
  1166 ;;      Locals:         1       0       0       0       0       0       0       0       0       0       0       0       
      +0       0       0       0       0       0       0       0       0       0       0       0       0       0       0       
      +0       0       0       0       0       0
  1167 ;;      Temps:          0       0       0       0       0       0       0       0       0       0       0       0       
      +0       0       0       0       0       0       0       0       0       0       0       0       0       0       0       
      +0       0       0       0       0       0
  1168 ;;      Totals:         1       0       0       0       0       0       0       0       0       0       0       0       
      +0       0       0       0       0       0       0       0       0       0       0       0       0       0       0       
      +0       0       0       0       0       0
  1169 ;;Total ram usage:        1 bytes
  1170 ;; Hardware stack levels used: 1
  1171 ;; Hardware stack levels required when called: 3
  1172 ;; This function calls:
  1173 ;;		_UART1_Write_Char
  1174 ;; This function is called by:
  1175 ;;		_fputc
  1176 ;; This function uses a non-reentrant model
  1177 ;;
  1178                           
  1179                           	psect	text5
  1180   004622                     __ptext5:
  1181                           	callstack 0
  1182   004622                     _putch:
  1183                           	callstack 119
  1184                           
  1185                           ;incstack = 0
  1186                           ;putch@dataTx stored from wreg
  1187   004622  6E03               	movwf	putch@dataTx^(0+1280),c
  1188   004624                     
  1189                           ;uart.c: 41: void putch(char dataTx);uart.c: 42: {;uart.c: 43:     UART1_Write_Char(data
      +                          Tx);
  1190   004624  5003               	movf	putch@dataTx^(0+1280),w,c
  1191   004626  ECFB  F022         	call	_UART1_Write_Char
  1192   00462A  0012               	return		;funcret
  1193   00462C                     __end_of_putch:
  1194                           	callstack 0
  1195                           
  1196 ;; *************** function _UART1_Write_Char *****************
  1197 ;; Defined at:
  1198 ;;		line 27 in file "uart.c"
  1199 ;; Parameters:    Size  Location     Type
  1200 ;;  ch              1    wreg     unsigned char 
  1201 ;; Auto vars:     Size  Location     Type
  1202 ;;  ch              1    1[COMRAM] unsigned char 
  1203 ;; Return value:  Size  Location     Type
  1204 ;;                  1    wreg      void 
  1205 ;; Registers used:
  1206 ;;		wreg
  1207 ;; Tracked objects:
  1208 ;;		On entry : 0/0
  1209 ;;		On exit  : 0/0
  1210 ;;		Unchanged: 0/0
  1211 ;; Data sizes:     COMRAM   BANK5   BANK6   BANK7   BANK8   BANK9  BANK10  BANK11  BANK12  BANK13  BANK14  BANK15  BANK1
      +6  BANK17  BANK18  BANK19  BANK20  BANK21  BANK22  BANK23  BANK24  BANK25  BANK26  BANK27  BANK28  BANK29  BANK30  BANK3
      +1  BANK32  BANK33  BANK34  BANK35  BANK36
  1212 ;;      Params:         0       0       0       0       0       0       0       0       0       0       0       0       
      +0       0       0       0       0       0       0       0       0       0       0       0       0       0       0       
      +0       0       0       0       0       0
  1213 ;;      Locals:         1       0       0       0       0       0       0       0       0       0       0       0       
      +0       0       0       0       0       0       0       0       0       0       0       0       0       0       0       
      +0       0       0       0       0       0
  1214 ;;      Temps:          0       0       0       0       0       0       0       0       0       0       0       0       
      +0       0       0       0       0       0       0       0       0       0       0       0       0       0       0       
      +0       0       0       0       0       0
  1215 ;;      Totals:         1       0       0       0       0       0       0       0       0       0       0       0       
      +0       0       0       0       0       0       0       0       0       0       0       0       0       0       0       
      +0       0       0       0       0       0
  1216 ;;Total ram usage:        1 bytes
  1217 ;; Hardware stack levels used: 1
  1218 ;; Hardware stack levels required when called: 2
  1219 ;; This function calls:
  1220 ;;		Nothing
  1221 ;; This function is called by:
  1222 ;;		_putch
  1223 ;;		_UART1_Write_String
  1224 ;; This function uses a non-reentrant model
  1225 ;;
  1226                           
  1227                           	psect	text6
  1228   0045F6                     __ptext6:
  1229                           	callstack 0
  1230   0045F6                     _UART1_Write_Char:
  1231                           	callstack 119
  1232                           
  1233                           ;incstack = 0
  1234                           ;UART1_Write_Char@ch stored from wreg
  1235   0045F6  6E02               	movwf	UART1_Write_Char@ch^(0+1280),c
  1236   0045F8                     l371:
  1237   0045F8  0102               	movlb	2	; () banked
  1238   0045FA  AFB2               	btfss	178,7,b	;volatile
  1239   0045FC  EF02  F023         	goto	u11
  1240   004600  EF04  F023         	goto	u10
  1241   004604                     u11:
  1242   004604  EFFC  F022         	goto	l371
  1243   004608                     u10:
  1244   004608                     
  1245                           ; BSR set to: 2
  1246                           ;uart.c: 30:     U1TXB = ch;
  1247   004608  C502  F2A3         	movff	UART1_Write_Char@ch,675	;volatile
  1248   00460C                     
  1249                           ; BSR set to: 2
  1250   00460C  0012               	return		;funcret
  1251   00460E                     __end_of_UART1_Write_Char:
  1252                           	callstack 0
  1253                           
  1254 ;; *************** function ___lwmod *****************
  1255 ;; Defined at:
  1256 ;;		line 7 in file "C:\Program Files\Microchip\xc8\v2.46\pic\sources\c99\common\lwmod.c"
  1257 ;; Parameters:    Size  Location     Type
  1258 ;;  dividend        2    1[COMRAM] unsigned int 
  1259 ;;  divisor         2    3[COMRAM] unsigned int 
  1260 ;; Auto vars:     Size  Location     Type
  1261 ;;  counter         1    5[COMRAM] unsigned char 
  1262 ;; Return value:  Size  Location     Type
  1263 ;;                  2    1[COMRAM] unsigned int 
  1264 ;; Registers used:
  1265 ;;		wreg, status,2, status,0
  1266 ;; Tracked objects:
  1267 ;;		On entry : 0/0
  1268 ;;		On exit  : 0/0
  1269 ;;		Unchanged: 0/0
  1270 ;; Data sizes:     COMRAM   BANK5   BANK6   BANK7   BANK8   BANK9  BANK10  BANK11  BANK12  BANK13  BANK14  BANK15  BANK1
      +6  BANK17  BANK18  BANK19  BANK20  BANK21  BANK22  BANK23  BANK24  BANK25  BANK26  BANK27  BANK28  BANK29  BANK30  BANK3
      +1  BANK32  BANK33  BANK34  BANK35  BANK36
  1271 ;;      Params:         4       0       0       0       0       0       0       0       0       0       0       0       
      +0       0       0       0       0       0       0       0       0       0       0       0       0       0       0       
      +0       0       0       0       0       0
  1272 ;;      Locals:         1       0       0       0       0       0       0       0       0       0       0       0       
      +0       0       0       0       0       0       0       0       0       0       0       0       0       0       0       
      +0       0       0       0       0       0
  1273 ;;      Temps:          0       0       0       0       0       0       0       0       0       0       0       0       
      +0       0       0       0       0       0       0       0       0       0       0       0       0       0       0       
      +0       0       0       0       0       0
  1274 ;;      Totals:         5       0       0       0       0       0       0       0       0       0       0       0       
      +0       0       0       0       0       0       0       0       0       0       0       0       0       0       0       
      +0       0       0       0       0       0
  1275 ;;Total ram usage:        5 bytes
  1276 ;; Hardware stack levels used: 1
  1277 ;; Hardware stack levels required when called: 2
  1278 ;; This function calls:
  1279 ;;		Nothing
  1280 ;; This function is called by:
  1281 ;;		_vfpfcnvrt
  1282 ;; This function uses a non-reentrant model
  1283 ;;
  1284                           
  1285                           	psect	text7
  1286   0044A0                     __ptext7:
  1287                           	callstack 0
  1288   0044A0                     ___lwmod:
  1289                           	callstack 121
  1290   0044A0  5004               	movf	___lwmod@divisor^(0+1280),w,c
  1291   0044A2  1005               	iorwf	(___lwmod@divisor+1)^(0+1280),w,c
  1292   0044A4  B4D8               	btfsc	status,2,c
  1293   0044A6  EF57  F022         	goto	u1241
  1294   0044AA  EF59  F022         	goto	u1240
  1295   0044AE                     u1241:
  1296   0044AE  EF7D  F022         	goto	l931
  1297   0044B2                     u1240:
  1298   0044B2  0E01               	movlw	1
  1299   0044B4  6E06               	movwf	___lwmod@counter^(0+1280),c
  1300   0044B6  EF61  F022         	goto	l2036
  1301   0044BA                     l2034:
  1302   0044BA  90D8               	bcf	status,0,c
  1303   0044BC  3604               	rlcf	___lwmod@divisor^(0+1280),f,c
  1304   0044BE  3605               	rlcf	(___lwmod@divisor+1)^(0+1280),f,c
  1305   0044C0  2A06               	incf	___lwmod@counter^(0+1280),f,c
  1306   0044C2                     l2036:
  1307   0044C2  AE05               	btfss	(___lwmod@divisor+1)^(0+1280),7,c
  1308   0044C4  EF66  F022         	goto	u1251
  1309   0044C8  EF68  F022         	goto	u1250
  1310   0044CC                     u1251:
  1311   0044CC  EF5D  F022         	goto	l2034
  1312   0044D0                     u1250:
  1313   0044D0                     l2038:
  1314   0044D0  5004               	movf	___lwmod@divisor^(0+1280),w,c
  1315   0044D2  5C02               	subwf	___lwmod@dividend^(0+1280),w,c
  1316   0044D4  5005               	movf	(___lwmod@divisor+1)^(0+1280),w,c
  1317   0044D6  5803               	subwfb	(___lwmod@dividend+1)^(0+1280),w,c
  1318   0044D8  A0D8               	btfss	status,0,c
  1319   0044DA  EF71  F022         	goto	u1261
  1320   0044DE  EF73  F022         	goto	u1260
  1321   0044E2                     u1261:
  1322   0044E2  EF77  F022         	goto	l2042
  1323   0044E6                     u1260:
  1324   0044E6  5004               	movf	___lwmod@divisor^(0+1280),w,c
  1325   0044E8  5E02               	subwf	___lwmod@dividend^(0+1280),f,c
  1326   0044EA  5005               	movf	(___lwmod@divisor+1)^(0+1280),w,c
  1327   0044EC  5A03               	subwfb	(___lwmod@dividend+1)^(0+1280),f,c
  1328   0044EE                     l2042:
  1329   0044EE  90D8               	bcf	status,0,c
  1330   0044F0  3205               	rrcf	(___lwmod@divisor+1)^(0+1280),f,c
  1331   0044F2  3204               	rrcf	___lwmod@divisor^(0+1280),f,c
  1332   0044F4  2E06               	decfsz	___lwmod@counter^(0+1280),f,c
  1333   0044F6  EF68  F022         	goto	l2038
  1334   0044FA                     l931:
  1335   0044FA  C502  F502         	movff	___lwmod@dividend,?___lwmod
  1336   0044FE  C503  F503         	movff	___lwmod@dividend+1,?___lwmod+1
  1337   004502  0012               	return		;funcret
  1338   004504                     __end_of___lwmod:
  1339                           	callstack 0
  1340                           
  1341 ;; *************** function ___lwdiv *****************
  1342 ;; Defined at:
  1343 ;;		line 7 in file "C:\Program Files\Microchip\xc8\v2.46\pic\sources\c99\common\lwdiv.c"
  1344 ;; Parameters:    Size  Location     Type
  1345 ;;  dividend        2    1[COMRAM] unsigned int 
  1346 ;;  divisor         2    3[COMRAM] unsigned int 
  1347 ;; Auto vars:     Size  Location     Type
  1348 ;;  quotient        2    5[COMRAM] unsigned int 
  1349 ;;  counter         1    7[COMRAM] unsigned char 
  1350 ;; Return value:  Size  Location     Type
  1351 ;;                  2    1[COMRAM] unsigned int 
  1352 ;; Registers used:
  1353 ;;		wreg, status,2, status,0
  1354 ;; Tracked objects:
  1355 ;;		On entry : 0/0
  1356 ;;		On exit  : 0/0
  1357 ;;		Unchanged: 0/0
  1358 ;; Data sizes:     COMRAM   BANK5   BANK6   BANK7   BANK8   BANK9  BANK10  BANK11  BANK12  BANK13  BANK14  BANK15  BANK1
      +6  BANK17  BANK18  BANK19  BANK20  BANK21  BANK22  BANK23  BANK24  BANK25  BANK26  BANK27  BANK28  BANK29  BANK30  BANK3
      +1  BANK32  BANK33  BANK34  BANK35  BANK36
  1359 ;;      Params:         4       0       0       0       0       0       0       0       0       0       0       0       
      +0       0       0       0       0       0       0       0       0       0       0       0       0       0       0       
      +0       0       0       0       0       0
  1360 ;;      Locals:         3       0       0       0       0       0       0       0       0       0       0       0       
      +0       0       0       0       0       0       0       0       0       0       0       0       0       0       0       
      +0       0       0       0       0       0
  1361 ;;      Temps:          0       0       0       0       0       0       0       0       0       0       0       0       
      +0       0       0       0       0       0       0       0       0       0       0       0       0       0       0       
      +0       0       0       0       0       0
  1362 ;;      Totals:         7       0       0       0       0       0       0       0       0       0       0       0       
      +0       0       0       0       0       0       0       0       0       0       0       0       0       0       0       
      +0       0       0       0       0       0
  1363 ;;Total ram usage:        7 bytes
  1364 ;; Hardware stack levels used: 1
  1365 ;; Hardware stack levels required when called: 2
  1366 ;; This function calls:
  1367 ;;		Nothing
  1368 ;; This function is called by:
  1369 ;;		_vfpfcnvrt
  1370 ;; This function uses a non-reentrant model
  1371 ;;
  1372                           
  1373                           	psect	text8
  1374   0043C0                     __ptext8:
  1375                           	callstack 0
  1376   0043C0                     ___lwdiv:
  1377                           	callstack 121
  1378   0043C0  0E00               	movlw	0
  1379   0043C2  6E07               	movwf	(___lwdiv@quotient+1)^(0+1280),c
  1380   0043C4  0E00               	movlw	0
  1381   0043C6  6E06               	movwf	___lwdiv@quotient^(0+1280),c
  1382   0043C8  5004               	movf	___lwdiv@divisor^(0+1280),w,c
  1383   0043CA  1005               	iorwf	(___lwdiv@divisor+1)^(0+1280),w,c
  1384   0043CC  B4D8               	btfsc	status,2,c
  1385   0043CE  EFEB  F021         	goto	u1211
  1386   0043D2  EFED  F021         	goto	u1210
  1387   0043D6                     u1211:
  1388   0043D6  EF15  F022         	goto	l921
  1389   0043DA                     u1210:
  1390   0043DA  0E01               	movlw	1
  1391   0043DC  6E08               	movwf	___lwdiv@counter^(0+1280),c
  1392   0043DE  EFF5  F021         	goto	l2016
  1393   0043E2                     l2014:
  1394   0043E2  90D8               	bcf	status,0,c
  1395   0043E4  3604               	rlcf	___lwdiv@divisor^(0+1280),f,c
  1396   0043E6  3605               	rlcf	(___lwdiv@divisor+1)^(0+1280),f,c
  1397   0043E8  2A08               	incf	___lwdiv@counter^(0+1280),f,c
  1398   0043EA                     l2016:
  1399   0043EA  AE05               	btfss	(___lwdiv@divisor+1)^(0+1280),7,c
  1400   0043EC  EFFA  F021         	goto	u1221
  1401   0043F0  EFFC  F021         	goto	u1220
  1402   0043F4                     u1221:
  1403   0043F4  EFF1  F021         	goto	l2014
  1404   0043F8                     u1220:
  1405   0043F8                     l2018:
  1406   0043F8  90D8               	bcf	status,0,c
  1407   0043FA  3606               	rlcf	___lwdiv@quotient^(0+1280),f,c
  1408   0043FC  3607               	rlcf	(___lwdiv@quotient+1)^(0+1280),f,c
  1409   0043FE  5004               	movf	___lwdiv@divisor^(0+1280),w,c
  1410   004400  5C02               	subwf	___lwdiv@dividend^(0+1280),w,c
  1411   004402  5005               	movf	(___lwdiv@divisor+1)^(0+1280),w,c
  1412   004404  5803               	subwfb	(___lwdiv@dividend+1)^(0+1280),w,c
  1413   004406  A0D8               	btfss	status,0,c
  1414   004408  EF08  F022         	goto	u1231
  1415   00440C  EF0A  F022         	goto	u1230
  1416   004410                     u1231:
  1417   004410  EF0F  F022         	goto	l2026
  1418   004414                     u1230:
  1419   004414  5004               	movf	___lwdiv@divisor^(0+1280),w,c
  1420   004416  5E02               	subwf	___lwdiv@dividend^(0+1280),f,c
  1421   004418  5005               	movf	(___lwdiv@divisor+1)^(0+1280),w,c
  1422   00441A  5A03               	subwfb	(___lwdiv@dividend+1)^(0+1280),f,c
  1423   00441C  8006               	bsf	___lwdiv@quotient^(0+1280),0,c
  1424   00441E                     l2026:
  1425   00441E  90D8               	bcf	status,0,c
  1426   004420  3205               	rrcf	(___lwdiv@divisor+1)^(0+1280),f,c
  1427   004422  3204               	rrcf	___lwdiv@divisor^(0+1280),f,c
  1428   004424  2E08               	decfsz	___lwdiv@counter^(0+1280),f,c
  1429   004426  EFFC  F021         	goto	l2018
  1430   00442A                     l921:
  1431   00442A  C506  F502         	movff	___lwdiv@quotient,?___lwdiv
  1432   00442E  C507  F503         	movff	___lwdiv@quotient+1,?___lwdiv+1
  1433   004432  0012               	return		;funcret
  1434   004434                     __end_of___lwdiv:
  1435                           	callstack 0
  1436                           
  1437 ;; *************** function _UART1_Init *****************
  1438 ;; Defined at:
  1439 ;;		line 4 in file "uart.c"
  1440 ;; Parameters:    Size  Location     Type
  1441 ;;  baud            4   14[COMRAM] unsigned long 
  1442 ;; Auto vars:     Size  Location     Type
  1443 ;;		None
  1444 ;; Return value:  Size  Location     Type
  1445 ;;                  1    wreg      void 
  1446 ;; Registers used:
  1447 ;;		wreg, status,2, status,0, cstack
  1448 ;; Tracked objects:
  1449 ;;		On entry : 0/0
  1450 ;;		On exit  : 0/0
  1451 ;;		Unchanged: 0/0
  1452 ;; Data sizes:     COMRAM   BANK5   BANK6   BANK7   BANK8   BANK9  BANK10  BANK11  BANK12  BANK13  BANK14  BANK15  BANK1
      +6  BANK17  BANK18  BANK19  BANK20  BANK21  BANK22  BANK23  BANK24  BANK25  BANK26  BANK27  BANK28  BANK29  BANK30  BANK3
      +1  BANK32  BANK33  BANK34  BANK35  BANK36
  1453 ;;      Params:         4       0       0       0       0       0       0       0       0       0       0       0       
      +0       0       0       0       0       0       0       0       0       0       0       0       0       0       0       
      +0       0       0       0       0       0
  1454 ;;      Locals:         0       0       0       0       0       0       0       0       0       0       0       0       
      +0       0       0       0       0       0       0       0       0       0       0       0       0       0       0       
      +0       0       0       0       0       0
  1455 ;;      Temps:          0       0       0       0       0       0       0       0       0       0       0       0       
      +0       0       0       0       0       0       0       0       0       0       0       0       0       0       0       
      +0       0       0       0       0       0
  1456 ;;      Totals:         4       0       0       0       0       0       0       0       0       0       0       0       
      +0       0       0       0       0       0       0       0       0       0       0       0       0       0       0       
      +0       0       0       0       0       0
  1457 ;;Total ram usage:        4 bytes
  1458 ;; Hardware stack levels used: 1
  1459 ;; Hardware stack levels required when called: 4
  1460 ;; This function calls:
  1461 ;;		___lldiv
  1462 ;;		_configure_pin
  1463 ;; This function is called by:
  1464 ;;		_main
  1465 ;; This function uses a non-reentrant model
  1466 ;;
  1467                           
  1468                           	psect	text9
  1469   0042A6                     __ptext9:
  1470                           	callstack 0
  1471   0042A6                     _UART1_Init:
  1472                           	callstack 122
  1473   0042A6                     
  1474                           ;uart.c: 4: void UART1_Init(uint32_t baud);uart.c: 5: {;uart.c: 8:     U1CON0bits.BRGS =
      +                           0;
  1475   0042A6  0102               	movlb	2	; () banked
  1476   0042A8  9FAB               	bcf	171,7,b	;volatile
  1477   0042AA                     
  1478                           ; BSR set to: 2
  1479                           ;uart.c: 9:     U1BRG = (uint16_t)((64000000UL/16UL/baud) - 1UL);
  1480   0042AA  0E00               	movlw	0
  1481   0042AC  6E02               	movwf	___lldiv@dividend^(0+1280),c
  1482   0042AE  0E09               	movlw	9
  1483   0042B0  6E03               	movwf	(___lldiv@dividend+1)^(0+1280),c
  1484   0042B2  0E3D               	movlw	61
  1485   0042B4  6E04               	movwf	(___lldiv@dividend+2)^(0+1280),c
  1486   0042B6  0E00               	movlw	0
  1487   0042B8  6E05               	movwf	(___lldiv@dividend+3)^(0+1280),c
  1488   0042BA  C50F  F506         	movff	UART1_Init@baud,___lldiv@divisor
  1489   0042BE  C510  F507         	movff	UART1_Init@baud+1,___lldiv@divisor+1
  1490   0042C2  C511  F508         	movff	UART1_Init@baud+2,___lldiv@divisor+2
  1491   0042C6  C512  F509         	movff	UART1_Init@baud+3,___lldiv@divisor+3
  1492   0042CA  EC01  F021         	call	___lldiv	;wreg free
  1493   0042CE  0EFF               	movlw	255
  1494   0042D0  2402               	addwf	?___lldiv^(0+1280),w,c
  1495   0042D2  0102               	movlb	2	; () banked
  1496   0042D4  6FAE               	movwf	174,b	;volatile
  1497   0042D6  0EFF               	movlw	255
  1498   0042D8  2003               	addwfc	(?___lldiv+1)^(0+1280),w,c
  1499   0042DA  6FAF               	movwf	175,b	;volatile
  1500   0042DC                     
  1501                           ; BSR set to: 2
  1502                           ;uart.c: 10:     U1CON0bits.MODE = 0b0000;
  1503   0042DC  0EF0               	movlw	-16
  1504   0042DE  17AB               	andwf	171,f,b	;volatile
  1505   0042E0                     
  1506                           ; BSR set to: 2
  1507                           ;uart.c: 11:     U1CON2bits.TXPOL = 0;
  1508   0042E0  95AD               	bcf	173,2,b	;volatile
  1509   0042E2                     
  1510                           ; BSR set to: 2
  1511                           ;uart.c: 12:     U1CON1bits.ON = 1;
  1512   0042E2  8FAC               	bsf	172,7,b	;volatile
  1513   0042E4                     
  1514                           ; BSR set to: 2
  1515                           ;uart.c: 13:     U1CON0bits.TXEN = 1;
  1516   0042E4  8BAB               	bsf	171,5,b	;volatile
  1517   0042E6                     
  1518                           ; BSR set to: 2
  1519                           ;uart.c: 14:     U1CON0bits.RXEN = 1;
  1520   0042E6  89AB               	bsf	171,4,b	;volatile
  1521   0042E8                     
  1522                           ; BSR set to: 2
  1523                           ;uart.c: 18:     RF0PPS = 0x20;
  1524   0042E8  0E20               	movlw	32
  1525   0042EA  6F29               	movwf	41,b	;volatile
  1526                           
  1527                           ;uart.c: 19:     configure_pin(PORT_F, 0, 0, 1, 0, 1, 1, 1);
  1528   0042EC  0E00               	movlw	0
  1529   0042EE  6E06               	movwf	configure_pin@pin_number^(0+1280),c
  1530   0042F0  0E00               	movlw	0
  1531   0042F2  6E07               	movwf	configure_pin@is_input^(0+1280),c
  1532   0042F4  0E01               	movlw	1
  1533   0042F6  6E08               	movwf	configure_pin@is_digital^(0+1280),c
  1534   0042F8  0E00               	movlw	0
  1535   0042FA  6E09               	movwf	configure_pin@enable_pullup^(0+1280),c
  1536   0042FC  0E01               	movlw	1
  1537   0042FE  6E0A               	movwf	configure_pin@use_ttl^(0+1280),c
  1538   004300  0E01               	movlw	1
  1539   004302  6E0B               	movwf	configure_pin@slew_rate_limited^(0+1280),c
  1540   004304  0E01               	movlw	1
  1541   004306  6E0C               	movwf	configure_pin@use_push_pull^(0+1280),c
  1542   004308  0E46               	movlw	70
  1543   00430A  EC22  F020         	call	_configure_pin
  1544   00430E                     
  1545                           ;uart.c: 22:     U1RXPPSbits.PORT = 0b101;
  1546   00430E  0102               	movlb	2	; () banked
  1547   004310  5172               	movf	114,w,b	;volatile
  1548   004312  0BC7               	andlw	-57
  1549   004314  0928               	iorlw	40
  1550   004316  6F72               	movwf	114,b	;volatile
  1551   004318                     
  1552                           ; BSR set to: 2
  1553                           ;uart.c: 23:     U1RXPPSbits.PIN = 0b001;
  1554   004318  5172               	movf	114,w,b	;volatile
  1555   00431A  0BF8               	andlw	-8
  1556   00431C  0901               	iorlw	1
  1557   00431E  6F72               	movwf	114,b	;volatile
  1558                           
  1559                           ;uart.c: 24:     configure_pin(PORT_F, 1, 1, 1, 0, 1, 1, 1);
  1560   004320  0E01               	movlw	1
  1561   004322  6E06               	movwf	configure_pin@pin_number^(0+1280),c
  1562   004324  0E01               	movlw	1
  1563   004326  6E07               	movwf	configure_pin@is_input^(0+1280),c
  1564   004328  0E01               	movlw	1
  1565   00432A  6E08               	movwf	configure_pin@is_digital^(0+1280),c
  1566   00432C  0E00               	movlw	0
  1567   00432E  6E09               	movwf	configure_pin@enable_pullup^(0+1280),c
  1568   004330  0E01               	movlw	1
  1569   004332  6E0A               	movwf	configure_pin@use_ttl^(0+1280),c
  1570   004334  0E01               	movlw	1
  1571   004336  6E0B               	movwf	configure_pin@slew_rate_limited^(0+1280),c
  1572   004338  0E01               	movlw	1
  1573   00433A  6E0C               	movwf	configure_pin@use_push_pull^(0+1280),c
  1574   00433C  0E46               	movlw	70
  1575   00433E  EC22  F020         	call	_configure_pin
  1576   004342  0012               	return		;funcret
  1577   004344                     __end_of_UART1_Init:
  1578                           	callstack 0
  1579                           
  1580 ;; *************** function ___lldiv *****************
  1581 ;; Defined at:
  1582 ;;		line 7 in file "C:\Program Files\Microchip\xc8\v2.46\pic\sources\c99\common\__lldiv.c"
  1583 ;; Parameters:    Size  Location     Type
  1584 ;;  dividend        4    1[COMRAM] unsigned long 
  1585 ;;  divisor         4    5[COMRAM] unsigned long 
  1586 ;; Auto vars:     Size  Location     Type
  1587 ;;  quotient        4    9[COMRAM] unsigned long 
  1588 ;;  counter         1   13[COMRAM] unsigned char 
  1589 ;; Return value:  Size  Location     Type
  1590 ;;                  4    1[COMRAM] unsigned long 
  1591 ;; Registers used:
  1592 ;;		wreg, status,2, status,0
  1593 ;; Tracked objects:
  1594 ;;		On entry : 0/0
  1595 ;;		On exit  : 0/0
  1596 ;;		Unchanged: 0/0
  1597 ;; Data sizes:     COMRAM   BANK5   BANK6   BANK7   BANK8   BANK9  BANK10  BANK11  BANK12  BANK13  BANK14  BANK15  BANK1
      +6  BANK17  BANK18  BANK19  BANK20  BANK21  BANK22  BANK23  BANK24  BANK25  BANK26  BANK27  BANK28  BANK29  BANK30  BANK3
      +1  BANK32  BANK33  BANK34  BANK35  BANK36
  1598 ;;      Params:         8       0       0       0       0       0       0       0       0       0       0       0       
      +0       0       0       0       0       0       0       0       0       0       0       0       0       0       0       
      +0       0       0       0       0       0
  1599 ;;      Locals:         5       0       0       0       0       0       0       0       0       0       0       0       
      +0       0       0       0       0       0       0       0       0       0       0       0       0       0       0       
      +0       0       0       0       0       0
  1600 ;;      Temps:          0       0       0       0       0       0       0       0       0       0       0       0       
      +0       0       0       0       0       0       0       0       0       0       0       0       0       0       0       
      +0       0       0       0       0       0
  1601 ;;      Totals:        13       0       0       0       0       0       0       0       0       0       0       0       
      +0       0       0       0       0       0       0       0       0       0       0       0       0       0       0       
      +0       0       0       0       0       0
  1602 ;;Total ram usage:       13 bytes
  1603 ;; Hardware stack levels used: 1
  1604 ;; Hardware stack levels required when called: 2
  1605 ;; This function calls:
  1606 ;;		Nothing
  1607 ;; This function is called by:
  1608 ;;		_UART1_Init
  1609 ;; This function uses a non-reentrant model
  1610 ;;
  1611                           
  1612                           	psect	text10
  1613   004202                     __ptext10:
  1614                           	callstack 0
  1615   004202                     ___lldiv:
  1616                           	callstack 123
  1617   004202  0E00               	movlw	0
  1618   004204  6E0A               	movwf	___lldiv@quotient^(0+1280),c
  1619   004206  0E00               	movlw	0
  1620   004208  6E0B               	movwf	(___lldiv@quotient+1)^(0+1280),c
  1621   00420A  0E00               	movlw	0
  1622   00420C  6E0C               	movwf	(___lldiv@quotient+2)^(0+1280),c
  1623   00420E  0E00               	movlw	0
  1624   004210  6E0D               	movwf	(___lldiv@quotient+3)^(0+1280),c
  1625   004212  5006               	movf	___lldiv@divisor^(0+1280),w,c
  1626   004214  1007               	iorwf	(___lldiv@divisor+1)^(0+1280),w,c
  1627   004216  1008               	iorwf	(___lldiv@divisor+2)^(0+1280),w,c
  1628   004218  1009               	iorwf	(___lldiv@divisor+3)^(0+1280),w,c
  1629   00421A  B4D8               	btfsc	status,2,c
  1630   00421C  EF12  F021         	goto	u2141
  1631   004220  EF14  F021         	goto	u2140
  1632   004224                     u2141:
  1633   004224  EF4A  F021         	goto	l457
  1634   004228                     u2140:
  1635   004228  0E01               	movlw	1
  1636   00422A  6E0E               	movwf	___lldiv@counter^(0+1280),c
  1637   00422C  EF1E  F021         	goto	l2412
  1638   004230                     l2410:
  1639   004230  90D8               	bcf	status,0,c
  1640   004232  3606               	rlcf	___lldiv@divisor^(0+1280),f,c
  1641   004234  3607               	rlcf	(___lldiv@divisor+1)^(0+1280),f,c
  1642   004236  3608               	rlcf	(___lldiv@divisor+2)^(0+1280),f,c
  1643   004238  3609               	rlcf	(___lldiv@divisor+3)^(0+1280),f,c
  1644   00423A  2A0E               	incf	___lldiv@counter^(0+1280),f,c
  1645   00423C                     l2412:
  1646   00423C  AE09               	btfss	(___lldiv@divisor+3)^(0+1280),7,c
  1647   00423E  EF23  F021         	goto	u2151
  1648   004242  EF25  F021         	goto	u2150
  1649   004246                     u2151:
  1650   004246  EF18  F021         	goto	l2410
  1651   00424A                     u2150:
  1652   00424A                     l2414:
  1653   00424A  90D8               	bcf	status,0,c
  1654   00424C  360A               	rlcf	___lldiv@quotient^(0+1280),f,c
  1655   00424E  360B               	rlcf	(___lldiv@quotient+1)^(0+1280),f,c
  1656   004250  360C               	rlcf	(___lldiv@quotient+2)^(0+1280),f,c
  1657   004252  360D               	rlcf	(___lldiv@quotient+3)^(0+1280),f,c
  1658   004254  5006               	movf	___lldiv@divisor^(0+1280),w,c
  1659   004256  5C02               	subwf	___lldiv@dividend^(0+1280),w,c
  1660   004258  5007               	movf	(___lldiv@divisor+1)^(0+1280),w,c
  1661   00425A  5803               	subwfb	(___lldiv@dividend+1)^(0+1280),w,c
  1662   00425C  5008               	movf	(___lldiv@divisor+2)^(0+1280),w,c
  1663   00425E  5804               	subwfb	(___lldiv@dividend+2)^(0+1280),w,c
  1664   004260  5009               	movf	(___lldiv@divisor+3)^(0+1280),w,c
  1665   004262  5805               	subwfb	(___lldiv@dividend+3)^(0+1280),w,c
  1666   004264  A0D8               	btfss	status,0,c
  1667   004266  EF37  F021         	goto	u2161
  1668   00426A  EF39  F021         	goto	u2160
  1669   00426E                     u2161:
  1670   00426E  EF42  F021         	goto	l2422
  1671   004272                     u2160:
  1672   004272  5006               	movf	___lldiv@divisor^(0+1280),w,c
  1673   004274  5E02               	subwf	___lldiv@dividend^(0+1280),f,c
  1674   004276  5007               	movf	(___lldiv@divisor+1)^(0+1280),w,c
  1675   004278  5A03               	subwfb	(___lldiv@dividend+1)^(0+1280),f,c
  1676   00427A  5008               	movf	(___lldiv@divisor+2)^(0+1280),w,c
  1677   00427C  5A04               	subwfb	(___lldiv@dividend+2)^(0+1280),f,c
  1678   00427E  5009               	movf	(___lldiv@divisor+3)^(0+1280),w,c
  1679   004280  5A05               	subwfb	(___lldiv@dividend+3)^(0+1280),f,c
  1680   004282  800A               	bsf	___lldiv@quotient^(0+1280),0,c
  1681   004284                     l2422:
  1682   004284  90D8               	bcf	status,0,c
  1683   004286  3209               	rrcf	(___lldiv@divisor+3)^(0+1280),f,c
  1684   004288  3208               	rrcf	(___lldiv@divisor+2)^(0+1280),f,c
  1685   00428A  3207               	rrcf	(___lldiv@divisor+1)^(0+1280),f,c
  1686   00428C  3206               	rrcf	___lldiv@divisor^(0+1280),f,c
  1687   00428E  2E0E               	decfsz	___lldiv@counter^(0+1280),f,c
  1688   004290  EF25  F021         	goto	l2414
  1689   004294                     l457:
  1690   004294  C50A  F502         	movff	___lldiv@quotient,?___lldiv
  1691   004298  C50B  F503         	movff	___lldiv@quotient+1,?___lldiv+1
  1692   00429C  C50C  F504         	movff	___lldiv@quotient+2,?___lldiv+2
  1693   0042A0  C50D  F505         	movff	___lldiv@quotient+3,?___lldiv+3
  1694   0042A4  0012               	return		;funcret
  1695   0042A6                     __end_of___lldiv:
  1696                           	callstack 0
  1697                           
  1698 ;; *************** function _INTERRUPT_Init *****************
  1699 ;; Defined at:
  1700 ;;		line 5 in file "interrupt.c"
  1701 ;; Parameters:    Size  Location     Type
  1702 ;;		None
  1703 ;; Auto vars:     Size  Location     Type
  1704 ;;		None
  1705 ;; Return value:  Size  Location     Type
  1706 ;;                  1    wreg      void 
  1707 ;; Registers used:
  1708 ;;		wreg, status,2
  1709 ;; Tracked objects:
  1710 ;;		On entry : 0/0
  1711 ;;		On exit  : 0/0
  1712 ;;		Unchanged: 0/0
  1713 ;; Data sizes:     COMRAM   BANK5   BANK6   BANK7   BANK8   BANK9  BANK10  BANK11  BANK12  BANK13  BANK14  BANK15  BANK1
      +6  BANK17  BANK18  BANK19  BANK20  BANK21  BANK22  BANK23  BANK24  BANK25  BANK26  BANK27  BANK28  BANK29  BANK30  BANK3
      +1  BANK32  BANK33  BANK34  BANK35  BANK36
  1714 ;;      Params:         0       0       0       0       0       0       0       0       0       0       0       0       
      +0       0       0       0       0       0       0       0       0       0       0       0       0       0       0       
      +0       0       0       0       0       0
  1715 ;;      Locals:         0       0       0       0       0       0       0       0       0       0       0       0       
      +0       0       0       0       0       0       0       0       0       0       0       0       0       0       0       
      +0       0       0       0       0       0
  1716 ;;      Temps:          0       0       0       0       0       0       0       0       0       0       0       0       
      +0       0       0       0       0       0       0       0       0       0       0       0       0       0       0       
      +0       0       0       0       0       0
  1717 ;;      Totals:         0       0       0       0       0       0       0       0       0       0       0       0       
      +0       0       0       0       0       0       0       0       0       0       0       0       0       0       0       
      +0       0       0       0       0       0
  1718 ;;Total ram usage:        0 bytes
  1719 ;; Hardware stack levels used: 1
  1720 ;; Hardware stack levels required when called: 2
  1721 ;; This function calls:
  1722 ;;		Nothing
  1723 ;; This function is called by:
  1724 ;;		_main
  1725 ;; This function uses a non-reentrant model
  1726 ;;
  1727                           
  1728                           	psect	text11
  1729   0045B4                     __ptext11:
  1730                           	callstack 0
  1731   0045B4                     _INTERRUPT_Init:
  1732                           	callstack 124
  1733   0045B4                     
  1734                           ;interrupt.c: 8:     INTCON0bits.IPEN = 1;
  1735   0045B4  8AD6               	bsf	214,5,c	;volatile
  1736                           
  1737                           ;interrupt.c: 9:     INTCON0bits.GIEH = 1;
  1738   0045B6  8ED6               	bsf	214,7,c	;volatile
  1739                           
  1740                           ;interrupt.c: 10:     INTCON0bits.GIEL = 1;
  1741   0045B8  8CD6               	bsf	214,6,c	;volatile
  1742                           
  1743                           ;interrupt.c: 14:     PIR4bits.U1RXIF = 1;
  1744   0045BA  80B2               	bsf	178,0,c	;volatile
  1745                           
  1746                           ;interrupt.c: 15:     PIE4bits.U1RXIE = 1;
  1747   0045BC  80A2               	bsf	162,0,c	;volatile
  1748                           
  1749                           ;interrupt.c: 16:     IPR4bits.U1RXIP = 1;
  1750   0045BE  0103               	movlb	3	; () banked
  1751   0045C0  8166               	bsf	102,0,b	;volatile
  1752                           
  1753                           ;interrupt.c: 20:     (INTCON0bits.GIE = 0);
  1754   0045C2  9ED6               	bcf	214,7,c	;volatile
  1755   0045C4                     
  1756                           ; BSR set to: 3
  1757                           ;interrupt.c: 21:     IVTBASEU = 0x00;
  1758   0045C4  0E00               	movlw	0
  1759   0045C6  0104               	movlb	4	; () banked
  1760   0045C8  6F5F               	movwf	95,b	;volatile
  1761                           
  1762                           ;interrupt.c: 22:     IVTBASEH = 0x30;
  1763   0045CA  0E30               	movlw	48
  1764   0045CC  6F5E               	movwf	94,b	;volatile
  1765                           
  1766                           ;interrupt.c: 23:     IVTBASEL = 0x08;
  1767   0045CE  0E08               	movlw	8
  1768   0045D0  6F5D               	movwf	93,b	;volatile
  1769   0045D2                     
  1770                           ; BSR set to: 4
  1771                           ;interrupt.c: 24:     (INTCON0bits.GIE = 1);
  1772   0045D2  8ED6               	bsf	214,7,c	;volatile
  1773   0045D4                     
  1774                           ; BSR set to: 4
  1775   0045D4  0012               	return		;funcret
  1776   0045D6                     __end_of_INTERRUPT_Init:
  1777                           	callstack 0
  1778                           
  1779 ;; *************** function _GPIO_Init *****************
  1780 ;; Defined at:
  1781 ;;		line 35 in file "main.c"
  1782 ;; Parameters:    Size  Location     Type
  1783 ;;		None
  1784 ;; Auto vars:     Size  Location     Type
  1785 ;;		None
  1786 ;; Return value:  Size  Location     Type
  1787 ;;                  1    wreg      void 
  1788 ;; Registers used:
  1789 ;;		wreg, status,2, status,0, cstack
  1790 ;; Tracked objects:
  1791 ;;		On entry : 0/0
  1792 ;;		On exit  : 0/0
  1793 ;;		Unchanged: 0/0
  1794 ;; Data sizes:     COMRAM   BANK5   BANK6   BANK7   BANK8   BANK9  BANK10  BANK11  BANK12  BANK13  BANK14  BANK15  BANK1
      +6  BANK17  BANK18  BANK19  BANK20  BANK21  BANK22  BANK23  BANK24  BANK25  BANK26  BANK27  BANK28  BANK29  BANK30  BANK3
      +1  BANK32  BANK33  BANK34  BANK35  BANK36
  1795 ;;      Params:         0       0       0       0       0       0       0       0       0       0       0       0       
      +0       0       0       0       0       0       0       0       0       0       0       0       0       0       0       
      +0       0       0       0       0       0
  1796 ;;      Locals:         0       0       0       0       0       0       0       0       0       0       0       0       
      +0       0       0       0       0       0       0       0       0       0       0       0       0       0       0       
      +0       0       0       0       0       0
  1797 ;;      Temps:          0       0       0       0       0       0       0       0       0       0       0       0       
      +0       0       0       0       0       0       0       0       0       0       0       0       0       0       0       
      +0       0       0       0       0       0
  1798 ;;      Totals:         0       0       0       0       0       0       0       0       0       0       0       0       
      +0       0       0       0       0       0       0       0       0       0       0       0       0       0       0       
      +0       0       0       0       0       0
  1799 ;;Total ram usage:        0 bytes
  1800 ;; Hardware stack levels used: 1
  1801 ;; Hardware stack levels required when called: 4
  1802 ;; This function calls:
  1803 ;;		_configure_pin
  1804 ;; This function is called by:
  1805 ;;		_main
  1806 ;; This function uses a non-reentrant model
  1807 ;;
  1808                           
  1809                           	psect	text12
  1810   004434                     __ptext12:
  1811                           	callstack 0
  1812   004434                     _GPIO_Init:
  1813                           	callstack 122
  1814   004434  0E03               	movlw	3
  1815   004436  6E06               	movwf	configure_pin@pin_number^(0+1280),c
  1816   004438  0E00               	movlw	0
  1817   00443A  6E07               	movwf	configure_pin@is_input^(0+1280),c
  1818   00443C  0E01               	movlw	1
  1819   00443E  6E08               	movwf	configure_pin@is_digital^(0+1280),c
  1820   004440  0E00               	movlw	0
  1821   004442  6E09               	movwf	configure_pin@enable_pullup^(0+1280),c
  1822   004444  0E01               	movlw	1
  1823   004446  6E0A               	movwf	configure_pin@use_ttl^(0+1280),c
  1824   004448  0E01               	movlw	1
  1825   00444A  6E0B               	movwf	configure_pin@slew_rate_limited^(0+1280),c
  1826   00444C  0E01               	movlw	1
  1827   00444E  6E0C               	movwf	configure_pin@use_push_pull^(0+1280),c
  1828   004450  0E46               	movlw	70
  1829   004452  EC22  F020         	call	_configure_pin
  1830   004456  86C3               	bsf	195,3,c	;volatile
  1831   004458  0E00               	movlw	0
  1832   00445A  6E06               	movwf	configure_pin@pin_number^(0+1280),c
  1833   00445C  0E00               	movlw	0
  1834   00445E  6E07               	movwf	configure_pin@is_input^(0+1280),c
  1835   004460  0E01               	movlw	1
  1836   004462  6E08               	movwf	configure_pin@is_digital^(0+1280),c
  1837   004464  0E00               	movlw	0
  1838   004466  6E09               	movwf	configure_pin@enable_pullup^(0+1280),c
  1839   004468  0E01               	movlw	1
  1840   00446A  6E0A               	movwf	configure_pin@use_ttl^(0+1280),c
  1841   00446C  0E01               	movlw	1
  1842   00446E  6E0B               	movwf	configure_pin@slew_rate_limited^(0+1280),c
  1843   004470  0E01               	movlw	1
  1844   004472  6E0C               	movwf	configure_pin@use_push_pull^(0+1280),c
  1845   004474  0E44               	movlw	68
  1846   004476  EC22  F020         	call	_configure_pin
  1847   00447A  94C3               	bcf	195,2,c	;volatile
  1848   00447C  0E00               	movlw	0
  1849   00447E  6E06               	movwf	configure_pin@pin_number^(0+1280),c
  1850   004480  0E01               	movlw	1
  1851   004482  6E07               	movwf	configure_pin@is_input^(0+1280),c
  1852   004484  0E01               	movlw	1
  1853   004486  6E08               	movwf	configure_pin@is_digital^(0+1280),c
  1854   004488  0E01               	movlw	1
  1855   00448A  6E09               	movwf	configure_pin@enable_pullup^(0+1280),c
  1856   00448C  0E01               	movlw	1
  1857   00448E  6E0A               	movwf	configure_pin@use_ttl^(0+1280),c
  1858   004490  0E01               	movlw	1
  1859   004492  6E0B               	movwf	configure_pin@slew_rate_limited^(0+1280),c
  1860   004494  0E01               	movlw	1
  1861   004496  6E0C               	movwf	configure_pin@use_push_pull^(0+1280),c
  1862   004498  0E42               	movlw	66
  1863   00449A  EC22  F020         	call	_configure_pin
  1864   00449E  0012               	return		;funcret
  1865   0044A0                     __end_of_GPIO_Init:
  1866                           	callstack 0
  1867                           
  1868 ;; *************** function _configure_pin *****************
  1869 ;; Defined at:
  1870 ;;		line 325 in file "gpio.c"
  1871 ;; Parameters:    Size  Location     Type
  1872 ;;  port_name       1    wreg     enum E17440
  1873 ;;  pin_number      1    5[COMRAM] unsigned char 
  1874 ;;  is_input        1    6[COMRAM] _Bool 
  1875 ;;  is_digital      1    7[COMRAM] _Bool 
  1876 ;;  enable_pullu    1    8[COMRAM] _Bool 
  1877 ;;  use_ttl         1    9[COMRAM] _Bool 
  1878 ;;  slew_rate_li    1   10[COMRAM] _Bool 
  1879 ;;  use_push_pul    1   11[COMRAM] _Bool 
  1880 ;; Auto vars:     Size  Location     Type
  1881 ;;  port_name       1   12[COMRAM] enum E17440
  1882 ;; Return value:  Size  Location     Type
  1883 ;;                  1    wreg      void 
  1884 ;; Registers used:
  1885 ;;		wreg, status,2, status,0, cstack
  1886 ;; Tracked objects:
  1887 ;;		On entry : 0/0
  1888 ;;		On exit  : 0/0
  1889 ;;		Unchanged: 0/0
  1890 ;; Data sizes:     COMRAM   BANK5   BANK6   BANK7   BANK8   BANK9  BANK10  BANK11  BANK12  BANK13  BANK14  BANK15  BANK1
      +6  BANK17  BANK18  BANK19  BANK20  BANK21  BANK22  BANK23  BANK24  BANK25  BANK26  BANK27  BANK28  BANK29  BANK30  BANK3
      +1  BANK32  BANK33  BANK34  BANK35  BANK36
  1891 ;;      Params:         7       0       0       0       0       0       0       0       0       0       0       0       
      +0       0       0       0       0       0       0       0       0       0       0       0       0       0       0       
      +0       0       0       0       0       0
  1892 ;;      Locals:         1       0       0       0       0       0       0       0       0       0       0       0       
      +0       0       0       0       0       0       0       0       0       0       0       0       0       0       0       
      +0       0       0       0       0       0
  1893 ;;      Temps:          0       0       0       0       0       0       0       0       0       0       0       0       
      +0       0       0       0       0       0       0       0       0       0       0       0       0       0       0       
      +0       0       0       0       0       0
  1894 ;;      Totals:         8       0       0       0       0       0       0       0       0       0       0       0       
      +0       0       0       0       0       0       0       0       0       0       0       0       0       0       0       
      +0       0       0       0       0       0
  1895 ;;Total ram usage:        8 bytes
  1896 ;; Hardware stack levels used: 1
  1897 ;; Hardware stack levels required when called: 3
  1898 ;; This function calls:
  1899 ;;		_reset_pin_pullup
  1900 ;;		_set_pin_analog_mode
  1901 ;;		_set_pin_digital_mode
  1902 ;;		_set_pin_input
  1903 ;;		_set_pin_open_drain
  1904 ;;		_set_pin_output
  1905 ;;		_set_pin_pullup
  1906 ;;		_set_pin_push_pull
  1907 ;;		_set_pin_sr_limited
  1908 ;;		_set_pin_sr_maximum
  1909 ;;		_set_pin_st
  1910 ;;		_set_pin_ttl
  1911 ;; This function is called by:
  1912 ;;		_GPIO_Init
  1913 ;;		_UART1_Init
  1914 ;; This function uses a non-reentrant model
  1915 ;;
  1916                           
  1917                           	psect	text13
  1918   004044                     __ptext13:
  1919                           	callstack 0
  1920   004044                     _configure_pin:
  1921                           	callstack 122
  1922                           
  1923                           ;incstack = 0
  1924                           ;configure_pin@port_name stored from wreg
  1925   004044  6E0D               	movwf	configure_pin@port_name^(0+1280),c
  1926   004046                     
  1927                           ;gpio.c: 325: void configure_pin(PortName_t port_name, uint8_t pin_number, _Bool is_inpu
      +                          t,;gpio.c: 326:                    _Bool is_digital, _Bool enable_pullup, _Bool use_ttl,
      +                           _Bool slew_rate_limited,;gpio.c: 327:                    _Bool use_push_pull);gpio.c: 3
      +                          28: {;gpio.c: 329:     if(is_input)
  1928   004046  5007               	movf	configure_pin@is_input^(0+1280),w,c
  1929   004048  B4D8               	btfsc	status,2,c
  1930   00404A  EF29  F020         	goto	u2081
  1931   00404E  EF2B  F020         	goto	u2080
  1932   004052                     u2081:
  1933   004052  EF32  F020         	goto	l2372
  1934   004056                     u2080:
  1935   004056                     
  1936                           ;gpio.c: 330:         set_pin_input(port_name, pin_number);
  1937   004056  C506  F502         	movff	configure_pin@pin_number,set_pin_input@pin_number
  1938   00405A  500D               	movf	configure_pin@port_name^(0+1280),w,c
  1939   00405C  EC99  F01F         	call	_set_pin_input
  1940   004060  EF37  F020         	goto	l2374
  1941   004064                     l2372:
  1942                           
  1943                           ;gpio.c: 332:         set_pin_output(port_name, pin_number);
  1944   004064  C506  F502         	movff	configure_pin@pin_number,set_pin_output@pin_number
  1945   004068  500D               	movf	configure_pin@port_name^(0+1280),w,c
  1946   00406A  ECEC  F01D         	call	_set_pin_output
  1947   00406E                     l2374:
  1948                           
  1949                           ;gpio.c: 334:     if(is_digital)
  1950   00406E  5008               	movf	configure_pin@is_digital^(0+1280),w,c
  1951   004070  B4D8               	btfsc	status,2,c
  1952   004072  EF3D  F020         	goto	u2091
  1953   004076  EF3F  F020         	goto	u2090
  1954   00407A                     u2091:
  1955   00407A  EF46  F020         	goto	l2378
  1956   00407E                     u2090:
  1957   00407E                     
  1958                           ;gpio.c: 335:         set_pin_digital_mode(port_name, pin_number);
  1959   00407E  C506  F502         	movff	configure_pin@pin_number,set_pin_digital_mode@pin_number
  1960   004082  500D               	movf	configure_pin@port_name^(0+1280),w,c
  1961   004084  EC15  F01B         	call	_set_pin_digital_mode
  1962   004088  EF4B  F020         	goto	l2380
  1963   00408C                     l2378:
  1964                           
  1965                           ;gpio.c: 337:         set_pin_analog_mode(port_name, pin_number);
  1966   00408C  C506  F502         	movff	configure_pin@pin_number,set_pin_analog_mode@pin_number
  1967   004090  500D               	movf	configure_pin@port_name^(0+1280),w,c
  1968   004092  EC0A  F01F         	call	_set_pin_analog_mode
  1969   004096                     l2380:
  1970                           
  1971                           ;gpio.c: 339:     if(enable_pullup)
  1972   004096  5009               	movf	configure_pin@enable_pullup^(0+1280),w,c
  1973   004098  B4D8               	btfsc	status,2,c
  1974   00409A  EF51  F020         	goto	u2101
  1975   00409E  EF53  F020         	goto	u2100
  1976   0040A2                     u2101:
  1977   0040A2  EF5A  F020         	goto	l2384
  1978   0040A6                     u2100:
  1979   0040A6                     
  1980                           ;gpio.c: 340:         set_pin_pullup(port_name, pin_number);
  1981   0040A6  C506  F502         	movff	configure_pin@pin_number,set_pin_pullup@pin_number
  1982   0040AA  500D               	movf	configure_pin@port_name^(0+1280),w,c
  1983   0040AC  EC5D  F01D         	call	_set_pin_pullup
  1984   0040B0  EF5F  F020         	goto	l2386
  1985   0040B4                     l2384:
  1986                           
  1987                           ;gpio.c: 342:         reset_pin_pullup(port_name, pin_number);
  1988   0040B4  C506  F502         	movff	configure_pin@pin_number,reset_pin_pullup@pin_number
  1989   0040B8  500D               	movf	configure_pin@port_name^(0+1280),w,c
  1990   0040BA  ECAA  F01B         	call	_reset_pin_pullup
  1991   0040BE                     l2386:
  1992                           
  1993                           ;gpio.c: 344:     if(use_ttl)
  1994   0040BE  500A               	movf	configure_pin@use_ttl^(0+1280),w,c
  1995   0040C0  B4D8               	btfsc	status,2,c
  1996   0040C2  EF65  F020         	goto	u2111
  1997   0040C6  EF67  F020         	goto	u2110
  1998   0040CA                     u2111:
  1999   0040CA  EF6E  F020         	goto	l2390
  2000   0040CE                     u2110:
  2001   0040CE                     
  2002                           ;gpio.c: 345:         set_pin_ttl(port_name, pin_number);
  2003   0040CE  C506  F502         	movff	configure_pin@pin_number,set_pin_ttl@pin_number
  2004   0040D2  500D               	movf	configure_pin@port_name^(0+1280),w,c
  2005   0040D4  EC56  F019         	call	_set_pin_ttl
  2006   0040D8  EF73  F020         	goto	l2392
  2007   0040DC                     l2390:
  2008                           
  2009                           ;gpio.c: 347:         set_pin_st(port_name, pin_number);
  2010   0040DC  C506  F502         	movff	configure_pin@pin_number,set_pin_st@pin_number
  2011   0040E0  500D               	movf	configure_pin@port_name^(0+1280),w,c
  2012   0040E2  EC3F  F01C         	call	_set_pin_st
  2013   0040E6                     l2392:
  2014                           
  2015                           ;gpio.c: 349:     if(slew_rate_limited)
  2016   0040E6  500B               	movf	configure_pin@slew_rate_limited^(0+1280),w,c
  2017   0040E8  B4D8               	btfsc	status,2,c
  2018   0040EA  EF79  F020         	goto	u2121
  2019   0040EE  EF7B  F020         	goto	u2120
  2020   0040F2                     u2121:
  2021   0040F2  EF82  F020         	goto	l2396
  2022   0040F6                     u2120:
  2023   0040F6                     
  2024                           ;gpio.c: 350:         set_pin_sr_limited(port_name, pin_number);
  2025   0040F6  C506  F502         	movff	configure_pin@pin_number,set_pin_sr_limited@pin_number
  2026   0040FA  500D               	movf	configure_pin@port_name^(0+1280),w,c
  2027   0040FC  ECCE  F01C         	call	_set_pin_sr_limited
  2028   004100  EF87  F020         	goto	l2398
  2029   004104                     l2396:
  2030                           
  2031                           ;gpio.c: 352:         set_pin_sr_maximum(port_name, pin_number);
  2032   004104  C506  F502         	movff	configure_pin@pin_number,set_pin_sr_maximum@pin_number
  2033   004108  500D               	movf	configure_pin@port_name^(0+1280),w,c
  2034   00410A  ECEB  F019         	call	_set_pin_sr_maximum
  2035   00410E                     l2398:
  2036                           
  2037                           ;gpio.c: 354:     if(use_push_pull)
  2038   00410E  500C               	movf	configure_pin@use_push_pull^(0+1280),w,c
  2039   004110  B4D8               	btfsc	status,2,c
  2040   004112  EF8D  F020         	goto	u2131
  2041   004116  EF8F  F020         	goto	u2130
  2042   00411A                     u2131:
  2043   00411A  EF96  F020         	goto	l2402
  2044   00411E                     u2130:
  2045   00411E                     
  2046                           ;gpio.c: 355:         set_pin_push_pull(port_name, pin_number);
  2047   00411E  C506  F502         	movff	configure_pin@pin_number,set_pin_push_pull@pin_number
  2048   004122  500D               	movf	configure_pin@port_name^(0+1280),w,c
  2049   004124  EC80  F01A         	call	_set_pin_push_pull
  2050   004128  EF9B  F020         	goto	l260
  2051   00412C                     l2402:
  2052                           
  2053                           ;gpio.c: 357:         set_pin_open_drain(port_name, pin_number);
  2054   00412C  C506  F502         	movff	configure_pin@pin_number,set_pin_open_drain@pin_number
  2055   004130  500D               	movf	configure_pin@port_name^(0+1280),w,c
  2056   004132  EC7B  F01E         	call	_set_pin_open_drain
  2057   004136                     l260:
  2058   004136  0012               	return		;funcret
  2059   004138                     __end_of_configure_pin:
  2060                           	callstack 0
  2061                           
  2062 ;; *************** function _set_pin_ttl *****************
  2063 ;; Defined at:
  2064 ;;		line 191 in file "gpio.c"
  2065 ;; Parameters:    Size  Location     Type
  2066 ;;  port_name       1    wreg     enum E17440
  2067 ;;  pin_number      1    1[COMRAM] unsigned char 
  2068 ;; Auto vars:     Size  Location     Type
  2069 ;;  port_name       1    4[COMRAM] enum E17440
  2070 ;; Return value:  Size  Location     Type
  2071 ;;                  1    wreg      void 
  2072 ;; Registers used:
  2073 ;;		wreg, status,2, status,0
  2074 ;; Tracked objects:
  2075 ;;		On entry : 0/0
  2076 ;;		On exit  : 0/0
  2077 ;;		Unchanged: 0/0
  2078 ;; Data sizes:     COMRAM   BANK5   BANK6   BANK7   BANK8   BANK9  BANK10  BANK11  BANK12  BANK13  BANK14  BANK15  BANK1
      +6  BANK17  BANK18  BANK19  BANK20  BANK21  BANK22  BANK23  BANK24  BANK25  BANK26  BANK27  BANK28  BANK29  BANK30  BANK3
      +1  BANK32  BANK33  BANK34  BANK35  BANK36
  2079 ;;      Params:         1       0       0       0       0       0       0       0       0       0       0       0       
      +0       0       0       0       0       0       0       0       0       0       0       0       0       0       0       
      +0       0       0       0       0       0
  2080 ;;      Locals:         1       0       0       0       0       0       0       0       0       0       0       0       
      +0       0       0       0       0       0       0       0       0       0       0       0       0       0       0       
      +0       0       0       0       0       0
  2081 ;;      Temps:          2       0       0       0       0       0       0       0       0       0       0       0       
      +0       0       0       0       0       0       0       0       0       0       0       0       0       0       0       
      +0       0       0       0       0       0
  2082 ;;      Totals:         4       0       0       0       0       0       0       0       0       0       0       0       
      +0       0       0       0       0       0       0       0       0       0       0       0       0       0       0       
      +0       0       0       0       0       0
  2083 ;;Total ram usage:        4 bytes
  2084 ;; Hardware stack levels used: 1
  2085 ;; Hardware stack levels required when called: 2
  2086 ;; This function calls:
  2087 ;;		Nothing
  2088 ;; This function is called by:
  2089 ;;		_configure_pin
  2090 ;; This function uses a non-reentrant model
  2091 ;;
  2092                           
  2093                           	psect	text14
  2094   0032AC                     __ptext14:
  2095                           	callstack 0
  2096   0032AC                     _set_pin_ttl:
  2097                           	callstack 122
  2098                           
  2099                           ;incstack = 0
  2100                           ;set_pin_ttl@port_name stored from wreg
  2101   0032AC  6E05               	movwf	set_pin_ttl@port_name^(0+1280),c
  2102   0032AE                     
  2103                           ;gpio.c: 191: void set_pin_ttl(PortName_t port_name, uint8_t pin_number);gpio.c: 192: {;
      +                          gpio.c: 193:     switch(port_name)
  2104   0032AE  EFC5  F019         	goto	l2230
  2105   0032B2                     l2216:
  2106                           
  2107                           ;gpio.c: 196:             INLVLA &= ~(1 << pin_number);
  2108   0032B2  C502  F503         	movff	set_pin_ttl@pin_number,??_set_pin_ttl
  2109   0032B6  0E01               	movlw	1
  2110   0032B8  6E04               	movwf	(??_set_pin_ttl+1)^(0+1280),c
  2111   0032BA  2A03               	incf	??_set_pin_ttl^(0+1280),f,c
  2112   0032BC  EF62  F019         	goto	u1734
  2113   0032C0                     u1735:
  2114   0032C0  90D8               	bcf	status,0,c
  2115   0032C2  3604               	rlcf	(??_set_pin_ttl+1)^(0+1280),f,c
  2116   0032C4                     u1734:
  2117   0032C4  2E03               	decfsz	??_set_pin_ttl^(0+1280),f,c
  2118   0032C6  EF60  F019         	goto	u1735
  2119   0032CA  5004               	movf	(??_set_pin_ttl+1)^(0+1280),w,c
  2120   0032CC  0AFF               	xorlw	255
  2121   0032CE  0104               	movlb	4	; () banked
  2122   0032D0  1704               	andwf	4,f,b	;volatile
  2123                           
  2124                           ;gpio.c: 197:             break;
  2125   0032D2  EFEA  F019         	goto	l197
  2126   0032D6                     l2218:
  2127                           
  2128                           ;gpio.c: 199:             INLVLB &= ~(1 << pin_number);
  2129   0032D6  C502  F503         	movff	set_pin_ttl@pin_number,??_set_pin_ttl
  2130   0032DA  0E01               	movlw	1
  2131   0032DC  6E04               	movwf	(??_set_pin_ttl+1)^(0+1280),c
  2132   0032DE  2A03               	incf	??_set_pin_ttl^(0+1280),f,c
  2133   0032E0  EF74  F019         	goto	u1744
  2134   0032E4                     u1745:
  2135   0032E4  90D8               	bcf	status,0,c
  2136   0032E6  3604               	rlcf	(??_set_pin_ttl+1)^(0+1280),f,c
  2137   0032E8                     u1744:
  2138   0032E8  2E03               	decfsz	??_set_pin_ttl^(0+1280),f,c
  2139   0032EA  EF72  F019         	goto	u1745
  2140   0032EE  5004               	movf	(??_set_pin_ttl+1)^(0+1280),w,c
  2141   0032F0  0AFF               	xorlw	255
  2142   0032F2  0104               	movlb	4	; () banked
  2143   0032F4  170C               	andwf	12,f,b	;volatile
  2144                           
  2145                           ;gpio.c: 200:             break;
  2146   0032F6  EFEA  F019         	goto	l197
  2147   0032FA                     l2220:
  2148                           
  2149                           ;gpio.c: 202:             INLVLC &= ~(1 << pin_number);
  2150   0032FA  C502  F503         	movff	set_pin_ttl@pin_number,??_set_pin_ttl
  2151   0032FE  0E01               	movlw	1
  2152   003300  6E04               	movwf	(??_set_pin_ttl+1)^(0+1280),c
  2153   003302  2A03               	incf	??_set_pin_ttl^(0+1280),f,c
  2154   003304  EF86  F019         	goto	u1754
  2155   003308                     u1755:
  2156   003308  90D8               	bcf	status,0,c
  2157   00330A  3604               	rlcf	(??_set_pin_ttl+1)^(0+1280),f,c
  2158   00330C                     u1754:
  2159   00330C  2E03               	decfsz	??_set_pin_ttl^(0+1280),f,c
  2160   00330E  EF84  F019         	goto	u1755
  2161   003312  5004               	movf	(??_set_pin_ttl+1)^(0+1280),w,c
  2162   003314  0AFF               	xorlw	255
  2163   003316  0104               	movlb	4	; () banked
  2164   003318  1714               	andwf	20,f,b	;volatile
  2165                           
  2166                           ;gpio.c: 203:             break;
  2167   00331A  EFEA  F019         	goto	l197
  2168   00331E                     l2222:
  2169                           
  2170                           ;gpio.c: 205:             INLVLD &= ~(1 << pin_number);
  2171   00331E  C502  F503         	movff	set_pin_ttl@pin_number,??_set_pin_ttl
  2172   003322  0E01               	movlw	1
  2173   003324  6E04               	movwf	(??_set_pin_ttl+1)^(0+1280),c
  2174   003326  2A03               	incf	??_set_pin_ttl^(0+1280),f,c
  2175   003328  EF98  F019         	goto	u1764
  2176   00332C                     u1765:
  2177   00332C  90D8               	bcf	status,0,c
  2178   00332E  3604               	rlcf	(??_set_pin_ttl+1)^(0+1280),f,c
  2179   003330                     u1764:
  2180   003330  2E03               	decfsz	??_set_pin_ttl^(0+1280),f,c
  2181   003332  EF96  F019         	goto	u1765
  2182   003336  5004               	movf	(??_set_pin_ttl+1)^(0+1280),w,c
  2183   003338  0AFF               	xorlw	255
  2184   00333A  0104               	movlb	4	; () banked
  2185   00333C  171C               	andwf	28,f,b	;volatile
  2186                           
  2187                           ;gpio.c: 206:             break;
  2188   00333E  EFEA  F019         	goto	l197
  2189   003342                     l2224:
  2190                           
  2191                           ;gpio.c: 208:             INLVLE &= ~(1 << pin_number);
  2192   003342  C502  F503         	movff	set_pin_ttl@pin_number,??_set_pin_ttl
  2193   003346  0E01               	movlw	1
  2194   003348  6E04               	movwf	(??_set_pin_ttl+1)^(0+1280),c
  2195   00334A  2A03               	incf	??_set_pin_ttl^(0+1280),f,c
  2196   00334C  EFAA  F019         	goto	u1774
  2197   003350                     u1775:
  2198   003350  90D8               	bcf	status,0,c
  2199   003352  3604               	rlcf	(??_set_pin_ttl+1)^(0+1280),f,c
  2200   003354                     u1774:
  2201   003354  2E03               	decfsz	??_set_pin_ttl^(0+1280),f,c
  2202   003356  EFA8  F019         	goto	u1775
  2203   00335A  5004               	movf	(??_set_pin_ttl+1)^(0+1280),w,c
  2204   00335C  0AFF               	xorlw	255
  2205   00335E  0104               	movlb	4	; () banked
  2206   003360  1724               	andwf	36,f,b	;volatile
  2207                           
  2208                           ;gpio.c: 209:             break;
  2209   003362  EFEA  F019         	goto	l197
  2210   003366                     l2226:
  2211                           
  2212                           ;gpio.c: 211:             INLVLF &= ~(1 << pin_number);
  2213   003366  C502  F503         	movff	set_pin_ttl@pin_number,??_set_pin_ttl
  2214   00336A  0E01               	movlw	1
  2215   00336C  6E04               	movwf	(??_set_pin_ttl+1)^(0+1280),c
  2216   00336E  2A03               	incf	??_set_pin_ttl^(0+1280),f,c
  2217   003370  EFBC  F019         	goto	u1784
  2218   003374                     u1785:
  2219   003374  90D8               	bcf	status,0,c
  2220   003376  3604               	rlcf	(??_set_pin_ttl+1)^(0+1280),f,c
  2221   003378                     u1784:
  2222   003378  2E03               	decfsz	??_set_pin_ttl^(0+1280),f,c
  2223   00337A  EFBA  F019         	goto	u1785
  2224   00337E  5004               	movf	(??_set_pin_ttl+1)^(0+1280),w,c
  2225   003380  0AFF               	xorlw	255
  2226   003382  0104               	movlb	4	; () banked
  2227   003384  172C               	andwf	44,f,b	;volatile
  2228                           
  2229                           ;gpio.c: 212:             break;
  2230   003386  EFEA  F019         	goto	l197
  2231   00338A                     l2230:
  2232   00338A  5005               	movf	set_pin_ttl@port_name^(0+1280),w,c
  2233   00338C  6E03               	movwf	??_set_pin_ttl^(0+1280),c
  2234   00338E  6A04               	clrf	(??_set_pin_ttl+1)^(0+1280),c
  2235                           
  2236                           ; Switch on 2 bytes has been partitioned into a top level switch of size 1, and 1 sub-sw
      +                          itches
  2237                           ; Switch size 1, requested type "simple"
  2238                           ; Number of cases is 1, Range of values is 0 to 0
  2239                           ; switch strategies available:
  2240                           ; Name         Instructions Cycles
  2241                           ; simple_byte            4     3 (average)
  2242                           ;	Chosen strategy is simple_byte
  2243   003390  5004               	movf	(??_set_pin_ttl+1)^(0+1280),w,c
  2244   003392  0A00               	xorlw	0	; case 0
  2245   003394  B4D8               	btfsc	status,2,c
  2246   003396  EFCF  F019         	goto	l2730
  2247   00339A  EFEA  F019         	goto	l197
  2248   00339E                     l2730:
  2249                           
  2250                           ; Switch size 1, requested type "simple"
  2251                           ; Number of cases is 6, Range of values is 65 to 70
  2252                           ; switch strategies available:
  2253                           ; Name         Instructions Cycles
  2254                           ; simple_byte           19    10 (average)
  2255                           ;	Chosen strategy is simple_byte
  2256   00339E  5003               	movf	??_set_pin_ttl^(0+1280),w,c
  2257   0033A0  0A41               	xorlw	65	; case 65
  2258   0033A2  B4D8               	btfsc	status,2,c
  2259   0033A4  EF59  F019         	goto	l2216
  2260   0033A8  0A03               	xorlw	3	; case 66
  2261   0033AA  B4D8               	btfsc	status,2,c
  2262   0033AC  EF6B  F019         	goto	l2218
  2263   0033B0  0A01               	xorlw	1	; case 67
  2264   0033B2  B4D8               	btfsc	status,2,c
  2265   0033B4  EF7D  F019         	goto	l2220
  2266   0033B8  0A07               	xorlw	7	; case 68
  2267   0033BA  B4D8               	btfsc	status,2,c
  2268   0033BC  EF8F  F019         	goto	l2222
  2269   0033C0  0A01               	xorlw	1	; case 69
  2270   0033C2  B4D8               	btfsc	status,2,c
  2271   0033C4  EFA1  F019         	goto	l2224
  2272   0033C8  0A03               	xorlw	3	; case 70
  2273   0033CA  B4D8               	btfsc	status,2,c
  2274   0033CC  EFB3  F019         	goto	l2226
  2275   0033D0  EFEA  F019         	goto	l197
  2276   0033D4                     l197:
  2277   0033D4  0012               	return		;funcret
  2278   0033D6                     __end_of_set_pin_ttl:
  2279                           	callstack 0
  2280                           
  2281 ;; *************** function _set_pin_st *****************
  2282 ;; Defined at:
  2283 ;;		line 164 in file "gpio.c"
  2284 ;; Parameters:    Size  Location     Type
  2285 ;;  port_name       1    wreg     enum E17440
  2286 ;;  pin_number      1    1[COMRAM] unsigned char 
  2287 ;; Auto vars:     Size  Location     Type
  2288 ;;  port_name       1    4[COMRAM] enum E17440
  2289 ;; Return value:  Size  Location     Type
  2290 ;;                  1    wreg      void 
  2291 ;; Registers used:
  2292 ;;		wreg, status,2, status,0
  2293 ;; Tracked objects:
  2294 ;;		On entry : 0/0
  2295 ;;		On exit  : 0/0
  2296 ;;		Unchanged: 0/0
  2297 ;; Data sizes:     COMRAM   BANK5   BANK6   BANK7   BANK8   BANK9  BANK10  BANK11  BANK12  BANK13  BANK14  BANK15  BANK1
      +6  BANK17  BANK18  BANK19  BANK20  BANK21  BANK22  BANK23  BANK24  BANK25  BANK26  BANK27  BANK28  BANK29  BANK30  BANK3
      +1  BANK32  BANK33  BANK34  BANK35  BANK36
  2298 ;;      Params:         1       0       0       0       0       0       0       0       0       0       0       0       
      +0       0       0       0       0       0       0       0       0       0       0       0       0       0       0       
      +0       0       0       0       0       0
  2299 ;;      Locals:         1       0       0       0       0       0       0       0       0       0       0       0       
      +0       0       0       0       0       0       0       0       0       0       0       0       0       0       0       
      +0       0       0       0       0       0
  2300 ;;      Temps:          2       0       0       0       0       0       0       0       0       0       0       0       
      +0       0       0       0       0       0       0       0       0       0       0       0       0       0       0       
      +0       0       0       0       0       0
  2301 ;;      Totals:         4       0       0       0       0       0       0       0       0       0       0       0       
      +0       0       0       0       0       0       0       0       0       0       0       0       0       0       0       
      +0       0       0       0       0       0
  2302 ;;Total ram usage:        4 bytes
  2303 ;; Hardware stack levels used: 1
  2304 ;; Hardware stack levels required when called: 2
  2305 ;; This function calls:
  2306 ;;		Nothing
  2307 ;; This function is called by:
  2308 ;;		_configure_pin
  2309 ;; This function uses a non-reentrant model
  2310 ;;
  2311                           
  2312                           	psect	text15
  2313   00387E                     __ptext15:
  2314                           	callstack 0
  2315   00387E                     _set_pin_st:
  2316                           	callstack 122
  2317                           
  2318                           ;incstack = 0
  2319                           ;set_pin_st@port_name stored from wreg
  2320   00387E  6E05               	movwf	set_pin_st@port_name^(0+1280),c
  2321   003880                     
  2322                           ;gpio.c: 164: void set_pin_st(PortName_t port_name, uint8_t pin_number);gpio.c: 165: {;g
      +                          pio.c: 166:     switch(port_name)
  2323   003880  EFA8  F01C         	goto	l2208
  2324   003884                     l2194:
  2325                           
  2326                           ;gpio.c: 169:             INLVLA |= (1 << pin_number);
  2327   003884  C502  F503         	movff	set_pin_st@pin_number,??_set_pin_st
  2328   003888  0E01               	movlw	1
  2329   00388A  6E04               	movwf	(??_set_pin_st+1)^(0+1280),c
  2330   00388C  2A03               	incf	??_set_pin_st^(0+1280),f,c
  2331   00388E  EF4B  F01C         	goto	u1674
  2332   003892                     u1675:
  2333   003892  90D8               	bcf	status,0,c
  2334   003894  3604               	rlcf	(??_set_pin_st+1)^(0+1280),f,c
  2335   003896                     u1674:
  2336   003896  2E03               	decfsz	??_set_pin_st^(0+1280),f,c
  2337   003898  EF49  F01C         	goto	u1675
  2338   00389C  5004               	movf	(??_set_pin_st+1)^(0+1280),w,c
  2339   00389E  0104               	movlb	4	; () banked
  2340   0038A0  1304               	iorwf	4,f,b	;volatile
  2341                           
  2342                           ;gpio.c: 170:             break;
  2343   0038A2  EFCD  F01C         	goto	l185
  2344   0038A6                     l2196:
  2345                           
  2346                           ;gpio.c: 172:             INLVLB |= (1 << pin_number);
  2347   0038A6  C502  F503         	movff	set_pin_st@pin_number,??_set_pin_st
  2348   0038AA  0E01               	movlw	1
  2349   0038AC  6E04               	movwf	(??_set_pin_st+1)^(0+1280),c
  2350   0038AE  2A03               	incf	??_set_pin_st^(0+1280),f,c
  2351   0038B0  EF5C  F01C         	goto	u1684
  2352   0038B4                     u1685:
  2353   0038B4  90D8               	bcf	status,0,c
  2354   0038B6  3604               	rlcf	(??_set_pin_st+1)^(0+1280),f,c
  2355   0038B8                     u1684:
  2356   0038B8  2E03               	decfsz	??_set_pin_st^(0+1280),f,c
  2357   0038BA  EF5A  F01C         	goto	u1685
  2358   0038BE  5004               	movf	(??_set_pin_st+1)^(0+1280),w,c
  2359   0038C0  0104               	movlb	4	; () banked
  2360   0038C2  130C               	iorwf	12,f,b	;volatile
  2361                           
  2362                           ;gpio.c: 173:             break;
  2363   0038C4  EFCD  F01C         	goto	l185
  2364   0038C8                     l2198:
  2365                           
  2366                           ;gpio.c: 175:             INLVLC |= (1 << pin_number);
  2367   0038C8  C502  F503         	movff	set_pin_st@pin_number,??_set_pin_st
  2368   0038CC  0E01               	movlw	1
  2369   0038CE  6E04               	movwf	(??_set_pin_st+1)^(0+1280),c
  2370   0038D0  2A03               	incf	??_set_pin_st^(0+1280),f,c
  2371   0038D2  EF6D  F01C         	goto	u1694
  2372   0038D6                     u1695:
  2373   0038D6  90D8               	bcf	status,0,c
  2374   0038D8  3604               	rlcf	(??_set_pin_st+1)^(0+1280),f,c
  2375   0038DA                     u1694:
  2376   0038DA  2E03               	decfsz	??_set_pin_st^(0+1280),f,c
  2377   0038DC  EF6B  F01C         	goto	u1695
  2378   0038E0  5004               	movf	(??_set_pin_st+1)^(0+1280),w,c
  2379   0038E2  0104               	movlb	4	; () banked
  2380   0038E4  1314               	iorwf	20,f,b	;volatile
  2381                           
  2382                           ;gpio.c: 176:             break;
  2383   0038E6  EFCD  F01C         	goto	l185
  2384   0038EA                     l2200:
  2385                           
  2386                           ;gpio.c: 178:             INLVLD |= (1 << pin_number);
  2387   0038EA  C502  F503         	movff	set_pin_st@pin_number,??_set_pin_st
  2388   0038EE  0E01               	movlw	1
  2389   0038F0  6E04               	movwf	(??_set_pin_st+1)^(0+1280),c
  2390   0038F2  2A03               	incf	??_set_pin_st^(0+1280),f,c
  2391   0038F4  EF7E  F01C         	goto	u1704
  2392   0038F8                     u1705:
  2393   0038F8  90D8               	bcf	status,0,c
  2394   0038FA  3604               	rlcf	(??_set_pin_st+1)^(0+1280),f,c
  2395   0038FC                     u1704:
  2396   0038FC  2E03               	decfsz	??_set_pin_st^(0+1280),f,c
  2397   0038FE  EF7C  F01C         	goto	u1705
  2398   003902  5004               	movf	(??_set_pin_st+1)^(0+1280),w,c
  2399   003904  0104               	movlb	4	; () banked
  2400   003906  131C               	iorwf	28,f,b	;volatile
  2401                           
  2402                           ;gpio.c: 179:             break;
  2403   003908  EFCD  F01C         	goto	l185
  2404   00390C                     l2202:
  2405                           
  2406                           ;gpio.c: 181:             INLVLE |= (1 << pin_number);
  2407   00390C  C502  F503         	movff	set_pin_st@pin_number,??_set_pin_st
  2408   003910  0E01               	movlw	1
  2409   003912  6E04               	movwf	(??_set_pin_st+1)^(0+1280),c
  2410   003914  2A03               	incf	??_set_pin_st^(0+1280),f,c
  2411   003916  EF8F  F01C         	goto	u1714
  2412   00391A                     u1715:
  2413   00391A  90D8               	bcf	status,0,c
  2414   00391C  3604               	rlcf	(??_set_pin_st+1)^(0+1280),f,c
  2415   00391E                     u1714:
  2416   00391E  2E03               	decfsz	??_set_pin_st^(0+1280),f,c
  2417   003920  EF8D  F01C         	goto	u1715
  2418   003924  5004               	movf	(??_set_pin_st+1)^(0+1280),w,c
  2419   003926  0104               	movlb	4	; () banked
  2420   003928  1324               	iorwf	36,f,b	;volatile
  2421                           
  2422                           ;gpio.c: 182:             break;
  2423   00392A  EFCD  F01C         	goto	l185
  2424   00392E                     l2204:
  2425                           
  2426                           ;gpio.c: 184:             INLVLF |= (1 << pin_number);
  2427   00392E  C502  F503         	movff	set_pin_st@pin_number,??_set_pin_st
  2428   003932  0E01               	movlw	1
  2429   003934  6E04               	movwf	(??_set_pin_st+1)^(0+1280),c
  2430   003936  2A03               	incf	??_set_pin_st^(0+1280),f,c
  2431   003938  EFA0  F01C         	goto	u1724
  2432   00393C                     u1725:
  2433   00393C  90D8               	bcf	status,0,c
  2434   00393E  3604               	rlcf	(??_set_pin_st+1)^(0+1280),f,c
  2435   003940                     u1724:
  2436   003940  2E03               	decfsz	??_set_pin_st^(0+1280),f,c
  2437   003942  EF9E  F01C         	goto	u1725
  2438   003946  5004               	movf	(??_set_pin_st+1)^(0+1280),w,c
  2439   003948  0104               	movlb	4	; () banked
  2440   00394A  132C               	iorwf	44,f,b	;volatile
  2441                           
  2442                           ;gpio.c: 185:             break;
  2443   00394C  EFCD  F01C         	goto	l185
  2444   003950                     l2208:
  2445   003950  5005               	movf	set_pin_st@port_name^(0+1280),w,c
  2446   003952  6E03               	movwf	??_set_pin_st^(0+1280),c
  2447   003954  6A04               	clrf	(??_set_pin_st+1)^(0+1280),c
  2448                           
  2449                           ; Switch on 2 bytes has been partitioned into a top level switch of size 1, and 1 sub-sw
      +                          itches
  2450                           ; Switch size 1, requested type "simple"
  2451                           ; Number of cases is 1, Range of values is 0 to 0
  2452                           ; switch strategies available:
  2453                           ; Name         Instructions Cycles
  2454                           ; simple_byte            4     3 (average)
  2455                           ;	Chosen strategy is simple_byte
  2456   003956  5004               	movf	(??_set_pin_st+1)^(0+1280),w,c
  2457   003958  0A00               	xorlw	0	; case 0
  2458   00395A  B4D8               	btfsc	status,2,c
  2459   00395C  EFB2  F01C         	goto	l2732
  2460   003960  EFCD  F01C         	goto	l185
  2461   003964                     l2732:
  2462                           
  2463                           ; Switch size 1, requested type "simple"
  2464                           ; Number of cases is 6, Range of values is 65 to 70
  2465                           ; switch strategies available:
  2466                           ; Name         Instructions Cycles
  2467                           ; simple_byte           19    10 (average)
  2468                           ;	Chosen strategy is simple_byte
  2469   003964  5003               	movf	??_set_pin_st^(0+1280),w,c
  2470   003966  0A41               	xorlw	65	; case 65
  2471   003968  B4D8               	btfsc	status,2,c
  2472   00396A  EF42  F01C         	goto	l2194
  2473   00396E  0A03               	xorlw	3	; case 66
  2474   003970  B4D8               	btfsc	status,2,c
  2475   003972  EF53  F01C         	goto	l2196
  2476   003976  0A01               	xorlw	1	; case 67
  2477   003978  B4D8               	btfsc	status,2,c
  2478   00397A  EF64  F01C         	goto	l2198
  2479   00397E  0A07               	xorlw	7	; case 68
  2480   003980  B4D8               	btfsc	status,2,c
  2481   003982  EF75  F01C         	goto	l2200
  2482   003986  0A01               	xorlw	1	; case 69
  2483   003988  B4D8               	btfsc	status,2,c
  2484   00398A  EF86  F01C         	goto	l2202
  2485   00398E  0A03               	xorlw	3	; case 70
  2486   003990  B4D8               	btfsc	status,2,c
  2487   003992  EF97  F01C         	goto	l2204
  2488   003996  EFCD  F01C         	goto	l185
  2489   00399A                     l185:
  2490   00399A  0012               	return		;funcret
  2491   00399C                     __end_of_set_pin_st:
  2492                           	callstack 0
  2493                           
  2494 ;; *************** function _set_pin_sr_maximum *****************
  2495 ;; Defined at:
  2496 ;;		line 244 in file "gpio.c"
  2497 ;; Parameters:    Size  Location     Type
  2498 ;;  port_name       1    wreg     enum E17440
  2499 ;;  pin_number      1    1[COMRAM] unsigned char 
  2500 ;; Auto vars:     Size  Location     Type
  2501 ;;  port_name       1    4[COMRAM] enum E17440
  2502 ;; Return value:  Size  Location     Type
  2503 ;;                  1    wreg      void 
  2504 ;; Registers used:
  2505 ;;		wreg, status,2, status,0
  2506 ;; Tracked objects:
  2507 ;;		On entry : 0/0
  2508 ;;		On exit  : 0/0
  2509 ;;		Unchanged: 0/0
  2510 ;; Data sizes:     COMRAM   BANK5   BANK6   BANK7   BANK8   BANK9  BANK10  BANK11  BANK12  BANK13  BANK14  BANK15  BANK1
      +6  BANK17  BANK18  BANK19  BANK20  BANK21  BANK22  BANK23  BANK24  BANK25  BANK26  BANK27  BANK28  BANK29  BANK30  BANK3
      +1  BANK32  BANK33  BANK34  BANK35  BANK36
  2511 ;;      Params:         1       0       0       0       0       0       0       0       0       0       0       0       
      +0       0       0       0       0       0       0       0       0       0       0       0       0       0       0       
      +0       0       0       0       0       0
  2512 ;;      Locals:         1       0       0       0       0       0       0       0       0       0       0       0       
      +0       0       0       0       0       0       0       0       0       0       0       0       0       0       0       
      +0       0       0       0       0       0
  2513 ;;      Temps:          2       0       0       0       0       0       0       0       0       0       0       0       
      +0       0       0       0       0       0       0       0       0       0       0       0       0       0       0       
      +0       0       0       0       0       0
  2514 ;;      Totals:         4       0       0       0       0       0       0       0       0       0       0       0       
      +0       0       0       0       0       0       0       0       0       0       0       0       0       0       0       
      +0       0       0       0       0       0
  2515 ;;Total ram usage:        4 bytes
  2516 ;; Hardware stack levels used: 1
  2517 ;; Hardware stack levels required when called: 2
  2518 ;; This function calls:
  2519 ;;		Nothing
  2520 ;; This function is called by:
  2521 ;;		_configure_pin
  2522 ;; This function uses a non-reentrant model
  2523 ;;
  2524                           
  2525                           	psect	text16
  2526   0033D6                     __ptext16:
  2527                           	callstack 0
  2528   0033D6                     _set_pin_sr_maximum:
  2529                           	callstack 122
  2530                           
  2531                           ;incstack = 0
  2532                           ;set_pin_sr_maximum@port_name stored from wreg
  2533   0033D6  6E05               	movwf	set_pin_sr_maximum@port_name^(0+1280),c
  2534   0033D8                     
  2535                           ;gpio.c: 244: void set_pin_sr_maximum(PortName_t port_name, uint8_t pin_number);gpio.c: 
      +                          245: {;gpio.c: 246:    switch(port_name)
  2536   0033D8  EF5A  F01A         	goto	l2274
  2537   0033DC                     l2260:
  2538                           
  2539                           ;gpio.c: 249:             SLRCONA &= ~(1 << pin_number);
  2540   0033DC  C502  F503         	movff	set_pin_sr_maximum@pin_number,??_set_pin_sr_maximum
  2541   0033E0  0E01               	movlw	1
  2542   0033E2  6E04               	movwf	(??_set_pin_sr_maximum+1)^(0+1280),c
  2543   0033E4  2A03               	incf	??_set_pin_sr_maximum^(0+1280),f,c
  2544   0033E6  EFF7  F019         	goto	u1854
  2545   0033EA                     u1855:
  2546   0033EA  90D8               	bcf	status,0,c
  2547   0033EC  3604               	rlcf	(??_set_pin_sr_maximum+1)^(0+1280),f,c
  2548   0033EE                     u1854:
  2549   0033EE  2E03               	decfsz	??_set_pin_sr_maximum^(0+1280),f,c
  2550   0033F0  EFF5  F019         	goto	u1855
  2551   0033F4  5004               	movf	(??_set_pin_sr_maximum+1)^(0+1280),w,c
  2552   0033F6  0AFF               	xorlw	255
  2553   0033F8  0104               	movlb	4	; () banked
  2554   0033FA  1703               	andwf	3,f,b	;volatile
  2555                           
  2556                           ;gpio.c: 250:             break;
  2557   0033FC  EF7F  F01A         	goto	l221
  2558   003400                     l2262:
  2559                           
  2560                           ;gpio.c: 252:             SLRCONB &= ~(1 << pin_number);
  2561   003400  C502  F503         	movff	set_pin_sr_maximum@pin_number,??_set_pin_sr_maximum
  2562   003404  0E01               	movlw	1
  2563   003406  6E04               	movwf	(??_set_pin_sr_maximum+1)^(0+1280),c
  2564   003408  2A03               	incf	??_set_pin_sr_maximum^(0+1280),f,c
  2565   00340A  EF09  F01A         	goto	u1864
  2566   00340E                     u1865:
  2567   00340E  90D8               	bcf	status,0,c
  2568   003410  3604               	rlcf	(??_set_pin_sr_maximum+1)^(0+1280),f,c
  2569   003412                     u1864:
  2570   003412  2E03               	decfsz	??_set_pin_sr_maximum^(0+1280),f,c
  2571   003414  EF07  F01A         	goto	u1865
  2572   003418  5004               	movf	(??_set_pin_sr_maximum+1)^(0+1280),w,c
  2573   00341A  0AFF               	xorlw	255
  2574   00341C  0104               	movlb	4	; () banked
  2575   00341E  170B               	andwf	11,f,b	;volatile
  2576                           
  2577                           ;gpio.c: 253:             break;
  2578   003420  EF7F  F01A         	goto	l221
  2579   003424                     l2264:
  2580                           
  2581                           ;gpio.c: 255:             SLRCONC &= ~(1 << pin_number);
  2582   003424  C502  F503         	movff	set_pin_sr_maximum@pin_number,??_set_pin_sr_maximum
  2583   003428  0E01               	movlw	1
  2584   00342A  6E04               	movwf	(??_set_pin_sr_maximum+1)^(0+1280),c
  2585   00342C  2A03               	incf	??_set_pin_sr_maximum^(0+1280),f,c
  2586   00342E  EF1B  F01A         	goto	u1874
  2587   003432                     u1875:
  2588   003432  90D8               	bcf	status,0,c
  2589   003434  3604               	rlcf	(??_set_pin_sr_maximum+1)^(0+1280),f,c
  2590   003436                     u1874:
  2591   003436  2E03               	decfsz	??_set_pin_sr_maximum^(0+1280),f,c
  2592   003438  EF19  F01A         	goto	u1875
  2593   00343C  5004               	movf	(??_set_pin_sr_maximum+1)^(0+1280),w,c
  2594   00343E  0AFF               	xorlw	255
  2595   003440  0104               	movlb	4	; () banked
  2596   003442  1713               	andwf	19,f,b	;volatile
  2597                           
  2598                           ;gpio.c: 256:             break;
  2599   003444  EF7F  F01A         	goto	l221
  2600   003448                     l2266:
  2601                           
  2602                           ;gpio.c: 258:             SLRCOND &= ~(1 << pin_number);
  2603   003448  C502  F503         	movff	set_pin_sr_maximum@pin_number,??_set_pin_sr_maximum
  2604   00344C  0E01               	movlw	1
  2605   00344E  6E04               	movwf	(??_set_pin_sr_maximum+1)^(0+1280),c
  2606   003450  2A03               	incf	??_set_pin_sr_maximum^(0+1280),f,c
  2607   003452  EF2D  F01A         	goto	u1884
  2608   003456                     u1885:
  2609   003456  90D8               	bcf	status,0,c
  2610   003458  3604               	rlcf	(??_set_pin_sr_maximum+1)^(0+1280),f,c
  2611   00345A                     u1884:
  2612   00345A  2E03               	decfsz	??_set_pin_sr_maximum^(0+1280),f,c
  2613   00345C  EF2B  F01A         	goto	u1885
  2614   003460  5004               	movf	(??_set_pin_sr_maximum+1)^(0+1280),w,c
  2615   003462  0AFF               	xorlw	255
  2616   003464  0104               	movlb	4	; () banked
  2617   003466  171B               	andwf	27,f,b	;volatile
  2618                           
  2619                           ;gpio.c: 259:             break;
  2620   003468  EF7F  F01A         	goto	l221
  2621   00346C                     l2268:
  2622                           
  2623                           ;gpio.c: 261:             SLRCONE &= ~(1 << pin_number);
  2624   00346C  C502  F503         	movff	set_pin_sr_maximum@pin_number,??_set_pin_sr_maximum
  2625   003470  0E01               	movlw	1
  2626   003472  6E04               	movwf	(??_set_pin_sr_maximum+1)^(0+1280),c
  2627   003474  2A03               	incf	??_set_pin_sr_maximum^(0+1280),f,c
  2628   003476  EF3F  F01A         	goto	u1894
  2629   00347A                     u1895:
  2630   00347A  90D8               	bcf	status,0,c
  2631   00347C  3604               	rlcf	(??_set_pin_sr_maximum+1)^(0+1280),f,c
  2632   00347E                     u1894:
  2633   00347E  2E03               	decfsz	??_set_pin_sr_maximum^(0+1280),f,c
  2634   003480  EF3D  F01A         	goto	u1895
  2635   003484  5004               	movf	(??_set_pin_sr_maximum+1)^(0+1280),w,c
  2636   003486  0AFF               	xorlw	255
  2637   003488  0104               	movlb	4	; () banked
  2638   00348A  1723               	andwf	35,f,b	;volatile
  2639                           
  2640                           ;gpio.c: 262:             break;
  2641   00348C  EF7F  F01A         	goto	l221
  2642   003490                     l2270:
  2643                           
  2644                           ;gpio.c: 264:             SLRCONF &= ~(1 << pin_number);
  2645   003490  C502  F503         	movff	set_pin_sr_maximum@pin_number,??_set_pin_sr_maximum
  2646   003494  0E01               	movlw	1
  2647   003496  6E04               	movwf	(??_set_pin_sr_maximum+1)^(0+1280),c
  2648   003498  2A03               	incf	??_set_pin_sr_maximum^(0+1280),f,c
  2649   00349A  EF51  F01A         	goto	u1904
  2650   00349E                     u1905:
  2651   00349E  90D8               	bcf	status,0,c
  2652   0034A0  3604               	rlcf	(??_set_pin_sr_maximum+1)^(0+1280),f,c
  2653   0034A2                     u1904:
  2654   0034A2  2E03               	decfsz	??_set_pin_sr_maximum^(0+1280),f,c
  2655   0034A4  EF4F  F01A         	goto	u1905
  2656   0034A8  5004               	movf	(??_set_pin_sr_maximum+1)^(0+1280),w,c
  2657   0034AA  0AFF               	xorlw	255
  2658   0034AC  0104               	movlb	4	; () banked
  2659   0034AE  172B               	andwf	43,f,b	;volatile
  2660                           
  2661                           ;gpio.c: 265:             break;
  2662   0034B0  EF7F  F01A         	goto	l221
  2663   0034B4                     l2274:
  2664   0034B4  5005               	movf	set_pin_sr_maximum@port_name^(0+1280),w,c
  2665   0034B6  6E03               	movwf	??_set_pin_sr_maximum^(0+1280),c
  2666   0034B8  6A04               	clrf	(??_set_pin_sr_maximum+1)^(0+1280),c
  2667                           
  2668                           ; Switch on 2 bytes has been partitioned into a top level switch of size 1, and 1 sub-sw
      +                          itches
  2669                           ; Switch size 1, requested type "simple"
  2670                           ; Number of cases is 1, Range of values is 0 to 0
  2671                           ; switch strategies available:
  2672                           ; Name         Instructions Cycles
  2673                           ; simple_byte            4     3 (average)
  2674                           ;	Chosen strategy is simple_byte
  2675   0034BA  5004               	movf	(??_set_pin_sr_maximum+1)^(0+1280),w,c
  2676   0034BC  0A00               	xorlw	0	; case 0
  2677   0034BE  B4D8               	btfsc	status,2,c
  2678   0034C0  EF64  F01A         	goto	l2734
  2679   0034C4  EF7F  F01A         	goto	l221
  2680   0034C8                     l2734:
  2681                           
  2682                           ; Switch size 1, requested type "simple"
  2683                           ; Number of cases is 6, Range of values is 65 to 70
  2684                           ; switch strategies available:
  2685                           ; Name         Instructions Cycles
  2686                           ; simple_byte           19    10 (average)
  2687                           ;	Chosen strategy is simple_byte
  2688   0034C8  5003               	movf	??_set_pin_sr_maximum^(0+1280),w,c
  2689   0034CA  0A41               	xorlw	65	; case 65
  2690   0034CC  B4D8               	btfsc	status,2,c
  2691   0034CE  EFEE  F019         	goto	l2260
  2692   0034D2  0A03               	xorlw	3	; case 66
  2693   0034D4  B4D8               	btfsc	status,2,c
  2694   0034D6  EF00  F01A         	goto	l2262
  2695   0034DA  0A01               	xorlw	1	; case 67
  2696   0034DC  B4D8               	btfsc	status,2,c
  2697   0034DE  EF12  F01A         	goto	l2264
  2698   0034E2  0A07               	xorlw	7	; case 68
  2699   0034E4  B4D8               	btfsc	status,2,c
  2700   0034E6  EF24  F01A         	goto	l2266
  2701   0034EA  0A01               	xorlw	1	; case 69
  2702   0034EC  B4D8               	btfsc	status,2,c
  2703   0034EE  EF36  F01A         	goto	l2268
  2704   0034F2  0A03               	xorlw	3	; case 70
  2705   0034F4  B4D8               	btfsc	status,2,c
  2706   0034F6  EF48  F01A         	goto	l2270
  2707   0034FA  EF7F  F01A         	goto	l221
  2708   0034FE                     l221:
  2709   0034FE  0012               	return		;funcret
  2710   003500                     __end_of_set_pin_sr_maximum:
  2711                           	callstack 0
  2712                           
  2713 ;; *************** function _set_pin_sr_limited *****************
  2714 ;; Defined at:
  2715 ;;		line 217 in file "gpio.c"
  2716 ;; Parameters:    Size  Location     Type
  2717 ;;  port_name       1    wreg     enum E17440
  2718 ;;  pin_number      1    1[COMRAM] unsigned char 
  2719 ;; Auto vars:     Size  Location     Type
  2720 ;;  port_name       1    4[COMRAM] enum E17440
  2721 ;; Return value:  Size  Location     Type
  2722 ;;                  1    wreg      void 
  2723 ;; Registers used:
  2724 ;;		wreg, status,2, status,0
  2725 ;; Tracked objects:
  2726 ;;		On entry : 0/0
  2727 ;;		On exit  : 0/0
  2728 ;;		Unchanged: 0/0
  2729 ;; Data sizes:     COMRAM   BANK5   BANK6   BANK7   BANK8   BANK9  BANK10  BANK11  BANK12  BANK13  BANK14  BANK15  BANK1
      +6  BANK17  BANK18  BANK19  BANK20  BANK21  BANK22  BANK23  BANK24  BANK25  BANK26  BANK27  BANK28  BANK29  BANK30  BANK3
      +1  BANK32  BANK33  BANK34  BANK35  BANK36
  2730 ;;      Params:         1       0       0       0       0       0       0       0       0       0       0       0       
      +0       0       0       0       0       0       0       0       0       0       0       0       0       0       0       
      +0       0       0       0       0       0
  2731 ;;      Locals:         1       0       0       0       0       0       0       0       0       0       0       0       
      +0       0       0       0       0       0       0       0       0       0       0       0       0       0       0       
      +0       0       0       0       0       0
  2732 ;;      Temps:          2       0       0       0       0       0       0       0       0       0       0       0       
      +0       0       0       0       0       0       0       0       0       0       0       0       0       0       0       
      +0       0       0       0       0       0
  2733 ;;      Totals:         4       0       0       0       0       0       0       0       0       0       0       0       
      +0       0       0       0       0       0       0       0       0       0       0       0       0       0       0       
      +0       0       0       0       0       0
  2734 ;;Total ram usage:        4 bytes
  2735 ;; Hardware stack levels used: 1
  2736 ;; Hardware stack levels required when called: 2
  2737 ;; This function calls:
  2738 ;;		Nothing
  2739 ;; This function is called by:
  2740 ;;		_configure_pin
  2741 ;; This function uses a non-reentrant model
  2742 ;;
  2743                           
  2744                           	psect	text17
  2745   00399C                     __ptext17:
  2746                           	callstack 0
  2747   00399C                     _set_pin_sr_limited:
  2748                           	callstack 122
  2749                           
  2750                           ;incstack = 0
  2751                           ;set_pin_sr_limited@port_name stored from wreg
  2752   00399C  6E05               	movwf	set_pin_sr_limited@port_name^(0+1280),c
  2753   00399E                     
  2754                           ;gpio.c: 217: void set_pin_sr_limited(PortName_t port_name, uint8_t pin_number);gpio.c: 
      +                          218: {;gpio.c: 219:     switch(port_name)
  2755   00399E  EF37  F01D         	goto	l2252
  2756   0039A2                     l2238:
  2757                           
  2758                           ;gpio.c: 222:             SLRCONA |= (1 << pin_number);
  2759   0039A2  C502  F503         	movff	set_pin_sr_limited@pin_number,??_set_pin_sr_limited
  2760   0039A6  0E01               	movlw	1
  2761   0039A8  6E04               	movwf	(??_set_pin_sr_limited+1)^(0+1280),c
  2762   0039AA  2A03               	incf	??_set_pin_sr_limited^(0+1280),f,c
  2763   0039AC  EFDA  F01C         	goto	u1794
  2764   0039B0                     u1795:
  2765   0039B0  90D8               	bcf	status,0,c
  2766   0039B2  3604               	rlcf	(??_set_pin_sr_limited+1)^(0+1280),f,c
  2767   0039B4                     u1794:
  2768   0039B4  2E03               	decfsz	??_set_pin_sr_limited^(0+1280),f,c
  2769   0039B6  EFD8  F01C         	goto	u1795
  2770   0039BA  5004               	movf	(??_set_pin_sr_limited+1)^(0+1280),w,c
  2771   0039BC  0104               	movlb	4	; () banked
  2772   0039BE  1303               	iorwf	3,f,b	;volatile
  2773                           
  2774                           ;gpio.c: 223:             break;
  2775   0039C0  EF5C  F01D         	goto	l209
  2776   0039C4                     l2240:
  2777                           
  2778                           ;gpio.c: 225:             SLRCONB |= (1 << pin_number);
  2779   0039C4  C502  F503         	movff	set_pin_sr_limited@pin_number,??_set_pin_sr_limited
  2780   0039C8  0E01               	movlw	1
  2781   0039CA  6E04               	movwf	(??_set_pin_sr_limited+1)^(0+1280),c
  2782   0039CC  2A03               	incf	??_set_pin_sr_limited^(0+1280),f,c
  2783   0039CE  EFEB  F01C         	goto	u1804
  2784   0039D2                     u1805:
  2785   0039D2  90D8               	bcf	status,0,c
  2786   0039D4  3604               	rlcf	(??_set_pin_sr_limited+1)^(0+1280),f,c
  2787   0039D6                     u1804:
  2788   0039D6  2E03               	decfsz	??_set_pin_sr_limited^(0+1280),f,c
  2789   0039D8  EFE9  F01C         	goto	u1805
  2790   0039DC  5004               	movf	(??_set_pin_sr_limited+1)^(0+1280),w,c
  2791   0039DE  0104               	movlb	4	; () banked
  2792   0039E0  130B               	iorwf	11,f,b	;volatile
  2793                           
  2794                           ;gpio.c: 226:             break;
  2795   0039E2  EF5C  F01D         	goto	l209
  2796   0039E6                     l2242:
  2797                           
  2798                           ;gpio.c: 228:             SLRCONC |= (1 << pin_number);
  2799   0039E6  C502  F503         	movff	set_pin_sr_limited@pin_number,??_set_pin_sr_limited
  2800   0039EA  0E01               	movlw	1
  2801   0039EC  6E04               	movwf	(??_set_pin_sr_limited+1)^(0+1280),c
  2802   0039EE  2A03               	incf	??_set_pin_sr_limited^(0+1280),f,c
  2803   0039F0  EFFC  F01C         	goto	u1814
  2804   0039F4                     u1815:
  2805   0039F4  90D8               	bcf	status,0,c
  2806   0039F6  3604               	rlcf	(??_set_pin_sr_limited+1)^(0+1280),f,c
  2807   0039F8                     u1814:
  2808   0039F8  2E03               	decfsz	??_set_pin_sr_limited^(0+1280),f,c
  2809   0039FA  EFFA  F01C         	goto	u1815
  2810   0039FE  5004               	movf	(??_set_pin_sr_limited+1)^(0+1280),w,c
  2811   003A00  0104               	movlb	4	; () banked
  2812   003A02  1313               	iorwf	19,f,b	;volatile
  2813                           
  2814                           ;gpio.c: 229:             break;
  2815   003A04  EF5C  F01D         	goto	l209
  2816   003A08                     l2244:
  2817                           
  2818                           ;gpio.c: 231:             SLRCOND |= (1 << pin_number);
  2819   003A08  C502  F503         	movff	set_pin_sr_limited@pin_number,??_set_pin_sr_limited
  2820   003A0C  0E01               	movlw	1
  2821   003A0E  6E04               	movwf	(??_set_pin_sr_limited+1)^(0+1280),c
  2822   003A10  2A03               	incf	??_set_pin_sr_limited^(0+1280),f,c
  2823   003A12  EF0D  F01D         	goto	u1824
  2824   003A16                     u1825:
  2825   003A16  90D8               	bcf	status,0,c
  2826   003A18  3604               	rlcf	(??_set_pin_sr_limited+1)^(0+1280),f,c
  2827   003A1A                     u1824:
  2828   003A1A  2E03               	decfsz	??_set_pin_sr_limited^(0+1280),f,c
  2829   003A1C  EF0B  F01D         	goto	u1825
  2830   003A20  5004               	movf	(??_set_pin_sr_limited+1)^(0+1280),w,c
  2831   003A22  0104               	movlb	4	; () banked
  2832   003A24  131B               	iorwf	27,f,b	;volatile
  2833                           
  2834                           ;gpio.c: 232:             break;
  2835   003A26  EF5C  F01D         	goto	l209
  2836   003A2A                     l2246:
  2837                           
  2838                           ;gpio.c: 234:             SLRCONE |= (1 << pin_number);
  2839   003A2A  C502  F503         	movff	set_pin_sr_limited@pin_number,??_set_pin_sr_limited
  2840   003A2E  0E01               	movlw	1
  2841   003A30  6E04               	movwf	(??_set_pin_sr_limited+1)^(0+1280),c
  2842   003A32  2A03               	incf	??_set_pin_sr_limited^(0+1280),f,c
  2843   003A34  EF1E  F01D         	goto	u1834
  2844   003A38                     u1835:
  2845   003A38  90D8               	bcf	status,0,c
  2846   003A3A  3604               	rlcf	(??_set_pin_sr_limited+1)^(0+1280),f,c
  2847   003A3C                     u1834:
  2848   003A3C  2E03               	decfsz	??_set_pin_sr_limited^(0+1280),f,c
  2849   003A3E  EF1C  F01D         	goto	u1835
  2850   003A42  5004               	movf	(??_set_pin_sr_limited+1)^(0+1280),w,c
  2851   003A44  0104               	movlb	4	; () banked
  2852   003A46  1323               	iorwf	35,f,b	;volatile
  2853                           
  2854                           ;gpio.c: 235:             break;
  2855   003A48  EF5C  F01D         	goto	l209
  2856   003A4C                     l2248:
  2857                           
  2858                           ;gpio.c: 237:             SLRCONF |= (1 << pin_number);
  2859   003A4C  C502  F503         	movff	set_pin_sr_limited@pin_number,??_set_pin_sr_limited
  2860   003A50  0E01               	movlw	1
  2861   003A52  6E04               	movwf	(??_set_pin_sr_limited+1)^(0+1280),c
  2862   003A54  2A03               	incf	??_set_pin_sr_limited^(0+1280),f,c
  2863   003A56  EF2F  F01D         	goto	u1844
  2864   003A5A                     u1845:
  2865   003A5A  90D8               	bcf	status,0,c
  2866   003A5C  3604               	rlcf	(??_set_pin_sr_limited+1)^(0+1280),f,c
  2867   003A5E                     u1844:
  2868   003A5E  2E03               	decfsz	??_set_pin_sr_limited^(0+1280),f,c
  2869   003A60  EF2D  F01D         	goto	u1845
  2870   003A64  5004               	movf	(??_set_pin_sr_limited+1)^(0+1280),w,c
  2871   003A66  0104               	movlb	4	; () banked
  2872   003A68  132B               	iorwf	43,f,b	;volatile
  2873                           
  2874                           ;gpio.c: 238:             break;
  2875   003A6A  EF5C  F01D         	goto	l209
  2876   003A6E                     l2252:
  2877   003A6E  5005               	movf	set_pin_sr_limited@port_name^(0+1280),w,c
  2878   003A70  6E03               	movwf	??_set_pin_sr_limited^(0+1280),c
  2879   003A72  6A04               	clrf	(??_set_pin_sr_limited+1)^(0+1280),c
  2880                           
  2881                           ; Switch on 2 bytes has been partitioned into a top level switch of size 1, and 1 sub-sw
      +                          itches
  2882                           ; Switch size 1, requested type "simple"
  2883                           ; Number of cases is 1, Range of values is 0 to 0
  2884                           ; switch strategies available:
  2885                           ; Name         Instructions Cycles
  2886                           ; simple_byte            4     3 (average)
  2887                           ;	Chosen strategy is simple_byte
  2888   003A74  5004               	movf	(??_set_pin_sr_limited+1)^(0+1280),w,c
  2889   003A76  0A00               	xorlw	0	; case 0
  2890   003A78  B4D8               	btfsc	status,2,c
  2891   003A7A  EF41  F01D         	goto	l2736
  2892   003A7E  EF5C  F01D         	goto	l209
  2893   003A82                     l2736:
  2894                           
  2895                           ; Switch size 1, requested type "simple"
  2896                           ; Number of cases is 6, Range of values is 65 to 70
  2897                           ; switch strategies available:
  2898                           ; Name         Instructions Cycles
  2899                           ; simple_byte           19    10 (average)
  2900                           ;	Chosen strategy is simple_byte
  2901   003A82  5003               	movf	??_set_pin_sr_limited^(0+1280),w,c
  2902   003A84  0A41               	xorlw	65	; case 65
  2903   003A86  B4D8               	btfsc	status,2,c
  2904   003A88  EFD1  F01C         	goto	l2238
  2905   003A8C  0A03               	xorlw	3	; case 66
  2906   003A8E  B4D8               	btfsc	status,2,c
  2907   003A90  EFE2  F01C         	goto	l2240
  2908   003A94  0A01               	xorlw	1	; case 67
  2909   003A96  B4D8               	btfsc	status,2,c
  2910   003A98  EFF3  F01C         	goto	l2242
  2911   003A9C  0A07               	xorlw	7	; case 68
  2912   003A9E  B4D8               	btfsc	status,2,c
  2913   003AA0  EF04  F01D         	goto	l2244
  2914   003AA4  0A01               	xorlw	1	; case 69
  2915   003AA6  B4D8               	btfsc	status,2,c
  2916   003AA8  EF15  F01D         	goto	l2246
  2917   003AAC  0A03               	xorlw	3	; case 70
  2918   003AAE  B4D8               	btfsc	status,2,c
  2919   003AB0  EF26  F01D         	goto	l2248
  2920   003AB4  EF5C  F01D         	goto	l209
  2921   003AB8                     l209:
  2922   003AB8  0012               	return		;funcret
  2923   003ABA                     __end_of_set_pin_sr_limited:
  2924                           	callstack 0
  2925                           
  2926 ;; *************** function _set_pin_push_pull *****************
  2927 ;; Defined at:
  2928 ;;		line 271 in file "gpio.c"
  2929 ;; Parameters:    Size  Location     Type
  2930 ;;  port_name       1    wreg     enum E17440
  2931 ;;  pin_number      1    1[COMRAM] unsigned char 
  2932 ;; Auto vars:     Size  Location     Type
  2933 ;;  port_name       1    4[COMRAM] enum E17440
  2934 ;; Return value:  Size  Location     Type
  2935 ;;                  1    wreg      void 
  2936 ;; Registers used:
  2937 ;;		wreg, status,2, status,0
  2938 ;; Tracked objects:
  2939 ;;		On entry : 0/0
  2940 ;;		On exit  : 0/0
  2941 ;;		Unchanged: 0/0
  2942 ;; Data sizes:     COMRAM   BANK5   BANK6   BANK7   BANK8   BANK9  BANK10  BANK11  BANK12  BANK13  BANK14  BANK15  BANK1
      +6  BANK17  BANK18  BANK19  BANK20  BANK21  BANK22  BANK23  BANK24  BANK25  BANK26  BANK27  BANK28  BANK29  BANK30  BANK3
      +1  BANK32  BANK33  BANK34  BANK35  BANK36
  2943 ;;      Params:         1       0       0       0       0       0       0       0       0       0       0       0       
      +0       0       0       0       0       0       0       0       0       0       0       0       0       0       0       
      +0       0       0       0       0       0
  2944 ;;      Locals:         1       0       0       0       0       0       0       0       0       0       0       0       
      +0       0       0       0       0       0       0       0       0       0       0       0       0       0       0       
      +0       0       0       0       0       0
  2945 ;;      Temps:          2       0       0       0       0       0       0       0       0       0       0       0       
      +0       0       0       0       0       0       0       0       0       0       0       0       0       0       0       
      +0       0       0       0       0       0
  2946 ;;      Totals:         4       0       0       0       0       0       0       0       0       0       0       0       
      +0       0       0       0       0       0       0       0       0       0       0       0       0       0       0       
      +0       0       0       0       0       0
  2947 ;;Total ram usage:        4 bytes
  2948 ;; Hardware stack levels used: 1
  2949 ;; Hardware stack levels required when called: 2
  2950 ;; This function calls:
  2951 ;;		Nothing
  2952 ;; This function is called by:
  2953 ;;		_configure_pin
  2954 ;; This function uses a non-reentrant model
  2955 ;;
  2956                           
  2957                           	psect	text18
  2958   003500                     __ptext18:
  2959                           	callstack 0
  2960   003500                     _set_pin_push_pull:
  2961                           	callstack 122
  2962                           
  2963                           ;incstack = 0
  2964                           ;set_pin_push_pull@port_name stored from wreg
  2965   003500  6E05               	movwf	set_pin_push_pull@port_name^(0+1280),c
  2966   003502                     
  2967                           ;gpio.c: 271: void set_pin_push_pull(PortName_t port_name, uint8_t pin_number);gpio.c: 2
      +                          72: {;gpio.c: 273:     switch(port_name)
  2968   003502  EFEF  F01A         	goto	l2296
  2969   003506                     l2282:
  2970                           
  2971                           ;gpio.c: 276:             ODCONA &= ~(1 << pin_number);
  2972   003506  C502  F503         	movff	set_pin_push_pull@pin_number,??_set_pin_push_pull
  2973   00350A  0E01               	movlw	1
  2974   00350C  6E04               	movwf	(??_set_pin_push_pull+1)^(0+1280),c
  2975   00350E  2A03               	incf	??_set_pin_push_pull^(0+1280),f,c
  2976   003510  EF8C  F01A         	goto	u1914
  2977   003514                     u1915:
  2978   003514  90D8               	bcf	status,0,c
  2979   003516  3604               	rlcf	(??_set_pin_push_pull+1)^(0+1280),f,c
  2980   003518                     u1914:
  2981   003518  2E03               	decfsz	??_set_pin_push_pull^(0+1280),f,c
  2982   00351A  EF8A  F01A         	goto	u1915
  2983   00351E  5004               	movf	(??_set_pin_push_pull+1)^(0+1280),w,c
  2984   003520  0AFF               	xorlw	255
  2985   003522  0104               	movlb	4	; () banked
  2986   003524  1702               	andwf	2,f,b	;volatile
  2987                           
  2988                           ;gpio.c: 277:             break;
  2989   003526  EF14  F01B         	goto	l233
  2990   00352A                     l2284:
  2991                           
  2992                           ;gpio.c: 279:             ODCONB &= ~(1 << pin_number);
  2993   00352A  C502  F503         	movff	set_pin_push_pull@pin_number,??_set_pin_push_pull
  2994   00352E  0E01               	movlw	1
  2995   003530  6E04               	movwf	(??_set_pin_push_pull+1)^(0+1280),c
  2996   003532  2A03               	incf	??_set_pin_push_pull^(0+1280),f,c
  2997   003534  EF9E  F01A         	goto	u1924
  2998   003538                     u1925:
  2999   003538  90D8               	bcf	status,0,c
  3000   00353A  3604               	rlcf	(??_set_pin_push_pull+1)^(0+1280),f,c
  3001   00353C                     u1924:
  3002   00353C  2E03               	decfsz	??_set_pin_push_pull^(0+1280),f,c
  3003   00353E  EF9C  F01A         	goto	u1925
  3004   003542  5004               	movf	(??_set_pin_push_pull+1)^(0+1280),w,c
  3005   003544  0AFF               	xorlw	255
  3006   003546  0104               	movlb	4	; () banked
  3007   003548  170A               	andwf	10,f,b	;volatile
  3008                           
  3009                           ;gpio.c: 280:             break;
  3010   00354A  EF14  F01B         	goto	l233
  3011   00354E                     l2286:
  3012                           
  3013                           ;gpio.c: 282:             ODCONC &= ~(1 << pin_number);
  3014   00354E  C502  F503         	movff	set_pin_push_pull@pin_number,??_set_pin_push_pull
  3015   003552  0E01               	movlw	1
  3016   003554  6E04               	movwf	(??_set_pin_push_pull+1)^(0+1280),c
  3017   003556  2A03               	incf	??_set_pin_push_pull^(0+1280),f,c
  3018   003558  EFB0  F01A         	goto	u1934
  3019   00355C                     u1935:
  3020   00355C  90D8               	bcf	status,0,c
  3021   00355E  3604               	rlcf	(??_set_pin_push_pull+1)^(0+1280),f,c
  3022   003560                     u1934:
  3023   003560  2E03               	decfsz	??_set_pin_push_pull^(0+1280),f,c
  3024   003562  EFAE  F01A         	goto	u1935
  3025   003566  5004               	movf	(??_set_pin_push_pull+1)^(0+1280),w,c
  3026   003568  0AFF               	xorlw	255
  3027   00356A  0104               	movlb	4	; () banked
  3028   00356C  1712               	andwf	18,f,b	;volatile
  3029                           
  3030                           ;gpio.c: 283:             break;
  3031   00356E  EF14  F01B         	goto	l233
  3032   003572                     l2288:
  3033                           
  3034                           ;gpio.c: 285:             ODCOND &= ~(1 << pin_number);
  3035   003572  C502  F503         	movff	set_pin_push_pull@pin_number,??_set_pin_push_pull
  3036   003576  0E01               	movlw	1
  3037   003578  6E04               	movwf	(??_set_pin_push_pull+1)^(0+1280),c
  3038   00357A  2A03               	incf	??_set_pin_push_pull^(0+1280),f,c
  3039   00357C  EFC2  F01A         	goto	u1944
  3040   003580                     u1945:
  3041   003580  90D8               	bcf	status,0,c
  3042   003582  3604               	rlcf	(??_set_pin_push_pull+1)^(0+1280),f,c
  3043   003584                     u1944:
  3044   003584  2E03               	decfsz	??_set_pin_push_pull^(0+1280),f,c
  3045   003586  EFC0  F01A         	goto	u1945
  3046   00358A  5004               	movf	(??_set_pin_push_pull+1)^(0+1280),w,c
  3047   00358C  0AFF               	xorlw	255
  3048   00358E  0104               	movlb	4	; () banked
  3049   003590  171A               	andwf	26,f,b	;volatile
  3050                           
  3051                           ;gpio.c: 286:             break;
  3052   003592  EF14  F01B         	goto	l233
  3053   003596                     l2290:
  3054                           
  3055                           ;gpio.c: 288:             ODCONE &= ~(1 << pin_number);
  3056   003596  C502  F503         	movff	set_pin_push_pull@pin_number,??_set_pin_push_pull
  3057   00359A  0E01               	movlw	1
  3058   00359C  6E04               	movwf	(??_set_pin_push_pull+1)^(0+1280),c
  3059   00359E  2A03               	incf	??_set_pin_push_pull^(0+1280),f,c
  3060   0035A0  EFD4  F01A         	goto	u1954
  3061   0035A4                     u1955:
  3062   0035A4  90D8               	bcf	status,0,c
  3063   0035A6  3604               	rlcf	(??_set_pin_push_pull+1)^(0+1280),f,c
  3064   0035A8                     u1954:
  3065   0035A8  2E03               	decfsz	??_set_pin_push_pull^(0+1280),f,c
  3066   0035AA  EFD2  F01A         	goto	u1955
  3067   0035AE  5004               	movf	(??_set_pin_push_pull+1)^(0+1280),w,c
  3068   0035B0  0AFF               	xorlw	255
  3069   0035B2  0104               	movlb	4	; () banked
  3070   0035B4  1722               	andwf	34,f,b	;volatile
  3071                           
  3072                           ;gpio.c: 289:             break;
  3073   0035B6  EF14  F01B         	goto	l233
  3074   0035BA                     l2292:
  3075                           
  3076                           ;gpio.c: 291:             ODCONF &= ~(1 << pin_number);
  3077   0035BA  C502  F503         	movff	set_pin_push_pull@pin_number,??_set_pin_push_pull
  3078   0035BE  0E01               	movlw	1
  3079   0035C0  6E04               	movwf	(??_set_pin_push_pull+1)^(0+1280),c
  3080   0035C2  2A03               	incf	??_set_pin_push_pull^(0+1280),f,c
  3081   0035C4  EFE6  F01A         	goto	u1964
  3082   0035C8                     u1965:
  3083   0035C8  90D8               	bcf	status,0,c
  3084   0035CA  3604               	rlcf	(??_set_pin_push_pull+1)^(0+1280),f,c
  3085   0035CC                     u1964:
  3086   0035CC  2E03               	decfsz	??_set_pin_push_pull^(0+1280),f,c
  3087   0035CE  EFE4  F01A         	goto	u1965
  3088   0035D2  5004               	movf	(??_set_pin_push_pull+1)^(0+1280),w,c
  3089   0035D4  0AFF               	xorlw	255
  3090   0035D6  0104               	movlb	4	; () banked
  3091   0035D8  172A               	andwf	42,f,b	;volatile
  3092                           
  3093                           ;gpio.c: 292:             break;
  3094   0035DA  EF14  F01B         	goto	l233
  3095   0035DE                     l2296:
  3096   0035DE  5005               	movf	set_pin_push_pull@port_name^(0+1280),w,c
  3097   0035E0  6E03               	movwf	??_set_pin_push_pull^(0+1280),c
  3098   0035E2  6A04               	clrf	(??_set_pin_push_pull+1)^(0+1280),c
  3099                           
  3100                           ; Switch on 2 bytes has been partitioned into a top level switch of size 1, and 1 sub-sw
      +                          itches
  3101                           ; Switch size 1, requested type "simple"
  3102                           ; Number of cases is 1, Range of values is 0 to 0
  3103                           ; switch strategies available:
  3104                           ; Name         Instructions Cycles
  3105                           ; simple_byte            4     3 (average)
  3106                           ;	Chosen strategy is simple_byte
  3107   0035E4  5004               	movf	(??_set_pin_push_pull+1)^(0+1280),w,c
  3108   0035E6  0A00               	xorlw	0	; case 0
  3109   0035E8  B4D8               	btfsc	status,2,c
  3110   0035EA  EFF9  F01A         	goto	l2738
  3111   0035EE  EF14  F01B         	goto	l233
  3112   0035F2                     l2738:
  3113                           
  3114                           ; Switch size 1, requested type "simple"
  3115                           ; Number of cases is 6, Range of values is 65 to 70
  3116                           ; switch strategies available:
  3117                           ; Name         Instructions Cycles
  3118                           ; simple_byte           19    10 (average)
  3119                           ;	Chosen strategy is simple_byte
  3120   0035F2  5003               	movf	??_set_pin_push_pull^(0+1280),w,c
  3121   0035F4  0A41               	xorlw	65	; case 65
  3122   0035F6  B4D8               	btfsc	status,2,c
  3123   0035F8  EF83  F01A         	goto	l2282
  3124   0035FC  0A03               	xorlw	3	; case 66
  3125   0035FE  B4D8               	btfsc	status,2,c
  3126   003600  EF95  F01A         	goto	l2284
  3127   003604  0A01               	xorlw	1	; case 67
  3128   003606  B4D8               	btfsc	status,2,c
  3129   003608  EFA7  F01A         	goto	l2286
  3130   00360C  0A07               	xorlw	7	; case 68
  3131   00360E  B4D8               	btfsc	status,2,c
  3132   003610  EFB9  F01A         	goto	l2288
  3133   003614  0A01               	xorlw	1	; case 69
  3134   003616  B4D8               	btfsc	status,2,c
  3135   003618  EFCB  F01A         	goto	l2290
  3136   00361C  0A03               	xorlw	3	; case 70
  3137   00361E  B4D8               	btfsc	status,2,c
  3138   003620  EFDD  F01A         	goto	l2292
  3139   003624  EF14  F01B         	goto	l233
  3140   003628                     l233:
  3141   003628  0012               	return		;funcret
  3142   00362A                     __end_of_set_pin_push_pull:
  3143                           	callstack 0
  3144                           
  3145 ;; *************** function _set_pin_pullup *****************
  3146 ;; Defined at:
  3147 ;;		line 110 in file "gpio.c"
  3148 ;; Parameters:    Size  Location     Type
  3149 ;;  port_name       1    wreg     enum E17440
  3150 ;;  pin_number      1    1[COMRAM] unsigned char 
  3151 ;; Auto vars:     Size  Location     Type
  3152 ;;  port_name       1    4[COMRAM] enum E17440
  3153 ;; Return value:  Size  Location     Type
  3154 ;;                  1    wreg      void 
  3155 ;; Registers used:
  3156 ;;		wreg, status,2, status,0
  3157 ;; Tracked objects:
  3158 ;;		On entry : 0/0
  3159 ;;		On exit  : 0/0
  3160 ;;		Unchanged: 0/0
  3161 ;; Data sizes:     COMRAM   BANK5   BANK6   BANK7   BANK8   BANK9  BANK10  BANK11  BANK12  BANK13  BANK14  BANK15  BANK1
      +6  BANK17  BANK18  BANK19  BANK20  BANK21  BANK22  BANK23  BANK24  BANK25  BANK26  BANK27  BANK28  BANK29  BANK30  BANK3
      +1  BANK32  BANK33  BANK34  BANK35  BANK36
  3162 ;;      Params:         1       0       0       0       0       0       0       0       0       0       0       0       
      +0       0       0       0       0       0       0       0       0       0       0       0       0       0       0       
      +0       0       0       0       0       0
  3163 ;;      Locals:         1       0       0       0       0       0       0       0       0       0       0       0       
      +0       0       0       0       0       0       0       0       0       0       0       0       0       0       0       
      +0       0       0       0       0       0
  3164 ;;      Temps:          2       0       0       0       0       0       0       0       0       0       0       0       
      +0       0       0       0       0       0       0       0       0       0       0       0       0       0       0       
      +0       0       0       0       0       0
  3165 ;;      Totals:         4       0       0       0       0       0       0       0       0       0       0       0       
      +0       0       0       0       0       0       0       0       0       0       0       0       0       0       0       
      +0       0       0       0       0       0
  3166 ;;Total ram usage:        4 bytes
  3167 ;; Hardware stack levels used: 1
  3168 ;; Hardware stack levels required when called: 2
  3169 ;; This function calls:
  3170 ;;		Nothing
  3171 ;; This function is called by:
  3172 ;;		_configure_pin
  3173 ;; This function uses a non-reentrant model
  3174 ;;
  3175                           
  3176                           	psect	text19
  3177   003ABA                     __ptext19:
  3178                           	callstack 0
  3179   003ABA                     _set_pin_pullup:
  3180                           	callstack 122
  3181                           
  3182                           ;incstack = 0
  3183                           ;set_pin_pullup@port_name stored from wreg
  3184   003ABA  6E05               	movwf	set_pin_pullup@port_name^(0+1280),c
  3185   003ABC                     
  3186                           ;gpio.c: 110: void set_pin_pullup(PortName_t port_name, uint8_t pin_number);gpio.c: 111:
      +                           {;gpio.c: 112:     switch(port_name)
  3187   003ABC  EFC6  F01D         	goto	l2164
  3188   003AC0                     l2150:
  3189                           
  3190                           ;gpio.c: 115:             WPUA |= (1 << pin_number);
  3191   003AC0  C502  F503         	movff	set_pin_pullup@pin_number,??_set_pin_pullup
  3192   003AC4  0E01               	movlw	1
  3193   003AC6  6E04               	movwf	(??_set_pin_pullup+1)^(0+1280),c
  3194   003AC8  2A03               	incf	??_set_pin_pullup^(0+1280),f,c
  3195   003ACA  EF69  F01D         	goto	u1554
  3196   003ACE                     u1555:
  3197   003ACE  90D8               	bcf	status,0,c
  3198   003AD0  3604               	rlcf	(??_set_pin_pullup+1)^(0+1280),f,c
  3199   003AD2                     u1554:
  3200   003AD2  2E03               	decfsz	??_set_pin_pullup^(0+1280),f,c
  3201   003AD4  EF67  F01D         	goto	u1555
  3202   003AD8  5004               	movf	(??_set_pin_pullup+1)^(0+1280),w,c
  3203   003ADA  0104               	movlb	4	; () banked
  3204   003ADC  1301               	iorwf	1,f,b	;volatile
  3205                           
  3206                           ;gpio.c: 116:             break;
  3207   003ADE  EFEB  F01D         	goto	l161
  3208   003AE2                     l2152:
  3209                           
  3210                           ;gpio.c: 118:             WPUB |= (1 << pin_number);
  3211   003AE2  C502  F503         	movff	set_pin_pullup@pin_number,??_set_pin_pullup
  3212   003AE6  0E01               	movlw	1
  3213   003AE8  6E04               	movwf	(??_set_pin_pullup+1)^(0+1280),c
  3214   003AEA  2A03               	incf	??_set_pin_pullup^(0+1280),f,c
  3215   003AEC  EF7A  F01D         	goto	u1564
  3216   003AF0                     u1565:
  3217   003AF0  90D8               	bcf	status,0,c
  3218   003AF2  3604               	rlcf	(??_set_pin_pullup+1)^(0+1280),f,c
  3219   003AF4                     u1564:
  3220   003AF4  2E03               	decfsz	??_set_pin_pullup^(0+1280),f,c
  3221   003AF6  EF78  F01D         	goto	u1565
  3222   003AFA  5004               	movf	(??_set_pin_pullup+1)^(0+1280),w,c
  3223   003AFC  0104               	movlb	4	; () banked
  3224   003AFE  1309               	iorwf	9,f,b	;volatile
  3225                           
  3226                           ;gpio.c: 119:             break;
  3227   003B00  EFEB  F01D         	goto	l161
  3228   003B04                     l2154:
  3229                           
  3230                           ;gpio.c: 121:             WPUC |= (1 << pin_number);
  3231   003B04  C502  F503         	movff	set_pin_pullup@pin_number,??_set_pin_pullup
  3232   003B08  0E01               	movlw	1
  3233   003B0A  6E04               	movwf	(??_set_pin_pullup+1)^(0+1280),c
  3234   003B0C  2A03               	incf	??_set_pin_pullup^(0+1280),f,c
  3235   003B0E  EF8B  F01D         	goto	u1574
  3236   003B12                     u1575:
  3237   003B12  90D8               	bcf	status,0,c
  3238   003B14  3604               	rlcf	(??_set_pin_pullup+1)^(0+1280),f,c
  3239   003B16                     u1574:
  3240   003B16  2E03               	decfsz	??_set_pin_pullup^(0+1280),f,c
  3241   003B18  EF89  F01D         	goto	u1575
  3242   003B1C  5004               	movf	(??_set_pin_pullup+1)^(0+1280),w,c
  3243   003B1E  0104               	movlb	4	; () banked
  3244   003B20  1311               	iorwf	17,f,b	;volatile
  3245                           
  3246                           ;gpio.c: 122:             break;
  3247   003B22  EFEB  F01D         	goto	l161
  3248   003B26                     l2156:
  3249                           
  3250                           ;gpio.c: 124:             WPUD |= (1 << pin_number);
  3251   003B26  C502  F503         	movff	set_pin_pullup@pin_number,??_set_pin_pullup
  3252   003B2A  0E01               	movlw	1
  3253   003B2C  6E04               	movwf	(??_set_pin_pullup+1)^(0+1280),c
  3254   003B2E  2A03               	incf	??_set_pin_pullup^(0+1280),f,c
  3255   003B30  EF9C  F01D         	goto	u1584
  3256   003B34                     u1585:
  3257   003B34  90D8               	bcf	status,0,c
  3258   003B36  3604               	rlcf	(??_set_pin_pullup+1)^(0+1280),f,c
  3259   003B38                     u1584:
  3260   003B38  2E03               	decfsz	??_set_pin_pullup^(0+1280),f,c
  3261   003B3A  EF9A  F01D         	goto	u1585
  3262   003B3E  5004               	movf	(??_set_pin_pullup+1)^(0+1280),w,c
  3263   003B40  0104               	movlb	4	; () banked
  3264   003B42  1319               	iorwf	25,f,b	;volatile
  3265                           
  3266                           ;gpio.c: 125:             break;
  3267   003B44  EFEB  F01D         	goto	l161
  3268   003B48                     l2158:
  3269                           
  3270                           ;gpio.c: 127:             WPUE |= (1 << pin_number);
  3271   003B48  C502  F503         	movff	set_pin_pullup@pin_number,??_set_pin_pullup
  3272   003B4C  0E01               	movlw	1
  3273   003B4E  6E04               	movwf	(??_set_pin_pullup+1)^(0+1280),c
  3274   003B50  2A03               	incf	??_set_pin_pullup^(0+1280),f,c
  3275   003B52  EFAD  F01D         	goto	u1594
  3276   003B56                     u1595:
  3277   003B56  90D8               	bcf	status,0,c
  3278   003B58  3604               	rlcf	(??_set_pin_pullup+1)^(0+1280),f,c
  3279   003B5A                     u1594:
  3280   003B5A  2E03               	decfsz	??_set_pin_pullup^(0+1280),f,c
  3281   003B5C  EFAB  F01D         	goto	u1595
  3282   003B60  5004               	movf	(??_set_pin_pullup+1)^(0+1280),w,c
  3283   003B62  0104               	movlb	4	; () banked
  3284   003B64  1321               	iorwf	33,f,b	;volatile
  3285                           
  3286                           ;gpio.c: 128:             break;
  3287   003B66  EFEB  F01D         	goto	l161
  3288   003B6A                     l2160:
  3289                           
  3290                           ;gpio.c: 130:             WPUF |= (1 << pin_number);
  3291   003B6A  C502  F503         	movff	set_pin_pullup@pin_number,??_set_pin_pullup
  3292   003B6E  0E01               	movlw	1
  3293   003B70  6E04               	movwf	(??_set_pin_pullup+1)^(0+1280),c
  3294   003B72  2A03               	incf	??_set_pin_pullup^(0+1280),f,c
  3295   003B74  EFBE  F01D         	goto	u1604
  3296   003B78                     u1605:
  3297   003B78  90D8               	bcf	status,0,c
  3298   003B7A  3604               	rlcf	(??_set_pin_pullup+1)^(0+1280),f,c
  3299   003B7C                     u1604:
  3300   003B7C  2E03               	decfsz	??_set_pin_pullup^(0+1280),f,c
  3301   003B7E  EFBC  F01D         	goto	u1605
  3302   003B82  5004               	movf	(??_set_pin_pullup+1)^(0+1280),w,c
  3303   003B84  0104               	movlb	4	; () banked
  3304   003B86  1329               	iorwf	41,f,b	;volatile
  3305                           
  3306                           ;gpio.c: 131:             break;
  3307   003B88  EFEB  F01D         	goto	l161
  3308   003B8C                     l2164:
  3309   003B8C  5005               	movf	set_pin_pullup@port_name^(0+1280),w,c
  3310   003B8E  6E03               	movwf	??_set_pin_pullup^(0+1280),c
  3311   003B90  6A04               	clrf	(??_set_pin_pullup+1)^(0+1280),c
  3312                           
  3313                           ; Switch on 2 bytes has been partitioned into a top level switch of size 1, and 1 sub-sw
      +                          itches
  3314                           ; Switch size 1, requested type "simple"
  3315                           ; Number of cases is 1, Range of values is 0 to 0
  3316                           ; switch strategies available:
  3317                           ; Name         Instructions Cycles
  3318                           ; simple_byte            4     3 (average)
  3319                           ;	Chosen strategy is simple_byte
  3320   003B92  5004               	movf	(??_set_pin_pullup+1)^(0+1280),w,c
  3321   003B94  0A00               	xorlw	0	; case 0
  3322   003B96  B4D8               	btfsc	status,2,c
  3323   003B98  EFD0  F01D         	goto	l2740
  3324   003B9C  EFEB  F01D         	goto	l161
  3325   003BA0                     l2740:
  3326                           
  3327                           ; Switch size 1, requested type "simple"
  3328                           ; Number of cases is 6, Range of values is 65 to 70
  3329                           ; switch strategies available:
  3330                           ; Name         Instructions Cycles
  3331                           ; simple_byte           19    10 (average)
  3332                           ;	Chosen strategy is simple_byte
  3333   003BA0  5003               	movf	??_set_pin_pullup^(0+1280),w,c
  3334   003BA2  0A41               	xorlw	65	; case 65
  3335   003BA4  B4D8               	btfsc	status,2,c
  3336   003BA6  EF60  F01D         	goto	l2150
  3337   003BAA  0A03               	xorlw	3	; case 66
  3338   003BAC  B4D8               	btfsc	status,2,c
  3339   003BAE  EF71  F01D         	goto	l2152
  3340   003BB2  0A01               	xorlw	1	; case 67
  3341   003BB4  B4D8               	btfsc	status,2,c
  3342   003BB6  EF82  F01D         	goto	l2154
  3343   003BBA  0A07               	xorlw	7	; case 68
  3344   003BBC  B4D8               	btfsc	status,2,c
  3345   003BBE  EF93  F01D         	goto	l2156
  3346   003BC2  0A01               	xorlw	1	; case 69
  3347   003BC4  B4D8               	btfsc	status,2,c
  3348   003BC6  EFA4  F01D         	goto	l2158
  3349   003BCA  0A03               	xorlw	3	; case 70
  3350   003BCC  B4D8               	btfsc	status,2,c
  3351   003BCE  EFB5  F01D         	goto	l2160
  3352   003BD2  EFEB  F01D         	goto	l161
  3353   003BD6                     l161:
  3354   003BD6  0012               	return		;funcret
  3355   003BD8                     __end_of_set_pin_pullup:
  3356                           	callstack 0
  3357                           
  3358 ;; *************** function _set_pin_output *****************
  3359 ;; Defined at:
  3360 ;;		line 31 in file "gpio.c"
  3361 ;; Parameters:    Size  Location     Type
  3362 ;;  port_name       1    wreg     enum E17440
  3363 ;;  pin_number      1    1[COMRAM] unsigned char 
  3364 ;; Auto vars:     Size  Location     Type
  3365 ;;  port_name       1    4[COMRAM] enum E17440
  3366 ;; Return value:  Size  Location     Type
  3367 ;;                  1    wreg      void 
  3368 ;; Registers used:
  3369 ;;		wreg, status,2, status,0
  3370 ;; Tracked objects:
  3371 ;;		On entry : 0/0
  3372 ;;		On exit  : 0/0
  3373 ;;		Unchanged: 0/0
  3374 ;; Data sizes:     COMRAM   BANK5   BANK6   BANK7   BANK8   BANK9  BANK10  BANK11  BANK12  BANK13  BANK14  BANK15  BANK1
      +6  BANK17  BANK18  BANK19  BANK20  BANK21  BANK22  BANK23  BANK24  BANK25  BANK26  BANK27  BANK28  BANK29  BANK30  BANK3
      +1  BANK32  BANK33  BANK34  BANK35  BANK36
  3375 ;;      Params:         1       0       0       0       0       0       0       0       0       0       0       0       
      +0       0       0       0       0       0       0       0       0       0       0       0       0       0       0       
      +0       0       0       0       0       0
  3376 ;;      Locals:         1       0       0       0       0       0       0       0       0       0       0       0       
      +0       0       0       0       0       0       0       0       0       0       0       0       0       0       0       
      +0       0       0       0       0       0
  3377 ;;      Temps:          2       0       0       0       0       0       0       0       0       0       0       0       
      +0       0       0       0       0       0       0       0       0       0       0       0       0       0       0       
      +0       0       0       0       0       0
  3378 ;;      Totals:         4       0       0       0       0       0       0       0       0       0       0       0       
      +0       0       0       0       0       0       0       0       0       0       0       0       0       0       0       
      +0       0       0       0       0       0
  3379 ;;Total ram usage:        4 bytes
  3380 ;; Hardware stack levels used: 1
  3381 ;; Hardware stack levels required when called: 2
  3382 ;; This function calls:
  3383 ;;		Nothing
  3384 ;; This function is called by:
  3385 ;;		_configure_pin
  3386 ;; This function uses a non-reentrant model
  3387 ;;
  3388                           
  3389                           	psect	text20
  3390   003BD8                     __ptext20:
  3391                           	callstack 0
  3392   003BD8                     _set_pin_output:
  3393                           	callstack 122
  3394                           
  3395                           ;incstack = 0
  3396                           ;set_pin_output@port_name stored from wreg
  3397   003BD8  6E05               	movwf	set_pin_output@port_name^(0+1280),c
  3398   003BDA                     
  3399                           ;gpio.c: 31: void set_pin_output(PortName_t port_name, uint8_t pin_number);gpio.c: 32: {
      +                          ;gpio.c: 33:     switch(port_name)
  3400   003BDA  EF55  F01E         	goto	l2098
  3401   003BDE                     l2084:
  3402                           
  3403                           ;gpio.c: 36:             TRISA &= ~(1 << pin_number);
  3404   003BDE  C502  F503         	movff	set_pin_output@pin_number,??_set_pin_output
  3405   003BE2  0E01               	movlw	1
  3406   003BE4  6E04               	movwf	(??_set_pin_output+1)^(0+1280),c
  3407   003BE6  2A03               	incf	??_set_pin_output^(0+1280),f,c
  3408   003BE8  EFF8  F01D         	goto	u1374
  3409   003BEC                     u1375:
  3410   003BEC  90D8               	bcf	status,0,c
  3411   003BEE  3604               	rlcf	(??_set_pin_output+1)^(0+1280),f,c
  3412   003BF0                     u1374:
  3413   003BF0  2E03               	decfsz	??_set_pin_output^(0+1280),f,c
  3414   003BF2  EFF6  F01D         	goto	u1375
  3415   003BF6  5004               	movf	(??_set_pin_output+1)^(0+1280),w,c
  3416   003BF8  0AFF               	xorlw	255
  3417   003BFA  16C6               	andwf	198,f,c	;volatile
  3418                           
  3419                           ;gpio.c: 37:             break;
  3420   003BFC  EF7A  F01E         	goto	l125
  3421   003C00                     l2086:
  3422                           
  3423                           ;gpio.c: 39:             TRISB &= ~(1 << pin_number);
  3424   003C00  C502  F503         	movff	set_pin_output@pin_number,??_set_pin_output
  3425   003C04  0E01               	movlw	1
  3426   003C06  6E04               	movwf	(??_set_pin_output+1)^(0+1280),c
  3427   003C08  2A03               	incf	??_set_pin_output^(0+1280),f,c
  3428   003C0A  EF09  F01E         	goto	u1384
  3429   003C0E                     u1385:
  3430   003C0E  90D8               	bcf	status,0,c
  3431   003C10  3604               	rlcf	(??_set_pin_output+1)^(0+1280),f,c
  3432   003C12                     u1384:
  3433   003C12  2E03               	decfsz	??_set_pin_output^(0+1280),f,c
  3434   003C14  EF07  F01E         	goto	u1385
  3435   003C18  5004               	movf	(??_set_pin_output+1)^(0+1280),w,c
  3436   003C1A  0AFF               	xorlw	255
  3437   003C1C  16C7               	andwf	199,f,c	;volatile
  3438                           
  3439                           ;gpio.c: 40:             break;
  3440   003C1E  EF7A  F01E         	goto	l125
  3441   003C22                     l2088:
  3442                           
  3443                           ;gpio.c: 42:             TRISC &= ~(1 << pin_number);
  3444   003C22  C502  F503         	movff	set_pin_output@pin_number,??_set_pin_output
  3445   003C26  0E01               	movlw	1
  3446   003C28  6E04               	movwf	(??_set_pin_output+1)^(0+1280),c
  3447   003C2A  2A03               	incf	??_set_pin_output^(0+1280),f,c
  3448   003C2C  EF1A  F01E         	goto	u1394
  3449   003C30                     u1395:
  3450   003C30  90D8               	bcf	status,0,c
  3451   003C32  3604               	rlcf	(??_set_pin_output+1)^(0+1280),f,c
  3452   003C34                     u1394:
  3453   003C34  2E03               	decfsz	??_set_pin_output^(0+1280),f,c
  3454   003C36  EF18  F01E         	goto	u1395
  3455   003C3A  5004               	movf	(??_set_pin_output+1)^(0+1280),w,c
  3456   003C3C  0AFF               	xorlw	255
  3457   003C3E  16C8               	andwf	200,f,c	;volatile
  3458                           
  3459                           ;gpio.c: 43:             break;
  3460   003C40  EF7A  F01E         	goto	l125
  3461   003C44                     l2090:
  3462                           
  3463                           ;gpio.c: 45:             TRISD &= ~(1 << pin_number);
  3464   003C44  C502  F503         	movff	set_pin_output@pin_number,??_set_pin_output
  3465   003C48  0E01               	movlw	1
  3466   003C4A  6E04               	movwf	(??_set_pin_output+1)^(0+1280),c
  3467   003C4C  2A03               	incf	??_set_pin_output^(0+1280),f,c
  3468   003C4E  EF2B  F01E         	goto	u1404
  3469   003C52                     u1405:
  3470   003C52  90D8               	bcf	status,0,c
  3471   003C54  3604               	rlcf	(??_set_pin_output+1)^(0+1280),f,c
  3472   003C56                     u1404:
  3473   003C56  2E03               	decfsz	??_set_pin_output^(0+1280),f,c
  3474   003C58  EF29  F01E         	goto	u1405
  3475   003C5C  5004               	movf	(??_set_pin_output+1)^(0+1280),w,c
  3476   003C5E  0AFF               	xorlw	255
  3477   003C60  16C9               	andwf	201,f,c	;volatile
  3478                           
  3479                           ;gpio.c: 46:             break;
  3480   003C62  EF7A  F01E         	goto	l125
  3481   003C66                     l2092:
  3482                           
  3483                           ;gpio.c: 48:             TRISE &= ~(1 << pin_number);
  3484   003C66  C502  F503         	movff	set_pin_output@pin_number,??_set_pin_output
  3485   003C6A  0E01               	movlw	1
  3486   003C6C  6E04               	movwf	(??_set_pin_output+1)^(0+1280),c
  3487   003C6E  2A03               	incf	??_set_pin_output^(0+1280),f,c
  3488   003C70  EF3C  F01E         	goto	u1414
  3489   003C74                     u1415:
  3490   003C74  90D8               	bcf	status,0,c
  3491   003C76  3604               	rlcf	(??_set_pin_output+1)^(0+1280),f,c
  3492   003C78                     u1414:
  3493   003C78  2E03               	decfsz	??_set_pin_output^(0+1280),f,c
  3494   003C7A  EF3A  F01E         	goto	u1415
  3495   003C7E  5004               	movf	(??_set_pin_output+1)^(0+1280),w,c
  3496   003C80  0AFF               	xorlw	255
  3497   003C82  16CA               	andwf	202,f,c	;volatile
  3498                           
  3499                           ;gpio.c: 49:             break;
  3500   003C84  EF7A  F01E         	goto	l125
  3501   003C88                     l2094:
  3502                           
  3503                           ;gpio.c: 51:             TRISF &= ~(1 << pin_number);
  3504   003C88  C502  F503         	movff	set_pin_output@pin_number,??_set_pin_output
  3505   003C8C  0E01               	movlw	1
  3506   003C8E  6E04               	movwf	(??_set_pin_output+1)^(0+1280),c
  3507   003C90  2A03               	incf	??_set_pin_output^(0+1280),f,c
  3508   003C92  EF4D  F01E         	goto	u1424
  3509   003C96                     u1425:
  3510   003C96  90D8               	bcf	status,0,c
  3511   003C98  3604               	rlcf	(??_set_pin_output+1)^(0+1280),f,c
  3512   003C9A                     u1424:
  3513   003C9A  2E03               	decfsz	??_set_pin_output^(0+1280),f,c
  3514   003C9C  EF4B  F01E         	goto	u1425
  3515   003CA0  5004               	movf	(??_set_pin_output+1)^(0+1280),w,c
  3516   003CA2  0AFF               	xorlw	255
  3517   003CA4  16CB               	andwf	203,f,c	;volatile
  3518                           
  3519                           ;gpio.c: 52:             break;
  3520   003CA6  EF7A  F01E         	goto	l125
  3521   003CAA                     l2098:
  3522   003CAA  5005               	movf	set_pin_output@port_name^(0+1280),w,c
  3523   003CAC  6E03               	movwf	??_set_pin_output^(0+1280),c
  3524   003CAE  6A04               	clrf	(??_set_pin_output+1)^(0+1280),c
  3525                           
  3526                           ; Switch on 2 bytes has been partitioned into a top level switch of size 1, and 1 sub-sw
      +                          itches
  3527                           ; Switch size 1, requested type "simple"
  3528                           ; Number of cases is 1, Range of values is 0 to 0
  3529                           ; switch strategies available:
  3530                           ; Name         Instructions Cycles
  3531                           ; simple_byte            4     3 (average)
  3532                           ;	Chosen strategy is simple_byte
  3533   003CB0  5004               	movf	(??_set_pin_output+1)^(0+1280),w,c
  3534   003CB2  0A00               	xorlw	0	; case 0
  3535   003CB4  B4D8               	btfsc	status,2,c
  3536   003CB6  EF5F  F01E         	goto	l2742
  3537   003CBA  EF7A  F01E         	goto	l125
  3538   003CBE                     l2742:
  3539                           
  3540                           ; Switch size 1, requested type "simple"
  3541                           ; Number of cases is 6, Range of values is 65 to 70
  3542                           ; switch strategies available:
  3543                           ; Name         Instructions Cycles
  3544                           ; simple_byte           19    10 (average)
  3545                           ;	Chosen strategy is simple_byte
  3546   003CBE  5003               	movf	??_set_pin_output^(0+1280),w,c
  3547   003CC0  0A41               	xorlw	65	; case 65
  3548   003CC2  B4D8               	btfsc	status,2,c
  3549   003CC4  EFEF  F01D         	goto	l2084
  3550   003CC8  0A03               	xorlw	3	; case 66
  3551   003CCA  B4D8               	btfsc	status,2,c
  3552   003CCC  EF00  F01E         	goto	l2086
  3553   003CD0  0A01               	xorlw	1	; case 67
  3554   003CD2  B4D8               	btfsc	status,2,c
  3555   003CD4  EF11  F01E         	goto	l2088
  3556   003CD8  0A07               	xorlw	7	; case 68
  3557   003CDA  B4D8               	btfsc	status,2,c
  3558   003CDC  EF22  F01E         	goto	l2090
  3559   003CE0  0A01               	xorlw	1	; case 69
  3560   003CE2  B4D8               	btfsc	status,2,c
  3561   003CE4  EF33  F01E         	goto	l2092
  3562   003CE8  0A03               	xorlw	3	; case 70
  3563   003CEA  B4D8               	btfsc	status,2,c
  3564   003CEC  EF44  F01E         	goto	l2094
  3565   003CF0  EF7A  F01E         	goto	l125
  3566   003CF4                     l125:
  3567   003CF4  0012               	return		;funcret
  3568   003CF6                     __end_of_set_pin_output:
  3569                           	callstack 0
  3570                           
  3571 ;; *************** function _set_pin_open_drain *****************
  3572 ;; Defined at:
  3573 ;;		line 298 in file "gpio.c"
  3574 ;; Parameters:    Size  Location     Type
  3575 ;;  port_name       1    wreg     enum E17440
  3576 ;;  pin_number      1    1[COMRAM] unsigned char 
  3577 ;; Auto vars:     Size  Location     Type
  3578 ;;  port_name       1    4[COMRAM] enum E17440
  3579 ;; Return value:  Size  Location     Type
  3580 ;;                  1    wreg      void 
  3581 ;; Registers used:
  3582 ;;		wreg, status,2, status,0
  3583 ;; Tracked objects:
  3584 ;;		On entry : 0/0
  3585 ;;		On exit  : 0/0
  3586 ;;		Unchanged: 0/0
  3587 ;; Data sizes:     COMRAM   BANK5   BANK6   BANK7   BANK8   BANK9  BANK10  BANK11  BANK12  BANK13  BANK14  BANK15  BANK1
      +6  BANK17  BANK18  BANK19  BANK20  BANK21  BANK22  BANK23  BANK24  BANK25  BANK26  BANK27  BANK28  BANK29  BANK30  BANK3
      +1  BANK32  BANK33  BANK34  BANK35  BANK36
  3588 ;;      Params:         1       0       0       0       0       0       0       0       0       0       0       0       
      +0       0       0       0       0       0       0       0       0       0       0       0       0       0       0       
      +0       0       0       0       0       0
  3589 ;;      Locals:         1       0       0       0       0       0       0       0       0       0       0       0       
      +0       0       0       0       0       0       0       0       0       0       0       0       0       0       0       
      +0       0       0       0       0       0
  3590 ;;      Temps:          2       0       0       0       0       0       0       0       0       0       0       0       
      +0       0       0       0       0       0       0       0       0       0       0       0       0       0       0       
      +0       0       0       0       0       0
  3591 ;;      Totals:         4       0       0       0       0       0       0       0       0       0       0       0       
      +0       0       0       0       0       0       0       0       0       0       0       0       0       0       0       
      +0       0       0       0       0       0
  3592 ;;Total ram usage:        4 bytes
  3593 ;; Hardware stack levels used: 1
  3594 ;; Hardware stack levels required when called: 2
  3595 ;; This function calls:
  3596 ;;		Nothing
  3597 ;; This function is called by:
  3598 ;;		_configure_pin
  3599 ;; This function uses a non-reentrant model
  3600 ;;
  3601                           
  3602                           	psect	text21
  3603   003CF6                     __ptext21:
  3604                           	callstack 0
  3605   003CF6                     _set_pin_open_drain:
  3606                           	callstack 122
  3607                           
  3608                           ;incstack = 0
  3609                           ;set_pin_open_drain@port_name stored from wreg
  3610   003CF6  6E05               	movwf	set_pin_open_drain@port_name^(0+1280),c
  3611   003CF8                     
  3612                           ;gpio.c: 298: void set_pin_open_drain(PortName_t port_name, uint8_t pin_number);gpio.c: 
      +                          299: {;gpio.c: 300:     switch(port_name)
  3613   003CF8  EFE4  F01E         	goto	l2318
  3614   003CFC                     l2304:
  3615                           
  3616                           ;gpio.c: 303:             ODCONA |= (1 << pin_number);
  3617   003CFC  C502  F503         	movff	set_pin_open_drain@pin_number,??_set_pin_open_drain
  3618   003D00  0E01               	movlw	1
  3619   003D02  6E04               	movwf	(??_set_pin_open_drain+1)^(0+1280),c
  3620   003D04  2A03               	incf	??_set_pin_open_drain^(0+1280),f,c
  3621   003D06  EF87  F01E         	goto	u1974
  3622   003D0A                     u1975:
  3623   003D0A  90D8               	bcf	status,0,c
  3624   003D0C  3604               	rlcf	(??_set_pin_open_drain+1)^(0+1280),f,c
  3625   003D0E                     u1974:
  3626   003D0E  2E03               	decfsz	??_set_pin_open_drain^(0+1280),f,c
  3627   003D10  EF85  F01E         	goto	u1975
  3628   003D14  5004               	movf	(??_set_pin_open_drain+1)^(0+1280),w,c
  3629   003D16  0104               	movlb	4	; () banked
  3630   003D18  1302               	iorwf	2,f,b	;volatile
  3631                           
  3632                           ;gpio.c: 304:             break;
  3633   003D1A  EF09  F01F         	goto	l245
  3634   003D1E                     l2306:
  3635                           
  3636                           ;gpio.c: 306:             ODCONB |= (1 << pin_number);
  3637   003D1E  C502  F503         	movff	set_pin_open_drain@pin_number,??_set_pin_open_drain
  3638   003D22  0E01               	movlw	1
  3639   003D24  6E04               	movwf	(??_set_pin_open_drain+1)^(0+1280),c
  3640   003D26  2A03               	incf	??_set_pin_open_drain^(0+1280),f,c
  3641   003D28  EF98  F01E         	goto	u1984
  3642   003D2C                     u1985:
  3643   003D2C  90D8               	bcf	status,0,c
  3644   003D2E  3604               	rlcf	(??_set_pin_open_drain+1)^(0+1280),f,c
  3645   003D30                     u1984:
  3646   003D30  2E03               	decfsz	??_set_pin_open_drain^(0+1280),f,c
  3647   003D32  EF96  F01E         	goto	u1985
  3648   003D36  5004               	movf	(??_set_pin_open_drain+1)^(0+1280),w,c
  3649   003D38  0104               	movlb	4	; () banked
  3650   003D3A  130A               	iorwf	10,f,b	;volatile
  3651                           
  3652                           ;gpio.c: 307:             break;
  3653   003D3C  EF09  F01F         	goto	l245
  3654   003D40                     l2308:
  3655                           
  3656                           ;gpio.c: 309:             ODCONC |= (1 << pin_number);
  3657   003D40  C502  F503         	movff	set_pin_open_drain@pin_number,??_set_pin_open_drain
  3658   003D44  0E01               	movlw	1
  3659   003D46  6E04               	movwf	(??_set_pin_open_drain+1)^(0+1280),c
  3660   003D48  2A03               	incf	??_set_pin_open_drain^(0+1280),f,c
  3661   003D4A  EFA9  F01E         	goto	u1994
  3662   003D4E                     u1995:
  3663   003D4E  90D8               	bcf	status,0,c
  3664   003D50  3604               	rlcf	(??_set_pin_open_drain+1)^(0+1280),f,c
  3665   003D52                     u1994:
  3666   003D52  2E03               	decfsz	??_set_pin_open_drain^(0+1280),f,c
  3667   003D54  EFA7  F01E         	goto	u1995
  3668   003D58  5004               	movf	(??_set_pin_open_drain+1)^(0+1280),w,c
  3669   003D5A  0104               	movlb	4	; () banked
  3670   003D5C  1312               	iorwf	18,f,b	;volatile
  3671                           
  3672                           ;gpio.c: 310:             break;
  3673   003D5E  EF09  F01F         	goto	l245
  3674   003D62                     l2310:
  3675                           
  3676                           ;gpio.c: 312:             ODCOND |= (1 << pin_number);
  3677   003D62  C502  F503         	movff	set_pin_open_drain@pin_number,??_set_pin_open_drain
  3678   003D66  0E01               	movlw	1
  3679   003D68  6E04               	movwf	(??_set_pin_open_drain+1)^(0+1280),c
  3680   003D6A  2A03               	incf	??_set_pin_open_drain^(0+1280),f,c
  3681   003D6C  EFBA  F01E         	goto	u2004
  3682   003D70                     u2005:
  3683   003D70  90D8               	bcf	status,0,c
  3684   003D72  3604               	rlcf	(??_set_pin_open_drain+1)^(0+1280),f,c
  3685   003D74                     u2004:
  3686   003D74  2E03               	decfsz	??_set_pin_open_drain^(0+1280),f,c
  3687   003D76  EFB8  F01E         	goto	u2005
  3688   003D7A  5004               	movf	(??_set_pin_open_drain+1)^(0+1280),w,c
  3689   003D7C  0104               	movlb	4	; () banked
  3690   003D7E  131A               	iorwf	26,f,b	;volatile
  3691                           
  3692                           ;gpio.c: 313:             break;
  3693   003D80  EF09  F01F         	goto	l245
  3694   003D84                     l2312:
  3695                           
  3696                           ;gpio.c: 315:             ODCONE |= (1 << pin_number);
  3697   003D84  C502  F503         	movff	set_pin_open_drain@pin_number,??_set_pin_open_drain
  3698   003D88  0E01               	movlw	1
  3699   003D8A  6E04               	movwf	(??_set_pin_open_drain+1)^(0+1280),c
  3700   003D8C  2A03               	incf	??_set_pin_open_drain^(0+1280),f,c
  3701   003D8E  EFCB  F01E         	goto	u2014
  3702   003D92                     u2015:
  3703   003D92  90D8               	bcf	status,0,c
  3704   003D94  3604               	rlcf	(??_set_pin_open_drain+1)^(0+1280),f,c
  3705   003D96                     u2014:
  3706   003D96  2E03               	decfsz	??_set_pin_open_drain^(0+1280),f,c
  3707   003D98  EFC9  F01E         	goto	u2015
  3708   003D9C  5004               	movf	(??_set_pin_open_drain+1)^(0+1280),w,c
  3709   003D9E  0104               	movlb	4	; () banked
  3710   003DA0  1322               	iorwf	34,f,b	;volatile
  3711                           
  3712                           ;gpio.c: 316:             break;
  3713   003DA2  EF09  F01F         	goto	l245
  3714   003DA6                     l2314:
  3715                           
  3716                           ;gpio.c: 318:             ODCONF |= (1 << pin_number);
  3717   003DA6  C502  F503         	movff	set_pin_open_drain@pin_number,??_set_pin_open_drain
  3718   003DAA  0E01               	movlw	1
  3719   003DAC  6E04               	movwf	(??_set_pin_open_drain+1)^(0+1280),c
  3720   003DAE  2A03               	incf	??_set_pin_open_drain^(0+1280),f,c
  3721   003DB0  EFDC  F01E         	goto	u2024
  3722   003DB4                     u2025:
  3723   003DB4  90D8               	bcf	status,0,c
  3724   003DB6  3604               	rlcf	(??_set_pin_open_drain+1)^(0+1280),f,c
  3725   003DB8                     u2024:
  3726   003DB8  2E03               	decfsz	??_set_pin_open_drain^(0+1280),f,c
  3727   003DBA  EFDA  F01E         	goto	u2025
  3728   003DBE  5004               	movf	(??_set_pin_open_drain+1)^(0+1280),w,c
  3729   003DC0  0104               	movlb	4	; () banked
  3730   003DC2  132A               	iorwf	42,f,b	;volatile
  3731                           
  3732                           ;gpio.c: 319:             break;
  3733   003DC4  EF09  F01F         	goto	l245
  3734   003DC8                     l2318:
  3735   003DC8  5005               	movf	set_pin_open_drain@port_name^(0+1280),w,c
  3736   003DCA  6E03               	movwf	??_set_pin_open_drain^(0+1280),c
  3737   003DCC  6A04               	clrf	(??_set_pin_open_drain+1)^(0+1280),c
  3738                           
  3739                           ; Switch on 2 bytes has been partitioned into a top level switch of size 1, and 1 sub-sw
      +                          itches
  3740                           ; Switch size 1, requested type "simple"
  3741                           ; Number of cases is 1, Range of values is 0 to 0
  3742                           ; switch strategies available:
  3743                           ; Name         Instructions Cycles
  3744                           ; simple_byte            4     3 (average)
  3745                           ;	Chosen strategy is simple_byte
  3746   003DCE  5004               	movf	(??_set_pin_open_drain+1)^(0+1280),w,c
  3747   003DD0  0A00               	xorlw	0	; case 0
  3748   003DD2  B4D8               	btfsc	status,2,c
  3749   003DD4  EFEE  F01E         	goto	l2744
  3750   003DD8  EF09  F01F         	goto	l245
  3751   003DDC                     l2744:
  3752                           
  3753                           ; Switch size 1, requested type "simple"
  3754                           ; Number of cases is 6, Range of values is 65 to 70
  3755                           ; switch strategies available:
  3756                           ; Name         Instructions Cycles
  3757                           ; simple_byte           19    10 (average)
  3758                           ;	Chosen strategy is simple_byte
  3759   003DDC  5003               	movf	??_set_pin_open_drain^(0+1280),w,c
  3760   003DDE  0A41               	xorlw	65	; case 65
  3761   003DE0  B4D8               	btfsc	status,2,c
  3762   003DE2  EF7E  F01E         	goto	l2304
  3763   003DE6  0A03               	xorlw	3	; case 66
  3764   003DE8  B4D8               	btfsc	status,2,c
  3765   003DEA  EF8F  F01E         	goto	l2306
  3766   003DEE  0A01               	xorlw	1	; case 67
  3767   003DF0  B4D8               	btfsc	status,2,c
  3768   003DF2  EFA0  F01E         	goto	l2308
  3769   003DF6  0A07               	xorlw	7	; case 68
  3770   003DF8  B4D8               	btfsc	status,2,c
  3771   003DFA  EFB1  F01E         	goto	l2310
  3772   003DFE  0A01               	xorlw	1	; case 69
  3773   003E00  B4D8               	btfsc	status,2,c
  3774   003E02  EFC2  F01E         	goto	l2312
  3775   003E06  0A03               	xorlw	3	; case 70
  3776   003E08  B4D8               	btfsc	status,2,c
  3777   003E0A  EFD3  F01E         	goto	l2314
  3778   003E0E  EF09  F01F         	goto	l245
  3779   003E12                     l245:
  3780   003E12  0012               	return		;funcret
  3781   003E14                     __end_of_set_pin_open_drain:
  3782                           	callstack 0
  3783                           
  3784 ;; *************** function _set_pin_input *****************
  3785 ;; Defined at:
  3786 ;;		line 3 in file "gpio.c"
  3787 ;; Parameters:    Size  Location     Type
  3788 ;;  port_name       1    wreg     enum E17440
  3789 ;;  pin_number      1    1[COMRAM] unsigned char 
  3790 ;; Auto vars:     Size  Location     Type
  3791 ;;  port_name       1    4[COMRAM] enum E17440
  3792 ;; Return value:  Size  Location     Type
  3793 ;;                  1    wreg      void 
  3794 ;; Registers used:
  3795 ;;		wreg, status,2, status,0
  3796 ;; Tracked objects:
  3797 ;;		On entry : 0/0
  3798 ;;		On exit  : 0/0
  3799 ;;		Unchanged: 0/0
  3800 ;; Data sizes:     COMRAM   BANK5   BANK6   BANK7   BANK8   BANK9  BANK10  BANK11  BANK12  BANK13  BANK14  BANK15  BANK1
      +6  BANK17  BANK18  BANK19  BANK20  BANK21  BANK22  BANK23  BANK24  BANK25  BANK26  BANK27  BANK28  BANK29  BANK30  BANK3
      +1  BANK32  BANK33  BANK34  BANK35  BANK36
  3801 ;;      Params:         1       0       0       0       0       0       0       0       0       0       0       0       
      +0       0       0       0       0       0       0       0       0       0       0       0       0       0       0       
      +0       0       0       0       0       0
  3802 ;;      Locals:         1       0       0       0       0       0       0       0       0       0       0       0       
      +0       0       0       0       0       0       0       0       0       0       0       0       0       0       0       
      +0       0       0       0       0       0
  3803 ;;      Temps:          2       0       0       0       0       0       0       0       0       0       0       0       
      +0       0       0       0       0       0       0       0       0       0       0       0       0       0       0       
      +0       0       0       0       0       0
  3804 ;;      Totals:         4       0       0       0       0       0       0       0       0       0       0       0       
      +0       0       0       0       0       0       0       0       0       0       0       0       0       0       0       
      +0       0       0       0       0       0
  3805 ;;Total ram usage:        4 bytes
  3806 ;; Hardware stack levels used: 1
  3807 ;; Hardware stack levels required when called: 2
  3808 ;; This function calls:
  3809 ;;		Nothing
  3810 ;; This function is called by:
  3811 ;;		_configure_pin
  3812 ;; This function uses a non-reentrant model
  3813 ;;
  3814                           
  3815                           	psect	text22
  3816   003F32                     __ptext22:
  3817                           	callstack 0
  3818   003F32                     _set_pin_input:
  3819                           	callstack 122
  3820                           
  3821                           ;incstack = 0
  3822                           ;set_pin_input@port_name stored from wreg
  3823   003F32  6E05               	movwf	set_pin_input@port_name^(0+1280),c
  3824   003F34                     
  3825                           ;gpio.c: 3: void set_pin_input(PortName_t port_name, uint8_t pin_number);gpio.c: 4: {;gp
      +                          io.c: 5:     switch(port_name)
  3826   003F34  EFFC  F01F         	goto	l2076
  3827   003F38                     l2062:
  3828                           
  3829                           ;gpio.c: 8:             TRISA |= (1 << pin_number);
  3830   003F38  C502  F503         	movff	set_pin_input@pin_number,??_set_pin_input
  3831   003F3C  0E01               	movlw	1
  3832   003F3E  6E04               	movwf	(??_set_pin_input+1)^(0+1280),c
  3833   003F40  2A03               	incf	??_set_pin_input^(0+1280),f,c
  3834   003F42  EFA5  F01F         	goto	u1314
  3835   003F46                     u1315:
  3836   003F46  90D8               	bcf	status,0,c
  3837   003F48  3604               	rlcf	(??_set_pin_input+1)^(0+1280),f,c
  3838   003F4A                     u1314:
  3839   003F4A  2E03               	decfsz	??_set_pin_input^(0+1280),f,c
  3840   003F4C  EFA3  F01F         	goto	u1315
  3841   003F50  5004               	movf	(??_set_pin_input+1)^(0+1280),w,c
  3842   003F52  12C6               	iorwf	198,f,c	;volatile
  3843                           
  3844                           ;gpio.c: 9:             break;
  3845   003F54  EF21  F020         	goto	l113
  3846   003F58                     l2064:
  3847                           
  3848                           ;gpio.c: 11:             TRISB |= (1 << pin_number);
  3849   003F58  C502  F503         	movff	set_pin_input@pin_number,??_set_pin_input
  3850   003F5C  0E01               	movlw	1
  3851   003F5E  6E04               	movwf	(??_set_pin_input+1)^(0+1280),c
  3852   003F60  2A03               	incf	??_set_pin_input^(0+1280),f,c
  3853   003F62  EFB5  F01F         	goto	u1324
  3854   003F66                     u1325:
  3855   003F66  90D8               	bcf	status,0,c
  3856   003F68  3604               	rlcf	(??_set_pin_input+1)^(0+1280),f,c
  3857   003F6A                     u1324:
  3858   003F6A  2E03               	decfsz	??_set_pin_input^(0+1280),f,c
  3859   003F6C  EFB3  F01F         	goto	u1325
  3860   003F70  5004               	movf	(??_set_pin_input+1)^(0+1280),w,c
  3861   003F72  12C7               	iorwf	199,f,c	;volatile
  3862                           
  3863                           ;gpio.c: 12:             break;
  3864   003F74  EF21  F020         	goto	l113
  3865   003F78                     l2066:
  3866                           
  3867                           ;gpio.c: 14:             TRISC |= (1 << pin_number);
  3868   003F78  C502  F503         	movff	set_pin_input@pin_number,??_set_pin_input
  3869   003F7C  0E01               	movlw	1
  3870   003F7E  6E04               	movwf	(??_set_pin_input+1)^(0+1280),c
  3871   003F80  2A03               	incf	??_set_pin_input^(0+1280),f,c
  3872   003F82  EFC5  F01F         	goto	u1334
  3873   003F86                     u1335:
  3874   003F86  90D8               	bcf	status,0,c
  3875   003F88  3604               	rlcf	(??_set_pin_input+1)^(0+1280),f,c
  3876   003F8A                     u1334:
  3877   003F8A  2E03               	decfsz	??_set_pin_input^(0+1280),f,c
  3878   003F8C  EFC3  F01F         	goto	u1335
  3879   003F90  5004               	movf	(??_set_pin_input+1)^(0+1280),w,c
  3880   003F92  12C8               	iorwf	200,f,c	;volatile
  3881                           
  3882                           ;gpio.c: 15:             break;
  3883   003F94  EF21  F020         	goto	l113
  3884   003F98                     l2068:
  3885                           
  3886                           ;gpio.c: 17:             TRISD |= (1 << pin_number);
  3887   003F98  C502  F503         	movff	set_pin_input@pin_number,??_set_pin_input
  3888   003F9C  0E01               	movlw	1
  3889   003F9E  6E04               	movwf	(??_set_pin_input+1)^(0+1280),c
  3890   003FA0  2A03               	incf	??_set_pin_input^(0+1280),f,c
  3891   003FA2  EFD5  F01F         	goto	u1344
  3892   003FA6                     u1345:
  3893   003FA6  90D8               	bcf	status,0,c
  3894   003FA8  3604               	rlcf	(??_set_pin_input+1)^(0+1280),f,c
  3895   003FAA                     u1344:
  3896   003FAA  2E03               	decfsz	??_set_pin_input^(0+1280),f,c
  3897   003FAC  EFD3  F01F         	goto	u1345
  3898   003FB0  5004               	movf	(??_set_pin_input+1)^(0+1280),w,c
  3899   003FB2  12C9               	iorwf	201,f,c	;volatile
  3900                           
  3901                           ;gpio.c: 18:             break;
  3902   003FB4  EF21  F020         	goto	l113
  3903   003FB8                     l2070:
  3904                           
  3905                           ;gpio.c: 20:             TRISE |= (1 << pin_number);
  3906   003FB8  C502  F503         	movff	set_pin_input@pin_number,??_set_pin_input
  3907   003FBC  0E01               	movlw	1
  3908   003FBE  6E04               	movwf	(??_set_pin_input+1)^(0+1280),c
  3909   003FC0  2A03               	incf	??_set_pin_input^(0+1280),f,c
  3910   003FC2  EFE5  F01F         	goto	u1354
  3911   003FC6                     u1355:
  3912   003FC6  90D8               	bcf	status,0,c
  3913   003FC8  3604               	rlcf	(??_set_pin_input+1)^(0+1280),f,c
  3914   003FCA                     u1354:
  3915   003FCA  2E03               	decfsz	??_set_pin_input^(0+1280),f,c
  3916   003FCC  EFE3  F01F         	goto	u1355
  3917   003FD0  5004               	movf	(??_set_pin_input+1)^(0+1280),w,c
  3918   003FD2  12CA               	iorwf	202,f,c	;volatile
  3919                           
  3920                           ;gpio.c: 21:             break;
  3921   003FD4  EF21  F020         	goto	l113
  3922   003FD8                     l2072:
  3923                           
  3924                           ;gpio.c: 23:             TRISF |= (1 << pin_number);
  3925   003FD8  C502  F503         	movff	set_pin_input@pin_number,??_set_pin_input
  3926   003FDC  0E01               	movlw	1
  3927   003FDE  6E04               	movwf	(??_set_pin_input+1)^(0+1280),c
  3928   003FE0  2A03               	incf	??_set_pin_input^(0+1280),f,c
  3929   003FE2  EFF5  F01F         	goto	u1364
  3930   003FE6                     u1365:
  3931   003FE6  90D8               	bcf	status,0,c
  3932   003FE8  3604               	rlcf	(??_set_pin_input+1)^(0+1280),f,c
  3933   003FEA                     u1364:
  3934   003FEA  2E03               	decfsz	??_set_pin_input^(0+1280),f,c
  3935   003FEC  EFF3  F01F         	goto	u1365
  3936   003FF0  5004               	movf	(??_set_pin_input+1)^(0+1280),w,c
  3937   003FF2  12CB               	iorwf	203,f,c	;volatile
  3938                           
  3939                           ;gpio.c: 24:             break;
  3940   003FF4  EF21  F020         	goto	l113
  3941   003FF8                     l2076:
  3942   003FF8  5005               	movf	set_pin_input@port_name^(0+1280),w,c
  3943   003FFA  6E03               	movwf	??_set_pin_input^(0+1280),c
  3944   003FFC  6A04               	clrf	(??_set_pin_input+1)^(0+1280),c
  3945                           
  3946                           ; Switch on 2 bytes has been partitioned into a top level switch of size 1, and 1 sub-sw
      +                          itches
  3947                           ; Switch size 1, requested type "simple"
  3948                           ; Number of cases is 1, Range of values is 0 to 0
  3949                           ; switch strategies available:
  3950                           ; Name         Instructions Cycles
  3951                           ; simple_byte            4     3 (average)
  3952                           ;	Chosen strategy is simple_byte
  3953   003FFE  5004               	movf	(??_set_pin_input+1)^(0+1280),w,c
  3954   004000  0A00               	xorlw	0	; case 0
  3955   004002  B4D8               	btfsc	status,2,c
  3956   004004  EF06  F020         	goto	l2746
  3957   004008  EF21  F020         	goto	l113
  3958   00400C                     l2746:
  3959                           
  3960                           ; Switch size 1, requested type "simple"
  3961                           ; Number of cases is 6, Range of values is 65 to 70
  3962                           ; switch strategies available:
  3963                           ; Name         Instructions Cycles
  3964                           ; simple_byte           19    10 (average)
  3965                           ;	Chosen strategy is simple_byte
  3966   00400C  5003               	movf	??_set_pin_input^(0+1280),w,c
  3967   00400E  0A41               	xorlw	65	; case 65
  3968   004010  B4D8               	btfsc	status,2,c
  3969   004012  EF9C  F01F         	goto	l2062
  3970   004016  0A03               	xorlw	3	; case 66
  3971   004018  B4D8               	btfsc	status,2,c
  3972   00401A  EFAC  F01F         	goto	l2064
  3973   00401E  0A01               	xorlw	1	; case 67
  3974   004020  B4D8               	btfsc	status,2,c
  3975   004022  EFBC  F01F         	goto	l2066
  3976   004026  0A07               	xorlw	7	; case 68
  3977   004028  B4D8               	btfsc	status,2,c
  3978   00402A  EFCC  F01F         	goto	l2068
  3979   00402E  0A01               	xorlw	1	; case 69
  3980   004030  B4D8               	btfsc	status,2,c
  3981   004032  EFDC  F01F         	goto	l2070
  3982   004036  0A03               	xorlw	3	; case 70
  3983   004038  B4D8               	btfsc	status,2,c
  3984   00403A  EFEC  F01F         	goto	l2072
  3985   00403E  EF21  F020         	goto	l113
  3986   004042                     l113:
  3987   004042  0012               	return		;funcret
  3988   004044                     __end_of_set_pin_input:
  3989                           	callstack 0
  3990                           
  3991 ;; *************** function _set_pin_digital_mode *****************
  3992 ;; Defined at:
  3993 ;;		line 57 in file "gpio.c"
  3994 ;; Parameters:    Size  Location     Type
  3995 ;;  port_name       1    wreg     enum E17440
  3996 ;;  pin_number      1    1[COMRAM] unsigned char 
  3997 ;; Auto vars:     Size  Location     Type
  3998 ;;  port_name       1    4[COMRAM] enum E17440
  3999 ;; Return value:  Size  Location     Type
  4000 ;;                  1    wreg      void 
  4001 ;; Registers used:
  4002 ;;		wreg, status,2, status,0
  4003 ;; Tracked objects:
  4004 ;;		On entry : 0/0
  4005 ;;		On exit  : 0/0
  4006 ;;		Unchanged: 0/0
  4007 ;; Data sizes:     COMRAM   BANK5   BANK6   BANK7   BANK8   BANK9  BANK10  BANK11  BANK12  BANK13  BANK14  BANK15  BANK1
      +6  BANK17  BANK18  BANK19  BANK20  BANK21  BANK22  BANK23  BANK24  BANK25  BANK26  BANK27  BANK28  BANK29  BANK30  BANK3
      +1  BANK32  BANK33  BANK34  BANK35  BANK36
  4008 ;;      Params:         1       0       0       0       0       0       0       0       0       0       0       0       
      +0       0       0       0       0       0       0       0       0       0       0       0       0       0       0       
      +0       0       0       0       0       0
  4009 ;;      Locals:         1       0       0       0       0       0       0       0       0       0       0       0       
      +0       0       0       0       0       0       0       0       0       0       0       0       0       0       0       
      +0       0       0       0       0       0
  4010 ;;      Temps:          2       0       0       0       0       0       0       0       0       0       0       0       
      +0       0       0       0       0       0       0       0       0       0       0       0       0       0       0       
      +0       0       0       0       0       0
  4011 ;;      Totals:         4       0       0       0       0       0       0       0       0       0       0       0       
      +0       0       0       0       0       0       0       0       0       0       0       0       0       0       0       
      +0       0       0       0       0       0
  4012 ;;Total ram usage:        4 bytes
  4013 ;; Hardware stack levels used: 1
  4014 ;; Hardware stack levels required when called: 2
  4015 ;; This function calls:
  4016 ;;		Nothing
  4017 ;; This function is called by:
  4018 ;;		_configure_pin
  4019 ;; This function uses a non-reentrant model
  4020 ;;
  4021                           
  4022                           	psect	text23
  4023   00362A                     __ptext23:
  4024                           	callstack 0
  4025   00362A                     _set_pin_digital_mode:
  4026                           	callstack 122
  4027                           
  4028                           ;incstack = 0
  4029                           ;set_pin_digital_mode@port_name stored from wreg
  4030   00362A  6E05               	movwf	set_pin_digital_mode@port_name^(0+1280),c
  4031   00362C                     
  4032                           ;gpio.c: 57: void set_pin_digital_mode(PortName_t port_name, uint8_t pin_number);gpio.c:
      +                           58: {;gpio.c: 59:     switch(port_name)
  4033   00362C  EF84  F01B         	goto	l2120
  4034   003630                     l2106:
  4035                           
  4036                           ;gpio.c: 62:             ANSELA &= ~(1 << pin_number);
  4037   003630  C502  F503         	movff	set_pin_digital_mode@pin_number,??_set_pin_digital_mode
  4038   003634  0E01               	movlw	1
  4039   003636  6E04               	movwf	(??_set_pin_digital_mode+1)^(0+1280),c
  4040   003638  2A03               	incf	??_set_pin_digital_mode^(0+1280),f,c
  4041   00363A  EF21  F01B         	goto	u1434
  4042   00363E                     u1435:
  4043   00363E  90D8               	bcf	status,0,c
  4044   003640  3604               	rlcf	(??_set_pin_digital_mode+1)^(0+1280),f,c
  4045   003642                     u1434:
  4046   003642  2E03               	decfsz	??_set_pin_digital_mode^(0+1280),f,c
  4047   003644  EF1F  F01B         	goto	u1435
  4048   003648  5004               	movf	(??_set_pin_digital_mode+1)^(0+1280),w,c
  4049   00364A  0AFF               	xorlw	255
  4050   00364C  0104               	movlb	4	; () banked
  4051   00364E  1700               	andwf	0,f,b	;volatile
  4052                           
  4053                           ;gpio.c: 63:             break;
  4054   003650  EFA9  F01B         	goto	l137
  4055   003654                     l2108:
  4056                           
  4057                           ;gpio.c: 65:             ANSELB &= ~(1 << pin_number);
  4058   003654  C502  F503         	movff	set_pin_digital_mode@pin_number,??_set_pin_digital_mode
  4059   003658  0E01               	movlw	1
  4060   00365A  6E04               	movwf	(??_set_pin_digital_mode+1)^(0+1280),c
  4061   00365C  2A03               	incf	??_set_pin_digital_mode^(0+1280),f,c
  4062   00365E  EF33  F01B         	goto	u1444
  4063   003662                     u1445:
  4064   003662  90D8               	bcf	status,0,c
  4065   003664  3604               	rlcf	(??_set_pin_digital_mode+1)^(0+1280),f,c
  4066   003666                     u1444:
  4067   003666  2E03               	decfsz	??_set_pin_digital_mode^(0+1280),f,c
  4068   003668  EF31  F01B         	goto	u1445
  4069   00366C  5004               	movf	(??_set_pin_digital_mode+1)^(0+1280),w,c
  4070   00366E  0AFF               	xorlw	255
  4071   003670  0104               	movlb	4	; () banked
  4072   003672  1708               	andwf	8,f,b	;volatile
  4073                           
  4074                           ;gpio.c: 66:             break;
  4075   003674  EFA9  F01B         	goto	l137
  4076   003678                     l2110:
  4077                           
  4078                           ;gpio.c: 68:             ANSELC &= ~(1 << pin_number);
  4079   003678  C502  F503         	movff	set_pin_digital_mode@pin_number,??_set_pin_digital_mode
  4080   00367C  0E01               	movlw	1
  4081   00367E  6E04               	movwf	(??_set_pin_digital_mode+1)^(0+1280),c
  4082   003680  2A03               	incf	??_set_pin_digital_mode^(0+1280),f,c
  4083   003682  EF45  F01B         	goto	u1454
  4084   003686                     u1455:
  4085   003686  90D8               	bcf	status,0,c
  4086   003688  3604               	rlcf	(??_set_pin_digital_mode+1)^(0+1280),f,c
  4087   00368A                     u1454:
  4088   00368A  2E03               	decfsz	??_set_pin_digital_mode^(0+1280),f,c
  4089   00368C  EF43  F01B         	goto	u1455
  4090   003690  5004               	movf	(??_set_pin_digital_mode+1)^(0+1280),w,c
  4091   003692  0AFF               	xorlw	255
  4092   003694  0104               	movlb	4	; () banked
  4093   003696  1710               	andwf	16,f,b	;volatile
  4094                           
  4095                           ;gpio.c: 69:             break;
  4096   003698  EFA9  F01B         	goto	l137
  4097   00369C                     l2112:
  4098                           
  4099                           ;gpio.c: 71:             ANSELD &= ~(1 << pin_number);
  4100   00369C  C502  F503         	movff	set_pin_digital_mode@pin_number,??_set_pin_digital_mode
  4101   0036A0  0E01               	movlw	1
  4102   0036A2  6E04               	movwf	(??_set_pin_digital_mode+1)^(0+1280),c
  4103   0036A4  2A03               	incf	??_set_pin_digital_mode^(0+1280),f,c
  4104   0036A6  EF57  F01B         	goto	u1464
  4105   0036AA                     u1465:
  4106   0036AA  90D8               	bcf	status,0,c
  4107   0036AC  3604               	rlcf	(??_set_pin_digital_mode+1)^(0+1280),f,c
  4108   0036AE                     u1464:
  4109   0036AE  2E03               	decfsz	??_set_pin_digital_mode^(0+1280),f,c
  4110   0036B0  EF55  F01B         	goto	u1465
  4111   0036B4  5004               	movf	(??_set_pin_digital_mode+1)^(0+1280),w,c
  4112   0036B6  0AFF               	xorlw	255
  4113   0036B8  0104               	movlb	4	; () banked
  4114   0036BA  1718               	andwf	24,f,b	;volatile
  4115                           
  4116                           ;gpio.c: 72:             break;
  4117   0036BC  EFA9  F01B         	goto	l137
  4118   0036C0                     l2114:
  4119                           
  4120                           ;gpio.c: 74:             ANSELE &= ~(1 << pin_number);
  4121   0036C0  C502  F503         	movff	set_pin_digital_mode@pin_number,??_set_pin_digital_mode
  4122   0036C4  0E01               	movlw	1
  4123   0036C6  6E04               	movwf	(??_set_pin_digital_mode+1)^(0+1280),c
  4124   0036C8  2A03               	incf	??_set_pin_digital_mode^(0+1280),f,c
  4125   0036CA  EF69  F01B         	goto	u1474
  4126   0036CE                     u1475:
  4127   0036CE  90D8               	bcf	status,0,c
  4128   0036D0  3604               	rlcf	(??_set_pin_digital_mode+1)^(0+1280),f,c
  4129   0036D2                     u1474:
  4130   0036D2  2E03               	decfsz	??_set_pin_digital_mode^(0+1280),f,c
  4131   0036D4  EF67  F01B         	goto	u1475
  4132   0036D8  5004               	movf	(??_set_pin_digital_mode+1)^(0+1280),w,c
  4133   0036DA  0AFF               	xorlw	255
  4134   0036DC  0104               	movlb	4	; () banked
  4135   0036DE  1720               	andwf	32,f,b	;volatile
  4136                           
  4137                           ;gpio.c: 75:             break;
  4138   0036E0  EFA9  F01B         	goto	l137
  4139   0036E4                     l2116:
  4140                           
  4141                           ;gpio.c: 77:             ANSELF &= ~(1 << pin_number);
  4142   0036E4  C502  F503         	movff	set_pin_digital_mode@pin_number,??_set_pin_digital_mode
  4143   0036E8  0E01               	movlw	1
  4144   0036EA  6E04               	movwf	(??_set_pin_digital_mode+1)^(0+1280),c
  4145   0036EC  2A03               	incf	??_set_pin_digital_mode^(0+1280),f,c
  4146   0036EE  EF7B  F01B         	goto	u1484
  4147   0036F2                     u1485:
  4148   0036F2  90D8               	bcf	status,0,c
  4149   0036F4  3604               	rlcf	(??_set_pin_digital_mode+1)^(0+1280),f,c
  4150   0036F6                     u1484:
  4151   0036F6  2E03               	decfsz	??_set_pin_digital_mode^(0+1280),f,c
  4152   0036F8  EF79  F01B         	goto	u1485
  4153   0036FC  5004               	movf	(??_set_pin_digital_mode+1)^(0+1280),w,c
  4154   0036FE  0AFF               	xorlw	255
  4155   003700  0104               	movlb	4	; () banked
  4156   003702  1728               	andwf	40,f,b	;volatile
  4157                           
  4158                           ;gpio.c: 78:             break;
  4159   003704  EFA9  F01B         	goto	l137
  4160   003708                     l2120:
  4161   003708  5005               	movf	set_pin_digital_mode@port_name^(0+1280),w,c
  4162   00370A  6E03               	movwf	??_set_pin_digital_mode^(0+1280),c
  4163   00370C  6A04               	clrf	(??_set_pin_digital_mode+1)^(0+1280),c
  4164                           
  4165                           ; Switch on 2 bytes has been partitioned into a top level switch of size 1, and 1 sub-sw
      +                          itches
  4166                           ; Switch size 1, requested type "simple"
  4167                           ; Number of cases is 1, Range of values is 0 to 0
  4168                           ; switch strategies available:
  4169                           ; Name         Instructions Cycles
  4170                           ; simple_byte            4     3 (average)
  4171                           ;	Chosen strategy is simple_byte
  4172   00370E  5004               	movf	(??_set_pin_digital_mode+1)^(0+1280),w,c
  4173   003710  0A00               	xorlw	0	; case 0
  4174   003712  B4D8               	btfsc	status,2,c
  4175   003714  EF8E  F01B         	goto	l2748
  4176   003718  EFA9  F01B         	goto	l137
  4177   00371C                     l2748:
  4178                           
  4179                           ; Switch size 1, requested type "simple"
  4180                           ; Number of cases is 6, Range of values is 65 to 70
  4181                           ; switch strategies available:
  4182                           ; Name         Instructions Cycles
  4183                           ; simple_byte           19    10 (average)
  4184                           ;	Chosen strategy is simple_byte
  4185   00371C  5003               	movf	??_set_pin_digital_mode^(0+1280),w,c
  4186   00371E  0A41               	xorlw	65	; case 65
  4187   003720  B4D8               	btfsc	status,2,c
  4188   003722  EF18  F01B         	goto	l2106
  4189   003726  0A03               	xorlw	3	; case 66
  4190   003728  B4D8               	btfsc	status,2,c
  4191   00372A  EF2A  F01B         	goto	l2108
  4192   00372E  0A01               	xorlw	1	; case 67
  4193   003730  B4D8               	btfsc	status,2,c
  4194   003732  EF3C  F01B         	goto	l2110
  4195   003736  0A07               	xorlw	7	; case 68
  4196   003738  B4D8               	btfsc	status,2,c
  4197   00373A  EF4E  F01B         	goto	l2112
  4198   00373E  0A01               	xorlw	1	; case 69
  4199   003740  B4D8               	btfsc	status,2,c
  4200   003742  EF60  F01B         	goto	l2114
  4201   003746  0A03               	xorlw	3	; case 70
  4202   003748  B4D8               	btfsc	status,2,c
  4203   00374A  EF72  F01B         	goto	l2116
  4204   00374E  EFA9  F01B         	goto	l137
  4205   003752                     l137:
  4206   003752  0012               	return		;funcret
  4207   003754                     __end_of_set_pin_digital_mode:
  4208                           	callstack 0
  4209                           
  4210 ;; *************** function _set_pin_analog_mode *****************
  4211 ;; Defined at:
  4212 ;;		line 83 in file "gpio.c"
  4213 ;; Parameters:    Size  Location     Type
  4214 ;;  port_name       1    wreg     enum E17440
  4215 ;;  pin_number      1    1[COMRAM] unsigned char 
  4216 ;; Auto vars:     Size  Location     Type
  4217 ;;  port_name       1    4[COMRAM] enum E17440
  4218 ;; Return value:  Size  Location     Type
  4219 ;;                  1    wreg      void 
  4220 ;; Registers used:
  4221 ;;		wreg, status,2, status,0
  4222 ;; Tracked objects:
  4223 ;;		On entry : 0/0
  4224 ;;		On exit  : 0/0
  4225 ;;		Unchanged: 0/0
  4226 ;; Data sizes:     COMRAM   BANK5   BANK6   BANK7   BANK8   BANK9  BANK10  BANK11  BANK12  BANK13  BANK14  BANK15  BANK1
      +6  BANK17  BANK18  BANK19  BANK20  BANK21  BANK22  BANK23  BANK24  BANK25  BANK26  BANK27  BANK28  BANK29  BANK30  BANK3
      +1  BANK32  BANK33  BANK34  BANK35  BANK36
  4227 ;;      Params:         1       0       0       0       0       0       0       0       0       0       0       0       
      +0       0       0       0       0       0       0       0       0       0       0       0       0       0       0       
      +0       0       0       0       0       0
  4228 ;;      Locals:         1       0       0       0       0       0       0       0       0       0       0       0       
      +0       0       0       0       0       0       0       0       0       0       0       0       0       0       0       
      +0       0       0       0       0       0
  4229 ;;      Temps:          2       0       0       0       0       0       0       0       0       0       0       0       
      +0       0       0       0       0       0       0       0       0       0       0       0       0       0       0       
      +0       0       0       0       0       0
  4230 ;;      Totals:         4       0       0       0       0       0       0       0       0       0       0       0       
      +0       0       0       0       0       0       0       0       0       0       0       0       0       0       0       
      +0       0       0       0       0       0
  4231 ;;Total ram usage:        4 bytes
  4232 ;; Hardware stack levels used: 1
  4233 ;; Hardware stack levels required when called: 2
  4234 ;; This function calls:
  4235 ;;		Nothing
  4236 ;; This function is called by:
  4237 ;;		_configure_pin
  4238 ;; This function uses a non-reentrant model
  4239 ;;
  4240                           
  4241                           	psect	text24
  4242   003E14                     __ptext24:
  4243                           	callstack 0
  4244   003E14                     _set_pin_analog_mode:
  4245                           	callstack 122
  4246                           
  4247                           ;incstack = 0
  4248                           ;set_pin_analog_mode@port_name stored from wreg
  4249   003E14  6E05               	movwf	set_pin_analog_mode@port_name^(0+1280),c
  4250   003E16                     
  4251                           ;gpio.c: 83: void set_pin_analog_mode(PortName_t port_name, uint8_t pin_number);gpio.c: 
      +                          84: {;gpio.c: 85:     switch(port_name)
  4252   003E16  EF73  F01F         	goto	l2142
  4253   003E1A                     l2128:
  4254                           
  4255                           ;gpio.c: 88:             ANSELA |= (1 << pin_number);
  4256   003E1A  C502  F503         	movff	set_pin_analog_mode@pin_number,??_set_pin_analog_mode
  4257   003E1E  0E01               	movlw	1
  4258   003E20  6E04               	movwf	(??_set_pin_analog_mode+1)^(0+1280),c
  4259   003E22  2A03               	incf	??_set_pin_analog_mode^(0+1280),f,c
  4260   003E24  EF16  F01F         	goto	u1494
  4261   003E28                     u1495:
  4262   003E28  90D8               	bcf	status,0,c
  4263   003E2A  3604               	rlcf	(??_set_pin_analog_mode+1)^(0+1280),f,c
  4264   003E2C                     u1494:
  4265   003E2C  2E03               	decfsz	??_set_pin_analog_mode^(0+1280),f,c
  4266   003E2E  EF14  F01F         	goto	u1495
  4267   003E32  5004               	movf	(??_set_pin_analog_mode+1)^(0+1280),w,c
  4268   003E34  0104               	movlb	4	; () banked
  4269   003E36  1300               	iorwf	0,f,b	;volatile
  4270                           
  4271                           ;gpio.c: 89:             break;
  4272   003E38  EF98  F01F         	goto	l149
  4273   003E3C                     l2130:
  4274                           
  4275                           ;gpio.c: 91:             ANSELB |= (1 << pin_number);
  4276   003E3C  C502  F503         	movff	set_pin_analog_mode@pin_number,??_set_pin_analog_mode
  4277   003E40  0E01               	movlw	1
  4278   003E42  6E04               	movwf	(??_set_pin_analog_mode+1)^(0+1280),c
  4279   003E44  2A03               	incf	??_set_pin_analog_mode^(0+1280),f,c
  4280   003E46  EF27  F01F         	goto	u1504
  4281   003E4A                     u1505:
  4282   003E4A  90D8               	bcf	status,0,c
  4283   003E4C  3604               	rlcf	(??_set_pin_analog_mode+1)^(0+1280),f,c
  4284   003E4E                     u1504:
  4285   003E4E  2E03               	decfsz	??_set_pin_analog_mode^(0+1280),f,c
  4286   003E50  EF25  F01F         	goto	u1505
  4287   003E54  5004               	movf	(??_set_pin_analog_mode+1)^(0+1280),w,c
  4288   003E56  0104               	movlb	4	; () banked
  4289   003E58  1308               	iorwf	8,f,b	;volatile
  4290                           
  4291                           ;gpio.c: 92:             break;
  4292   003E5A  EF98  F01F         	goto	l149
  4293   003E5E                     l2132:
  4294                           
  4295                           ;gpio.c: 94:             ANSELC |= (1 << pin_number);
  4296   003E5E  C502  F503         	movff	set_pin_analog_mode@pin_number,??_set_pin_analog_mode
  4297   003E62  0E01               	movlw	1
  4298   003E64  6E04               	movwf	(??_set_pin_analog_mode+1)^(0+1280),c
  4299   003E66  2A03               	incf	??_set_pin_analog_mode^(0+1280),f,c
  4300   003E68  EF38  F01F         	goto	u1514
  4301   003E6C                     u1515:
  4302   003E6C  90D8               	bcf	status,0,c
  4303   003E6E  3604               	rlcf	(??_set_pin_analog_mode+1)^(0+1280),f,c
  4304   003E70                     u1514:
  4305   003E70  2E03               	decfsz	??_set_pin_analog_mode^(0+1280),f,c
  4306   003E72  EF36  F01F         	goto	u1515
  4307   003E76  5004               	movf	(??_set_pin_analog_mode+1)^(0+1280),w,c
  4308   003E78  0104               	movlb	4	; () banked
  4309   003E7A  1310               	iorwf	16,f,b	;volatile
  4310                           
  4311                           ;gpio.c: 95:             break;
  4312   003E7C  EF98  F01F         	goto	l149
  4313   003E80                     l2134:
  4314                           
  4315                           ;gpio.c: 97:             ANSELD |= (1 << pin_number);
  4316   003E80  C502  F503         	movff	set_pin_analog_mode@pin_number,??_set_pin_analog_mode
  4317   003E84  0E01               	movlw	1
  4318   003E86  6E04               	movwf	(??_set_pin_analog_mode+1)^(0+1280),c
  4319   003E88  2A03               	incf	??_set_pin_analog_mode^(0+1280),f,c
  4320   003E8A  EF49  F01F         	goto	u1524
  4321   003E8E                     u1525:
  4322   003E8E  90D8               	bcf	status,0,c
  4323   003E90  3604               	rlcf	(??_set_pin_analog_mode+1)^(0+1280),f,c
  4324   003E92                     u1524:
  4325   003E92  2E03               	decfsz	??_set_pin_analog_mode^(0+1280),f,c
  4326   003E94  EF47  F01F         	goto	u1525
  4327   003E98  5004               	movf	(??_set_pin_analog_mode+1)^(0+1280),w,c
  4328   003E9A  0104               	movlb	4	; () banked
  4329   003E9C  1318               	iorwf	24,f,b	;volatile
  4330                           
  4331                           ;gpio.c: 98:             break;
  4332   003E9E  EF98  F01F         	goto	l149
  4333   003EA2                     l2136:
  4334                           
  4335                           ;gpio.c: 100:             ANSELE |= (1 << pin_number);
  4336   003EA2  C502  F503         	movff	set_pin_analog_mode@pin_number,??_set_pin_analog_mode
  4337   003EA6  0E01               	movlw	1
  4338   003EA8  6E04               	movwf	(??_set_pin_analog_mode+1)^(0+1280),c
  4339   003EAA  2A03               	incf	??_set_pin_analog_mode^(0+1280),f,c
  4340   003EAC  EF5A  F01F         	goto	u1534
  4341   003EB0                     u1535:
  4342   003EB0  90D8               	bcf	status,0,c
  4343   003EB2  3604               	rlcf	(??_set_pin_analog_mode+1)^(0+1280),f,c
  4344   003EB4                     u1534:
  4345   003EB4  2E03               	decfsz	??_set_pin_analog_mode^(0+1280),f,c
  4346   003EB6  EF58  F01F         	goto	u1535
  4347   003EBA  5004               	movf	(??_set_pin_analog_mode+1)^(0+1280),w,c
  4348   003EBC  0104               	movlb	4	; () banked
  4349   003EBE  1320               	iorwf	32,f,b	;volatile
  4350                           
  4351                           ;gpio.c: 101:             break;
  4352   003EC0  EF98  F01F         	goto	l149
  4353   003EC4                     l2138:
  4354                           
  4355                           ;gpio.c: 103:             ANSELF |= (1 << pin_number);
  4356   003EC4  C502  F503         	movff	set_pin_analog_mode@pin_number,??_set_pin_analog_mode
  4357   003EC8  0E01               	movlw	1
  4358   003ECA  6E04               	movwf	(??_set_pin_analog_mode+1)^(0+1280),c
  4359   003ECC  2A03               	incf	??_set_pin_analog_mode^(0+1280),f,c
  4360   003ECE  EF6B  F01F         	goto	u1544
  4361   003ED2                     u1545:
  4362   003ED2  90D8               	bcf	status,0,c
  4363   003ED4  3604               	rlcf	(??_set_pin_analog_mode+1)^(0+1280),f,c
  4364   003ED6                     u1544:
  4365   003ED6  2E03               	decfsz	??_set_pin_analog_mode^(0+1280),f,c
  4366   003ED8  EF69  F01F         	goto	u1545
  4367   003EDC  5004               	movf	(??_set_pin_analog_mode+1)^(0+1280),w,c
  4368   003EDE  0104               	movlb	4	; () banked
  4369   003EE0  1328               	iorwf	40,f,b	;volatile
  4370                           
  4371                           ;gpio.c: 104:             break;
  4372   003EE2  EF98  F01F         	goto	l149
  4373   003EE6                     l2142:
  4374   003EE6  5005               	movf	set_pin_analog_mode@port_name^(0+1280),w,c
  4375   003EE8  6E03               	movwf	??_set_pin_analog_mode^(0+1280),c
  4376   003EEA  6A04               	clrf	(??_set_pin_analog_mode+1)^(0+1280),c
  4377                           
  4378                           ; Switch on 2 bytes has been partitioned into a top level switch of size 1, and 1 sub-sw
      +                          itches
  4379                           ; Switch size 1, requested type "simple"
  4380                           ; Number of cases is 1, Range of values is 0 to 0
  4381                           ; switch strategies available:
  4382                           ; Name         Instructions Cycles
  4383                           ; simple_byte            4     3 (average)
  4384                           ;	Chosen strategy is simple_byte
  4385   003EEC  5004               	movf	(??_set_pin_analog_mode+1)^(0+1280),w,c
  4386   003EEE  0A00               	xorlw	0	; case 0
  4387   003EF0  B4D8               	btfsc	status,2,c
  4388   003EF2  EF7D  F01F         	goto	l2750
  4389   003EF6  EF98  F01F         	goto	l149
  4390   003EFA                     l2750:
  4391                           
  4392                           ; Switch size 1, requested type "simple"
  4393                           ; Number of cases is 6, Range of values is 65 to 70
  4394                           ; switch strategies available:
  4395                           ; Name         Instructions Cycles
  4396                           ; simple_byte           19    10 (average)
  4397                           ;	Chosen strategy is simple_byte
  4398   003EFA  5003               	movf	??_set_pin_analog_mode^(0+1280),w,c
  4399   003EFC  0A41               	xorlw	65	; case 65
  4400   003EFE  B4D8               	btfsc	status,2,c
  4401   003F00  EF0D  F01F         	goto	l2128
  4402   003F04  0A03               	xorlw	3	; case 66
  4403   003F06  B4D8               	btfsc	status,2,c
  4404   003F08  EF1E  F01F         	goto	l2130
  4405   003F0C  0A01               	xorlw	1	; case 67
  4406   003F0E  B4D8               	btfsc	status,2,c
  4407   003F10  EF2F  F01F         	goto	l2132
  4408   003F14  0A07               	xorlw	7	; case 68
  4409   003F16  B4D8               	btfsc	status,2,c
  4410   003F18  EF40  F01F         	goto	l2134
  4411   003F1C  0A01               	xorlw	1	; case 69
  4412   003F1E  B4D8               	btfsc	status,2,c
  4413   003F20  EF51  F01F         	goto	l2136
  4414   003F24  0A03               	xorlw	3	; case 70
  4415   003F26  B4D8               	btfsc	status,2,c
  4416   003F28  EF62  F01F         	goto	l2138
  4417   003F2C  EF98  F01F         	goto	l149
  4418   003F30                     l149:
  4419   003F30  0012               	return		;funcret
  4420   003F32                     __end_of_set_pin_analog_mode:
  4421                           	callstack 0
  4422                           
  4423 ;; *************** function _reset_pin_pullup *****************
  4424 ;; Defined at:
  4425 ;;		line 137 in file "gpio.c"
  4426 ;; Parameters:    Size  Location     Type
  4427 ;;  port_name       1    wreg     enum E17440
  4428 ;;  pin_number      1    1[COMRAM] unsigned char 
  4429 ;; Auto vars:     Size  Location     Type
  4430 ;;  port_name       1    4[COMRAM] enum E17440
  4431 ;; Return value:  Size  Location     Type
  4432 ;;                  1    wreg      void 
  4433 ;; Registers used:
  4434 ;;		wreg, status,2, status,0
  4435 ;; Tracked objects:
  4436 ;;		On entry : 0/0
  4437 ;;		On exit  : 0/0
  4438 ;;		Unchanged: 0/0
  4439 ;; Data sizes:     COMRAM   BANK5   BANK6   BANK7   BANK8   BANK9  BANK10  BANK11  BANK12  BANK13  BANK14  BANK15  BANK1
      +6  BANK17  BANK18  BANK19  BANK20  BANK21  BANK22  BANK23  BANK24  BANK25  BANK26  BANK27  BANK28  BANK29  BANK30  BANK3
      +1  BANK32  BANK33  BANK34  BANK35  BANK36
  4440 ;;      Params:         1       0       0       0       0       0       0       0       0       0       0       0       
      +0       0       0       0       0       0       0       0       0       0       0       0       0       0       0       
      +0       0       0       0       0       0
  4441 ;;      Locals:         1       0       0       0       0       0       0       0       0       0       0       0       
      +0       0       0       0       0       0       0       0       0       0       0       0       0       0       0       
      +0       0       0       0       0       0
  4442 ;;      Temps:          2       0       0       0       0       0       0       0       0       0       0       0       
      +0       0       0       0       0       0       0       0       0       0       0       0       0       0       0       
      +0       0       0       0       0       0
  4443 ;;      Totals:         4       0       0       0       0       0       0       0       0       0       0       0       
      +0       0       0       0       0       0       0       0       0       0       0       0       0       0       0       
      +0       0       0       0       0       0
  4444 ;;Total ram usage:        4 bytes
  4445 ;; Hardware stack levels used: 1
  4446 ;; Hardware stack levels required when called: 2
  4447 ;; This function calls:
  4448 ;;		Nothing
  4449 ;; This function is called by:
  4450 ;;		_configure_pin
  4451 ;; This function uses a non-reentrant model
  4452 ;;
  4453                           
  4454                           	psect	text25
  4455   003754                     __ptext25:
  4456                           	callstack 0
  4457   003754                     _reset_pin_pullup:
  4458                           	callstack 122
  4459                           
  4460                           ;incstack = 0
  4461                           ;reset_pin_pullup@port_name stored from wreg
  4462   003754  6E05               	movwf	reset_pin_pullup@port_name^(0+1280),c
  4463   003756                     
  4464                           ;gpio.c: 137: void reset_pin_pullup(PortName_t port_name, uint8_t pin_number);gpio.c: 13
      +                          8: {;gpio.c: 139:     switch(port_name)
  4465   003756  EF19  F01C         	goto	l2186
  4466   00375A                     l2172:
  4467                           
  4468                           ;gpio.c: 142:             WPUA &= ~(1 << pin_number);
  4469   00375A  C502  F503         	movff	reset_pin_pullup@pin_number,??_reset_pin_pullup
  4470   00375E  0E01               	movlw	1
  4471   003760  6E04               	movwf	(??_reset_pin_pullup+1)^(0+1280),c
  4472   003762  2A03               	incf	??_reset_pin_pullup^(0+1280),f,c
  4473   003764  EFB6  F01B         	goto	u1614
  4474   003768                     u1615:
  4475   003768  90D8               	bcf	status,0,c
  4476   00376A  3604               	rlcf	(??_reset_pin_pullup+1)^(0+1280),f,c
  4477   00376C                     u1614:
  4478   00376C  2E03               	decfsz	??_reset_pin_pullup^(0+1280),f,c
  4479   00376E  EFB4  F01B         	goto	u1615
  4480   003772  5004               	movf	(??_reset_pin_pullup+1)^(0+1280),w,c
  4481   003774  0AFF               	xorlw	255
  4482   003776  0104               	movlb	4	; () banked
  4483   003778  1701               	andwf	1,f,b	;volatile
  4484                           
  4485                           ;gpio.c: 143:             break;
  4486   00377A  EF3E  F01C         	goto	l173
  4487   00377E                     l2174:
  4488                           
  4489                           ;gpio.c: 145:             WPUB &= ~(1 << pin_number);
  4490   00377E  C502  F503         	movff	reset_pin_pullup@pin_number,??_reset_pin_pullup
  4491   003782  0E01               	movlw	1
  4492   003784  6E04               	movwf	(??_reset_pin_pullup+1)^(0+1280),c
  4493   003786  2A03               	incf	??_reset_pin_pullup^(0+1280),f,c
  4494   003788  EFC8  F01B         	goto	u1624
  4495   00378C                     u1625:
  4496   00378C  90D8               	bcf	status,0,c
  4497   00378E  3604               	rlcf	(??_reset_pin_pullup+1)^(0+1280),f,c
  4498   003790                     u1624:
  4499   003790  2E03               	decfsz	??_reset_pin_pullup^(0+1280),f,c
  4500   003792  EFC6  F01B         	goto	u1625
  4501   003796  5004               	movf	(??_reset_pin_pullup+1)^(0+1280),w,c
  4502   003798  0AFF               	xorlw	255
  4503   00379A  0104               	movlb	4	; () banked
  4504   00379C  1709               	andwf	9,f,b	;volatile
  4505                           
  4506                           ;gpio.c: 146:             break;
  4507   00379E  EF3E  F01C         	goto	l173
  4508   0037A2                     l2176:
  4509                           
  4510                           ;gpio.c: 148:             WPUC &= ~(1 << pin_number);
  4511   0037A2  C502  F503         	movff	reset_pin_pullup@pin_number,??_reset_pin_pullup
  4512   0037A6  0E01               	movlw	1
  4513   0037A8  6E04               	movwf	(??_reset_pin_pullup+1)^(0+1280),c
  4514   0037AA  2A03               	incf	??_reset_pin_pullup^(0+1280),f,c
  4515   0037AC  EFDA  F01B         	goto	u1634
  4516   0037B0                     u1635:
  4517   0037B0  90D8               	bcf	status,0,c
  4518   0037B2  3604               	rlcf	(??_reset_pin_pullup+1)^(0+1280),f,c
  4519   0037B4                     u1634:
  4520   0037B4  2E03               	decfsz	??_reset_pin_pullup^(0+1280),f,c
  4521   0037B6  EFD8  F01B         	goto	u1635
  4522   0037BA  5004               	movf	(??_reset_pin_pullup+1)^(0+1280),w,c
  4523   0037BC  0AFF               	xorlw	255
  4524   0037BE  0104               	movlb	4	; () banked
  4525   0037C0  1711               	andwf	17,f,b	;volatile
  4526                           
  4527                           ;gpio.c: 149:             break;
  4528   0037C2  EF3E  F01C         	goto	l173
  4529   0037C6                     l2178:
  4530                           
  4531                           ;gpio.c: 151:             WPUD &= ~(1 << pin_number);
  4532   0037C6  C502  F503         	movff	reset_pin_pullup@pin_number,??_reset_pin_pullup
  4533   0037CA  0E01               	movlw	1
  4534   0037CC  6E04               	movwf	(??_reset_pin_pullup+1)^(0+1280),c
  4535   0037CE  2A03               	incf	??_reset_pin_pullup^(0+1280),f,c
  4536   0037D0  EFEC  F01B         	goto	u1644
  4537   0037D4                     u1645:
  4538   0037D4  90D8               	bcf	status,0,c
  4539   0037D6  3604               	rlcf	(??_reset_pin_pullup+1)^(0+1280),f,c
  4540   0037D8                     u1644:
  4541   0037D8  2E03               	decfsz	??_reset_pin_pullup^(0+1280),f,c
  4542   0037DA  EFEA  F01B         	goto	u1645
  4543   0037DE  5004               	movf	(??_reset_pin_pullup+1)^(0+1280),w,c
  4544   0037E0  0AFF               	xorlw	255
  4545   0037E2  0104               	movlb	4	; () banked
  4546   0037E4  1719               	andwf	25,f,b	;volatile
  4547                           
  4548                           ;gpio.c: 152:             break;
  4549   0037E6  EF3E  F01C         	goto	l173
  4550   0037EA                     l2180:
  4551                           
  4552                           ;gpio.c: 154:             WPUE &= ~(1 << pin_number);
  4553   0037EA  C502  F503         	movff	reset_pin_pullup@pin_number,??_reset_pin_pullup
  4554   0037EE  0E01               	movlw	1
  4555   0037F0  6E04               	movwf	(??_reset_pin_pullup+1)^(0+1280),c
  4556   0037F2  2A03               	incf	??_reset_pin_pullup^(0+1280),f,c
  4557   0037F4  EFFE  F01B         	goto	u1654
  4558   0037F8                     u1655:
  4559   0037F8  90D8               	bcf	status,0,c
  4560   0037FA  3604               	rlcf	(??_reset_pin_pullup+1)^(0+1280),f,c
  4561   0037FC                     u1654:
  4562   0037FC  2E03               	decfsz	??_reset_pin_pullup^(0+1280),f,c
  4563   0037FE  EFFC  F01B         	goto	u1655
  4564   003802  5004               	movf	(??_reset_pin_pullup+1)^(0+1280),w,c
  4565   003804  0AFF               	xorlw	255
  4566   003806  0104               	movlb	4	; () banked
  4567   003808  1721               	andwf	33,f,b	;volatile
  4568                           
  4569                           ;gpio.c: 155:             break;
  4570   00380A  EF3E  F01C         	goto	l173
  4571   00380E                     l2182:
  4572                           
  4573                           ;gpio.c: 157:             WPUF &= ~(1 << pin_number);
  4574   00380E  C502  F503         	movff	reset_pin_pullup@pin_number,??_reset_pin_pullup
  4575   003812  0E01               	movlw	1
  4576   003814  6E04               	movwf	(??_reset_pin_pullup+1)^(0+1280),c
  4577   003816  2A03               	incf	??_reset_pin_pullup^(0+1280),f,c
  4578   003818  EF10  F01C         	goto	u1664
  4579   00381C                     u1665:
  4580   00381C  90D8               	bcf	status,0,c
  4581   00381E  3604               	rlcf	(??_reset_pin_pullup+1)^(0+1280),f,c
  4582   003820                     u1664:
  4583   003820  2E03               	decfsz	??_reset_pin_pullup^(0+1280),f,c
  4584   003822  EF0E  F01C         	goto	u1665
  4585   003826  5004               	movf	(??_reset_pin_pullup+1)^(0+1280),w,c
  4586   003828  0AFF               	xorlw	255
  4587   00382A  0104               	movlb	4	; () banked
  4588   00382C  1729               	andwf	41,f,b	;volatile
  4589                           
  4590                           ;gpio.c: 158:             break;
  4591   00382E  EF3E  F01C         	goto	l173
  4592   003832                     l2186:
  4593   003832  5005               	movf	reset_pin_pullup@port_name^(0+1280),w,c
  4594   003834  6E03               	movwf	??_reset_pin_pullup^(0+1280),c
  4595   003836  6A04               	clrf	(??_reset_pin_pullup+1)^(0+1280),c
  4596                           
  4597                           ; Switch on 2 bytes has been partitioned into a top level switch of size 1, and 1 sub-sw
      +                          itches
  4598                           ; Switch size 1, requested type "simple"
  4599                           ; Number of cases is 1, Range of values is 0 to 0
  4600                           ; switch strategies available:
  4601                           ; Name         Instructions Cycles
  4602                           ; simple_byte            4     3 (average)
  4603                           ;	Chosen strategy is simple_byte
  4604   003838  5004               	movf	(??_reset_pin_pullup+1)^(0+1280),w,c
  4605   00383A  0A00               	xorlw	0	; case 0
  4606   00383C  B4D8               	btfsc	status,2,c
  4607   00383E  EF23  F01C         	goto	l2752
  4608   003842  EF3E  F01C         	goto	l173
  4609   003846                     l2752:
  4610                           
  4611                           ; Switch size 1, requested type "simple"
  4612                           ; Number of cases is 6, Range of values is 65 to 70
  4613                           ; switch strategies available:
  4614                           ; Name         Instructions Cycles
  4615                           ; simple_byte           19    10 (average)
  4616                           ;	Chosen strategy is simple_byte
  4617   003846  5003               	movf	??_reset_pin_pullup^(0+1280),w,c
  4618   003848  0A41               	xorlw	65	; case 65
  4619   00384A  B4D8               	btfsc	status,2,c
  4620   00384C  EFAD  F01B         	goto	l2172
  4621   003850  0A03               	xorlw	3	; case 66
  4622   003852  B4D8               	btfsc	status,2,c
  4623   003854  EFBF  F01B         	goto	l2174
  4624   003858  0A01               	xorlw	1	; case 67
  4625   00385A  B4D8               	btfsc	status,2,c
  4626   00385C  EFD1  F01B         	goto	l2176
  4627   003860  0A07               	xorlw	7	; case 68
  4628   003862  B4D8               	btfsc	status,2,c
  4629   003864  EFE3  F01B         	goto	l2178
  4630   003868  0A01               	xorlw	1	; case 69
  4631   00386A  B4D8               	btfsc	status,2,c
  4632   00386C  EFF5  F01B         	goto	l2180
  4633   003870  0A03               	xorlw	3	; case 70
  4634   003872  B4D8               	btfsc	status,2,c
  4635   003874  EF07  F01C         	goto	l2182
  4636   003878  EF3E  F01C         	goto	l173
  4637   00387C                     l173:
  4638   00387C  0012               	return		;funcret
  4639   00387E                     __end_of_reset_pin_pullup:
  4640                           	callstack 0
  4641                           
  4642 ;; *************** function _Clock_Init *****************
  4643 ;; Defined at:
  4644 ;;		line 57 in file "config.c"
  4645 ;; Parameters:    Size  Location     Type
  4646 ;;		None
  4647 ;; Auto vars:     Size  Location     Type
  4648 ;;		None
  4649 ;; Return value:  Size  Location     Type
  4650 ;;                  1    wreg      void 
  4651 ;; Registers used:
  4652 ;;		wreg, status,2
  4653 ;; Tracked objects:
  4654 ;;		On entry : 0/0
  4655 ;;		On exit  : 0/0
  4656 ;;		Unchanged: 0/0
  4657 ;; Data sizes:     COMRAM   BANK5   BANK6   BANK7   BANK8   BANK9  BANK10  BANK11  BANK12  BANK13  BANK14  BANK15  BANK1
      +6  BANK17  BANK18  BANK19  BANK20  BANK21  BANK22  BANK23  BANK24  BANK25  BANK26  BANK27  BANK28  BANK29  BANK30  BANK3
      +1  BANK32  BANK33  BANK34  BANK35  BANK36
  4658 ;;      Params:         0       0       0       0       0       0       0       0       0       0       0       0       
      +0       0       0       0       0       0       0       0       0       0       0       0       0       0       0       
      +0       0       0       0       0       0
  4659 ;;      Locals:         0       0       0       0       0       0       0       0       0       0       0       0       
      +0       0       0       0       0       0       0       0       0       0       0       0       0       0       0       
      +0       0       0       0       0       0
  4660 ;;      Temps:          0       0       0       0       0       0       0       0       0       0       0       0       
      +0       0       0       0       0       0       0       0       0       0       0       0       0       0       0       
      +0       0       0       0       0       0
  4661 ;;      Totals:         0       0       0       0       0       0       0       0       0       0       0       0       
      +0       0       0       0       0       0       0       0       0       0       0       0       0       0       0       
      +0       0       0       0       0       0
  4662 ;;Total ram usage:        0 bytes
  4663 ;; Hardware stack levels used: 1
  4664 ;; Hardware stack levels required when called: 2
  4665 ;; This function calls:
  4666 ;;		Nothing
  4667 ;; This function is called by:
  4668 ;;		_main
  4669 ;; This function uses a non-reentrant model
  4670 ;;
  4671                           
  4672                           	psect	text26
  4673   00462C                     __ptext26:
  4674                           	callstack 0
  4675   00462C                     _Clock_Init:
  4676                           	callstack 124
  4677   00462C                     
  4678                           ;config.c: 59:     OSCCON1 = 0b0110000;
  4679   00462C  0E30               	movlw	48
  4680   00462E  0100               	movlb	0	; () banked
  4681   004630  6FAD               	movwf	173,b	;volatile
  4682   004632                     
  4683                           ; BSR set to: 0
  4684   004632  0012               	return		;funcret
  4685   004634                     __end_of_Clock_Init:
  4686                           	callstack 0
  4687                           
  4688 ;; *************** function _INT_ISR *****************
  4689 ;; Defined at:
  4690 ;;		line 27 in file "interrupt.c"
  4691 ;; Parameters:    Size  Location     Type
  4692 ;;		None
  4693 ;; Auto vars:     Size  Location     Type
  4694 ;;  dataRx          1    0[COMRAM] unsigned char 
  4695 ;; Return value:  Size  Location     Type
  4696 ;;                  1    wreg      void 
  4697 ;; Registers used:
  4698 ;;		wreg, status,2, status,0, cstack
  4699 ;; Tracked objects:
  4700 ;;		On entry : 0/0
  4701 ;;		On exit  : 0/0
  4702 ;;		Unchanged: 0/0
  4703 ;; Data sizes:     COMRAM   BANK5   BANK6   BANK7   BANK8   BANK9  BANK10  BANK11  BANK12  BANK13  BANK14  BANK15  BANK1
      +6  BANK17  BANK18  BANK19  BANK20  BANK21  BANK22  BANK23  BANK24  BANK25  BANK26  BANK27  BANK28  BANK29  BANK30  BANK3
      +1  BANK32  BANK33  BANK34  BANK35  BANK36
  4704 ;;      Params:         0       0       0       0       0       0       0       0       0       0       0       0       
      +0       0       0       0       0       0       0       0       0       0       0       0       0       0       0       
      +0       0       0       0       0       0
  4705 ;;      Locals:         1       0       0       0       0       0       0       0       0       0       0       0       
      +0       0       0       0       0       0       0       0       0       0       0       0       0       0       0       
      +0       0       0       0       0       0
  4706 ;;      Temps:          0       0       0       0       0       0       0       0       0       0       0       0       
      +0       0       0       0       0       0       0       0       0       0       0       0       0       0       0       
      +0       0       0       0       0       0
  4707 ;;      Totals:         1       0       0       0       0       0       0       0       0       0       0       0       
      +0       0       0       0       0       0       0       0       0       0       0       0       0       0       0       
      +0       0       0       0       0       0
  4708 ;;Total ram usage:        1 bytes
  4709 ;; Hardware stack levels used: 1
  4710 ;; Hardware stack levels required when called: 1
  4711 ;; This function calls:
  4712 ;;		_UART1_Read_Char
  4713 ;; This function is called by:
  4714 ;;		Interrupt level 2
  4715 ;; This function uses a non-reentrant model
  4716 ;;
  4717                           
  4718                           	psect	text27
  4719   004554                     __ptext27:
  4720                           	callstack 0
  4721   004554                     _INT_ISR:
  4722                           	callstack 119
  4723   004554                     
  4724                           ;interrupt.c: 29:     if(PIR4bits.U1RXIF == 1)
  4725   004554  A0B2               	btfss	178,0,c	;volatile
  4726   004556  EFAF  F022         	goto	i2u120_41
  4727   00455A  EFB1  F022         	goto	i2u120_40
  4728   00455E                     i2u120_41:
  4729   00455E  EFC8  F022         	goto	i2l427
  4730   004562                     i2u120_40:
  4731   004562                     
  4732                           ;interrupt.c: 30:     {;interrupt.c: 31:         char dataRx = UART1_Read_Char();
  4733   004562  EC07  F023         	call	_UART1_Read_Char	;wreg free
  4734   004566  6E01               	movwf	INT_ISR@dataRx^(0+1280),c
  4735                           
  4736                           ;interrupt.c: 33:         switch (dataRx)
  4737   004568  EFBC  F022         	goto	i2l1766
  4738   00456C                     i2l423:
  4739                           
  4740                           ;interrupt.c: 36:                 (LATFbits.LATF3 = 0);
  4741   00456C  96C3               	bcf	195,3,c	;volatile
  4742                           
  4743                           ;interrupt.c: 37:                 break;
  4744   00456E  EFC7  F022         	goto	i2l424
  4745   004572                     i2l425:
  4746                           
  4747                           ;interrupt.c: 39:                 (LATFbits.LATF3 = 1);
  4748   004572  86C3               	bsf	195,3,c	;volatile
  4749                           
  4750                           ;interrupt.c: 40:                 break;
  4751   004574  EFC7  F022         	goto	i2l424
  4752   004578                     i2l1766:
  4753   004578  5001               	movf	INT_ISR@dataRx^(0+1280),w,c
  4754                           
  4755                           ; Switch size 1, requested type "simple"
  4756                           ; Number of cases is 2, Range of values is 97 to 98
  4757                           ; switch strategies available:
  4758                           ; Name         Instructions Cycles
  4759                           ; simple_byte            7     4 (average)
  4760                           ;	Chosen strategy is simple_byte
  4761   00457A  0A61               	xorlw	97	; case 97
  4762   00457C  B4D8               	btfsc	status,2,c
  4763   00457E  EFB6  F022         	goto	i2l423
  4764   004582  0A03               	xorlw	3	; case 98
  4765   004584  B4D8               	btfsc	status,2,c
  4766   004586  EFB9  F022         	goto	i2l425
  4767   00458A  EFC7  F022         	goto	i2l424
  4768   00458E                     i2l424:
  4769                           
  4770                           ;interrupt.c: 45:         PIR4bits.U1RXIF = 0;
  4771   00458E  90B2               	bcf	178,0,c	;volatile
  4772   004590                     i2l427:
  4773   004590  0011               	retfie		f
  4774   004592                     __end_of_INT_ISR:
  4775                           	callstack 0
  4776                           
  4777 ;; *************** function _UART1_Read_Char *****************
  4778 ;; Defined at:
  4779 ;;		line 46 in file "uart.c"
  4780 ;; Parameters:    Size  Location     Type
  4781 ;;		None
  4782 ;; Auto vars:     Size  Location     Type
  4783 ;;		None
  4784 ;; Return value:  Size  Location     Type
  4785 ;;                  1    wreg      unsigned char 
  4786 ;; Registers used:
  4787 ;;		wreg, status,2
  4788 ;; Tracked objects:
  4789 ;;		On entry : 0/0
  4790 ;;		On exit  : 0/0
  4791 ;;		Unchanged: 0/0
  4792 ;; Data sizes:     COMRAM   BANK5   BANK6   BANK7   BANK8   BANK9  BANK10  BANK11  BANK12  BANK13  BANK14  BANK15  BANK1
      +6  BANK17  BANK18  BANK19  BANK20  BANK21  BANK22  BANK23  BANK24  BANK25  BANK26  BANK27  BANK28  BANK29  BANK30  BANK3
      +1  BANK32  BANK33  BANK34  BANK35  BANK36
  4793 ;;      Params:         0       0       0       0       0       0       0       0       0       0       0       0       
      +0       0       0       0       0       0       0       0       0       0       0       0       0       0       0       
      +0       0       0       0       0       0
  4794 ;;      Locals:         0       0       0       0       0       0       0       0       0       0       0       0       
      +0       0       0       0       0       0       0       0       0       0       0       0       0       0       0       
      +0       0       0       0       0       0
  4795 ;;      Temps:          0       0       0       0       0       0       0       0       0       0       0       0       
      +0       0       0       0       0       0       0       0       0       0       0       0       0       0       0       
      +0       0       0       0       0       0
  4796 ;;      Totals:         0       0       0       0       0       0       0       0       0       0       0       0       
      +0       0       0       0       0       0       0       0       0       0       0       0       0       0       0       
      +0       0       0       0       0       0
  4797 ;;Total ram usage:        0 bytes
  4798 ;; Hardware stack levels used: 1
  4799 ;; This function calls:
  4800 ;;		Nothing
  4801 ;; This function is called by:
  4802 ;;		_INT_ISR
  4803 ;; This function uses a non-reentrant model
  4804 ;;
  4805                           
  4806                           	psect	text28
  4807   00460E                     __ptext28:
  4808                           	callstack 0
  4809   00460E                     _UART1_Read_Char:
  4810                           	callstack 119
  4811   00460E                     i2l386:
  4812   00460E  0102               	movlb	2	; () banked
  4813   004610  B3B0               	btfsc	176,1,b	;volatile
  4814   004612  EF0D  F023         	goto	i2u99_41
  4815   004616  EF0F  F023         	goto	i2u99_40
  4816   00461A                     i2u99_41:
  4817   00461A  EF07  F023         	goto	i2l386
  4818   00461E                     i2u99_40:
  4819   00461E                     
  4820                           ; BSR set to: 2
  4821                           ;uart.c: 49:     return U1RXB;
  4822   00461E  51A1               	movf	161,w,b	;volatile
  4823   004620                     
  4824                           ; BSR set to: 2
  4825   004620  0012               	return		;funcret
  4826   004622                     __end_of_UART1_Read_Char:
  4827                           	callstack 0
  4828                           
  4829                           ;
  4830                           ; H/W Interrupt Vector Table @ 0x3008
  4831                           ;
  4832                           
  4833                           	psect	ivt0x3008
  4834   003008                     __pivt0x3008:
  4835                           	callstack 0
  4836   003008                     ivt0x3008_base:
  4837                           	callstack 0
  4838                           
  4839                           ; Vector 0 : SWINT
  4840   003008  0C40               	dw	ivt0x3008_undefint shr (0+2)
  4841                           
  4842                           ; Vector 1 : HLVD
  4843   00300A  0C40               	dw	ivt0x3008_undefint shr (0+2)
  4844                           
  4845                           ; Vector 2 : OSF
  4846   00300C  0C40               	dw	ivt0x3008_undefint shr (0+2)
  4847                           
  4848                           ; Vector 3 : CSW
  4849   00300E  0C40               	dw	ivt0x3008_undefint shr (0+2)
  4850                           
  4851                           ; Vector 4 : Undefined
  4852   003010  0C40               	dw	ivt0x3008_undefint shr (0+2)
  4853                           
  4854                           ; Vector 5 : CLC1
  4855   003012  0C40               	dw	ivt0x3008_undefint shr (0+2)
  4856                           
  4857                           ; Vector 6 : Undefined
  4858   003014  0C40               	dw	ivt0x3008_undefint shr (0+2)
  4859                           
  4860                           ; Vector 7 : IOC
  4861   003016  0C40               	dw	ivt0x3008_undefint shr (0+2)
  4862                           
  4863                           ; Vector 8 : INT0
  4864   003018  0C40               	dw	ivt0x3008_undefint shr (0+2)
  4865                           
  4866                           ; Vector 9 : ZCD
  4867   00301A  0C40               	dw	ivt0x3008_undefint shr (0+2)
  4868                           
  4869                           ; Vector 10 : AD
  4870   00301C  0C40               	dw	ivt0x3008_undefint shr (0+2)
  4871                           
  4872                           ; Vector 11 : ACT
  4873   00301E  0C40               	dw	ivt0x3008_undefint shr (0+2)
  4874                           
  4875                           ; Vector 12 : CMP1
  4876   003020  0C40               	dw	ivt0x3008_undefint shr (0+2)
  4877                           
  4878                           ; Vector 13 : SMT1
  4879   003022  0C40               	dw	ivt0x3008_undefint shr (0+2)
  4880                           
  4881                           ; Vector 14 : SMT1PRA
  4882   003024  0C40               	dw	ivt0x3008_undefint shr (0+2)
  4883                           
  4884                           ; Vector 15 : SMT1PRW
  4885   003026  0C40               	dw	ivt0x3008_undefint shr (0+2)
  4886                           
  4887                           ; Vector 16 : ADT
  4888   003028  0C40               	dw	ivt0x3008_undefint shr (0+2)
  4889                           
  4890                           ; Vector 17 : Undefined
  4891   00302A  0C40               	dw	ivt0x3008_undefint shr (0+2)
  4892                           
  4893                           ; Vector 18 : Undefined
  4894   00302C  0C40               	dw	ivt0x3008_undefint shr (0+2)
  4895                           
  4896                           ; Vector 19 : Undefined
  4897   00302E  0C40               	dw	ivt0x3008_undefint shr (0+2)
  4898                           
  4899                           ; Vector 20 : DMA1SCNT
  4900   003030  0C40               	dw	ivt0x3008_undefint shr (0+2)
  4901                           
  4902                           ; Vector 21 : DMA1DCNT
  4903   003032  0C40               	dw	ivt0x3008_undefint shr (0+2)
  4904                           
  4905                           ; Vector 22 : DMA1OR
  4906   003034  0C40               	dw	ivt0x3008_undefint shr (0+2)
  4907                           
  4908                           ; Vector 23 : DMA1A
  4909   003036  0C40               	dw	ivt0x3008_undefint shr (0+2)
  4910                           
  4911                           ; Vector 24 : SPI1RX
  4912   003038  0C40               	dw	ivt0x3008_undefint shr (0+2)
  4913                           
  4914                           ; Vector 25 : SPI1TX
  4915   00303A  0C40               	dw	ivt0x3008_undefint shr (0+2)
  4916                           
  4917                           ; Vector 26 : SPI1
  4918   00303C  0C40               	dw	ivt0x3008_undefint shr (0+2)
  4919                           
  4920                           ; Vector 27 : TMR2
  4921   00303E  0C40               	dw	ivt0x3008_undefint shr (0+2)
  4922                           
  4923                           ; Vector 28 : TMR1
  4924   003040  0C40               	dw	ivt0x3008_undefint shr (0+2)
  4925                           
  4926                           ; Vector 29 : TMR1G
  4927   003042  0C40               	dw	ivt0x3008_undefint shr (0+2)
  4928                           
  4929                           ; Vector 30 : CCP1
  4930   003044  0C40               	dw	ivt0x3008_undefint shr (0+2)
  4931                           
  4932                           ; Vector 31 : TMR0
  4933   003046  0C40               	dw	ivt0x3008_undefint shr (0+2)
  4934                           
  4935                           ; Vector 32 : U1RX
  4936   003048  1155               	dw	_INT_ISR shr (0+2)
  4937                           
  4938                           ; Vector 33 : U1TX
  4939   00304A  0C40               	dw	ivt0x3008_undefint shr (0+2)
  4940                           
  4941                           ; Vector 34 : U1E
  4942   00304C  0C40               	dw	ivt0x3008_undefint shr (0+2)
  4943                           
  4944                           ; Vector 35 : U1
  4945   00304E  0C40               	dw	ivt0x3008_undefint shr (0+2)
  4946                           
  4947                           ; Vector 36 : Undefined
  4948   003050  0C40               	dw	ivt0x3008_undefint shr (0+2)
  4949                           
  4950                           ; Vector 37 : Undefined
  4951   003052  0C40               	dw	ivt0x3008_undefint shr (0+2)
  4952                           
  4953                           ; Vector 38 : PWM1PR
  4954   003054  0C40               	dw	ivt0x3008_undefint shr (0+2)
  4955                           
  4956                           ; Vector 39 : PWM1
  4957   003056  0C40               	dw	ivt0x3008_undefint shr (0+2)
  4958                           
  4959                           ; Vector 40 : SPI2RX
  4960   003058  0C40               	dw	ivt0x3008_undefint shr (0+2)
  4961                           
  4962                           ; Vector 41 : SPI2TX
  4963   00305A  0C40               	dw	ivt0x3008_undefint shr (0+2)
  4964                           
  4965                           ; Vector 42 : SPI2
  4966   00305C  0C40               	dw	ivt0x3008_undefint shr (0+2)
  4967                           
  4968                           ; Vector 43 : Undefined
  4969   00305E  0C40               	dw	ivt0x3008_undefint shr (0+2)
  4970                           
  4971                           ; Vector 44 : TMR3
  4972   003060  0C40               	dw	ivt0x3008_undefint shr (0+2)
  4973                           
  4974                           ; Vector 45 : TMR3G
  4975   003062  0C40               	dw	ivt0x3008_undefint shr (0+2)
  4976                           
  4977                           ; Vector 46 : PWM2PR
  4978   003064  0C40               	dw	ivt0x3008_undefint shr (0+2)
  4979                           
  4980                           ; Vector 47 : PWM2
  4981   003066  0C40               	dw	ivt0x3008_undefint shr (0+2)
  4982                           
  4983                           ; Vector 48 : INT1
  4984   003068  0C40               	dw	ivt0x3008_undefint shr (0+2)
  4985                           
  4986                           ; Vector 49 : CLC2
  4987   00306A  0C40               	dw	ivt0x3008_undefint shr (0+2)
  4988                           
  4989                           ; Vector 50 : CWG1
  4990   00306C  0C40               	dw	ivt0x3008_undefint shr (0+2)
  4991                           
  4992                           ; Vector 51 : NCO1
  4993   00306E  0C40               	dw	ivt0x3008_undefint shr (0+2)
  4994                           
  4995                           ; Vector 52 : DMA2SCNT
  4996   003070  0C40               	dw	ivt0x3008_undefint shr (0+2)
  4997                           
  4998                           ; Vector 53 : DMA2DCNT
  4999   003072  0C40               	dw	ivt0x3008_undefint shr (0+2)
  5000                           
  5001                           ; Vector 54 : DMA2OR
  5002   003074  0C40               	dw	ivt0x3008_undefint shr (0+2)
  5003                           
  5004                           ; Vector 55 : DMA2A
  5005   003076  0C40               	dw	ivt0x3008_undefint shr (0+2)
  5006                           
  5007                           ; Vector 56 : I2C1RX
  5008   003078  0C40               	dw	ivt0x3008_undefint shr (0+2)
  5009                           
  5010                           ; Vector 57 : I2C1TX
  5011   00307A  0C40               	dw	ivt0x3008_undefint shr (0+2)
  5012                           
  5013                           ; Vector 58 : I2C1
  5014   00307C  0C40               	dw	ivt0x3008_undefint shr (0+2)
  5015                           
  5016                           ; Vector 59 : I2C1E
  5017   00307E  0C40               	dw	ivt0x3008_undefint shr (0+2)
  5018                           
  5019                           ; Vector 60 : Undefined
  5020   003080  0C40               	dw	ivt0x3008_undefint shr (0+2)
  5021                           
  5022                           ; Vector 61 : CLC3
  5023   003082  0C40               	dw	ivt0x3008_undefint shr (0+2)
  5024                           
  5025                           ; Vector 62 : PWM3PR
  5026   003084  0C40               	dw	ivt0x3008_undefint shr (0+2)
  5027                           
  5028                           ; Vector 63 : PWM3
  5029   003086  0C40               	dw	ivt0x3008_undefint shr (0+2)
  5030                           
  5031                           ; Vector 64 : U2RX
  5032   003088  0C40               	dw	ivt0x3008_undefint shr (0+2)
  5033                           
  5034                           ; Vector 65 : U2TX
  5035   00308A  0C40               	dw	ivt0x3008_undefint shr (0+2)
  5036                           
  5037                           ; Vector 66 : U2E
  5038   00308C  0C40               	dw	ivt0x3008_undefint shr (0+2)
  5039                           
  5040                           ; Vector 67 : U2
  5041   00308E  0C40               	dw	ivt0x3008_undefint shr (0+2)
  5042                           
  5043                           ; Vector 68 : TMR5
  5044   003090  0C40               	dw	ivt0x3008_undefint shr (0+2)
  5045                           
  5046                           ; Vector 69 : TMR5G
  5047   003092  0C40               	dw	ivt0x3008_undefint shr (0+2)
  5048                           
  5049                           ; Vector 70 : CCP2
  5050   003094  0C40               	dw	ivt0x3008_undefint shr (0+2)
  5051                           
  5052                           ; Vector 71 : SCAN
  5053   003096  0C40               	dw	ivt0x3008_undefint shr (0+2)
  5054                           
  5055                           ; Vector 72 : U3RX
  5056   003098  0C40               	dw	ivt0x3008_undefint shr (0+2)
  5057                           
  5058                           ; Vector 73 : U3TX
  5059   00309A  0C40               	dw	ivt0x3008_undefint shr (0+2)
  5060                           
  5061                           ; Vector 74 : U3E
  5062   00309C  0C40               	dw	ivt0x3008_undefint shr (0+2)
  5063                           
  5064                           ; Vector 75 : U3
  5065   00309E  0C40               	dw	ivt0x3008_undefint shr (0+2)
  5066                           
  5067                           ; Vector 76 : Undefined
  5068   0030A0  0C40               	dw	ivt0x3008_undefint shr (0+2)
  5069                           
  5070                           ; Vector 77 : CLC4
  5071   0030A2  0C40               	dw	ivt0x3008_undefint shr (0+2)
  5072                           
  5073                           ; Vector 78 : Undefined
  5074   0030A4  0C40               	dw	ivt0x3008_undefint shr (0+2)
  5075                           
  5076                           ; Vector 79 : Undefined
  5077   0030A6  0C40               	dw	ivt0x3008_undefint shr (0+2)
  5078                           
  5079                           ; Vector 80 : INT2
  5080   0030A8  0C40               	dw	ivt0x3008_undefint shr (0+2)
  5081                           
  5082                           ; Vector 81 : CLC5
  5083   0030AA  0C40               	dw	ivt0x3008_undefint shr (0+2)
  5084                           
  5085                           ; Vector 82 : CWG2
  5086   0030AC  0C40               	dw	ivt0x3008_undefint shr (0+2)
  5087                           
  5088                           ; Vector 83 : NCO2
  5089   0030AE  0C40               	dw	ivt0x3008_undefint shr (0+2)
  5090                           
  5091                           ; Vector 84 : DMA3SCNT
  5092   0030B0  0C40               	dw	ivt0x3008_undefint shr (0+2)
  5093                           
  5094                           ; Vector 85 : DMA3DCNT
  5095   0030B2  0C40               	dw	ivt0x3008_undefint shr (0+2)
  5096                           
  5097                           ; Vector 86 : DMA3OR
  5098   0030B4  0C40               	dw	ivt0x3008_undefint shr (0+2)
  5099                           
  5100                           ; Vector 87 : DMA3A
  5101   0030B6  0C40               	dw	ivt0x3008_undefint shr (0+2)
  5102                           
  5103                           ; Vector 88 : CCP3
  5104   0030B8  0C40               	dw	ivt0x3008_undefint shr (0+2)
  5105                           
  5106                           ; Vector 89 : CLC6
  5107   0030BA  0C40               	dw	ivt0x3008_undefint shr (0+2)
  5108                           
  5109                           ; Vector 90 : CWG3
  5110   0030BC  0C40               	dw	ivt0x3008_undefint shr (0+2)
  5111                           
  5112                           ; Vector 91 : TMR4
  5113   0030BE  0C40               	dw	ivt0x3008_undefint shr (0+2)
  5114                           
  5115                           ; Vector 92 : DMA4SCNT
  5116   0030C0  0C40               	dw	ivt0x3008_undefint shr (0+2)
  5117                           
  5118                           ; Vector 93 : DMA4DCNT
  5119   0030C2  0C40               	dw	ivt0x3008_undefint shr (0+2)
  5120                           
  5121                           ; Vector 94 : DMA4OR
  5122   0030C4  0C40               	dw	ivt0x3008_undefint shr (0+2)
  5123                           
  5124                           ; Vector 95 : DMA4A
  5125   0030C6  0C40               	dw	ivt0x3008_undefint shr (0+2)
  5126                           
  5127                           ; Vector 96 : U4RX
  5128   0030C8  0C40               	dw	ivt0x3008_undefint shr (0+2)
  5129                           
  5130                           ; Vector 97 : U4TX
  5131   0030CA  0C40               	dw	ivt0x3008_undefint shr (0+2)
  5132                           
  5133                           ; Vector 98 : U4E
  5134   0030CC  0C40               	dw	ivt0x3008_undefint shr (0+2)
  5135                           
  5136                           ; Vector 99 : U4
  5137   0030CE  0C40               	dw	ivt0x3008_undefint shr (0+2)
  5138                           
  5139                           ; Vector 100 : DMA5SCNT
  5140   0030D0  0C40               	dw	ivt0x3008_undefint shr (0+2)
  5141                           
  5142                           ; Vector 101 : DMA5DCNT
  5143   0030D2  0C40               	dw	ivt0x3008_undefint shr (0+2)
  5144                           
  5145                           ; Vector 102 : DMA5OR
  5146   0030D4  0C40               	dw	ivt0x3008_undefint shr (0+2)
  5147                           
  5148                           ; Vector 103 : DMA5A
  5149   0030D6  0C40               	dw	ivt0x3008_undefint shr (0+2)
  5150                           
  5151                           ; Vector 104 : U5RX
  5152   0030D8  0C40               	dw	ivt0x3008_undefint shr (0+2)
  5153                           
  5154                           ; Vector 105 : U5TX
  5155   0030DA  0C40               	dw	ivt0x3008_undefint shr (0+2)
  5156                           
  5157                           ; Vector 106 : U5E
  5158   0030DC  0C40               	dw	ivt0x3008_undefint shr (0+2)
  5159                           
  5160                           ; Vector 107 : U5
  5161   0030DE  0C40               	dw	ivt0x3008_undefint shr (0+2)
  5162                           
  5163                           ; Vector 108 : DMA6SCNT
  5164   0030E0  0C40               	dw	ivt0x3008_undefint shr (0+2)
  5165                           
  5166                           ; Vector 109 : DMA6DCNT
  5167   0030E2  0C40               	dw	ivt0x3008_undefint shr (0+2)
  5168                           
  5169                           ; Vector 110 : DMA6OR
  5170   0030E4  0C40               	dw	ivt0x3008_undefint shr (0+2)
  5171                           
  5172                           ; Vector 111 : DMA6A
  5173   0030E6  0C40               	dw	ivt0x3008_undefint shr (0+2)
  5174                           
  5175                           ; Vector 112 : Undefined
  5176   0030E8  0C40               	dw	ivt0x3008_undefint shr (0+2)
  5177                           
  5178                           ; Vector 113 : CLC7
  5179   0030EA  0C40               	dw	ivt0x3008_undefint shr (0+2)
  5180                           
  5181                           ; Vector 114 : CMP2
  5182   0030EC  0C40               	dw	ivt0x3008_undefint shr (0+2)
  5183                           
  5184                           ; Vector 115 : NCO3
  5185   0030EE  0C40               	dw	ivt0x3008_undefint shr (0+2)
  5186                           
  5187                           ; Vector 116 : Undefined
  5188   0030F0  0C40               	dw	ivt0x3008_undefint shr (0+2)
  5189                           
  5190                           ; Vector 117 : Undefined
  5191   0030F2  0C40               	dw	ivt0x3008_undefint shr (0+2)
  5192                           
  5193                           ; Vector 118 : Undefined
  5194   0030F4  0C40               	dw	ivt0x3008_undefint shr (0+2)
  5195                           
  5196                           ; Vector 119 : Undefined
  5197   0030F6  0C40               	dw	ivt0x3008_undefint shr (0+2)
  5198                           
  5199                           ; Vector 120 : NVM
  5200   0030F8  0C40               	dw	ivt0x3008_undefint shr (0+2)
  5201                           
  5202                           ; Vector 121 : CLC8
  5203   0030FA  0C40               	dw	ivt0x3008_undefint shr (0+2)
  5204                           
  5205                           ; Vector 122 : CRC
  5206   0030FC  0C40               	dw	ivt0x3008_undefint shr (0+2)
  5207                           
  5208                           ; Vector 123 : TMR6
  5209   0030FE  0C40               	dw	ivt0x3008_undefint shr (0+2)
  5210   003100                     ivt0x3008_undefint:
  5211                           	callstack 0
  5212   003100  00FF               	reset	
  5213                           
  5214                           	psect	rparam
  5215   000000                     
  5216                           	psect	config
  5217                           
  5218                           ;Config register CONFIG1 @ 0x300000
  5219                           ;	External Oscillator Selection
  5220                           ;	FEXTOSC = OFF, Oscillator not enabled
  5221                           ;	Reset Oscillator Selection
  5222                           ;	RSTOSC = HFINTOSC_64MHZ, HFINTOSC with HFFRQ = 64 MHz and CDIV = 1:1
  5223   300000                     	org	3145728
  5224   300000  8C                 	db	140
  5225                           
  5226                           ;Config register CONFIG2 @ 0x300001
  5227                           ;	Clock out Enable bit
  5228                           ;	CLKOUTEN = OFF, CLKOUT function is disabled
  5229                           ;	PRLOCKED One-Way Set Enable bit
  5230                           ;	PR1WAY = OFF, PRLOCKED bit can be set and cleared repeatedly
  5231                           ;	Clock Switch Enable bit
  5232                           ;	CSWEN = ON, Writing to NOSC and NDIV is allowed
  5233                           ;	Fail-Safe Clock Monitor Enable bit
  5234                           ;	FCMEN = ON, Fail-Safe Clock Monitor enabled
  5235   300001                     	org	3145729
  5236   300001  FD                 	db	253
  5237                           
  5238                           ;Config register CONFIG3 @ 0x300002
  5239                           ;	MCLR Enable bit
  5240                           ;	MCLRE = EXTMCLR, If LVP = 0, MCLR pin is MCLR; If LVP = 1, RE3 pin function is MCLR
  5241                           ;	Power-up timer selection bits
  5242                           ;	PWRTS = PWRT_OFF, PWRT is disabled
  5243                           ;	Multi-vector enable bit
  5244                           ;	MVECEN = ON, Multi-vector enabled, Vector table used for interrupts
  5245                           ;	IVTLOCK bit One-way set enable bit
  5246                           ;	IVT1WAY = ON, IVTLOCKED bit can be cleared and set only once
  5247                           ;	Low Power BOR Enable bit
  5248                           ;	LPBOREN = OFF, Low-Power BOR disabled
  5249                           ;	Brown-out Reset Enable bits
  5250                           ;	BOREN = OFF, Brown-out Reset disabled
  5251   300002                     	org	3145730
  5252   300002  3F                 	db	63
  5253                           
  5254                           ;Config register CONFIG4 @ 0x300003
  5255                           ;	Brown-out Reset Voltage Selection bits
  5256                           ;	BORV = VBOR_1P9, Brown-out Reset Voltage (VBOR) set to 1.9V
  5257                           ;	ZCD Disable bit
  5258                           ;	ZCD = OFF, ZCD module is disabled. ZCD can be enabled by setting the ZCDSEN bit of ZCD
      +                          CON
  5259                           ;	PPSLOCK bit One-Way Set Enable bit
  5260                           ;	PPS1WAY = ON, PPSLOCKED bit can be cleared and set only once; PPS registers remain loc
      +                          ked after one clear/set cycle
  5261                           ;	Stack Full/Underflow Reset Enable bit
  5262                           ;	STVREN = ON, Stack full/underflow will cause Reset
  5263                           ;	Low Voltage Programming Enable bit
  5264                           ;	LVP = ON, Low voltage programming enabled. MCLR/VPP pin function is MCLR. MCLRE config
      +                          uration bit is ignored
  5265                           ;	Extended Instruction Set Enable bit
  5266                           ;	XINST = OFF, Extended Instruction Set and Indexed Addressing Mode disabled
  5267   300003                     	org	3145731
  5268   300003  FF                 	db	255
  5269                           
  5270                           ;Config register CONFIG5 @ 0x300004
  5271                           ;	WDT Period selection bits
  5272                           ;	WDTCPS = WDTCPS_31, Divider ratio 1:65536; software control of WDTPS
  5273                           ;	WDT operating mode
  5274                           ;	WDTE = OFF, WDT Disabled; SWDTEN is ignored
  5275   300004                     	org	3145732
  5276   300004  9F                 	db	159
  5277                           
  5278                           ;Config register CONFIG6 @ 0x300005
  5279                           ;	WDT Window Select bits
  5280                           ;	WDTCWS = WDTCWS_7, window always open (100%); software control; keyed access not requi
      +                          red
  5281                           ;	WDT input clock selector
  5282                           ;	WDTCCS = SC, Software Control
  5283   300005                     	org	3145733
  5284   300005  FF                 	db	255
  5285                           
  5286                           ;Config register CONFIG7 @ 0x300006
  5287                           ;	Boot Block Size selection bits
  5288                           ;	BBSIZE = BBSIZE_512, Boot Block size is 512 words
  5289                           ;	Boot Block enable bit
  5290                           ;	BBEN = OFF, Boot block disabled
  5291                           ;	Storage Area Flash enable bit
  5292                           ;	SAFEN = OFF, SAF disabled
  5293                           ;	Background Debugger
  5294                           ;	DEBUG = ON, Background Debugger enabled
  5295   300006                     	org	3145734
  5296   300006  DF                 	db	223
  5297                           
  5298                           ;Config register CONFIG8 @ 0x300007
  5299                           ;	Boot Block Write Protection bit
  5300                           ;	WRTB = OFF, Boot Block not Write protected
  5301                           ;	Configuration Register Write Protection bit
  5302                           ;	WRTC = OFF, Configuration registers not Write protected
  5303                           ;	Data EEPROM Write Protection bit
  5304                           ;	WRTD = OFF, Data EEPROM not Write protected
  5305                           ;	SAF Write protection bit
  5306                           ;	WRTSAF = OFF, SAF not Write Protected
  5307                           ;	Application Block write protection bit
  5308                           ;	WRTAPP = OFF, Application Block not write protected
  5309   300007                     	org	3145735
  5310   300007  FF                 	db	255
  5311                           
  5312                           ;Config register CONFIG10 @ 0x300009
  5313                           ;	PFM and Data EEPROM Code Protection bit
  5314                           ;	CP = OFF, PFM and Data EEPROM code protection disabled
  5315   300009                     	org	3145737
  5316   300009  FF                 	db	255
  5317                           tosu	equ	0x4FF
  5318                           tosh	equ	0x4FE
  5319                           tosl	equ	0x4FD
  5320                           stkptr	equ	0x4FC
  5321                           pclatu	equ	0x4FB
  5322                           pclath	equ	0x4FA
  5323                           pcl	equ	0x4F9
  5324                           tblptru	equ	0x4F8
  5325                           tblptrh	equ	0x4F7
  5326                           tblptrl	equ	0x4F6
  5327                           tablat	equ	0x4F5
  5328                           prodh	equ	0x4F4
  5329                           prodl	equ	0x4F3
  5330                           indf0	equ	0x4EF
  5331                           postinc0	equ	0x4EE
  5332                           postdec0	equ	0x4ED
  5333                           preinc0	equ	0x4EC
  5334                           plusw0	equ	0x4EB
  5335                           fsr0h	equ	0x4EA
  5336                           fsr0l	equ	0x4E9
  5337                           wreg	equ	0x4E8
  5338                           indf1	equ	0x4E7
  5339                           postinc1	equ	0x4E6
  5340                           postdec1	equ	0x4E5
  5341                           preinc1	equ	0x4E4
  5342                           plusw1	equ	0x4E3
  5343                           fsr1h	equ	0x4E2
  5344                           fsr1l	equ	0x4E1
  5345                           bsr	equ	0x4E0
  5346                           indf2	equ	0x4DF
  5347                           postinc2	equ	0x4DE
  5348                           postdec2	equ	0x4DD
  5349                           preinc2	equ	0x4DC
  5350                           plusw2	equ	0x4DB
  5351                           fsr2h	equ	0x4DA
  5352                           fsr2l	equ	0x4D9
  5353                           status	equ	0x4D8

Data Sizes:
    Strings     17
    Constant    0
    Data        0
    BSS         43
    Persistent  0
    Stack       0

Auto Spaces:
    Space          Size  Autos    Used
    COMRAM           95     45      88
    BANK5           160      0       0
    BANK6           256      0       0
    BANK7           256      0       0
    BANK8           256      0       0
    BANK9           256      0       0
    BANK10          256      0       0
    BANK11          256      0       0
    BANK12          256      0       0
    BANK13          256      0       0
    BANK14          256      0       0
    BANK15          256      0       0
    BANK16          256      0       0
    BANK17          256      0       0
    BANK18          256      0       0
    BANK19          256      0       0
    BANK20          256      0       0
    BANK21          256      0       0
    BANK22          256      0       0
    BANK23          256      0       0
    BANK24          256      0       0
    BANK25          256      0       0
    BANK26          256      0       0
    BANK27          256      0       0
    BANK28          256      0       0
    BANK29          256      0       0
    BANK30          256      0       0
    BANK31          256      0       0
    BANK32          256      0       0
    BANK33          256      0       0
    BANK34          256      0       0
    BANK35          256      0       0
    BANK36          256      0       0

Pointer List with Targets:

    fputc@fp	PTR struct _IO_FILE size(2) Largest target is 0
		 -> NULL(NULL[0]), 

    fputc@fp$.$buffer	PTR unsigned char  size(2) Largest target is 0

    fputc@fp$.$source	PTR const unsigned char  size(2) Largest target is 0

    printf@ap	PTR void [1] size(2) Largest target is 2
		 -> ?_printf(COMRAM[2]), 

    printf@fmt	PTR const unsigned char  size(1) Largest target is 17
		 -> STR_1(CODE[17]), 

    S1133$buffer	PTR unsigned char  size(2) Largest target is 0

    S1133$source	PTR const unsigned char  size(2) Largest target is 0

    vfpfcnvrt@ap	PTR PTR void  size(2) Largest target is 2
		 -> printf@ap(COMRAM[2]), 

    vfpfcnvrt@cp	PTR unsigned char  size(1) Largest target is 17
		 -> STR_1(CODE[17]), 

    vfpfcnvrt@fmt	PTR PTR unsigned char  size(2) Largest target is 1
		 -> vfprintf@cfmt(COMRAM[1]), 

    vfpfcnvrt@fp	PTR struct _IO_FILE size(2) Largest target is 0
		 -> NULL(NULL[0]), 

    vfprintf@ap	PTR PTR void  size(2) Largest target is 2
		 -> printf@ap(COMRAM[2]), 

    vfprintf@cfmt	PTR unsigned char  size(1) Largest target is 17
		 -> STR_1(CODE[17]), 

    vfprintf@fmt	PTR const unsigned char  size(1) Largest target is 17
		 -> STR_1(CODE[17]), 

    vfprintf@fp	PTR struct _IO_FILE size(2) Largest target is 0
		 -> NULL(NULL[0]), 


Critical Paths under _main in COMRAM

    _main->_printf
    _printf->_vfprintf
    _vfprintf->_vfpfcnvrt
    _vfpfcnvrt->_fputc
    _fputc->_putch
    _putch->_UART1_Write_Char
    _UART1_Init->___lldiv
    _GPIO_Init->_configure_pin
    _configure_pin->_reset_pin_pullup
    _configure_pin->_set_pin_analog_mode
    _configure_pin->_set_pin_digital_mode
    _configure_pin->_set_pin_input
    _configure_pin->_set_pin_open_drain
    _configure_pin->_set_pin_output
    _configure_pin->_set_pin_pullup
    _configure_pin->_set_pin_push_pull
    _configure_pin->_set_pin_sr_limited
    _configure_pin->_set_pin_sr_maximum
    _configure_pin->_set_pin_st
    _configure_pin->_set_pin_ttl

Critical Paths under _INT_ISR in COMRAM

    None.

Critical Paths under _main in BANK5

    None.

Critical Paths under _INT_ISR in BANK5

    None.

Critical Paths under _main in BANK6

    None.

Critical Paths under _INT_ISR in BANK6

    None.

Critical Paths under _main in BANK7

    None.

Critical Paths under _INT_ISR in BANK7

    None.

Critical Paths under _main in BANK8

    None.

Critical Paths under _INT_ISR in BANK8

    None.

Critical Paths under _main in BANK9

    None.

Critical Paths under _INT_ISR in BANK9

    None.

Critical Paths under _main in BANK10

    None.

Critical Paths under _INT_ISR in BANK10

    None.

Critical Paths under _main in BANK11

    None.

Critical Paths under _INT_ISR in BANK11

    None.

Critical Paths under _main in BANK12

    None.

Critical Paths under _INT_ISR in BANK12

    None.

Critical Paths under _main in BANK13

    None.

Critical Paths under _INT_ISR in BANK13

    None.

Critical Paths under _main in BANK14

    None.

Critical Paths under _INT_ISR in BANK14

    None.

Critical Paths under _main in BANK15

    None.

Critical Paths under _INT_ISR in BANK15

    None.

Critical Paths under _main in BANK16

    None.

Critical Paths under _INT_ISR in BANK16

    None.

Critical Paths under _main in BANK17

    None.

Critical Paths under _INT_ISR in BANK17

    None.

Critical Paths under _main in BANK18

    None.

Critical Paths under _INT_ISR in BANK18

    None.

Critical Paths under _main in BANK19

    None.

Critical Paths under _INT_ISR in BANK19

    None.

Critical Paths under _main in BANK20

    None.

Critical Paths under _INT_ISR in BANK20

    None.

Critical Paths under _main in BANK21

    None.

Critical Paths under _INT_ISR in BANK21

    None.

Critical Paths under _main in BANK22

    None.

Critical Paths under _INT_ISR in BANK22

    None.

Critical Paths under _main in BANK23

    None.

Critical Paths under _INT_ISR in BANK23

    None.

Critical Paths under _main in BANK24

    None.

Critical Paths under _INT_ISR in BANK24

    None.

Critical Paths under _main in BANK25

    None.

Critical Paths under _INT_ISR in BANK25

    None.

Critical Paths under _main in BANK26

    None.

Critical Paths under _INT_ISR in BANK26

    None.

Critical Paths under _main in BANK27

    None.

Critical Paths under _INT_ISR in BANK27

    None.

Critical Paths under _main in BANK28

    None.

Critical Paths under _INT_ISR in BANK28

    None.

Critical Paths under _main in BANK29

    None.

Critical Paths under _INT_ISR in BANK29

    None.

Critical Paths under _main in BANK30

    None.

Critical Paths under _INT_ISR in BANK30

    None.

Critical Paths under _main in BANK31

    None.

Critical Paths under _INT_ISR in BANK31

    None.

Critical Paths under _main in BANK32

    None.

Critical Paths under _INT_ISR in BANK32

    None.

Critical Paths under _main in BANK33

    None.

Critical Paths under _INT_ISR in BANK33

    None.

Critical Paths under _main in BANK34

    None.

Critical Paths under _INT_ISR in BANK34

    None.

Critical Paths under _main in BANK35

    None.

Critical Paths under _INT_ISR in BANK35

    None.

Critical Paths under _main in BANK36

    None.

Critical Paths under _INT_ISR in BANK36

    None.

Call Graph Tables:

 ---------------------------------------------------------------------------------
 (Depth) Function   	        Calls       Base Space   Used Autos Params    Refs
 ---------------------------------------------------------------------------------
 (0) _main                                                 8     3      5   15230
                                             37 COMRAM     8     3      5
                         _Clock_Init
                          _GPIO_Init
                     _INTERRUPT_Init
                         _UART1_Init
                             _printf
 ---------------------------------------------------------------------------------
 (1) _printf                                               7     4      3    2590
                                             32 COMRAM     5     2      3
                           _vfprintf
 ---------------------------------------------------------------------------------
 (2) _vfprintf                                             6     1      5    2460
                                             26 COMRAM     6     1      5
                          _vfpfcnvrt
 ---------------------------------------------------------------------------------
 (3) _vfpfcnvrt                                           15     9      6    2110
                                             12 COMRAM    14     8      6
                            ___lwdiv
                            ___lwmod
                              _fputc
 ---------------------------------------------------------------------------------
 (4) _fputc                                                9     5      4     812
                                              3 COMRAM     9     5      4
                              _putch
 ---------------------------------------------------------------------------------
 (5) _putch                                                1     1      0      30
                                              2 COMRAM     1     1      0
                   _UART1_Write_Char
 ---------------------------------------------------------------------------------
 (6) _UART1_Write_Char                                     1     1      0      15
                                              1 COMRAM     1     1      0
 ---------------------------------------------------------------------------------
 (4) ___lwmod                                              5     1      4     311
                                              1 COMRAM     5     1      4
 ---------------------------------------------------------------------------------
 (4) ___lwdiv                                              7     3      4     314
                                              1 COMRAM     7     3      4
 ---------------------------------------------------------------------------------
 (1) _UART1_Init                                           4     0      4    6492
                                             14 COMRAM     4     0      4
                            ___lldiv
                      _configure_pin
 ---------------------------------------------------------------------------------
 (2) ___lldiv                                             13     5      8     314
                                              1 COMRAM    13     5      8
 ---------------------------------------------------------------------------------
 (1) _INTERRUPT_Init                                       0     0      0       0
 ---------------------------------------------------------------------------------
 (1) _GPIO_Init                                            0     0      0    6080
                      _configure_pin
 ---------------------------------------------------------------------------------
 (2) _configure_pin                                        8     1      7    6080
                                              5 COMRAM     8     1      7
                   _reset_pin_pullup
                _set_pin_analog_mode
               _set_pin_digital_mode
                      _set_pin_input
                 _set_pin_open_drain
                     _set_pin_output
                     _set_pin_pullup
                  _set_pin_push_pull
                 _set_pin_sr_limited
                 _set_pin_sr_maximum
                         _set_pin_st
                        _set_pin_ttl
 ---------------------------------------------------------------------------------
 (3) _set_pin_ttl                                          4     3      1     230
                                              1 COMRAM     4     3      1
 ---------------------------------------------------------------------------------
 (3) _set_pin_st                                           4     3      1     230
                                              1 COMRAM     4     3      1
 ---------------------------------------------------------------------------------
 (3) _set_pin_sr_maximum                                   4     3      1     230
                                              1 COMRAM     4     3      1
 ---------------------------------------------------------------------------------
 (3) _set_pin_sr_limited                                   4     3      1     230
                                              1 COMRAM     4     3      1
 ---------------------------------------------------------------------------------
 (3) _set_pin_push_pull                                    4     3      1     230
                                              1 COMRAM     4     3      1
 ---------------------------------------------------------------------------------
 (3) _set_pin_pullup                                       4     3      1     230
                                              1 COMRAM     4     3      1
 ---------------------------------------------------------------------------------
 (3) _set_pin_output                                       4     3      1     230
                                              1 COMRAM     4     3      1
 ---------------------------------------------------------------------------------
 (3) _set_pin_open_drain                                   4     3      1     230
                                              1 COMRAM     4     3      1
 ---------------------------------------------------------------------------------
 (3) _set_pin_input                                        4     3      1     230
                                              1 COMRAM     4     3      1
 ---------------------------------------------------------------------------------
 (3) _set_pin_digital_mode                                 4     3      1     230
                                              1 COMRAM     4     3      1
 ---------------------------------------------------------------------------------
 (3) _set_pin_analog_mode                                  4     3      1     230
                                              1 COMRAM     4     3      1
 ---------------------------------------------------------------------------------
 (3) _reset_pin_pullup                                     4     3      1     230
                                              1 COMRAM     4     3      1
 ---------------------------------------------------------------------------------
 (1) _Clock_Init                                           0     0      0       0
 ---------------------------------------------------------------------------------
 Estimated maximum stack depth 6
 ---------------------------------------------------------------------------------
 (Depth) Function   	        Calls       Base Space   Used Autos Params    Refs
 ---------------------------------------------------------------------------------
 (7) _INT_ISR                                              1     1      0      15
                                              0 COMRAM     1     1      0
                    _UART1_Read_Char
 ---------------------------------------------------------------------------------
 (8) _UART1_Read_Char                                      0     0      0       0
 ---------------------------------------------------------------------------------
 Estimated maximum stack depth 8
 ---------------------------------------------------------------------------------

 Call Graph Graphs:

 _main (ROOT)
   _Clock_Init
   _GPIO_Init
     _configure_pin
       _reset_pin_pullup
       _set_pin_analog_mode
       _set_pin_digital_mode
       _set_pin_input
       _set_pin_open_drain
       _set_pin_output
       _set_pin_pullup
       _set_pin_push_pull
       _set_pin_sr_limited
       _set_pin_sr_maximum
       _set_pin_st
       _set_pin_ttl
   _INTERRUPT_Init
   _UART1_Init
     ___lldiv
     _configure_pin
   _printf
     _vfprintf
       _vfpfcnvrt
         ___lwdiv
         ___lwmod
         _fputc
           _putch
             _UART1_Write_Char

 _INT_ISR (ROOT)
   _UART1_Read_Char

 Address spaces:
Name               Size   Autos  Total    Cost      Usage
BIGRAM            1FFF      0       0      69        0.0%
EEDATA             400      0       0       0        0.0%
BITBIGSFRhllll     17B      0       0      90        0.0%
BITBIGSFR_1        100      0       0      68        0.0%
BITBANK36          100      0       0      66        0.0%
BANK36             100      0       0      67        0.0%
BITBANK35          100      0       0      64        0.0%
BANK35             100      0       0      65        0.0%
BITBANK34          100      0       0      62        0.0%
BANK34             100      0       0      63        0.0%
BITBANK33          100      0       0      60        0.0%
BANK33             100      0       0      61        0.0%
BITBANK32          100      0       0      58        0.0%
BANK32             100      0       0      59        0.0%
BITBANK31          100      0       0      56        0.0%
BANK31             100      0       0      57        0.0%
BITBANK30          100      0       0      54        0.0%
BANK30             100      0       0      55        0.0%
BITBANK29          100      0       0      52        0.0%
BANK29             100      0       0      53        0.0%
BITBANK28          100      0       0      50        0.0%
BANK28             100      0       0      51        0.0%
BITBANK27          100      0       0      48        0.0%
BANK27             100      0       0      49        0.0%
BITBANK26          100      0       0      46        0.0%
BANK26             100      0       0      47        0.0%
BITBANK25          100      0       0      44        0.0%
BANK25             100      0       0      45        0.0%
BITBANK24          100      0       0      42        0.0%
BANK24             100      0       0      43        0.0%
BITBANK23          100      0       0      40        0.0%
BANK23             100      0       0      41        0.0%
BITBANK22          100      0       0      38        0.0%
BANK22             100      0       0      39        0.0%
BITBANK21          100      0       0      36        0.0%
BANK21             100      0       0      37        0.0%
BITBANK20          100      0       0      34        0.0%
BANK20             100      0       0      35        0.0%
BITBANK19          100      0       0      32        0.0%
BANK19             100      0       0      33        0.0%
BITBANK18          100      0       0      30        0.0%
BANK18             100      0       0      31        0.0%
BITBANK17          100      0       0      28        0.0%
BANK17             100      0       0      29        0.0%
BITBANK16          100      0       0      26        0.0%
BANK16             100      0       0      27        0.0%
BITBANK15          100      0       0      24        0.0%
BANK15             100      0       0      25        0.0%
BITBANK14          100      0       0      22        0.0%
BANK14             100      0       0      23        0.0%
BITBANK13          100      0       0      20        0.0%
BANK13             100      0       0      21        0.0%
BITBANK12          100      0       0      18        0.0%
BANK12             100      0       0      19        0.0%
BITBANK11          100      0       0      16        0.0%
BANK11             100      0       0      17        0.0%
BITBANK10          100      0       0      14        0.0%
BANK10             100      0       0      15        0.0%
BITBANK9           100      0       0      12        0.0%
BANK9              100      0       0      13        0.0%
BITBANK8           100      0       0      10        0.0%
BANK8              100      0       0      11        0.0%
BITBANK7           100      0       0       8        0.0%
BANK7              100      0       0       9        0.0%
BITBANK6           100      0       0       6        0.0%
BANK6              100      0       0       7        0.0%
BITBIGSFRhllhhh     B3      0       0      84        0.0%
BITBIGSFRl          AD      0       0      91        0.0%
BITBANK5            A0      0       0       4        0.0%
BANK5               A0      0       0       5        0.0%
BITBIGSFRhllhhh     99      0       0      83        0.0%
BITCOMRAM           5F      0       0       0        0.0%
COMRAM              5F     2D      58       1       92.6%
BITBIGSFRhlllhl     48      0       0      89        0.0%
BITBIGSFRhlhhhh     42      0       0      76        0.0%
BITBIGSFRhlhhhh     30      0       0      77        0.0%
BITBIGSFRhlllhh     2E      0       0      88        0.0%
BITBIGSFRhhhh       29      0       0      70        0.0%
BITBIGSFRhlhhhh      F      0       0      75        0.0%
BITBIGSFRhlhhhh      B      0       0      74        0.0%
BITBIGSFRhlllhh      7      0       0      86        0.0%
BITBIGSFRhlhhhh      3      0       0      78        0.0%
BITBIGSFRhlhhhh      3      0       0      79        0.0%
BITBIGSFRhlhhhl      3      0       0      80        0.0%
BITBIGSFRhlhhlh      3      0       0      81        0.0%
BITBIGSFRhlhlh       3      0       0      82        0.0%
BITBIGSFRhhhl        2      0       0      71        0.0%
BITBIGSFRhlhhhh      2      0       0      73        0.0%
BITBIGSFRhhl         2      0       0      72        0.0%
BITBIGSFRhlllhh      1      0       0      87        0.0%
BITBIGSFRhllhhl      1      0       0      85        0.0%
BIGSFR_1             0      0       0     200        0.0%
BIGSFR               0      0       0     200        0.0%
BITSFR_6             0      0       0     200        0.0%
SFR_6                0      0       0     200        0.0%
BITSFR_5             0      0       0     200        0.0%
SFR_5                0      0       0     200        0.0%
BITSFR_4             0      0       0     200        0.0%
SFR_4                0      0       0     200        0.0%
BITSFR_3             0      0       0     200        0.0%
SFR_3                0      0       0     200        0.0%
BITSFR_2             0      0       0     200        0.0%
SFR_2                0      0       0     200        0.0%
BITSFR_1             0      0       0     200        0.0%
SFR_1                0      0       0     200        0.0%
BITSFR               0      0       0     200        0.0%
SFR                  0      0       0     200        0.0%
STACK                0      0       0       2        0.0%
NULL                 0      0       0       0        0.0%
ABS                  0      0      58      92        0.0%
DATA                 0      0      58       3        0.0%
CODE                 0      0       0       0        0.0%


Microchip Technology PIC18 Macro Assembler V2.46 build 20240104201356 
Symbol Table                                                                                   Tue Oct 29 00:16:44 2024

    __end_of_set_pin_open_drain 3E14                               l5 4632                               _x 0554  
configure_pin@slew_rate_limited 050B                              u10 4608                              u11 4604  
                ?_configure_pin 0506                             l113 4042                             l125 3CF4  
                           l221 34FE                             l137 3752                             l161 3BD6  
                           l233 3628                             l209 3AB8                             l260 4136  
                           l173 387C                             l149 3F30                             l245 3E12  
                           l343 449E                             l416 45D4                             l185 399A  
                           l371 45F8                             l197 33D4                             l374 460C  
                           l383 462A                             l464 42A4                             l368 4342  
                           l457 4294                             l921 442A                             l931 44FA  
                           l928 4432                             l938 4502                             wreg 04E8  
    __end_of_set_pin_sr_maximum 3500      __end_of_set_pin_sr_limited 3ABA                            l2010 43C8  
                          l2020 43FE                            l2012 43DA                            l1108 45B2  
                          l2110 3678                            l2022 4414                            l2014 43E2  
                          l2030 44A0                            l2112 369C                            l2120 3708  
                          l2104 362C                            l2200 38EA                            l2024 441C  
                          l2016 43EA                            l2008 43C0                            l2040 44E6  
                          l2032 44B2                            l1152 4550                            l1145 32AA  
                          l2130 3E3C                            l2114 36C0                            l2106 3630  
                          l2202 390C                            l2026 441E                            l2018 43F8  
                          l2042 44EE                            l2034 44BA                            l2050 415C  
                          l2132 3E5E                            l2116 36E4                            l2108 3654  
                          l2060 3F34                            l2204 392E                            l2220 32FA  
                          l2028 4424                            l2044 44F4                            l2036 44C2  
                          l1164 4200                            l2052 4166                            l2134 3E80  
                          l2142 3EE6                            l2126 3E16                            l2070 3FB8  
                          l2062 3F38                            l2310 3D62                            l2302 3CF8  
                          l2150 3AC0                            l2222 331E                            l2230 338A  
                          l2214 32AE                            l2038 44D0                            l1174 45F8  
                          l2054 4184                            l2046 4138                            l2136 3EA2  
                          l2128 3E1A                            l2072 3FD8                            l2064 3F58  
                          l2312 3D84                            l2304 3CFC                            l2160 3B6A  
                          l2152 3AE2                            l2240 39C4                            l2208 3950  
                          l2224 3342                            l2216 32B2                            l2400 411E  
                          l1176 4608                            l2056 41BA                            l2048 414A  
                          l2170 3756                            l2138 3EC4                            l2066 3F78  
                          l2314 3DA6                            l2306 3D1E                            l2090 3C44  
                          l2082 3BDA                            l2154 3B04                            l2242 39E6  
                          l2226 3366                            l2218 32D6                            l2402 412C  
                          l2410 4230                            l1178 4624                            l2330 3144  
                          l2180 37EA                            l2172 375A                            l2068 3F98  
                          l2076 3FF8                            l2308 3D40                            l2092 3C66  
                          l2084 3BDE                            l2156 3B26                            l2164 3B8C  
                          l2148 3ABC                            l2244 3A08                            l2252 3A6E  
                          l2236 399E                            l2260 33DC                            l2420 4282  
                          l2412 423C                            l2404 4202                            l2340 31B0  
                          l2332 3148                            l2324 3106                            l2182 380E  
                          l2174 377E                            l2318 3DC8                            l2094 3C88  
                          l2086 3C00                            l2158 3B48                            l2246 3A2A  
                          l2238 39A2                            l2270 3490                            l2262 3400  
                          l2422 4284                            l2414 424A                            l2406 4212  
                          l2350 323C                            l2342 31D8                            l2334 3154  
                          l2326 312E                            l2430 4528                            l1608 462C  
                          l2176 37A2                            l2088 3C22                            l2280 3502  
                          l2248 3A4C                            l2264 3424                            l2192 3880  
                          l2440 447A                            l1640 45D2                            l2424 428E  
                          l2416 4254                            l2408 4228                            l2352 323E  
                          l2344 31F4                            l2336 3174                            l2328 3138  
                          l2432 4548                            l2178 37C6                            l2186 3832  
                          l2098 3CAA                            l2290 3596                            l2282 3506  
                          l2266 3448                            l2274 34B4                            l2258 33D8  
                          l2194 3884                            l2370 4056                            l2418 4272  
                          l2450 42E2                            l2442 42A6                            l2346 3206  
                          l2338 31AC                            l2362 327E                            l2426 4504  
                          l2292 35BA                            l2284 352A                            l2268 346C  
                          l2196 38A6                            l2380 4096                            l2372 4064  
                          l2436 4434                            l1636 45B4                            l2460 4318  
                          l2452 42E4                            l2444 42AA                            l2348 321A  
                          l2356 3254                            l2428 450C                            l2286 354E  
                          l2198 38C8                            l2390 40DC                            l2382 40A6  
                          l2374 406E                            l2438 4456                            l1638 45C4  
                          l2454 42E6                            l2446 42DC                            l2358 3270  
                          l2462 4592                            l2470 4348                            l2288 3572  
                          l2296 35DE                            l2392 40E6                            l2384 40B4  
                          l2376 407E                            l2368 4046                            l2456 42E8  
                          l2448 42E0                            l2464 459A                            l2480 4368  
                          l2472 434C                            l2730 339E                            l2394 40F6  
                          l2386 40BE                            l2378 408C                            l2458 430E  
                          l2482 4376                            l2474 4364                            l2740 3BA0  
                          l2732 3964                            l2396 4104                            l2388 40CE  
                          l2484 438E                            l2468 4344                            l2750 3EFA  
                          l2742 3CBE                            l2734 34C8                            l2398 410E  
                          l2486 4390                            l2752 3846                            l2744 3DDC  
                          l2736 3A82                            l2488 43A0                            l2746 400C  
                          l2738 35F2                            l2748 371C                            STR_1 2501  
                          u1210 43DA                            u1211 43D6                            u2004 3D74  
                          u2100 40A6                            u1220 43F8                            u1300 41BA  
                          u2005 3D70                            u2101 40A2                            u1221 43F4  
                          u1301 41B6                            u2014 3D96                            u2110 40CE  
                          u1230 4414                            u2030 312E                            u2015 3D92  
                          u2111 40CA                            u1231 4410                            u2031 312A  
                          u2024 3DB8                            u2120 40F6                            u1240 44B2  
                          u2040 3174                            u2025 3DB4                            u2121 40F2  
                          u1241 44AE                            u2041 3170                            u1314 3F4A  
                          u2130 411E                            u1250 44D0                            u2050 3206  
                          u1315 3F46                            u2131 411A                            u1251 44CC  
                          u2051 3202                            u1324 3F6A                            u1404 3C56  
                          u2140 4228                            u1260 44E6                            u2060 3216  
                          u1325 3F66                            u1405 3C52                            u2141 4224  
                          u1261 44E2                            u2061 3212                            _LATA 04BE  
                          u1334 3F8A                            u1414 3C78                            u2150 424A  
                          u1270 414A                            u2070 3250                            _LATB 04BF  
               __end_of_INT_ISR 4592                            u1335 3F86                            u1415 3C74  
                          u2151 4246                            u1271 4146                            u2071 324C  
                          u2207 43AA                            _LATC 04C0                            u1504 3E4E  
                          u1344 3FAA                            u1424 3C9A                            u2080 4056  
                          u2160 4272                            u1280 415C                            _LATD 04C1  
                          u1505 3E4A                            u1345 3FA6                            u1425 3C96  
                          u2081 4052                            u2161 426E                            u1281 4158  
                          _LATE 04C2                            u1514 3E70                            u1434 3642  
                          u1354 3FCA                            u2090 407E                            u1290 4184  
                          u2170 4548                            _LATF 04C3                            u1515 3E6C  
                          u1435 363E                            u1355 3FC6                            u2091 407A  
                          u1291 4180                            u2171 4544                            u1524 3E92  
                          u1444 3666                            u1364 3FEA                            u1604 3B7C  
                          u2180 43A0                            u1525 3E8E                            u1445 3662  
                          u1365 3FE6                            u1605 3B78                            u2181 439C  
                          u1614 376C                            u1534 3EB4                            u1454 368A  
                          u1374 3BF0                            u1615 3768                            u1535 3EB0  
                          u1455 3686                            u1375 3BEC                            u1624 3790  
                          u1544 3ED6                            u1464 36AE                            u1384 3C12  
                          u1704 38FC                            u1625 378C                            u1545 3ED2  
                          u1465 36AA                            u1385 3C0E                            u1705 38F8  
                          u1634 37B4                            u1474 36D2                            u1394 3C34  
                          u1554 3AD2                            u1714 391E                            u1635 37B0  
                          u1475 36CE                            u1395 3C30                            u1555 3ACE  
                          u1715 391A                            u1644 37D8                            u1484 36F6  
                          u1564 3AF4                            u1804 39D6                            u1724 3940  
                          u1645 37D4                            u1485 36F2                            u1565 3AF0  
                          u1805 39D2                            u1725 393C                            u2197 4380  
                          u1654 37FC                            u1494 3E2C                            u1574 3B16  
                          u1814 39F8                            u1734 32C4                            u1655 37F8  
                          u1495 3E28                            u1575 3B12                            u1815 39F4  
                          u1735 32C0                            u1664 3820                            u1584 3B38  
                          u1824 3A1A                            u1904 34A2                            u1744 32E8  
                          u1665 381C                            u1585 3B34                            u1825 3A16  
                          u1905 349E                            u1745 32E4                            u1594 3B5A  
                          u1914 3518                            u1834 3A3C                            u1674 3896  
                          u1754 330C                            u1595 3B56                            u1915 3514  
                          u1835 3A38                            u1675 3892                            u1755 3308  
                          u1924 353C                            u1844 3A5E                            u1684 38B8  
                          u1764 3330                            u1925 3538                            u1845 3A5A  
                          u1685 38B4                            u1765 332C                            u1934 3560  
                          u1854 33EE                            u1694 38DA                            u1774 3354  
                          u1935 355C                            u1855 33EA                            u1695 38D6  
                          u1775 3350                            u1944 3584                            u1864 3412  
                          u1784 3378                            u1945 3580                            u1865 340E  
                          u1785 3374                            u1954 35A8                            u1794 39B4  
                          u1874 3436                            u1955 35A4                            u1795 39B0  
                          u1875 3432                            u1964 35CC                            u1884 345A  
                          u1965 35C8                            u1885 3456                            u1974 3D0E  
                          u1894 347E                            u1975 3D0A                            u1895 347A  
                          u1984 3D30                            u1985 3D2C                            u1994 3D52  
                          u1995 3D4E                            _WPUA 0401                            _WPUB 0409  
                          _WPUC 0411                            _WPUD 0419                            _WPUE 0421  
                          _WPUF 0429                            _dbuf 052E        __end_of_reset_pin_pullup 387E  
                          _main 4344                            _prec 0550                            fsr1h 04E2  
                          fsr2h 04DA                            indf2 04DF                            fsr1l 04E1  
                          fsr2l 04D9                            start 3102                    ___param_bank 0000  
                   ?_UART1_Init 050F                 _UART1_Read_Char 460E                      _Clock_Init 462C  
                         ?_main 0526                 __end_of___lldiv 42A6                           _U1BRG 02AE  
               __end_of___lwdiv 4434                           _U1RXB 02A1                 __end_of___lwmod 4504  
                         _U1TXB 02A3                           i2l423 456C                           i2l424 458E  
                         i2l425 4572                           i2l427 4590                           i2l386 460E  
                         i2l389 4620                    vfpfcnvrt@fmt 050F                           _PORTA 04CE  
                         _PORTB 04CF                           _PORTC 04D0                           _PORTD 04D1  
                         _PORTE 04D2                           _PORTF 04D3                           _TRISA 04C6  
                         _TRISB 04C7                           _TRISC 04C8                           _TRISD 04C9  
                         _TRISE 04CA                           _TRISF 04CB                           _flags 0558  
                         _fputc 4138                           _width 054E                           _putch 4622  
                         main@i 052D                           tablat 04F5            configure_pin@use_ttl 050A  
                         status 04D8                 __initialization 45D6                    __end_of_main 43C0  
               ??_configure_pin 050D                          ??_main 052B                   __activetblptr 0003  
             __end_of_GPIO_Init 44A0                       ??_INT_ISR 0501                          ?_fputc 0504  
             _set_pin_push_pull 3500                          _ANSELA 0400                          ?_putch 0501  
                        _ANSELB 0408                          _ANSELC 0410                          _ANSELD 0418  
                        _ANSELE 0420                          _ANSELF 0428                          _ODCONA 0402  
                        _ODCONB 040A                          _RF0PPS 0229                          _ODCONC 0412  
                        _ODCOND 041A                          _ODCONE 0422                          _ODCONF 042A  
                        i2l1650 461E                          i2l1648 460E                          i2l1760 4554  
                        i2l1762 4562                          i2l1766 4578                          _INLVLA 0404  
                        _INLVLB 040C                          _INLVLC 0414                          _INLVLD 041C  
                        _INLVLE 0424                          _INLVLF 042C              ?_set_pin_push_pull 0502  
       __end_of_UART1_Read_Char 4622             ??_set_pin_push_pull 0503                    vfprintf@cfmt 0520  
                  ?_set_pin_ttl 0502    set_pin_sr_maximum@pin_number 0502                       ??___lldiv 050A  
         configure_pin@is_input 0507                       ??___lwdiv 0506                       ??___lwmod 0506  
                   ?_Clock_Init 0501                          clear_0 45DC                          isa$std 0001  
                        _printf 4592   set_pin_analog_mode@pin_number 0502                          fputc@c 0504  
                  __mediumconst 0000                          tblptrh 04F7                          tblptrl 04F6  
                        tblptru 04F8       __end_of_set_pin_push_pull 362A            set_pin_ttl@port_name 0505  
              __end_of_vfprintf 4552                      __accesstop 0560         __end_of__initialization 45F0  
                 ___rparam_used 0001        set_pin_output@pin_number 0502                  __pcstackCOMRAM 0501  
                 __end_of_fputc 4202                   __end_of_putch 462C           __end_of_set_pin_input 4044  
              _UART1_Write_Char 45F6              _set_pin_open_drain 3CF6      configure_pin@use_push_pull 050C  
                       ??_fputc 0508                  _INTERRUPT_Init 45B4    set_pin_sr_limited@pin_number 0502  
                       ??_putch 0503             ?_set_pin_open_drain 0502               ?_reset_pin_pullup 0502  
                       IVTBASEH 045E                         IVTBASEL 045D                         IVTBASEU 045F  
              ?_UART1_Read_Char 0501              _set_pin_sr_maximum 33D6              _set_pin_sr_limited 399C  
            ??_reset_pin_pullup 0503             _set_pin_analog_mode 3E14     set_pin_sr_maximum@port_name 0505  
                  ??_UART1_Init 0513            ??_set_pin_open_drain 0503             ?_set_pin_sr_maximum 0502  
           ?_set_pin_sr_limited 0502                         ?_printf 0521            ?_set_pin_analog_mode 0502  
                       _INT_ISR 4554                         _OSCCON1 00AD          __end_of_INTERRUPT_Init 45D6  
                       i2u99_40 461E                         i2u99_41 461A                         _SLRCONA 0403  
                       _SLRCONB 040B                         _SLRCONC 0413                         _SLRCOND 041B  
                       _SLRCONE 0423                         _SLRCONF 042B            ??_set_pin_sr_maximum 0503  
          ??_set_pin_sr_limited 0503              __end_of_UART1_Init 4344     set_pin_sr_limited@port_name 0505  
                       __Hparam 0000                         __Lparam 0000                         ___lldiv 4202  
                       ___lwdiv 43C0                         ___lwmod 44A0                       ?_vfprintf 051B  
                  __psmallconst 2500             set_pin_st@port_name 0505                   ivt0x3008_base 3008  
                       __pcinit 45D6                         __ramtop 2500                         __ptext0 4344  
                       __ptext1 4592                         __ptext2 4504                         __ptext3 3106  
                       __ptext4 4138                         __ptext5 4622                         __ptext6 45F6  
                       __ptext7 44A0                         __ptext8 43C0                         __ptext9 42A6  
         ??_set_pin_analog_mode 0503           set_pin_ttl@pin_number 0502                 ?_INTERRUPT_Init 0501  
                     _GPIO_Init 4434            end_of_initialization 45F0      set_pin_push_pull@port_name 0505  
                       fputc@fp 0506          configure_pin@port_name 050D                 ___lldiv@divisor 0506  
               ___lldiv@counter 050E               __end_of_vfpfcnvrt 32AC                      _set_pin_st 387E  
                       postdec2 04DD                         postinc0 04EE                         postinc1 04E6  
                       postinc2 04DE                vfpfcnvrt@convarg 0515                    ??_Clock_Init 0502  
                    ??_vfprintf 0520           __end_of_configure_pin 4138        set_pin_pullup@pin_number 0502  
                    ?_GPIO_Init 0501              __end_of_Clock_Init 4634                  _set_pin_pullup 3ABA  
                _set_pin_output 3BD8        __end_of_UART1_Write_Char 460E                     vfpfcnvrt@ap 0511  
                   vfpfcnvrt@cp 0519                     vfpfcnvrt@fp 050D    __end_of_set_pin_digital_mode 3754  
                __end_of_printf 45B4             start_initialization 45D6                     putch@dataTx 0503  
        __end_of_set_pin_pullup 3BD8          __end_of_set_pin_output 3CF6     set_pin_open_drain@port_name 0505  
                   vfprintf@fmt 051D                     ?_set_pin_st 0502                  UART1_Init@baud 050F  
                      ??_printf 0524                     __pbssCOMRAM 052E                        ?_INT_ISR 0501  
                   ??_GPIO_Init 050E                 ?_set_pin_pullup 0502                 ?_set_pin_output 0502  
       set_pin_output@port_name 0505  set_pin_digital_mode@pin_number 0502                     __pivt0x3008 3008  
              ___lwdiv@dividend 0502               ivt0x3008_undefint 3100                        ?___lldiv 0502  
                      ?___lwdiv 0502                        ?___lwmod 0502                ??_INTERRUPT_Init 0502  
                   __smallconst 2500       reset_pin_pullup@port_name 0505                ___lwdiv@quotient 0506  
                   _U1ERRIRbits 02B2                        _LATFbits 04C3            _set_pin_digital_mode 362A  
                      _IPR4bits 0366                        _PIE4bits 04A2                        _IVTBASEH 045E  
                      _IVTBASEL 045D                        _IVTBASEU 045F                        i2u120_40 4562  
                      i2u120_41 455E                        _PIR4bits 04B2                   ??_set_pin_ttl 0503  
  set_pin_open_drain@pin_number 0502     __end_of_set_pin_analog_mode 3F32                       _vfpfcnvrt 3106  
       set_pin_input@pin_number 0502                   _set_pin_input 3F32                      vfpfcnvrt@c 051A  
                   _INTCON0bits 04D6         set_pin_pullup@port_name 0505                     _U1RXPPSbits 0272  
          set_pin_st@pin_number 0502           ?_set_pin_digital_mode 0502               ?_UART1_Write_Char 0501  
                      __Hrparam 0000                      vfprintf@ap 051E                        __Lrparam 0000  
                    vfprintf@fp 051B              ??_UART1_Write_Char 0502                      ?_vfpfcnvrt 050D  
              _reset_pin_pullup 3754                  ?_set_pin_input 0502             __end_of_set_pin_ttl 33D6  
       configure_pin@is_digital 0508                     _button_flag 0556               ??_UART1_Read_Char 0501  
               ___lwdiv@divisor 0504                 ___lwdiv@counter 0508                        __ptext10 4202  
                      __ptext11 45B4                        __ptext20 3BD8                        __ptext12 4434  
                      __ptext21 3CF6                        __ptext13 4044                        __ptext22 3F32  
                      __ptext14 32AC                        __ptext23 362A                        __ptext15 387E  
                      __ptext24 3E14                        __ptext16 33D6                        __ptext25 3754  
                      __ptext17 399C                        __ptext26 462C                        __ptext18 3500  
                      __ptext27 4554                        __ptext19 3ABA                        __ptext28 460E  
  set_pin_analog_mode@port_name 0505                      _U1CON0bits 02AB                      _U1CON1bits 02AC  
                    _U1CON2bits 02AD                      _U1FIFObits 02B0     set_pin_push_pull@pin_number 0502  
 set_pin_digital_mode@port_name 0505                    ??_set_pin_st 0503                        isa$xinst 0000  
       configure_pin@pin_number 0506                        _vfprintf 4504                       printf@fmt 0521  
                      main@argc 0526                        main@argv 0528          set_pin_input@port_name 0505  
              ??_set_pin_pullup 0503                ??_set_pin_output 0503              __end_of_set_pin_st 399C  
                      intlevel2 0000          ??_set_pin_digital_mode 0503                ___lwmod@dividend 0502  
              ___lldiv@dividend 0502            _button_press_counter 0552                   INT_ISR@dataRx 0501  
                      printf@ap 0524                      _UART1_Init 42A6                     _set_pin_ttl 32AC  
    configure_pin@enable_pullup 0509                     ??_vfpfcnvrt 0513                 ??_set_pin_input 0503  
    reset_pin_pullup@pin_number 0502                   _configure_pin 4044                ___lldiv@quotient 050A  
               ___lwmod@divisor 0504                 ___lwmod@counter 0506              UART1_Write_Char@ch 0502  
