

Microchip MPLAB XC8 Assembler V2.46 build 20240104201356 
                                                                                               Tue Oct 22 22:11:06 2024

Microchip MPLAB XC8 C Compiler v2.46 (Free license) build 20240104201356 Og1 
     1                           	processor	18F57Q43
     2                           	fnconf	rparam,??,?,0
     3                           	pagewidth 120
     4                           	opt	flic
     5                           	psect	cinit,global,reloc=2,class=CODE,delta=1
     6                           	psect	bssCOMRAM,global,class=COMRAM,space=1,delta=1,lowdata,noexec
     7                           	psect	cstackCOMRAM,global,class=COMRAM,space=1,delta=1,lowdata,noexec
     8                           	psect	text0,global,reloc=2,class=CODE,delta=1
     9                           	psect	text1,global,reloc=2,class=CODE,delta=1
    10                           	psect	text2,global,reloc=2,class=CODE,delta=1
    11                           	psect	text3,global,reloc=2,class=CODE,delta=1
    12                           	psect	text4,global,reloc=2,class=CODE,delta=1
    13                           	psect	text5,global,reloc=2,class=CODE,delta=1
    14                           	psect	text6,global,reloc=2,class=CODE,delta=1
    15                           	psect	text7,global,reloc=2,class=CODE,delta=1
    16                           	psect	text8,global,reloc=2,class=CODE,delta=1
    17                           	psect	text9,global,reloc=2,class=CODE,delta=1
    18                           	psect	text10,global,reloc=2,class=CODE,delta=1
    19                           	psect	text11,global,reloc=2,class=CODE,delta=1
    20                           	psect	text12,global,reloc=2,class=CODE,delta=1
    21                           	psect	text13,global,reloc=2,class=CODE,delta=1
    22                           	psect	text14,global,reloc=2,class=CODE,delta=1
    23                           	psect	text15,global,reloc=2,class=CODE,delta=1
    24                           	psect	text16,global,reloc=2,class=CODE,delta=1
    25                           	psect	text17,global,reloc=2,class=CODE,delta=1
    26                           	psect	text18,global,reloc=2,class=CODE,delta=1
    27                           	psect	text19,global,reloc=4,class=CODE,delta=1
    28                           	psect	ivt0x3008,global,reloc=2,class=CODE,delta=1,noexec,keep,optim=
    29                           	psect	smallconst,global,reloc=2,class=SMALLCONST,delta=1,noexec
    30                           	psect	intsave_regs,global,class=BIGRAM,space=1,delta=1,noexec
    31                           	psect	rparam,global,class=COMRAM,space=1,delta=1,noexec
    32                           	psect	config,global,abs,ovrld,class=CONFIG,space=4,delta=1,noexec
    33   000000                     
    34                           ; Generated 18/12/2023 GMT
    35                           ; 
    36                           ; Copyright © 2023, Microchip Technology Inc. and its subsidiaries ("Microchip")
    37                           ; All rights reserved.
    38                           ; 
    39                           ; This software is developed by Microchip Technology Inc. and its subsidiaries ("Microch
      +                          ip").
    40                           ; 
    41                           ; Redistribution and use in source and binary forms, with or without modification, are
    42                           ; permitted provided that the following conditions are met:
    43                           ; 
    44                           ;     1. Redistributions of source code must retain the above copyright notice, this lis
      +                          t of
    45                           ;        conditions and the following disclaimer.
    46                           ; 
    47                           ;     2. Redistributions in binary form must reproduce the above copyright notice, this 
      +                          list
    48                           ;        of conditions and the following disclaimer in the documentation and/or other
    49                           ;        materials provided with the distribution. Publication is not required when
    50                           ;        this file is used in an embedded application.
    51                           ; 
    52                           ;     3. Microchip's name may not be used to endorse or promote products derived from th
      +                          is
    53                           ;        software without specific prior written permission.
    54                           ; 
    55                           ; THIS SOFTWARE IS PROVIDED BY MICROCHIP "AS IS" AND ANY EXPRESS OR IMPLIED WARRANTIES,
    56                           ; INCLUDING, BUT NOT LIMITED TO, THE IMPLIED WARRANTIES OF MERCHANTABILITY AND FITNESS F
      +                          OR
    57                           ; PURPOSE ARE DISCLAIMED.  IN NO EVENT SHALL MICROCHIP BE LIABLE FOR ANY DIRECT, INDIREC
      +                          T,
    58                           ; INCIDENTAL, SPECIAL, EXEMPLARY, OR CONSEQUENTIAL DAMAGES (INCLUDING BUT NOT LIMITED TO
    59                           ; PROCUREMENT OF SUBSTITUTE GOODS OR SERVICES; LOSS OF USE, DATA OR PROFITS; OR BUSINESS
    60                           ; INTERRUPTION) HOWSOEVER CAUSED AND ON ANY THEORY OF LIABILITY, WHETHER IN CONTRACT, ST
      +                          RICT
    61                           ; LIABILITY, OR TORT (INCLUDING NEGLIGENCE OR OTHERWISE) ARISING IN ANY WAY OUT OF THE U
      +                          SE OF
    62                           ; THIS SOFTWARE, EVEN IF ADVISED OF THE POSSIBILITY OF SUCH DAMAGE.
    63                           ; 
    64                           ; 
    65                           ; Code-generator required, PIC18F57Q43 Definitions
    66                           ; 
    67                           ; SFR Addresses
    68   000000                     _T0CON0bits	set	794
    69   000000                     _T0CON1bits	set	795
    70   000000                     _ODCONF	set	1066
    71   000000                     _ODCONE	set	1058
    72   000000                     _ODCOND	set	1050
    73   000000                     _ODCONC	set	1042
    74   000000                     _ODCONB	set	1034
    75   000000                     _ODCONA	set	1026
    76   000000                     _SLRCONF	set	1067
    77   000000                     _SLRCONE	set	1059
    78   000000                     _SLRCOND	set	1051
    79   000000                     _SLRCONC	set	1043
    80   000000                     _SLRCONB	set	1035
    81   000000                     _SLRCONA	set	1027
    82   000000                     _INLVLF	set	1068
    83   000000                     _INLVLE	set	1060
    84   000000                     _INLVLD	set	1052
    85   000000                     _INLVLC	set	1044
    86   000000                     _INLVLB	set	1036
    87   000000                     _INLVLA	set	1028
    88   000000                     _WPUF	set	1065
    89   000000                     _WPUE	set	1057
    90   000000                     _WPUD	set	1049
    91   000000                     _WPUC	set	1041
    92   000000                     _WPUB	set	1033
    93   000000                     _WPUA	set	1025
    94   000000                     _ANSELF	set	1064
    95   000000                     _ANSELE	set	1056
    96   000000                     _ANSELD	set	1048
    97   000000                     _ANSELC	set	1040
    98   000000                     _ANSELB	set	1032
    99   000000                     _LATDbits	set	1217
   100   000000                     _LATFbits	set	1219
   101   000000                     _PORTBbits	set	1231
   102   000000                     _OSCCON1	set	173
   103   000000                     _ANSELA	set	1024
   104   000000                     _TRISA	set	1222
   105   000000                     _PORTA	set	1230
   106   000000                     _TRISF	set	1227
   107   000000                     _TRISE	set	1226
   108   000000                     _TRISD	set	1225
   109   000000                     _TRISC	set	1224
   110   000000                     _TRISB	set	1223
   111   000000                     _IVTBASEL	set	1117
   112   000000                     _IVTBASEH	set	1118
   113   000000                     _IVTBASEU	set	1119
   114   000000                     _PIE1bits	set	1183
   115   000000                     _PIE3bits	set	1185
   116   000000                     _PIR3bits	set	1201
   117   000000                     _LATA	set	1214
   118   000000                     _LATF	set	1219
   119   000000                     _LATE	set	1218
   120   000000                     _LATD	set	1217
   121   000000                     _LATC	set	1216
   122   000000                     _LATB	set	1215
   123   000000                     _INTCON0bits	set	1238
   124   000000                     _PORTF	set	1235
   125   000000                     _PORTE	set	1234
   126   000000                     _PORTD	set	1233
   127   000000                     _PORTC	set	1232
   128   000000                     _PORTB	set	1231
   129   000000                     _TMR0L	set	792
   130   000000                     _TMR0H	set	793
   131   000000                     _IPR1bits	set	867
   132   000000                     _IPR3bits	set	869
   133   000000                     _PIR1bits	set	1199
   134                           
   135                           ; #config settings
   136                           
   137                           	psect	cinit
   138   004130                     __pcinit:
   139                           	callstack 0
   140   004130                     start_initialization:
   141                           	callstack 0
   142   004130                     __initialization:
   143                           	callstack 0
   144                           
   145                           ; Clear objects allocated to COMRAM (3 bytes)
   146   004130  6A14               	clrf	(__pbssCOMRAM+2)& (0+255),c
   147   004132  6A13               	clrf	(__pbssCOMRAM+1)& (0+255),c
   148   004134  6A12               	clrf	__pbssCOMRAM& (0+255),c
   149                           
   150                           ;
   151                           ; Setup IVTBASE
   152                           ;
   153   004136  0104               	movlb	4
   154   004138  0E08               	movlw	(ivt0x3008_base shr 0)& (0+255)
   155   00413A  6F5D               	movwf	93,b
   156   00413C  0E30               	movlw	(ivt0x3008_base shr (0+8))& (0+255)
   157   00413E  6F5E               	movwf	94,b
   158   004140  0E00               	movlw	(ivt0x3008_base shr (0+16))& (0+255)
   159   004142  6F5F               	movwf	95,b
   160   004144                     end_of_initialization:
   161                           	callstack 0
   162   004144                     __end_of__initialization:
   163                           	callstack 0
   164   004144  0100               	movlb	0
   165   004146  EF6B  F020         	goto	_main	;jump to C main() function
   166                           
   167                           	psect	bssCOMRAM
   168   000512                     __pbssCOMRAM:
   169                           	callstack 0
   170   000512                     _button_press_counter:
   171                           	callstack 0
   172   000512                     	ds	1
   173   000513                     _x:
   174                           	callstack 0
   175   000513                     	ds	1
   176   000514                     _button_flag:
   177                           	callstack 0
   178   000514                     	ds	1
   179                           
   180                           	psect	cstackCOMRAM
   181   000501                     __pcstackCOMRAM:
   182                           	callstack 0
   183   000501                     set_pin_input@pin_number:
   184                           	callstack 0
   185   000501                     set_pin_output@pin_number:
   186                           	callstack 0
   187   000501                     set_pin_digital_mode@pin_number:
   188                           	callstack 0
   189   000501                     set_pin_analog_mode@pin_number:
   190                           	callstack 0
   191   000501                     set_pin_pullup@pin_number:
   192                           	callstack 0
   193   000501                     reset_pin_pullup@pin_number:
   194                           	callstack 0
   195   000501                     set_pin_st@pin_number:
   196                           	callstack 0
   197   000501                     set_pin_ttl@pin_number:
   198                           	callstack 0
   199   000501                     set_pin_sr_limited@pin_number:
   200                           	callstack 0
   201   000501                     set_pin_sr_maximum@pin_number:
   202                           	callstack 0
   203   000501                     set_pin_push_pull@pin_number:
   204                           	callstack 0
   205   000501                     set_pin_open_drain@pin_number:
   206                           	callstack 0
   207   000501                     TIMER0_Init@timer_mode:
   208                           	callstack 0
   209   000501                     TIMER0_Write@TMR0L_value:
   210                           	callstack 0
   211                           
   212                           ; 1 bytes @ 0x0
   213   000501                     	ds	1
   214   000502                     ??_set_pin_input:
   215   000502                     ??_set_pin_output:
   216   000502                     ??_set_pin_digital_mode:
   217   000502                     ??_set_pin_analog_mode:
   218   000502                     ??_set_pin_pullup:
   219   000502                     ??_reset_pin_pullup:
   220   000502                     ??_set_pin_st:
   221   000502                     ??_set_pin_ttl:
   222   000502                     ??_set_pin_sr_limited:
   223   000502                     ??_set_pin_sr_maximum:
   224   000502                     ??_set_pin_push_pull:
   225   000502                     ??_set_pin_open_drain:
   226   000502                     TIMER0_Init@timer_async:
   227                           	callstack 0
   228   000502                     TIMER0_Write@TMR0H_value:
   229                           	callstack 0
   230                           
   231                           ; 1 bytes @ 0x1
   232   000502                     	ds	1
   233   000503                     TIMER0_Init@timer_prescaler:
   234                           	callstack 0
   235                           
   236                           ; 1 bytes @ 0x2
   237   000503                     	ds	1
   238   000504                     ??_TIMER0_Init:
   239   000504                     set_pin_input@port_name:
   240                           	callstack 0
   241   000504                     set_pin_output@port_name:
   242                           	callstack 0
   243   000504                     set_pin_digital_mode@port_name:
   244                           	callstack 0
   245   000504                     set_pin_analog_mode@port_name:
   246                           	callstack 0
   247   000504                     set_pin_pullup@port_name:
   248                           	callstack 0
   249   000504                     reset_pin_pullup@port_name:
   250                           	callstack 0
   251   000504                     set_pin_st@port_name:
   252                           	callstack 0
   253   000504                     set_pin_ttl@port_name:
   254                           	callstack 0
   255   000504                     set_pin_sr_limited@port_name:
   256                           	callstack 0
   257   000504                     set_pin_sr_maximum@port_name:
   258                           	callstack 0
   259   000504                     set_pin_push_pull@port_name:
   260                           	callstack 0
   261   000504                     set_pin_open_drain@port_name:
   262                           	callstack 0
   263                           
   264                           ; 1 bytes @ 0x3
   265   000504                     	ds	1
   266   000505                     configure_pin@pin_number:
   267                           	callstack 0
   268   000505                     TIMER0_Init@timer_clock_source:
   269                           	callstack 0
   270                           
   271                           ; 1 bytes @ 0x4
   272   000505                     	ds	1
   273   000506                     configure_pin@is_input:
   274                           	callstack 0
   275                           
   276                           ; 1 bytes @ 0x5
   277   000506                     	ds	1
   278   000507                     configure_pin@is_digital:
   279                           	callstack 0
   280                           
   281                           ; 1 bytes @ 0x6
   282   000507                     	ds	1
   283   000508                     configure_pin@enable_pullup:
   284                           	callstack 0
   285                           
   286                           ; 1 bytes @ 0x7
   287   000508                     	ds	1
   288   000509                     configure_pin@use_ttl:
   289                           	callstack 0
   290                           
   291                           ; 1 bytes @ 0x8
   292   000509                     	ds	1
   293   00050A                     configure_pin@slew_rate_limited:
   294                           	callstack 0
   295                           
   296                           ; 1 bytes @ 0x9
   297   00050A                     	ds	1
   298   00050B                     configure_pin@use_push_pull:
   299                           	callstack 0
   300                           
   301                           ; 1 bytes @ 0xA
   302   00050B                     	ds	1
   303   00050C                     configure_pin@port_name:
   304                           	callstack 0
   305                           
   306                           ; 1 bytes @ 0xB
   307   00050C                     	ds	1
   308   00050D                     
   309                           ; 2 bytes @ 0xC
   310   00050D                     	ds	2
   311   00050F                     
   312                           ; 3 bytes @ 0xE
   313   00050F                     	ds	3
   314   000512                     
   315                           ; 1 bytes @ 0x11
   316 ;;
   317 ;;Main: autosize = 0, tempsize = 0, incstack = 0, save=0
   318 ;;
   319 ;; *************** function _main *****************
   320 ;; Defined at:
   321 ;;		line 15 in file "main.c"
   322 ;; Parameters:    Size  Location     Type
   323 ;;  argc            2   12[COMRAM] int 
   324 ;;  argv            3   14[COMRAM] PTR PTR unsigned char 
   325 ;; Auto vars:     Size  Location     Type
   326 ;;		None
   327 ;; Return value:  Size  Location     Type
   328 ;;                  2   12[COMRAM] int 
   329 ;; Registers used:
   330 ;;		wreg, status,2, status,0, cstack
   331 ;; Tracked objects:
   332 ;;		On entry : 0/0
   333 ;;		On exit  : 0/0
   334 ;;		Unchanged: 0/0
   335 ;; Data sizes:     COMRAM   BANK5   BANK6   BANK7   BANK8   BANK9  BANK10  BANK11  BANK12  BANK13  BANK14  BANK15  BANK1
      +6  BANK17  BANK18  BANK19  BANK20  BANK21  BANK22  BANK23  BANK24  BANK25  BANK26  BANK27  BANK28  BANK29  BANK30  BANK3
      +1  BANK32  BANK33  BANK34  BANK35  BANK36
   336 ;;      Params:         5       0       0       0       0       0       0       0       0       0       0       0       
      +0       0       0       0       0       0       0       0       0       0       0       0       0       0       0       
      +0       0       0       0       0       0
   337 ;;      Locals:         0       0       0       0       0       0       0       0       0       0       0       0       
      +0       0       0       0       0       0       0       0       0       0       0       0       0       0       0       
      +0       0       0       0       0       0
   338 ;;      Temps:          0       0       0       0       0       0       0       0       0       0       0       0       
      +0       0       0       0       0       0       0       0       0       0       0       0       0       0       0       
      +0       0       0       0       0       0
   339 ;;      Totals:         5       0       0       0       0       0       0       0       0       0       0       0       
      +0       0       0       0       0       0       0       0       0       0       0       0       0       0       0       
      +0       0       0       0       0       0
   340 ;;Total ram usage:        5 bytes
   341 ;; Hardware stack levels required when called: 4
   342 ;; This function calls:
   343 ;;		_Clock_Init
   344 ;;		_GPIO_Init
   345 ;;		_INTERRUPT_Init
   346 ;;		_TIMER0_Init
   347 ;;		_TIMER0_Write
   348 ;; This function is called by:
   349 ;;		Startup code after reset
   350 ;; This function uses a non-reentrant model
   351 ;;
   352                           
   353                           	psect	text0
   354   0040D6                     __ptext0:
   355                           	callstack 0
   356   0040D6                     _main:
   357                           	callstack 123
   358   0040D6                     
   359                           ;main.c: 17: 
   360   0040D6  ECAD  F020         	call	_Clock_Init	;wreg free
   361   0040DA                     
   362                           ;main.c: 18: void GPIO_Init(void)
   363   0040DA  EC16  F020         	call	_GPIO_Init	;wreg free
   364   0040DE                     
   365                           ;main.c: 19: {
   366   0040DE  0E01               	movlw	1
   367   0040E0  6E01               	movwf	TIMER0_Init@timer_mode^(0+1280),c
   368   0040E2  0E00               	movlw	0
   369   0040E4  6E02               	movwf	TIMER0_Init@timer_async^(0+1280),c
   370   0040E6  0E00               	movlw	0
   371   0040E8  6E03               	movwf	TIMER0_Init@timer_prescaler^(0+1280),c
   372   0040EA  0E02               	movlw	2
   373   0040EC  EC4C  F020         	call	_TIMER0_Init
   374                           
   375                           ;main.c: 20: 
   376   0040F0  0E7F               	movlw	127
   377   0040F2  6E01               	movwf	TIMER0_Write@TMR0L_value^(0+1280),c
   378   0040F4  0EC1               	movlw	193
   379   0040F6  ECA5  F020         	call	_TIMER0_Write
   380                           
   381                           ;main.c: 21:     configure_pin(PORT_F, 3, 0, 1, 0, 1, 1, 1);
   382   0040FA  EC83  F020         	call	_INTERRUPT_Init	;wreg free
   383   0040FE                     l385:
   384   0040FE  EF7F  F020         	goto	l385
   385   004102  EF81  F018         	goto	start
   386   004106                     __end_of_main:
   387                           	callstack 0
   388                           
   389 ;; *************** function _TIMER0_Write *****************
   390 ;; Defined at:
   391 ;;		line 12 in file "timers.c"
   392 ;; Parameters:    Size  Location     Type
   393 ;;  TMR0H_value     1    wreg     unsigned char 
   394 ;;  TMR0L_value     1    0[COMRAM] unsigned char 
   395 ;; Auto vars:     Size  Location     Type
   396 ;;  TMR0H_value     1    1[COMRAM] unsigned char 
   397 ;; Return value:  Size  Location     Type
   398 ;;                  1    wreg      void 
   399 ;; Registers used:
   400 ;;		wreg
   401 ;; Tracked objects:
   402 ;;		On entry : 0/0
   403 ;;		On exit  : 0/0
   404 ;;		Unchanged: 0/0
   405 ;; Data sizes:     COMRAM   BANK5   BANK6   BANK7   BANK8   BANK9  BANK10  BANK11  BANK12  BANK13  BANK14  BANK15  BANK1
      +6  BANK17  BANK18  BANK19  BANK20  BANK21  BANK22  BANK23  BANK24  BANK25  BANK26  BANK27  BANK28  BANK29  BANK30  BANK3
      +1  BANK32  BANK33  BANK34  BANK35  BANK36
   406 ;;      Params:         1       0       0       0       0       0       0       0       0       0       0       0       
      +0       0       0       0       0       0       0       0       0       0       0       0       0       0       0       
      +0       0       0       0       0       0
   407 ;;      Locals:         1       0       0       0       0       0       0       0       0       0       0       0       
      +0       0       0       0       0       0       0       0       0       0       0       0       0       0       0       
      +0       0       0       0       0       0
   408 ;;      Temps:          0       0       0       0       0       0       0       0       0       0       0       0       
      +0       0       0       0       0       0       0       0       0       0       0       0       0       0       0       
      +0       0       0       0       0       0
   409 ;;      Totals:         2       0       0       0       0       0       0       0       0       0       0       0       
      +0       0       0       0       0       0       0       0       0       0       0       0       0       0       0       
      +0       0       0       0       0       0
   410 ;;Total ram usage:        2 bytes
   411 ;; Hardware stack levels used: 1
   412 ;; Hardware stack levels required when called: 1
   413 ;; This function calls:
   414 ;;		Nothing
   415 ;; This function is called by:
   416 ;;		_main
   417 ;; This function uses a non-reentrant model
   418 ;;
   419                           
   420                           	psect	text1
   421   00414A                     __ptext1:
   422                           	callstack 0
   423   00414A                     _TIMER0_Write:
   424                           	callstack 125
   425                           
   426                           ;incstack = 0
   427                           ;TIMER0_Write@TMR0H_value stored from wreg
   428   00414A  6E02               	movwf	TIMER0_Write@TMR0H_value^(0+1280),c
   429   00414C                     
   430                           ;timers.c: 12: void TIMER0_Write(uint8_t TMR0H_value, uint8_t TMR0L_value);timers.c: 13:
      +                           {;timers.c: 14:     TMR0H = TMR0H_value;
   431   00414C  C502  F319         	movff	TIMER0_Write@TMR0H_value,793	;volatile
   432   004150                     
   433                           ;timers.c: 15:     TMR0L = TMR0L_value;
   434   004150  C501  F318         	movff	TIMER0_Write@TMR0L_value,792	;volatile
   435   004154                     
   436                           ;timers.c: 16:     T0CON0bits.EN = 1;
   437   004154  0103               	movlb	3	; () banked
   438   004156  8F1A               	bsf	26,7,b	;volatile
   439   004158                     
   440                           ; BSR set to: 3
   441   004158  0012               	return		;funcret
   442   00415A                     __end_of_TIMER0_Write:
   443                           	callstack 0
   444                           
   445 ;; *************** function _TIMER0_Init *****************
   446 ;; Defined at:
   447 ;;		line 3 in file "timers.c"
   448 ;; Parameters:    Size  Location     Type
   449 ;;  timer_clock_    1    wreg     enum E17115
   450 ;;  timer_mode      1    0[COMRAM] enum E17125
   451 ;;  timer_async     1    1[COMRAM] enum E17129
   452 ;;  timer_presca    1    2[COMRAM] enum E17133
   453 ;; Auto vars:     Size  Location     Type
   454 ;;  timer_clock_    1    4[COMRAM] enum E17115
   455 ;; Return value:  Size  Location     Type
   456 ;;                  1    wreg      void 
   457 ;; Registers used:
   458 ;;		wreg, status,2, status,0
   459 ;; Tracked objects:
   460 ;;		On entry : 0/0
   461 ;;		On exit  : 0/0
   462 ;;		Unchanged: 0/0
   463 ;; Data sizes:     COMRAM   BANK5   BANK6   BANK7   BANK8   BANK9  BANK10  BANK11  BANK12  BANK13  BANK14  BANK15  BANK1
      +6  BANK17  BANK18  BANK19  BANK20  BANK21  BANK22  BANK23  BANK24  BANK25  BANK26  BANK27  BANK28  BANK29  BANK30  BANK3
      +1  BANK32  BANK33  BANK34  BANK35  BANK36
   464 ;;      Params:         3       0       0       0       0       0       0       0       0       0       0       0       
      +0       0       0       0       0       0       0       0       0       0       0       0       0       0       0       
      +0       0       0       0       0       0
   465 ;;      Locals:         1       0       0       0       0       0       0       0       0       0       0       0       
      +0       0       0       0       0       0       0       0       0       0       0       0       0       0       0       
      +0       0       0       0       0       0
   466 ;;      Temps:          1       0       0       0       0       0       0       0       0       0       0       0       
      +0       0       0       0       0       0       0       0       0       0       0       0       0       0       0       
      +0       0       0       0       0       0
   467 ;;      Totals:         5       0       0       0       0       0       0       0       0       0       0       0       
      +0       0       0       0       0       0       0       0       0       0       0       0       0       0       0       
      +0       0       0       0       0       0
   468 ;;Total ram usage:        5 bytes
   469 ;; Hardware stack levels used: 1
   470 ;; Hardware stack levels required when called: 1
   471 ;; This function calls:
   472 ;;		Nothing
   473 ;; This function is called by:
   474 ;;		_main
   475 ;; This function uses a non-reentrant model
   476 ;;
   477                           
   478                           	psect	text2
   479   004098                     __ptext2:
   480                           	callstack 0
   481   004098                     _TIMER0_Init:
   482                           	callstack 125
   483                           
   484                           ; BSR set to: 3
   485                           ;incstack = 0
   486                           ;TIMER0_Init@timer_clock_source stored from wreg
   487   004098  6E05               	movwf	TIMER0_Init@timer_clock_source^(0+1280),c
   488   00409A                     
   489                           ;timers.c: 3: void TIMER0_Init(timerClockSource_t timer_clock_source, timerMode_t timer_
      +                          mode, timerAsync_t timer_async, timerPrescaler_t timer_prescaler);timers.c: 4: {;timers.
      +                          c: 5:     T0CON1bits.CS = timer_clock_source;
   490   00409A  C505  F504         	movff	TIMER0_Init@timer_clock_source,??_TIMER0_Init
   491   00409E  3A04               	swapf	??_TIMER0_Init^(0+1280),f,c
   492   0040A0  4604               	rlncf	??_TIMER0_Init^(0+1280),f,c
   493   0040A2  0103               	movlb	3	; () banked
   494   0040A4  511B               	movf	27,w,b	;volatile
   495   0040A6  1804               	xorwf	??_TIMER0_Init^(0+1280),w,c
   496   0040A8  0B1F               	andlw	-225
   497   0040AA  1804               	xorwf	??_TIMER0_Init^(0+1280),w,c
   498   0040AC  6F1B               	movwf	27,b	;volatile
   499   0040AE                     
   500                           ; BSR set to: 3
   501                           ;timers.c: 6:     T0CON0bits.MD16 = timer_mode;
   502   0040AE  B001               	btfsc	TIMER0_Init@timer_mode^(0+1280),0,c
   503   0040B0  D002               	bra	u1845
   504   0040B2  991A               	bcf	26,4,b	;volatile
   505   0040B4  D002               	bra	u1846
   506   0040B6                     u1845:
   507   0040B6  0103               	movlb	3	; () banked
   508   0040B8  891A               	bsf	26,4,b	;volatile
   509   0040BA                     u1846:
   510   0040BA                     
   511                           ; BSR set to: 3
   512                           ;timers.c: 7:     T0CON1bits.ASYNC = timer_async;
   513   0040BA  B002               	btfsc	TIMER0_Init@timer_async^(0+1280),0,c
   514   0040BC  D002               	bra	u1855
   515   0040BE  991B               	bcf	27,4,b	;volatile
   516   0040C0  D002               	bra	u1856
   517   0040C2                     u1855:
   518   0040C2  0103               	movlb	3	; () banked
   519   0040C4  891B               	bsf	27,4,b	;volatile
   520   0040C6                     u1856:
   521                           
   522                           ;timers.c: 8:     T0CON1bits.CKPS = timer_prescaler;
   523   0040C6  511B               	movf	27,w,b	;volatile
   524   0040C8  1803               	xorwf	TIMER0_Init@timer_prescaler^(0+1280),w,c
   525   0040CA  0BF0               	andlw	-16
   526   0040CC  1803               	xorwf	TIMER0_Init@timer_prescaler^(0+1280),w,c
   527   0040CE  6F1B               	movwf	27,b	;volatile
   528   0040D0                     
   529                           ; BSR set to: 3
   530                           ;timers.c: 9:     T0CON0bits.OUTPS = 0b0000;
   531   0040D0  0EF0               	movlw	-16
   532   0040D2  171A               	andwf	26,f,b	;volatile
   533   0040D4                     
   534                           ; BSR set to: 3
   535   0040D4  0012               	return		;funcret
   536   0040D6                     __end_of_TIMER0_Init:
   537                           	callstack 0
   538                           
   539 ;; *************** function _INTERRUPT_Init *****************
   540 ;; Defined at:
   541 ;;		line 4 in file "interrupt.c"
   542 ;; Parameters:    Size  Location     Type
   543 ;;		None
   544 ;; Auto vars:     Size  Location     Type
   545 ;;		None
   546 ;; Return value:  Size  Location     Type
   547 ;;                  1    wreg      void 
   548 ;; Registers used:
   549 ;;		wreg, status,2
   550 ;; Tracked objects:
   551 ;;		On entry : 0/0
   552 ;;		On exit  : 0/0
   553 ;;		Unchanged: 0/0
   554 ;; Data sizes:     COMRAM   BANK5   BANK6   BANK7   BANK8   BANK9  BANK10  BANK11  BANK12  BANK13  BANK14  BANK15  BANK1
      +6  BANK17  BANK18  BANK19  BANK20  BANK21  BANK22  BANK23  BANK24  BANK25  BANK26  BANK27  BANK28  BANK29  BANK30  BANK3
      +1  BANK32  BANK33  BANK34  BANK35  BANK36
   555 ;;      Params:         0       0       0       0       0       0       0       0       0       0       0       0       
      +0       0       0       0       0       0       0       0       0       0       0       0       0       0       0       
      +0       0       0       0       0       0
   556 ;;      Locals:         0       0       0       0       0       0       0       0       0       0       0       0       
      +0       0       0       0       0       0       0       0       0       0       0       0       0       0       0       
      +0       0       0       0       0       0
   557 ;;      Temps:          0       0       0       0       0       0       0       0       0       0       0       0       
      +0       0       0       0       0       0       0       0       0       0       0       0       0       0       0       
      +0       0       0       0       0       0
   558 ;;      Totals:         0       0       0       0       0       0       0       0       0       0       0       0       
      +0       0       0       0       0       0       0       0       0       0       0       0       0       0       0       
      +0       0       0       0       0       0
   559 ;;Total ram usage:        0 bytes
   560 ;; Hardware stack levels used: 1
   561 ;; Hardware stack levels required when called: 1
   562 ;; This function calls:
   563 ;;		Nothing
   564 ;; This function is called by:
   565 ;;		_main
   566 ;; This function uses a non-reentrant model
   567 ;;
   568                           
   569                           	psect	text3
   570   004106                     __ptext3:
   571                           	callstack 0
   572   004106                     _INTERRUPT_Init:
   573                           	callstack 125
   574   004106                     
   575                           ;interrupt.c: 7:     INTCON0bits.IPEN = 1;
   576   004106  8AD6               	bsf	214,5,c	;volatile
   577                           
   578                           ;interrupt.c: 8:     INTCON0bits.GIEH = 1;
   579   004108  8ED6               	bsf	214,7,c	;volatile
   580                           
   581                           ;interrupt.c: 9:     INTCON0bits.GIEL = 1;
   582   00410A  8CD6               	bsf	214,6,c	;volatile
   583                           
   584                           ;interrupt.c: 13:     PIR3bits.TMR0IF = 1;
   585   00410C  8EB1               	bsf	177,7,c	;volatile
   586                           
   587                           ;interrupt.c: 14:     PIE3bits.TMR0IE = 1;
   588   00410E  8EA1               	bsf	161,7,c	;volatile
   589                           
   590                           ;interrupt.c: 15:     IPR3bits.TMR0IP = 0;
   591   004110  0103               	movlb	3	; () banked
   592   004112  9F65               	bcf	101,7,b	;volatile
   593                           
   594                           ;interrupt.c: 18:     INTCON0bits.INT0EDG = 0;
   595   004114  90D6               	bcf	214,0,c	;volatile
   596                           
   597                           ;interrupt.c: 19:     PIR1bits.INT0IF = 0;
   598   004116  90AF               	bcf	175,0,c	;volatile
   599                           
   600                           ;interrupt.c: 20:     PIE1bits.INT0IE = 1;
   601   004118  809F               	bsf	159,0,c	;volatile
   602                           
   603                           ;interrupt.c: 21:     IPR1bits.INT0IP = 1;
   604   00411A  8163               	bsf	99,0,b	;volatile
   605                           
   606                           ;interrupt.c: 25:     (INTCON0bits.GIE = 0);
   607   00411C  9ED6               	bcf	214,7,c	;volatile
   608   00411E                     
   609                           ; BSR set to: 3
   610                           ;interrupt.c: 26:     IVTBASEU = 0x00;
   611   00411E  0E00               	movlw	0
   612   004120  0104               	movlb	4	; () banked
   613   004122  6F5F               	movwf	95,b	;volatile
   614                           
   615                           ;interrupt.c: 27:     IVTBASEH = 0x30;
   616   004124  0E30               	movlw	48
   617   004126  6F5E               	movwf	94,b	;volatile
   618                           
   619                           ;interrupt.c: 28:     IVTBASEL = 0x08;
   620   004128  0E08               	movlw	8
   621   00412A  6F5D               	movwf	93,b	;volatile
   622   00412C                     
   623                           ; BSR set to: 4
   624                           ;interrupt.c: 29:     (INTCON0bits.GIE = 1);
   625   00412C  8ED6               	bsf	214,7,c	;volatile
   626   00412E                     
   627                           ; BSR set to: 4
   628   00412E  0012               	return		;funcret
   629   004130                     __end_of_INTERRUPT_Init:
   630                           	callstack 0
   631                           
   632 ;; *************** function _GPIO_Init *****************
   633 ;; Defined at:
   634 ;;		line 31 in file "main.c"
   635 ;; Parameters:    Size  Location     Type
   636 ;;		None
   637 ;; Auto vars:     Size  Location     Type
   638 ;;		None
   639 ;; Return value:  Size  Location     Type
   640 ;;                  1    wreg      void 
   641 ;; Registers used:
   642 ;;		wreg, status,2, status,0, cstack
   643 ;; Tracked objects:
   644 ;;		On entry : 0/0
   645 ;;		On exit  : 0/0
   646 ;;		Unchanged: 0/0
   647 ;; Data sizes:     COMRAM   BANK5   BANK6   BANK7   BANK8   BANK9  BANK10  BANK11  BANK12  BANK13  BANK14  BANK15  BANK1
      +6  BANK17  BANK18  BANK19  BANK20  BANK21  BANK22  BANK23  BANK24  BANK25  BANK26  BANK27  BANK28  BANK29  BANK30  BANK3
      +1  BANK32  BANK33  BANK34  BANK35  BANK36
   648 ;;      Params:         0       0       0       0       0       0       0       0       0       0       0       0       
      +0       0       0       0       0       0       0       0       0       0       0       0       0       0       0       
      +0       0       0       0       0       0
   649 ;;      Locals:         0       0       0       0       0       0       0       0       0       0       0       0       
      +0       0       0       0       0       0       0       0       0       0       0       0       0       0       0       
      +0       0       0       0       0       0
   650 ;;      Temps:          0       0       0       0       0       0       0       0       0       0       0       0       
      +0       0       0       0       0       0       0       0       0       0       0       0       0       0       0       
      +0       0       0       0       0       0
   651 ;;      Totals:         0       0       0       0       0       0       0       0       0       0       0       0       
      +0       0       0       0       0       0       0       0       0       0       0       0       0       0       0       
      +0       0       0       0       0       0
   652 ;;Total ram usage:        0 bytes
   653 ;; Hardware stack levels used: 1
   654 ;; Hardware stack levels required when called: 3
   655 ;; This function calls:
   656 ;;		_configure_pin
   657 ;; This function is called by:
   658 ;;		_main
   659 ;; This function uses a non-reentrant model
   660 ;;
   661                           
   662                           	psect	text4
   663   00402C                     __ptext4:
   664                           	callstack 0
   665   00402C                     _GPIO_Init:
   666                           	callstack 123
   667   00402C  0E03               	movlw	3
   668   00402E  6E05               	movwf	configure_pin@pin_number^(0+1280),c
   669   004030  0E00               	movlw	0
   670   004032  6E06               	movwf	configure_pin@is_input^(0+1280),c
   671   004034  0E01               	movlw	1
   672   004036  6E07               	movwf	configure_pin@is_digital^(0+1280),c
   673   004038  0E00               	movlw	0
   674   00403A  6E08               	movwf	configure_pin@enable_pullup^(0+1280),c
   675   00403C  0E01               	movlw	1
   676   00403E  6E09               	movwf	configure_pin@use_ttl^(0+1280),c
   677   004040  0E01               	movlw	1
   678   004042  6E0A               	movwf	configure_pin@slew_rate_limited^(0+1280),c
   679   004044  0E01               	movlw	1
   680   004046  6E0B               	movwf	configure_pin@use_push_pull^(0+1280),c
   681   004048  0E46               	movlw	70
   682   00404A  EC4F  F01F         	call	_configure_pin
   683   00404E  86C3               	bsf	195,3,c	;volatile
   684   004050  0E00               	movlw	0
   685   004052  6E05               	movwf	configure_pin@pin_number^(0+1280),c
   686   004054  0E00               	movlw	0
   687   004056  6E06               	movwf	configure_pin@is_input^(0+1280),c
   688   004058  0E01               	movlw	1
   689   00405A  6E07               	movwf	configure_pin@is_digital^(0+1280),c
   690   00405C  0E00               	movlw	0
   691   00405E  6E08               	movwf	configure_pin@enable_pullup^(0+1280),c
   692   004060  0E01               	movlw	1
   693   004062  6E09               	movwf	configure_pin@use_ttl^(0+1280),c
   694   004064  0E01               	movlw	1
   695   004066  6E0A               	movwf	configure_pin@slew_rate_limited^(0+1280),c
   696   004068  0E01               	movlw	1
   697   00406A  6E0B               	movwf	configure_pin@use_push_pull^(0+1280),c
   698   00406C  0E44               	movlw	68
   699   00406E  EC4F  F01F         	call	_configure_pin
   700   004072  90C1               	bcf	193,0,c	;volatile
   701   004074  0E00               	movlw	0
   702   004076  6E05               	movwf	configure_pin@pin_number^(0+1280),c
   703   004078  0E01               	movlw	1
   704   00407A  6E06               	movwf	configure_pin@is_input^(0+1280),c
   705   00407C  0E01               	movlw	1
   706   00407E  6E07               	movwf	configure_pin@is_digital^(0+1280),c
   707   004080  0E01               	movlw	1
   708   004082  6E08               	movwf	configure_pin@enable_pullup^(0+1280),c
   709   004084  0E01               	movlw	1
   710   004086  6E09               	movwf	configure_pin@use_ttl^(0+1280),c
   711   004088  0E01               	movlw	1
   712   00408A  6E0A               	movwf	configure_pin@slew_rate_limited^(0+1280),c
   713   00408C  0E01               	movlw	1
   714   00408E  6E0B               	movwf	configure_pin@use_push_pull^(0+1280),c
   715   004090  0E42               	movlw	66
   716   004092  EC4F  F01F         	call	_configure_pin
   717   004096  0012               	return		;funcret
   718   004098                     __end_of_GPIO_Init:
   719                           	callstack 0
   720                           
   721 ;; *************** function _configure_pin *****************
   722 ;; Defined at:
   723 ;;		line 325 in file "gpio.c"
   724 ;; Parameters:    Size  Location     Type
   725 ;;  port_name       1    wreg     enum E17445
   726 ;;  pin_number      1    4[COMRAM] unsigned char 
   727 ;;  is_input        1    5[COMRAM] _Bool 
   728 ;;  is_digital      1    6[COMRAM] _Bool 
   729 ;;  enable_pullu    1    7[COMRAM] _Bool 
   730 ;;  use_ttl         1    8[COMRAM] _Bool 
   731 ;;  slew_rate_li    1    9[COMRAM] _Bool 
   732 ;;  use_push_pul    1   10[COMRAM] _Bool 
   733 ;; Auto vars:     Size  Location     Type
   734 ;;  port_name       1   11[COMRAM] enum E17445
   735 ;; Return value:  Size  Location     Type
   736 ;;                  1    wreg      void 
   737 ;; Registers used:
   738 ;;		wreg, status,2, status,0, cstack
   739 ;; Tracked objects:
   740 ;;		On entry : 0/0
   741 ;;		On exit  : 0/0
   742 ;;		Unchanged: 0/0
   743 ;; Data sizes:     COMRAM   BANK5   BANK6   BANK7   BANK8   BANK9  BANK10  BANK11  BANK12  BANK13  BANK14  BANK15  BANK1
      +6  BANK17  BANK18  BANK19  BANK20  BANK21  BANK22  BANK23  BANK24  BANK25  BANK26  BANK27  BANK28  BANK29  BANK30  BANK3
      +1  BANK32  BANK33  BANK34  BANK35  BANK36
   744 ;;      Params:         7       0       0       0       0       0       0       0       0       0       0       0       
      +0       0       0       0       0       0       0       0       0       0       0       0       0       0       0       
      +0       0       0       0       0       0
   745 ;;      Locals:         1       0       0       0       0       0       0       0       0       0       0       0       
      +0       0       0       0       0       0       0       0       0       0       0       0       0       0       0       
      +0       0       0       0       0       0
   746 ;;      Temps:          0       0       0       0       0       0       0       0       0       0       0       0       
      +0       0       0       0       0       0       0       0       0       0       0       0       0       0       0       
      +0       0       0       0       0       0
   747 ;;      Totals:         8       0       0       0       0       0       0       0       0       0       0       0       
      +0       0       0       0       0       0       0       0       0       0       0       0       0       0       0       
      +0       0       0       0       0       0
   748 ;;Total ram usage:        8 bytes
   749 ;; Hardware stack levels used: 1
   750 ;; Hardware stack levels required when called: 2
   751 ;; This function calls:
   752 ;;		_reset_pin_pullup
   753 ;;		_set_pin_analog_mode
   754 ;;		_set_pin_digital_mode
   755 ;;		_set_pin_input
   756 ;;		_set_pin_open_drain
   757 ;;		_set_pin_output
   758 ;;		_set_pin_pullup
   759 ;;		_set_pin_push_pull
   760 ;;		_set_pin_sr_limited
   761 ;;		_set_pin_sr_maximum
   762 ;;		_set_pin_st
   763 ;;		_set_pin_ttl
   764 ;; This function is called by:
   765 ;;		_GPIO_Init
   766 ;; This function uses a non-reentrant model
   767 ;;
   768                           
   769                           	psect	text5
   770   003E9E                     __ptext5:
   771                           	callstack 0
   772   003E9E                     _configure_pin:
   773                           	callstack 123
   774                           
   775                           ;incstack = 0
   776                           ;configure_pin@port_name stored from wreg
   777   003E9E  6E0C               	movwf	configure_pin@port_name^(0+1280),c
   778   003EA0                     
   779                           ;gpio.c: 325: void configure_pin(PortName_t port_name, uint8_t pin_number, _Bool is_inpu
      +                          t,;gpio.c: 326:                    _Bool is_digital, _Bool enable_pullup, _Bool use_ttl,
      +                           _Bool slew_rate_limited,;gpio.c: 327:                    _Bool use_push_pull);gpio.c: 3
      +                          28: {;gpio.c: 329:     if(is_input)
   780   003EA0  5006               	movf	configure_pin@is_input^(0+1280),w,c
   781   003EA2  B4D8               	btfsc	status,2,c
   782   003EA4  EF56  F01F         	goto	u1781
   783   003EA8  EF58  F01F         	goto	u1780
   784   003EAC                     u1781:
   785   003EAC  EF5F  F01F         	goto	l2033
   786   003EB0                     u1780:
   787   003EB0                     
   788                           ;gpio.c: 330:         set_pin_input(port_name, pin_number);
   789   003EB0  C505  F501         	movff	configure_pin@pin_number,set_pin_input@pin_number
   790   003EB4  500C               	movf	configure_pin@port_name^(0+1280),w,c
   791   003EB6  ECC6  F01E         	call	_set_pin_input
   792   003EBA  EF64  F01F         	goto	l2035
   793   003EBE                     l2033:
   794                           
   795                           ;gpio.c: 332:         set_pin_output(port_name, pin_number);
   796   003EBE  C505  F501         	movff	configure_pin@pin_number,set_pin_output@pin_number
   797   003EC2  500C               	movf	configure_pin@port_name^(0+1280),w,c
   798   003EC4  EC19  F01D         	call	_set_pin_output
   799   003EC8                     l2035:
   800                           
   801                           ;gpio.c: 334:     if(is_digital)
   802   003EC8  5007               	movf	configure_pin@is_digital^(0+1280),w,c
   803   003ECA  B4D8               	btfsc	status,2,c
   804   003ECC  EF6A  F01F         	goto	u1791
   805   003ED0  EF6C  F01F         	goto	u1790
   806   003ED4                     u1791:
   807   003ED4  EF73  F01F         	goto	l2039
   808   003ED8                     u1790:
   809   003ED8                     
   810                           ;gpio.c: 335:         set_pin_digital_mode(port_name, pin_number);
   811   003ED8  C505  F501         	movff	configure_pin@pin_number,set_pin_digital_mode@pin_number
   812   003EDC  500C               	movf	configure_pin@port_name^(0+1280),w,c
   813   003EDE  EC42  F01A         	call	_set_pin_digital_mode
   814   003EE2  EF78  F01F         	goto	l2041
   815   003EE6                     l2039:
   816                           
   817                           ;gpio.c: 337:         set_pin_analog_mode(port_name, pin_number);
   818   003EE6  C505  F501         	movff	configure_pin@pin_number,set_pin_analog_mode@pin_number
   819   003EEA  500C               	movf	configure_pin@port_name^(0+1280),w,c
   820   003EEC  EC37  F01E         	call	_set_pin_analog_mode
   821   003EF0                     l2041:
   822                           
   823                           ;gpio.c: 339:     if(enable_pullup)
   824   003EF0  5008               	movf	configure_pin@enable_pullup^(0+1280),w,c
   825   003EF2  B4D8               	btfsc	status,2,c
   826   003EF4  EF7E  F01F         	goto	u1801
   827   003EF8  EF80  F01F         	goto	u1800
   828   003EFC                     u1801:
   829   003EFC  EF87  F01F         	goto	l2045
   830   003F00                     u1800:
   831   003F00                     
   832                           ;gpio.c: 340:         set_pin_pullup(port_name, pin_number);
   833   003F00  C505  F501         	movff	configure_pin@pin_number,set_pin_pullup@pin_number
   834   003F04  500C               	movf	configure_pin@port_name^(0+1280),w,c
   835   003F06  EC8A  F01C         	call	_set_pin_pullup
   836   003F0A  EF8C  F01F         	goto	l2047
   837   003F0E                     l2045:
   838                           
   839                           ;gpio.c: 342:         reset_pin_pullup(port_name, pin_number);
   840   003F0E  C505  F501         	movff	configure_pin@pin_number,reset_pin_pullup@pin_number
   841   003F12  500C               	movf	configure_pin@port_name^(0+1280),w,c
   842   003F14  ECD7  F01A         	call	_reset_pin_pullup
   843   003F18                     l2047:
   844                           
   845                           ;gpio.c: 344:     if(use_ttl)
   846   003F18  5009               	movf	configure_pin@use_ttl^(0+1280),w,c
   847   003F1A  B4D8               	btfsc	status,2,c
   848   003F1C  EF92  F01F         	goto	u1811
   849   003F20  EF94  F01F         	goto	u1810
   850   003F24                     u1811:
   851   003F24  EF9B  F01F         	goto	l2051
   852   003F28                     u1810:
   853   003F28                     
   854                           ;gpio.c: 345:         set_pin_ttl(port_name, pin_number);
   855   003F28  C505  F501         	movff	configure_pin@pin_number,set_pin_ttl@pin_number
   856   003F2C  500C               	movf	configure_pin@port_name^(0+1280),w,c
   857   003F2E  EC83  F018         	call	_set_pin_ttl
   858   003F32  EFA0  F01F         	goto	l2053
   859   003F36                     l2051:
   860                           
   861                           ;gpio.c: 347:         set_pin_st(port_name, pin_number);
   862   003F36  C505  F501         	movff	configure_pin@pin_number,set_pin_st@pin_number
   863   003F3A  500C               	movf	configure_pin@port_name^(0+1280),w,c
   864   003F3C  EC6C  F01B         	call	_set_pin_st
   865   003F40                     l2053:
   866                           
   867                           ;gpio.c: 349:     if(slew_rate_limited)
   868   003F40  500A               	movf	configure_pin@slew_rate_limited^(0+1280),w,c
   869   003F42  B4D8               	btfsc	status,2,c
   870   003F44  EFA6  F01F         	goto	u1821
   871   003F48  EFA8  F01F         	goto	u1820
   872   003F4C                     u1821:
   873   003F4C  EFAF  F01F         	goto	l2057
   874   003F50                     u1820:
   875   003F50                     
   876                           ;gpio.c: 350:         set_pin_sr_limited(port_name, pin_number);
   877   003F50  C505  F501         	movff	configure_pin@pin_number,set_pin_sr_limited@pin_number
   878   003F54  500C               	movf	configure_pin@port_name^(0+1280),w,c
   879   003F56  ECFB  F01B         	call	_set_pin_sr_limited
   880   003F5A  EFB4  F01F         	goto	l2059
   881   003F5E                     l2057:
   882                           
   883                           ;gpio.c: 352:         set_pin_sr_maximum(port_name, pin_number);
   884   003F5E  C505  F501         	movff	configure_pin@pin_number,set_pin_sr_maximum@pin_number
   885   003F62  500C               	movf	configure_pin@port_name^(0+1280),w,c
   886   003F64  EC18  F019         	call	_set_pin_sr_maximum
   887   003F68                     l2059:
   888                           
   889                           ;gpio.c: 354:     if(use_push_pull)
   890   003F68  500B               	movf	configure_pin@use_push_pull^(0+1280),w,c
   891   003F6A  B4D8               	btfsc	status,2,c
   892   003F6C  EFBA  F01F         	goto	u1831
   893   003F70  EFBC  F01F         	goto	u1830
   894   003F74                     u1831:
   895   003F74  EFC3  F01F         	goto	l2063
   896   003F78                     u1830:
   897   003F78                     
   898                           ;gpio.c: 355:         set_pin_push_pull(port_name, pin_number);
   899   003F78  C505  F501         	movff	configure_pin@pin_number,set_pin_push_pull@pin_number
   900   003F7C  500C               	movf	configure_pin@port_name^(0+1280),w,c
   901   003F7E  ECAD  F019         	call	_set_pin_push_pull
   902   003F82  EFC8  F01F         	goto	l255
   903   003F86                     l2063:
   904                           
   905                           ;gpio.c: 357:         set_pin_open_drain(port_name, pin_number);
   906   003F86  C505  F501         	movff	configure_pin@pin_number,set_pin_open_drain@pin_number
   907   003F8A  500C               	movf	configure_pin@port_name^(0+1280),w,c
   908   003F8C  ECA8  F01D         	call	_set_pin_open_drain
   909   003F90                     l255:
   910   003F90  0012               	return		;funcret
   911   003F92                     __end_of_configure_pin:
   912                           	callstack 0
   913                           
   914 ;; *************** function _set_pin_ttl *****************
   915 ;; Defined at:
   916 ;;		line 191 in file "gpio.c"
   917 ;; Parameters:    Size  Location     Type
   918 ;;  port_name       1    wreg     enum E17445
   919 ;;  pin_number      1    0[COMRAM] unsigned char 
   920 ;; Auto vars:     Size  Location     Type
   921 ;;  port_name       1    3[COMRAM] enum E17445
   922 ;; Return value:  Size  Location     Type
   923 ;;                  1    wreg      void 
   924 ;; Registers used:
   925 ;;		wreg, status,2, status,0
   926 ;; Tracked objects:
   927 ;;		On entry : 0/0
   928 ;;		On exit  : 0/0
   929 ;;		Unchanged: 0/0
   930 ;; Data sizes:     COMRAM   BANK5   BANK6   BANK7   BANK8   BANK9  BANK10  BANK11  BANK12  BANK13  BANK14  BANK15  BANK1
      +6  BANK17  BANK18  BANK19  BANK20  BANK21  BANK22  BANK23  BANK24  BANK25  BANK26  BANK27  BANK28  BANK29  BANK30  BANK3
      +1  BANK32  BANK33  BANK34  BANK35  BANK36
   931 ;;      Params:         1       0       0       0       0       0       0       0       0       0       0       0       
      +0       0       0       0       0       0       0       0       0       0       0       0       0       0       0       
      +0       0       0       0       0       0
   932 ;;      Locals:         1       0       0       0       0       0       0       0       0       0       0       0       
      +0       0       0       0       0       0       0       0       0       0       0       0       0       0       0       
      +0       0       0       0       0       0
   933 ;;      Temps:          2       0       0       0       0       0       0       0       0       0       0       0       
      +0       0       0       0       0       0       0       0       0       0       0       0       0       0       0       
      +0       0       0       0       0       0
   934 ;;      Totals:         4       0       0       0       0       0       0       0       0       0       0       0       
      +0       0       0       0       0       0       0       0       0       0       0       0       0       0       0       
      +0       0       0       0       0       0
   935 ;;Total ram usage:        4 bytes
   936 ;; Hardware stack levels used: 1
   937 ;; Hardware stack levels required when called: 1
   938 ;; This function calls:
   939 ;;		Nothing
   940 ;; This function is called by:
   941 ;;		_configure_pin
   942 ;; This function uses a non-reentrant model
   943 ;;
   944                           
   945                           	psect	text6
   946   003106                     __ptext6:
   947                           	callstack 0
   948   003106                     _set_pin_ttl:
   949                           	callstack 123
   950                           
   951                           ;incstack = 0
   952                           ;set_pin_ttl@port_name stored from wreg
   953   003106  6E04               	movwf	set_pin_ttl@port_name^(0+1280),c
   954   003108                     
   955                           ;gpio.c: 191: void set_pin_ttl(PortName_t port_name, uint8_t pin_number);gpio.c: 192: {;
      +                          gpio.c: 193:     switch(port_name)
   956   003108  EFF2  F018         	goto	l1935
   957   00310C                     l1921:
   958                           
   959                           ;gpio.c: 196:             INLVLA &= ~(1 << pin_number);
   960   00310C  C501  F502         	movff	set_pin_ttl@pin_number,??_set_pin_ttl
   961   003110  0E01               	movlw	1
   962   003112  6E03               	movwf	(??_set_pin_ttl+1)^(0+1280),c
   963   003114  2A02               	incf	??_set_pin_ttl^(0+1280),f,c
   964   003116  EF8F  F018         	goto	u1484
   965   00311A                     u1485:
   966   00311A  90D8               	bcf	status,0,c
   967   00311C  3603               	rlcf	(??_set_pin_ttl+1)^(0+1280),f,c
   968   00311E                     u1484:
   969   00311E  2E02               	decfsz	??_set_pin_ttl^(0+1280),f,c
   970   003120  EF8D  F018         	goto	u1485
   971   003124  5003               	movf	(??_set_pin_ttl+1)^(0+1280),w,c
   972   003126  0AFF               	xorlw	255
   973   003128  0104               	movlb	4	; () banked
   974   00312A  1704               	andwf	4,f,b	;volatile
   975                           
   976                           ;gpio.c: 197:             break;
   977   00312C  EF17  F019         	goto	l192
   978   003130                     l1923:
   979                           
   980                           ;gpio.c: 199:             INLVLB &= ~(1 << pin_number);
   981   003130  C501  F502         	movff	set_pin_ttl@pin_number,??_set_pin_ttl
   982   003134  0E01               	movlw	1
   983   003136  6E03               	movwf	(??_set_pin_ttl+1)^(0+1280),c
   984   003138  2A02               	incf	??_set_pin_ttl^(0+1280),f,c
   985   00313A  EFA1  F018         	goto	u1494
   986   00313E                     u1495:
   987   00313E  90D8               	bcf	status,0,c
   988   003140  3603               	rlcf	(??_set_pin_ttl+1)^(0+1280),f,c
   989   003142                     u1494:
   990   003142  2E02               	decfsz	??_set_pin_ttl^(0+1280),f,c
   991   003144  EF9F  F018         	goto	u1495
   992   003148  5003               	movf	(??_set_pin_ttl+1)^(0+1280),w,c
   993   00314A  0AFF               	xorlw	255
   994   00314C  0104               	movlb	4	; () banked
   995   00314E  170C               	andwf	12,f,b	;volatile
   996                           
   997                           ;gpio.c: 200:             break;
   998   003150  EF17  F019         	goto	l192
   999   003154                     l1925:
  1000                           
  1001                           ;gpio.c: 202:             INLVLC &= ~(1 << pin_number);
  1002   003154  C501  F502         	movff	set_pin_ttl@pin_number,??_set_pin_ttl
  1003   003158  0E01               	movlw	1
  1004   00315A  6E03               	movwf	(??_set_pin_ttl+1)^(0+1280),c
  1005   00315C  2A02               	incf	??_set_pin_ttl^(0+1280),f,c
  1006   00315E  EFB3  F018         	goto	u1504
  1007   003162                     u1505:
  1008   003162  90D8               	bcf	status,0,c
  1009   003164  3603               	rlcf	(??_set_pin_ttl+1)^(0+1280),f,c
  1010   003166                     u1504:
  1011   003166  2E02               	decfsz	??_set_pin_ttl^(0+1280),f,c
  1012   003168  EFB1  F018         	goto	u1505
  1013   00316C  5003               	movf	(??_set_pin_ttl+1)^(0+1280),w,c
  1014   00316E  0AFF               	xorlw	255
  1015   003170  0104               	movlb	4	; () banked
  1016   003172  1714               	andwf	20,f,b	;volatile
  1017                           
  1018                           ;gpio.c: 203:             break;
  1019   003174  EF17  F019         	goto	l192
  1020   003178                     l1927:
  1021                           
  1022                           ;gpio.c: 205:             INLVLD &= ~(1 << pin_number);
  1023   003178  C501  F502         	movff	set_pin_ttl@pin_number,??_set_pin_ttl
  1024   00317C  0E01               	movlw	1
  1025   00317E  6E03               	movwf	(??_set_pin_ttl+1)^(0+1280),c
  1026   003180  2A02               	incf	??_set_pin_ttl^(0+1280),f,c
  1027   003182  EFC5  F018         	goto	u1514
  1028   003186                     u1515:
  1029   003186  90D8               	bcf	status,0,c
  1030   003188  3603               	rlcf	(??_set_pin_ttl+1)^(0+1280),f,c
  1031   00318A                     u1514:
  1032   00318A  2E02               	decfsz	??_set_pin_ttl^(0+1280),f,c
  1033   00318C  EFC3  F018         	goto	u1515
  1034   003190  5003               	movf	(??_set_pin_ttl+1)^(0+1280),w,c
  1035   003192  0AFF               	xorlw	255
  1036   003194  0104               	movlb	4	; () banked
  1037   003196  171C               	andwf	28,f,b	;volatile
  1038                           
  1039                           ;gpio.c: 206:             break;
  1040   003198  EF17  F019         	goto	l192
  1041   00319C                     l1929:
  1042                           
  1043                           ;gpio.c: 208:             INLVLE &= ~(1 << pin_number);
  1044   00319C  C501  F502         	movff	set_pin_ttl@pin_number,??_set_pin_ttl
  1045   0031A0  0E01               	movlw	1
  1046   0031A2  6E03               	movwf	(??_set_pin_ttl+1)^(0+1280),c
  1047   0031A4  2A02               	incf	??_set_pin_ttl^(0+1280),f,c
  1048   0031A6  EFD7  F018         	goto	u1524
  1049   0031AA                     u1525:
  1050   0031AA  90D8               	bcf	status,0,c
  1051   0031AC  3603               	rlcf	(??_set_pin_ttl+1)^(0+1280),f,c
  1052   0031AE                     u1524:
  1053   0031AE  2E02               	decfsz	??_set_pin_ttl^(0+1280),f,c
  1054   0031B0  EFD5  F018         	goto	u1525
  1055   0031B4  5003               	movf	(??_set_pin_ttl+1)^(0+1280),w,c
  1056   0031B6  0AFF               	xorlw	255
  1057   0031B8  0104               	movlb	4	; () banked
  1058   0031BA  1724               	andwf	36,f,b	;volatile
  1059                           
  1060                           ;gpio.c: 209:             break;
  1061   0031BC  EF17  F019         	goto	l192
  1062   0031C0                     l1931:
  1063                           
  1064                           ;gpio.c: 211:             INLVLF &= ~(1 << pin_number);
  1065   0031C0  C501  F502         	movff	set_pin_ttl@pin_number,??_set_pin_ttl
  1066   0031C4  0E01               	movlw	1
  1067   0031C6  6E03               	movwf	(??_set_pin_ttl+1)^(0+1280),c
  1068   0031C8  2A02               	incf	??_set_pin_ttl^(0+1280),f,c
  1069   0031CA  EFE9  F018         	goto	u1534
  1070   0031CE                     u1535:
  1071   0031CE  90D8               	bcf	status,0,c
  1072   0031D0  3603               	rlcf	(??_set_pin_ttl+1)^(0+1280),f,c
  1073   0031D2                     u1534:
  1074   0031D2  2E02               	decfsz	??_set_pin_ttl^(0+1280),f,c
  1075   0031D4  EFE7  F018         	goto	u1535
  1076   0031D8  5003               	movf	(??_set_pin_ttl+1)^(0+1280),w,c
  1077   0031DA  0AFF               	xorlw	255
  1078   0031DC  0104               	movlb	4	; () banked
  1079   0031DE  172C               	andwf	44,f,b	;volatile
  1080                           
  1081                           ;gpio.c: 212:             break;
  1082   0031E0  EF17  F019         	goto	l192
  1083   0031E4                     l1935:
  1084   0031E4  5004               	movf	set_pin_ttl@port_name^(0+1280),w,c
  1085   0031E6  6E02               	movwf	??_set_pin_ttl^(0+1280),c
  1086   0031E8  6A03               	clrf	(??_set_pin_ttl+1)^(0+1280),c
  1087                           
  1088                           ; Switch on 2 bytes has been partitioned into a top level switch of size 1, and 1 sub-sw
      +                          itches
  1089                           ; Switch size 1, requested type "simple"
  1090                           ; Number of cases is 1, Range of values is 0 to 0
  1091                           ; switch strategies available:
  1092                           ; Name         Instructions Cycles
  1093                           ; simple_byte            4     3 (average)
  1094                           ;	Chosen strategy is simple_byte
  1095   0031EA  5003               	movf	(??_set_pin_ttl+1)^(0+1280),w,c
  1096   0031EC  0A00               	xorlw	0	; case 0
  1097   0031EE  B4D8               	btfsc	status,2,c
  1098   0031F0  EFFC  F018         	goto	l2331
  1099   0031F4  EF17  F019         	goto	l192
  1100   0031F8                     l2331:
  1101                           
  1102                           ; Switch size 1, requested type "simple"
  1103                           ; Number of cases is 6, Range of values is 65 to 70
  1104                           ; switch strategies available:
  1105                           ; Name         Instructions Cycles
  1106                           ; simple_byte           19    10 (average)
  1107                           ;	Chosen strategy is simple_byte
  1108   0031F8  5002               	movf	??_set_pin_ttl^(0+1280),w,c
  1109   0031FA  0A41               	xorlw	65	; case 65
  1110   0031FC  B4D8               	btfsc	status,2,c
  1111   0031FE  EF86  F018         	goto	l1921
  1112   003202  0A03               	xorlw	3	; case 66
  1113   003204  B4D8               	btfsc	status,2,c
  1114   003206  EF98  F018         	goto	l1923
  1115   00320A  0A01               	xorlw	1	; case 67
  1116   00320C  B4D8               	btfsc	status,2,c
  1117   00320E  EFAA  F018         	goto	l1925
  1118   003212  0A07               	xorlw	7	; case 68
  1119   003214  B4D8               	btfsc	status,2,c
  1120   003216  EFBC  F018         	goto	l1927
  1121   00321A  0A01               	xorlw	1	; case 69
  1122   00321C  B4D8               	btfsc	status,2,c
  1123   00321E  EFCE  F018         	goto	l1929
  1124   003222  0A03               	xorlw	3	; case 70
  1125   003224  B4D8               	btfsc	status,2,c
  1126   003226  EFE0  F018         	goto	l1931
  1127   00322A  EF17  F019         	goto	l192
  1128   00322E                     l192:
  1129   00322E  0012               	return		;funcret
  1130   003230                     __end_of_set_pin_ttl:
  1131                           	callstack 0
  1132                           
  1133 ;; *************** function _set_pin_st *****************
  1134 ;; Defined at:
  1135 ;;		line 164 in file "gpio.c"
  1136 ;; Parameters:    Size  Location     Type
  1137 ;;  port_name       1    wreg     enum E17445
  1138 ;;  pin_number      1    0[COMRAM] unsigned char 
  1139 ;; Auto vars:     Size  Location     Type
  1140 ;;  port_name       1    3[COMRAM] enum E17445
  1141 ;; Return value:  Size  Location     Type
  1142 ;;                  1    wreg      void 
  1143 ;; Registers used:
  1144 ;;		wreg, status,2, status,0
  1145 ;; Tracked objects:
  1146 ;;		On entry : 0/0
  1147 ;;		On exit  : 0/0
  1148 ;;		Unchanged: 0/0
  1149 ;; Data sizes:     COMRAM   BANK5   BANK6   BANK7   BANK8   BANK9  BANK10  BANK11  BANK12  BANK13  BANK14  BANK15  BANK1
      +6  BANK17  BANK18  BANK19  BANK20  BANK21  BANK22  BANK23  BANK24  BANK25  BANK26  BANK27  BANK28  BANK29  BANK30  BANK3
      +1  BANK32  BANK33  BANK34  BANK35  BANK36
  1150 ;;      Params:         1       0       0       0       0       0       0       0       0       0       0       0       
      +0       0       0       0       0       0       0       0       0       0       0       0       0       0       0       
      +0       0       0       0       0       0
  1151 ;;      Locals:         1       0       0       0       0       0       0       0       0       0       0       0       
      +0       0       0       0       0       0       0       0       0       0       0       0       0       0       0       
      +0       0       0       0       0       0
  1152 ;;      Temps:          2       0       0       0       0       0       0       0       0       0       0       0       
      +0       0       0       0       0       0       0       0       0       0       0       0       0       0       0       
      +0       0       0       0       0       0
  1153 ;;      Totals:         4       0       0       0       0       0       0       0       0       0       0       0       
      +0       0       0       0       0       0       0       0       0       0       0       0       0       0       0       
      +0       0       0       0       0       0
  1154 ;;Total ram usage:        4 bytes
  1155 ;; Hardware stack levels used: 1
  1156 ;; Hardware stack levels required when called: 1
  1157 ;; This function calls:
  1158 ;;		Nothing
  1159 ;; This function is called by:
  1160 ;;		_configure_pin
  1161 ;; This function uses a non-reentrant model
  1162 ;;
  1163                           
  1164                           	psect	text7
  1165   0036D8                     __ptext7:
  1166                           	callstack 0
  1167   0036D8                     _set_pin_st:
  1168                           	callstack 123
  1169                           
  1170                           ;incstack = 0
  1171                           ;set_pin_st@port_name stored from wreg
  1172   0036D8  6E04               	movwf	set_pin_st@port_name^(0+1280),c
  1173   0036DA                     
  1174                           ;gpio.c: 164: void set_pin_st(PortName_t port_name, uint8_t pin_number);gpio.c: 165: {;g
      +                          pio.c: 166:     switch(port_name)
  1175   0036DA  EFD5  F01B         	goto	l1913
  1176   0036DE                     l1899:
  1177                           
  1178                           ;gpio.c: 169:             INLVLA |= (1 << pin_number);
  1179   0036DE  C501  F502         	movff	set_pin_st@pin_number,??_set_pin_st
  1180   0036E2  0E01               	movlw	1
  1181   0036E4  6E03               	movwf	(??_set_pin_st+1)^(0+1280),c
  1182   0036E6  2A02               	incf	??_set_pin_st^(0+1280),f,c
  1183   0036E8  EF78  F01B         	goto	u1424
  1184   0036EC                     u1425:
  1185   0036EC  90D8               	bcf	status,0,c
  1186   0036EE  3603               	rlcf	(??_set_pin_st+1)^(0+1280),f,c
  1187   0036F0                     u1424:
  1188   0036F0  2E02               	decfsz	??_set_pin_st^(0+1280),f,c
  1189   0036F2  EF76  F01B         	goto	u1425
  1190   0036F6  5003               	movf	(??_set_pin_st+1)^(0+1280),w,c
  1191   0036F8  0104               	movlb	4	; () banked
  1192   0036FA  1304               	iorwf	4,f,b	;volatile
  1193                           
  1194                           ;gpio.c: 170:             break;
  1195   0036FC  EFFA  F01B         	goto	l180
  1196   003700                     l1901:
  1197                           
  1198                           ;gpio.c: 172:             INLVLB |= (1 << pin_number);
  1199   003700  C501  F502         	movff	set_pin_st@pin_number,??_set_pin_st
  1200   003704  0E01               	movlw	1
  1201   003706  6E03               	movwf	(??_set_pin_st+1)^(0+1280),c
  1202   003708  2A02               	incf	??_set_pin_st^(0+1280),f,c
  1203   00370A  EF89  F01B         	goto	u1434
  1204   00370E                     u1435:
  1205   00370E  90D8               	bcf	status,0,c
  1206   003710  3603               	rlcf	(??_set_pin_st+1)^(0+1280),f,c
  1207   003712                     u1434:
  1208   003712  2E02               	decfsz	??_set_pin_st^(0+1280),f,c
  1209   003714  EF87  F01B         	goto	u1435
  1210   003718  5003               	movf	(??_set_pin_st+1)^(0+1280),w,c
  1211   00371A  0104               	movlb	4	; () banked
  1212   00371C  130C               	iorwf	12,f,b	;volatile
  1213                           
  1214                           ;gpio.c: 173:             break;
  1215   00371E  EFFA  F01B         	goto	l180
  1216   003722                     l1903:
  1217                           
  1218                           ;gpio.c: 175:             INLVLC |= (1 << pin_number);
  1219   003722  C501  F502         	movff	set_pin_st@pin_number,??_set_pin_st
  1220   003726  0E01               	movlw	1
  1221   003728  6E03               	movwf	(??_set_pin_st+1)^(0+1280),c
  1222   00372A  2A02               	incf	??_set_pin_st^(0+1280),f,c
  1223   00372C  EF9A  F01B         	goto	u1444
  1224   003730                     u1445:
  1225   003730  90D8               	bcf	status,0,c
  1226   003732  3603               	rlcf	(??_set_pin_st+1)^(0+1280),f,c
  1227   003734                     u1444:
  1228   003734  2E02               	decfsz	??_set_pin_st^(0+1280),f,c
  1229   003736  EF98  F01B         	goto	u1445
  1230   00373A  5003               	movf	(??_set_pin_st+1)^(0+1280),w,c
  1231   00373C  0104               	movlb	4	; () banked
  1232   00373E  1314               	iorwf	20,f,b	;volatile
  1233                           
  1234                           ;gpio.c: 176:             break;
  1235   003740  EFFA  F01B         	goto	l180
  1236   003744                     l1905:
  1237                           
  1238                           ;gpio.c: 178:             INLVLD |= (1 << pin_number);
  1239   003744  C501  F502         	movff	set_pin_st@pin_number,??_set_pin_st
  1240   003748  0E01               	movlw	1
  1241   00374A  6E03               	movwf	(??_set_pin_st+1)^(0+1280),c
  1242   00374C  2A02               	incf	??_set_pin_st^(0+1280),f,c
  1243   00374E  EFAB  F01B         	goto	u1454
  1244   003752                     u1455:
  1245   003752  90D8               	bcf	status,0,c
  1246   003754  3603               	rlcf	(??_set_pin_st+1)^(0+1280),f,c
  1247   003756                     u1454:
  1248   003756  2E02               	decfsz	??_set_pin_st^(0+1280),f,c
  1249   003758  EFA9  F01B         	goto	u1455
  1250   00375C  5003               	movf	(??_set_pin_st+1)^(0+1280),w,c
  1251   00375E  0104               	movlb	4	; () banked
  1252   003760  131C               	iorwf	28,f,b	;volatile
  1253                           
  1254                           ;gpio.c: 179:             break;
  1255   003762  EFFA  F01B         	goto	l180
  1256   003766                     l1907:
  1257                           
  1258                           ;gpio.c: 181:             INLVLE |= (1 << pin_number);
  1259   003766  C501  F502         	movff	set_pin_st@pin_number,??_set_pin_st
  1260   00376A  0E01               	movlw	1
  1261   00376C  6E03               	movwf	(??_set_pin_st+1)^(0+1280),c
  1262   00376E  2A02               	incf	??_set_pin_st^(0+1280),f,c
  1263   003770  EFBC  F01B         	goto	u1464
  1264   003774                     u1465:
  1265   003774  90D8               	bcf	status,0,c
  1266   003776  3603               	rlcf	(??_set_pin_st+1)^(0+1280),f,c
  1267   003778                     u1464:
  1268   003778  2E02               	decfsz	??_set_pin_st^(0+1280),f,c
  1269   00377A  EFBA  F01B         	goto	u1465
  1270   00377E  5003               	movf	(??_set_pin_st+1)^(0+1280),w,c
  1271   003780  0104               	movlb	4	; () banked
  1272   003782  1324               	iorwf	36,f,b	;volatile
  1273                           
  1274                           ;gpio.c: 182:             break;
  1275   003784  EFFA  F01B         	goto	l180
  1276   003788                     l1909:
  1277                           
  1278                           ;gpio.c: 184:             INLVLF |= (1 << pin_number);
  1279   003788  C501  F502         	movff	set_pin_st@pin_number,??_set_pin_st
  1280   00378C  0E01               	movlw	1
  1281   00378E  6E03               	movwf	(??_set_pin_st+1)^(0+1280),c
  1282   003790  2A02               	incf	??_set_pin_st^(0+1280),f,c
  1283   003792  EFCD  F01B         	goto	u1474
  1284   003796                     u1475:
  1285   003796  90D8               	bcf	status,0,c
  1286   003798  3603               	rlcf	(??_set_pin_st+1)^(0+1280),f,c
  1287   00379A                     u1474:
  1288   00379A  2E02               	decfsz	??_set_pin_st^(0+1280),f,c
  1289   00379C  EFCB  F01B         	goto	u1475
  1290   0037A0  5003               	movf	(??_set_pin_st+1)^(0+1280),w,c
  1291   0037A2  0104               	movlb	4	; () banked
  1292   0037A4  132C               	iorwf	44,f,b	;volatile
  1293                           
  1294                           ;gpio.c: 185:             break;
  1295   0037A6  EFFA  F01B         	goto	l180
  1296   0037AA                     l1913:
  1297   0037AA  5004               	movf	set_pin_st@port_name^(0+1280),w,c
  1298   0037AC  6E02               	movwf	??_set_pin_st^(0+1280),c
  1299   0037AE  6A03               	clrf	(??_set_pin_st+1)^(0+1280),c
  1300                           
  1301                           ; Switch on 2 bytes has been partitioned into a top level switch of size 1, and 1 sub-sw
      +                          itches
  1302                           ; Switch size 1, requested type "simple"
  1303                           ; Number of cases is 1, Range of values is 0 to 0
  1304                           ; switch strategies available:
  1305                           ; Name         Instructions Cycles
  1306                           ; simple_byte            4     3 (average)
  1307                           ;	Chosen strategy is simple_byte
  1308   0037B0  5003               	movf	(??_set_pin_st+1)^(0+1280),w,c
  1309   0037B2  0A00               	xorlw	0	; case 0
  1310   0037B4  B4D8               	btfsc	status,2,c
  1311   0037B6  EFDF  F01B         	goto	l2333
  1312   0037BA  EFFA  F01B         	goto	l180
  1313   0037BE                     l2333:
  1314                           
  1315                           ; Switch size 1, requested type "simple"
  1316                           ; Number of cases is 6, Range of values is 65 to 70
  1317                           ; switch strategies available:
  1318                           ; Name         Instructions Cycles
  1319                           ; simple_byte           19    10 (average)
  1320                           ;	Chosen strategy is simple_byte
  1321   0037BE  5002               	movf	??_set_pin_st^(0+1280),w,c
  1322   0037C0  0A41               	xorlw	65	; case 65
  1323   0037C2  B4D8               	btfsc	status,2,c
  1324   0037C4  EF6F  F01B         	goto	l1899
  1325   0037C8  0A03               	xorlw	3	; case 66
  1326   0037CA  B4D8               	btfsc	status,2,c
  1327   0037CC  EF80  F01B         	goto	l1901
  1328   0037D0  0A01               	xorlw	1	; case 67
  1329   0037D2  B4D8               	btfsc	status,2,c
  1330   0037D4  EF91  F01B         	goto	l1903
  1331   0037D8  0A07               	xorlw	7	; case 68
  1332   0037DA  B4D8               	btfsc	status,2,c
  1333   0037DC  EFA2  F01B         	goto	l1905
  1334   0037E0  0A01               	xorlw	1	; case 69
  1335   0037E2  B4D8               	btfsc	status,2,c
  1336   0037E4  EFB3  F01B         	goto	l1907
  1337   0037E8  0A03               	xorlw	3	; case 70
  1338   0037EA  B4D8               	btfsc	status,2,c
  1339   0037EC  EFC4  F01B         	goto	l1909
  1340   0037F0  EFFA  F01B         	goto	l180
  1341   0037F4                     l180:
  1342   0037F4  0012               	return		;funcret
  1343   0037F6                     __end_of_set_pin_st:
  1344                           	callstack 0
  1345                           
  1346 ;; *************** function _set_pin_sr_maximum *****************
  1347 ;; Defined at:
  1348 ;;		line 244 in file "gpio.c"
  1349 ;; Parameters:    Size  Location     Type
  1350 ;;  port_name       1    wreg     enum E17445
  1351 ;;  pin_number      1    0[COMRAM] unsigned char 
  1352 ;; Auto vars:     Size  Location     Type
  1353 ;;  port_name       1    3[COMRAM] enum E17445
  1354 ;; Return value:  Size  Location     Type
  1355 ;;                  1    wreg      void 
  1356 ;; Registers used:
  1357 ;;		wreg, status,2, status,0
  1358 ;; Tracked objects:
  1359 ;;		On entry : 0/0
  1360 ;;		On exit  : 0/0
  1361 ;;		Unchanged: 0/0
  1362 ;; Data sizes:     COMRAM   BANK5   BANK6   BANK7   BANK8   BANK9  BANK10  BANK11  BANK12  BANK13  BANK14  BANK15  BANK1
      +6  BANK17  BANK18  BANK19  BANK20  BANK21  BANK22  BANK23  BANK24  BANK25  BANK26  BANK27  BANK28  BANK29  BANK30  BANK3
      +1  BANK32  BANK33  BANK34  BANK35  BANK36
  1363 ;;      Params:         1       0       0       0       0       0       0       0       0       0       0       0       
      +0       0       0       0       0       0       0       0       0       0       0       0       0       0       0       
      +0       0       0       0       0       0
  1364 ;;      Locals:         1       0       0       0       0       0       0       0       0       0       0       0       
      +0       0       0       0       0       0       0       0       0       0       0       0       0       0       0       
      +0       0       0       0       0       0
  1365 ;;      Temps:          2       0       0       0       0       0       0       0       0       0       0       0       
      +0       0       0       0       0       0       0       0       0       0       0       0       0       0       0       
      +0       0       0       0       0       0
  1366 ;;      Totals:         4       0       0       0       0       0       0       0       0       0       0       0       
      +0       0       0       0       0       0       0       0       0       0       0       0       0       0       0       
      +0       0       0       0       0       0
  1367 ;;Total ram usage:        4 bytes
  1368 ;; Hardware stack levels used: 1
  1369 ;; Hardware stack levels required when called: 1
  1370 ;; This function calls:
  1371 ;;		Nothing
  1372 ;; This function is called by:
  1373 ;;		_configure_pin
  1374 ;; This function uses a non-reentrant model
  1375 ;;
  1376                           
  1377                           	psect	text8
  1378   003230                     __ptext8:
  1379                           	callstack 0
  1380   003230                     _set_pin_sr_maximum:
  1381                           	callstack 123
  1382                           
  1383                           ;incstack = 0
  1384                           ;set_pin_sr_maximum@port_name stored from wreg
  1385   003230  6E04               	movwf	set_pin_sr_maximum@port_name^(0+1280),c
  1386   003232                     
  1387                           ;gpio.c: 244: void set_pin_sr_maximum(PortName_t port_name, uint8_t pin_number);gpio.c: 
      +                          245: {;gpio.c: 246:    switch(port_name)
  1388   003232  EF87  F019         	goto	l1979
  1389   003236                     l1965:
  1390                           
  1391                           ;gpio.c: 249:             SLRCONA &= ~(1 << pin_number);
  1392   003236  C501  F502         	movff	set_pin_sr_maximum@pin_number,??_set_pin_sr_maximum
  1393   00323A  0E01               	movlw	1
  1394   00323C  6E03               	movwf	(??_set_pin_sr_maximum+1)^(0+1280),c
  1395   00323E  2A02               	incf	??_set_pin_sr_maximum^(0+1280),f,c
  1396   003240  EF24  F019         	goto	u1604
  1397   003244                     u1605:
  1398   003244  90D8               	bcf	status,0,c
  1399   003246  3603               	rlcf	(??_set_pin_sr_maximum+1)^(0+1280),f,c
  1400   003248                     u1604:
  1401   003248  2E02               	decfsz	??_set_pin_sr_maximum^(0+1280),f,c
  1402   00324A  EF22  F019         	goto	u1605
  1403   00324E  5003               	movf	(??_set_pin_sr_maximum+1)^(0+1280),w,c
  1404   003250  0AFF               	xorlw	255
  1405   003252  0104               	movlb	4	; () banked
  1406   003254  1703               	andwf	3,f,b	;volatile
  1407                           
  1408                           ;gpio.c: 250:             break;
  1409   003256  EFAC  F019         	goto	l216
  1410   00325A                     l1967:
  1411                           
  1412                           ;gpio.c: 252:             SLRCONB &= ~(1 << pin_number);
  1413   00325A  C501  F502         	movff	set_pin_sr_maximum@pin_number,??_set_pin_sr_maximum
  1414   00325E  0E01               	movlw	1
  1415   003260  6E03               	movwf	(??_set_pin_sr_maximum+1)^(0+1280),c
  1416   003262  2A02               	incf	??_set_pin_sr_maximum^(0+1280),f,c
  1417   003264  EF36  F019         	goto	u1614
  1418   003268                     u1615:
  1419   003268  90D8               	bcf	status,0,c
  1420   00326A  3603               	rlcf	(??_set_pin_sr_maximum+1)^(0+1280),f,c
  1421   00326C                     u1614:
  1422   00326C  2E02               	decfsz	??_set_pin_sr_maximum^(0+1280),f,c
  1423   00326E  EF34  F019         	goto	u1615
  1424   003272  5003               	movf	(??_set_pin_sr_maximum+1)^(0+1280),w,c
  1425   003274  0AFF               	xorlw	255
  1426   003276  0104               	movlb	4	; () banked
  1427   003278  170B               	andwf	11,f,b	;volatile
  1428                           
  1429                           ;gpio.c: 253:             break;
  1430   00327A  EFAC  F019         	goto	l216
  1431   00327E                     l1969:
  1432                           
  1433                           ;gpio.c: 255:             SLRCONC &= ~(1 << pin_number);
  1434   00327E  C501  F502         	movff	set_pin_sr_maximum@pin_number,??_set_pin_sr_maximum
  1435   003282  0E01               	movlw	1
  1436   003284  6E03               	movwf	(??_set_pin_sr_maximum+1)^(0+1280),c
  1437   003286  2A02               	incf	??_set_pin_sr_maximum^(0+1280),f,c
  1438   003288  EF48  F019         	goto	u1624
  1439   00328C                     u1625:
  1440   00328C  90D8               	bcf	status,0,c
  1441   00328E  3603               	rlcf	(??_set_pin_sr_maximum+1)^(0+1280),f,c
  1442   003290                     u1624:
  1443   003290  2E02               	decfsz	??_set_pin_sr_maximum^(0+1280),f,c
  1444   003292  EF46  F019         	goto	u1625
  1445   003296  5003               	movf	(??_set_pin_sr_maximum+1)^(0+1280),w,c
  1446   003298  0AFF               	xorlw	255
  1447   00329A  0104               	movlb	4	; () banked
  1448   00329C  1713               	andwf	19,f,b	;volatile
  1449                           
  1450                           ;gpio.c: 256:             break;
  1451   00329E  EFAC  F019         	goto	l216
  1452   0032A2                     l1971:
  1453                           
  1454                           ;gpio.c: 258:             SLRCOND &= ~(1 << pin_number);
  1455   0032A2  C501  F502         	movff	set_pin_sr_maximum@pin_number,??_set_pin_sr_maximum
  1456   0032A6  0E01               	movlw	1
  1457   0032A8  6E03               	movwf	(??_set_pin_sr_maximum+1)^(0+1280),c
  1458   0032AA  2A02               	incf	??_set_pin_sr_maximum^(0+1280),f,c
  1459   0032AC  EF5A  F019         	goto	u1634
  1460   0032B0                     u1635:
  1461   0032B0  90D8               	bcf	status,0,c
  1462   0032B2  3603               	rlcf	(??_set_pin_sr_maximum+1)^(0+1280),f,c
  1463   0032B4                     u1634:
  1464   0032B4  2E02               	decfsz	??_set_pin_sr_maximum^(0+1280),f,c
  1465   0032B6  EF58  F019         	goto	u1635
  1466   0032BA  5003               	movf	(??_set_pin_sr_maximum+1)^(0+1280),w,c
  1467   0032BC  0AFF               	xorlw	255
  1468   0032BE  0104               	movlb	4	; () banked
  1469   0032C0  171B               	andwf	27,f,b	;volatile
  1470                           
  1471                           ;gpio.c: 259:             break;
  1472   0032C2  EFAC  F019         	goto	l216
  1473   0032C6                     l1973:
  1474                           
  1475                           ;gpio.c: 261:             SLRCONE &= ~(1 << pin_number);
  1476   0032C6  C501  F502         	movff	set_pin_sr_maximum@pin_number,??_set_pin_sr_maximum
  1477   0032CA  0E01               	movlw	1
  1478   0032CC  6E03               	movwf	(??_set_pin_sr_maximum+1)^(0+1280),c
  1479   0032CE  2A02               	incf	??_set_pin_sr_maximum^(0+1280),f,c
  1480   0032D0  EF6C  F019         	goto	u1644
  1481   0032D4                     u1645:
  1482   0032D4  90D8               	bcf	status,0,c
  1483   0032D6  3603               	rlcf	(??_set_pin_sr_maximum+1)^(0+1280),f,c
  1484   0032D8                     u1644:
  1485   0032D8  2E02               	decfsz	??_set_pin_sr_maximum^(0+1280),f,c
  1486   0032DA  EF6A  F019         	goto	u1645
  1487   0032DE  5003               	movf	(??_set_pin_sr_maximum+1)^(0+1280),w,c
  1488   0032E0  0AFF               	xorlw	255
  1489   0032E2  0104               	movlb	4	; () banked
  1490   0032E4  1723               	andwf	35,f,b	;volatile
  1491                           
  1492                           ;gpio.c: 262:             break;
  1493   0032E6  EFAC  F019         	goto	l216
  1494   0032EA                     l1975:
  1495                           
  1496                           ;gpio.c: 264:             SLRCONF &= ~(1 << pin_number);
  1497   0032EA  C501  F502         	movff	set_pin_sr_maximum@pin_number,??_set_pin_sr_maximum
  1498   0032EE  0E01               	movlw	1
  1499   0032F0  6E03               	movwf	(??_set_pin_sr_maximum+1)^(0+1280),c
  1500   0032F2  2A02               	incf	??_set_pin_sr_maximum^(0+1280),f,c
  1501   0032F4  EF7E  F019         	goto	u1654
  1502   0032F8                     u1655:
  1503   0032F8  90D8               	bcf	status,0,c
  1504   0032FA  3603               	rlcf	(??_set_pin_sr_maximum+1)^(0+1280),f,c
  1505   0032FC                     u1654:
  1506   0032FC  2E02               	decfsz	??_set_pin_sr_maximum^(0+1280),f,c
  1507   0032FE  EF7C  F019         	goto	u1655
  1508   003302  5003               	movf	(??_set_pin_sr_maximum+1)^(0+1280),w,c
  1509   003304  0AFF               	xorlw	255
  1510   003306  0104               	movlb	4	; () banked
  1511   003308  172B               	andwf	43,f,b	;volatile
  1512                           
  1513                           ;gpio.c: 265:             break;
  1514   00330A  EFAC  F019         	goto	l216
  1515   00330E                     l1979:
  1516   00330E  5004               	movf	set_pin_sr_maximum@port_name^(0+1280),w,c
  1517   003310  6E02               	movwf	??_set_pin_sr_maximum^(0+1280),c
  1518   003312  6A03               	clrf	(??_set_pin_sr_maximum+1)^(0+1280),c
  1519                           
  1520                           ; Switch on 2 bytes has been partitioned into a top level switch of size 1, and 1 sub-sw
      +                          itches
  1521                           ; Switch size 1, requested type "simple"
  1522                           ; Number of cases is 1, Range of values is 0 to 0
  1523                           ; switch strategies available:
  1524                           ; Name         Instructions Cycles
  1525                           ; simple_byte            4     3 (average)
  1526                           ;	Chosen strategy is simple_byte
  1527   003314  5003               	movf	(??_set_pin_sr_maximum+1)^(0+1280),w,c
  1528   003316  0A00               	xorlw	0	; case 0
  1529   003318  B4D8               	btfsc	status,2,c
  1530   00331A  EF91  F019         	goto	l2335
  1531   00331E  EFAC  F019         	goto	l216
  1532   003322                     l2335:
  1533                           
  1534                           ; Switch size 1, requested type "simple"
  1535                           ; Number of cases is 6, Range of values is 65 to 70
  1536                           ; switch strategies available:
  1537                           ; Name         Instructions Cycles
  1538                           ; simple_byte           19    10 (average)
  1539                           ;	Chosen strategy is simple_byte
  1540   003322  5002               	movf	??_set_pin_sr_maximum^(0+1280),w,c
  1541   003324  0A41               	xorlw	65	; case 65
  1542   003326  B4D8               	btfsc	status,2,c
  1543   003328  EF1B  F019         	goto	l1965
  1544   00332C  0A03               	xorlw	3	; case 66
  1545   00332E  B4D8               	btfsc	status,2,c
  1546   003330  EF2D  F019         	goto	l1967
  1547   003334  0A01               	xorlw	1	; case 67
  1548   003336  B4D8               	btfsc	status,2,c
  1549   003338  EF3F  F019         	goto	l1969
  1550   00333C  0A07               	xorlw	7	; case 68
  1551   00333E  B4D8               	btfsc	status,2,c
  1552   003340  EF51  F019         	goto	l1971
  1553   003344  0A01               	xorlw	1	; case 69
  1554   003346  B4D8               	btfsc	status,2,c
  1555   003348  EF63  F019         	goto	l1973
  1556   00334C  0A03               	xorlw	3	; case 70
  1557   00334E  B4D8               	btfsc	status,2,c
  1558   003350  EF75  F019         	goto	l1975
  1559   003354  EFAC  F019         	goto	l216
  1560   003358                     l216:
  1561   003358  0012               	return		;funcret
  1562   00335A                     __end_of_set_pin_sr_maximum:
  1563                           	callstack 0
  1564                           
  1565 ;; *************** function _set_pin_sr_limited *****************
  1566 ;; Defined at:
  1567 ;;		line 217 in file "gpio.c"
  1568 ;; Parameters:    Size  Location     Type
  1569 ;;  port_name       1    wreg     enum E17445
  1570 ;;  pin_number      1    0[COMRAM] unsigned char 
  1571 ;; Auto vars:     Size  Location     Type
  1572 ;;  port_name       1    3[COMRAM] enum E17445
  1573 ;; Return value:  Size  Location     Type
  1574 ;;                  1    wreg      void 
  1575 ;; Registers used:
  1576 ;;		wreg, status,2, status,0
  1577 ;; Tracked objects:
  1578 ;;		On entry : 0/0
  1579 ;;		On exit  : 0/0
  1580 ;;		Unchanged: 0/0
  1581 ;; Data sizes:     COMRAM   BANK5   BANK6   BANK7   BANK8   BANK9  BANK10  BANK11  BANK12  BANK13  BANK14  BANK15  BANK1
      +6  BANK17  BANK18  BANK19  BANK20  BANK21  BANK22  BANK23  BANK24  BANK25  BANK26  BANK27  BANK28  BANK29  BANK30  BANK3
      +1  BANK32  BANK33  BANK34  BANK35  BANK36
  1582 ;;      Params:         1       0       0       0       0       0       0       0       0       0       0       0       
      +0       0       0       0       0       0       0       0       0       0       0       0       0       0       0       
      +0       0       0       0       0       0
  1583 ;;      Locals:         1       0       0       0       0       0       0       0       0       0       0       0       
      +0       0       0       0       0       0       0       0       0       0       0       0       0       0       0       
      +0       0       0       0       0       0
  1584 ;;      Temps:          2       0       0       0       0       0       0       0       0       0       0       0       
      +0       0       0       0       0       0       0       0       0       0       0       0       0       0       0       
      +0       0       0       0       0       0
  1585 ;;      Totals:         4       0       0       0       0       0       0       0       0       0       0       0       
      +0       0       0       0       0       0       0       0       0       0       0       0       0       0       0       
      +0       0       0       0       0       0
  1586 ;;Total ram usage:        4 bytes
  1587 ;; Hardware stack levels used: 1
  1588 ;; Hardware stack levels required when called: 1
  1589 ;; This function calls:
  1590 ;;		Nothing
  1591 ;; This function is called by:
  1592 ;;		_configure_pin
  1593 ;; This function uses a non-reentrant model
  1594 ;;
  1595                           
  1596                           	psect	text9
  1597   0037F6                     __ptext9:
  1598                           	callstack 0
  1599   0037F6                     _set_pin_sr_limited:
  1600                           	callstack 123
  1601                           
  1602                           ;incstack = 0
  1603                           ;set_pin_sr_limited@port_name stored from wreg
  1604   0037F6  6E04               	movwf	set_pin_sr_limited@port_name^(0+1280),c
  1605   0037F8                     
  1606                           ;gpio.c: 217: void set_pin_sr_limited(PortName_t port_name, uint8_t pin_number);gpio.c: 
      +                          218: {;gpio.c: 219:     switch(port_name)
  1607   0037F8  EF64  F01C         	goto	l1957
  1608   0037FC                     l1943:
  1609                           
  1610                           ;gpio.c: 222:             SLRCONA |= (1 << pin_number);
  1611   0037FC  C501  F502         	movff	set_pin_sr_limited@pin_number,??_set_pin_sr_limited
  1612   003800  0E01               	movlw	1
  1613   003802  6E03               	movwf	(??_set_pin_sr_limited+1)^(0+1280),c
  1614   003804  2A02               	incf	??_set_pin_sr_limited^(0+1280),f,c
  1615   003806  EF07  F01C         	goto	u1544
  1616   00380A                     u1545:
  1617   00380A  90D8               	bcf	status,0,c
  1618   00380C  3603               	rlcf	(??_set_pin_sr_limited+1)^(0+1280),f,c
  1619   00380E                     u1544:
  1620   00380E  2E02               	decfsz	??_set_pin_sr_limited^(0+1280),f,c
  1621   003810  EF05  F01C         	goto	u1545
  1622   003814  5003               	movf	(??_set_pin_sr_limited+1)^(0+1280),w,c
  1623   003816  0104               	movlb	4	; () banked
  1624   003818  1303               	iorwf	3,f,b	;volatile
  1625                           
  1626                           ;gpio.c: 223:             break;
  1627   00381A  EF89  F01C         	goto	l204
  1628   00381E                     l1945:
  1629                           
  1630                           ;gpio.c: 225:             SLRCONB |= (1 << pin_number);
  1631   00381E  C501  F502         	movff	set_pin_sr_limited@pin_number,??_set_pin_sr_limited
  1632   003822  0E01               	movlw	1
  1633   003824  6E03               	movwf	(??_set_pin_sr_limited+1)^(0+1280),c
  1634   003826  2A02               	incf	??_set_pin_sr_limited^(0+1280),f,c
  1635   003828  EF18  F01C         	goto	u1554
  1636   00382C                     u1555:
  1637   00382C  90D8               	bcf	status,0,c
  1638   00382E  3603               	rlcf	(??_set_pin_sr_limited+1)^(0+1280),f,c
  1639   003830                     u1554:
  1640   003830  2E02               	decfsz	??_set_pin_sr_limited^(0+1280),f,c
  1641   003832  EF16  F01C         	goto	u1555
  1642   003836  5003               	movf	(??_set_pin_sr_limited+1)^(0+1280),w,c
  1643   003838  0104               	movlb	4	; () banked
  1644   00383A  130B               	iorwf	11,f,b	;volatile
  1645                           
  1646                           ;gpio.c: 226:             break;
  1647   00383C  EF89  F01C         	goto	l204
  1648   003840                     l1947:
  1649                           
  1650                           ;gpio.c: 228:             SLRCONC |= (1 << pin_number);
  1651   003840  C501  F502         	movff	set_pin_sr_limited@pin_number,??_set_pin_sr_limited
  1652   003844  0E01               	movlw	1
  1653   003846  6E03               	movwf	(??_set_pin_sr_limited+1)^(0+1280),c
  1654   003848  2A02               	incf	??_set_pin_sr_limited^(0+1280),f,c
  1655   00384A  EF29  F01C         	goto	u1564
  1656   00384E                     u1565:
  1657   00384E  90D8               	bcf	status,0,c
  1658   003850  3603               	rlcf	(??_set_pin_sr_limited+1)^(0+1280),f,c
  1659   003852                     u1564:
  1660   003852  2E02               	decfsz	??_set_pin_sr_limited^(0+1280),f,c
  1661   003854  EF27  F01C         	goto	u1565
  1662   003858  5003               	movf	(??_set_pin_sr_limited+1)^(0+1280),w,c
  1663   00385A  0104               	movlb	4	; () banked
  1664   00385C  1313               	iorwf	19,f,b	;volatile
  1665                           
  1666                           ;gpio.c: 229:             break;
  1667   00385E  EF89  F01C         	goto	l204
  1668   003862                     l1949:
  1669                           
  1670                           ;gpio.c: 231:             SLRCOND |= (1 << pin_number);
  1671   003862  C501  F502         	movff	set_pin_sr_limited@pin_number,??_set_pin_sr_limited
  1672   003866  0E01               	movlw	1
  1673   003868  6E03               	movwf	(??_set_pin_sr_limited+1)^(0+1280),c
  1674   00386A  2A02               	incf	??_set_pin_sr_limited^(0+1280),f,c
  1675   00386C  EF3A  F01C         	goto	u1574
  1676   003870                     u1575:
  1677   003870  90D8               	bcf	status,0,c
  1678   003872  3603               	rlcf	(??_set_pin_sr_limited+1)^(0+1280),f,c
  1679   003874                     u1574:
  1680   003874  2E02               	decfsz	??_set_pin_sr_limited^(0+1280),f,c
  1681   003876  EF38  F01C         	goto	u1575
  1682   00387A  5003               	movf	(??_set_pin_sr_limited+1)^(0+1280),w,c
  1683   00387C  0104               	movlb	4	; () banked
  1684   00387E  131B               	iorwf	27,f,b	;volatile
  1685                           
  1686                           ;gpio.c: 232:             break;
  1687   003880  EF89  F01C         	goto	l204
  1688   003884                     l1951:
  1689                           
  1690                           ;gpio.c: 234:             SLRCONE |= (1 << pin_number);
  1691   003884  C501  F502         	movff	set_pin_sr_limited@pin_number,??_set_pin_sr_limited
  1692   003888  0E01               	movlw	1
  1693   00388A  6E03               	movwf	(??_set_pin_sr_limited+1)^(0+1280),c
  1694   00388C  2A02               	incf	??_set_pin_sr_limited^(0+1280),f,c
  1695   00388E  EF4B  F01C         	goto	u1584
  1696   003892                     u1585:
  1697   003892  90D8               	bcf	status,0,c
  1698   003894  3603               	rlcf	(??_set_pin_sr_limited+1)^(0+1280),f,c
  1699   003896                     u1584:
  1700   003896  2E02               	decfsz	??_set_pin_sr_limited^(0+1280),f,c
  1701   003898  EF49  F01C         	goto	u1585
  1702   00389C  5003               	movf	(??_set_pin_sr_limited+1)^(0+1280),w,c
  1703   00389E  0104               	movlb	4	; () banked
  1704   0038A0  1323               	iorwf	35,f,b	;volatile
  1705                           
  1706                           ;gpio.c: 235:             break;
  1707   0038A2  EF89  F01C         	goto	l204
  1708   0038A6                     l1953:
  1709                           
  1710                           ;gpio.c: 237:             SLRCONF |= (1 << pin_number);
  1711   0038A6  C501  F502         	movff	set_pin_sr_limited@pin_number,??_set_pin_sr_limited
  1712   0038AA  0E01               	movlw	1
  1713   0038AC  6E03               	movwf	(??_set_pin_sr_limited+1)^(0+1280),c
  1714   0038AE  2A02               	incf	??_set_pin_sr_limited^(0+1280),f,c
  1715   0038B0  EF5C  F01C         	goto	u1594
  1716   0038B4                     u1595:
  1717   0038B4  90D8               	bcf	status,0,c
  1718   0038B6  3603               	rlcf	(??_set_pin_sr_limited+1)^(0+1280),f,c
  1719   0038B8                     u1594:
  1720   0038B8  2E02               	decfsz	??_set_pin_sr_limited^(0+1280),f,c
  1721   0038BA  EF5A  F01C         	goto	u1595
  1722   0038BE  5003               	movf	(??_set_pin_sr_limited+1)^(0+1280),w,c
  1723   0038C0  0104               	movlb	4	; () banked
  1724   0038C2  132B               	iorwf	43,f,b	;volatile
  1725                           
  1726                           ;gpio.c: 238:             break;
  1727   0038C4  EF89  F01C         	goto	l204
  1728   0038C8                     l1957:
  1729   0038C8  5004               	movf	set_pin_sr_limited@port_name^(0+1280),w,c
  1730   0038CA  6E02               	movwf	??_set_pin_sr_limited^(0+1280),c
  1731   0038CC  6A03               	clrf	(??_set_pin_sr_limited+1)^(0+1280),c
  1732                           
  1733                           ; Switch on 2 bytes has been partitioned into a top level switch of size 1, and 1 sub-sw
      +                          itches
  1734                           ; Switch size 1, requested type "simple"
  1735                           ; Number of cases is 1, Range of values is 0 to 0
  1736                           ; switch strategies available:
  1737                           ; Name         Instructions Cycles
  1738                           ; simple_byte            4     3 (average)
  1739                           ;	Chosen strategy is simple_byte
  1740   0038CE  5003               	movf	(??_set_pin_sr_limited+1)^(0+1280),w,c
  1741   0038D0  0A00               	xorlw	0	; case 0
  1742   0038D2  B4D8               	btfsc	status,2,c
  1743   0038D4  EF6E  F01C         	goto	l2337
  1744   0038D8  EF89  F01C         	goto	l204
  1745   0038DC                     l2337:
  1746                           
  1747                           ; Switch size 1, requested type "simple"
  1748                           ; Number of cases is 6, Range of values is 65 to 70
  1749                           ; switch strategies available:
  1750                           ; Name         Instructions Cycles
  1751                           ; simple_byte           19    10 (average)
  1752                           ;	Chosen strategy is simple_byte
  1753   0038DC  5002               	movf	??_set_pin_sr_limited^(0+1280),w,c
  1754   0038DE  0A41               	xorlw	65	; case 65
  1755   0038E0  B4D8               	btfsc	status,2,c
  1756   0038E2  EFFE  F01B         	goto	l1943
  1757   0038E6  0A03               	xorlw	3	; case 66
  1758   0038E8  B4D8               	btfsc	status,2,c
  1759   0038EA  EF0F  F01C         	goto	l1945
  1760   0038EE  0A01               	xorlw	1	; case 67
  1761   0038F0  B4D8               	btfsc	status,2,c
  1762   0038F2  EF20  F01C         	goto	l1947
  1763   0038F6  0A07               	xorlw	7	; case 68
  1764   0038F8  B4D8               	btfsc	status,2,c
  1765   0038FA  EF31  F01C         	goto	l1949
  1766   0038FE  0A01               	xorlw	1	; case 69
  1767   003900  B4D8               	btfsc	status,2,c
  1768   003902  EF42  F01C         	goto	l1951
  1769   003906  0A03               	xorlw	3	; case 70
  1770   003908  B4D8               	btfsc	status,2,c
  1771   00390A  EF53  F01C         	goto	l1953
  1772   00390E  EF89  F01C         	goto	l204
  1773   003912                     l204:
  1774   003912  0012               	return		;funcret
  1775   003914                     __end_of_set_pin_sr_limited:
  1776                           	callstack 0
  1777                           
  1778 ;; *************** function _set_pin_push_pull *****************
  1779 ;; Defined at:
  1780 ;;		line 271 in file "gpio.c"
  1781 ;; Parameters:    Size  Location     Type
  1782 ;;  port_name       1    wreg     enum E17445
  1783 ;;  pin_number      1    0[COMRAM] unsigned char 
  1784 ;; Auto vars:     Size  Location     Type
  1785 ;;  port_name       1    3[COMRAM] enum E17445
  1786 ;; Return value:  Size  Location     Type
  1787 ;;                  1    wreg      void 
  1788 ;; Registers used:
  1789 ;;		wreg, status,2, status,0
  1790 ;; Tracked objects:
  1791 ;;		On entry : 0/0
  1792 ;;		On exit  : 0/0
  1793 ;;		Unchanged: 0/0
  1794 ;; Data sizes:     COMRAM   BANK5   BANK6   BANK7   BANK8   BANK9  BANK10  BANK11  BANK12  BANK13  BANK14  BANK15  BANK1
      +6  BANK17  BANK18  BANK19  BANK20  BANK21  BANK22  BANK23  BANK24  BANK25  BANK26  BANK27  BANK28  BANK29  BANK30  BANK3
      +1  BANK32  BANK33  BANK34  BANK35  BANK36
  1795 ;;      Params:         1       0       0       0       0       0       0       0       0       0       0       0       
      +0       0       0       0       0       0       0       0       0       0       0       0       0       0       0       
      +0       0       0       0       0       0
  1796 ;;      Locals:         1       0       0       0       0       0       0       0       0       0       0       0       
      +0       0       0       0       0       0       0       0       0       0       0       0       0       0       0       
      +0       0       0       0       0       0
  1797 ;;      Temps:          2       0       0       0       0       0       0       0       0       0       0       0       
      +0       0       0       0       0       0       0       0       0       0       0       0       0       0       0       
      +0       0       0       0       0       0
  1798 ;;      Totals:         4       0       0       0       0       0       0       0       0       0       0       0       
      +0       0       0       0       0       0       0       0       0       0       0       0       0       0       0       
      +0       0       0       0       0       0
  1799 ;;Total ram usage:        4 bytes
  1800 ;; Hardware stack levels used: 1
  1801 ;; Hardware stack levels required when called: 1
  1802 ;; This function calls:
  1803 ;;		Nothing
  1804 ;; This function is called by:
  1805 ;;		_configure_pin
  1806 ;; This function uses a non-reentrant model
  1807 ;;
  1808                           
  1809                           	psect	text10
  1810   00335A                     __ptext10:
  1811                           	callstack 0
  1812   00335A                     _set_pin_push_pull:
  1813                           	callstack 123
  1814                           
  1815                           ;incstack = 0
  1816                           ;set_pin_push_pull@port_name stored from wreg
  1817   00335A  6E04               	movwf	set_pin_push_pull@port_name^(0+1280),c
  1818   00335C                     
  1819                           ;gpio.c: 271: void set_pin_push_pull(PortName_t port_name, uint8_t pin_number);gpio.c: 2
      +                          72: {;gpio.c: 273:     switch(port_name)
  1820   00335C  EF1C  F01A         	goto	l2001
  1821   003360                     l1987:
  1822                           
  1823                           ;gpio.c: 276:             ODCONA &= ~(1 << pin_number);
  1824   003360  C501  F502         	movff	set_pin_push_pull@pin_number,??_set_pin_push_pull
  1825   003364  0E01               	movlw	1
  1826   003366  6E03               	movwf	(??_set_pin_push_pull+1)^(0+1280),c
  1827   003368  2A02               	incf	??_set_pin_push_pull^(0+1280),f,c
  1828   00336A  EFB9  F019         	goto	u1664
  1829   00336E                     u1665:
  1830   00336E  90D8               	bcf	status,0,c
  1831   003370  3603               	rlcf	(??_set_pin_push_pull+1)^(0+1280),f,c
  1832   003372                     u1664:
  1833   003372  2E02               	decfsz	??_set_pin_push_pull^(0+1280),f,c
  1834   003374  EFB7  F019         	goto	u1665
  1835   003378  5003               	movf	(??_set_pin_push_pull+1)^(0+1280),w,c
  1836   00337A  0AFF               	xorlw	255
  1837   00337C  0104               	movlb	4	; () banked
  1838   00337E  1702               	andwf	2,f,b	;volatile
  1839                           
  1840                           ;gpio.c: 277:             break;
  1841   003380  EF41  F01A         	goto	l228
  1842   003384                     l1989:
  1843                           
  1844                           ;gpio.c: 279:             ODCONB &= ~(1 << pin_number);
  1845   003384  C501  F502         	movff	set_pin_push_pull@pin_number,??_set_pin_push_pull
  1846   003388  0E01               	movlw	1
  1847   00338A  6E03               	movwf	(??_set_pin_push_pull+1)^(0+1280),c
  1848   00338C  2A02               	incf	??_set_pin_push_pull^(0+1280),f,c
  1849   00338E  EFCB  F019         	goto	u1674
  1850   003392                     u1675:
  1851   003392  90D8               	bcf	status,0,c
  1852   003394  3603               	rlcf	(??_set_pin_push_pull+1)^(0+1280),f,c
  1853   003396                     u1674:
  1854   003396  2E02               	decfsz	??_set_pin_push_pull^(0+1280),f,c
  1855   003398  EFC9  F019         	goto	u1675
  1856   00339C  5003               	movf	(??_set_pin_push_pull+1)^(0+1280),w,c
  1857   00339E  0AFF               	xorlw	255
  1858   0033A0  0104               	movlb	4	; () banked
  1859   0033A2  170A               	andwf	10,f,b	;volatile
  1860                           
  1861                           ;gpio.c: 280:             break;
  1862   0033A4  EF41  F01A         	goto	l228
  1863   0033A8                     l1991:
  1864                           
  1865                           ;gpio.c: 282:             ODCONC &= ~(1 << pin_number);
  1866   0033A8  C501  F502         	movff	set_pin_push_pull@pin_number,??_set_pin_push_pull
  1867   0033AC  0E01               	movlw	1
  1868   0033AE  6E03               	movwf	(??_set_pin_push_pull+1)^(0+1280),c
  1869   0033B0  2A02               	incf	??_set_pin_push_pull^(0+1280),f,c
  1870   0033B2  EFDD  F019         	goto	u1684
  1871   0033B6                     u1685:
  1872   0033B6  90D8               	bcf	status,0,c
  1873   0033B8  3603               	rlcf	(??_set_pin_push_pull+1)^(0+1280),f,c
  1874   0033BA                     u1684:
  1875   0033BA  2E02               	decfsz	??_set_pin_push_pull^(0+1280),f,c
  1876   0033BC  EFDB  F019         	goto	u1685
  1877   0033C0  5003               	movf	(??_set_pin_push_pull+1)^(0+1280),w,c
  1878   0033C2  0AFF               	xorlw	255
  1879   0033C4  0104               	movlb	4	; () banked
  1880   0033C6  1712               	andwf	18,f,b	;volatile
  1881                           
  1882                           ;gpio.c: 283:             break;
  1883   0033C8  EF41  F01A         	goto	l228
  1884   0033CC                     l1993:
  1885                           
  1886                           ;gpio.c: 285:             ODCOND &= ~(1 << pin_number);
  1887   0033CC  C501  F502         	movff	set_pin_push_pull@pin_number,??_set_pin_push_pull
  1888   0033D0  0E01               	movlw	1
  1889   0033D2  6E03               	movwf	(??_set_pin_push_pull+1)^(0+1280),c
  1890   0033D4  2A02               	incf	??_set_pin_push_pull^(0+1280),f,c
  1891   0033D6  EFEF  F019         	goto	u1694
  1892   0033DA                     u1695:
  1893   0033DA  90D8               	bcf	status,0,c
  1894   0033DC  3603               	rlcf	(??_set_pin_push_pull+1)^(0+1280),f,c
  1895   0033DE                     u1694:
  1896   0033DE  2E02               	decfsz	??_set_pin_push_pull^(0+1280),f,c
  1897   0033E0  EFED  F019         	goto	u1695
  1898   0033E4  5003               	movf	(??_set_pin_push_pull+1)^(0+1280),w,c
  1899   0033E6  0AFF               	xorlw	255
  1900   0033E8  0104               	movlb	4	; () banked
  1901   0033EA  171A               	andwf	26,f,b	;volatile
  1902                           
  1903                           ;gpio.c: 286:             break;
  1904   0033EC  EF41  F01A         	goto	l228
  1905   0033F0                     l1995:
  1906                           
  1907                           ;gpio.c: 288:             ODCONE &= ~(1 << pin_number);
  1908   0033F0  C501  F502         	movff	set_pin_push_pull@pin_number,??_set_pin_push_pull
  1909   0033F4  0E01               	movlw	1
  1910   0033F6  6E03               	movwf	(??_set_pin_push_pull+1)^(0+1280),c
  1911   0033F8  2A02               	incf	??_set_pin_push_pull^(0+1280),f,c
  1912   0033FA  EF01  F01A         	goto	u1704
  1913   0033FE                     u1705:
  1914   0033FE  90D8               	bcf	status,0,c
  1915   003400  3603               	rlcf	(??_set_pin_push_pull+1)^(0+1280),f,c
  1916   003402                     u1704:
  1917   003402  2E02               	decfsz	??_set_pin_push_pull^(0+1280),f,c
  1918   003404  EFFF  F019         	goto	u1705
  1919   003408  5003               	movf	(??_set_pin_push_pull+1)^(0+1280),w,c
  1920   00340A  0AFF               	xorlw	255
  1921   00340C  0104               	movlb	4	; () banked
  1922   00340E  1722               	andwf	34,f,b	;volatile
  1923                           
  1924                           ;gpio.c: 289:             break;
  1925   003410  EF41  F01A         	goto	l228
  1926   003414                     l1997:
  1927                           
  1928                           ;gpio.c: 291:             ODCONF &= ~(1 << pin_number);
  1929   003414  C501  F502         	movff	set_pin_push_pull@pin_number,??_set_pin_push_pull
  1930   003418  0E01               	movlw	1
  1931   00341A  6E03               	movwf	(??_set_pin_push_pull+1)^(0+1280),c
  1932   00341C  2A02               	incf	??_set_pin_push_pull^(0+1280),f,c
  1933   00341E  EF13  F01A         	goto	u1714
  1934   003422                     u1715:
  1935   003422  90D8               	bcf	status,0,c
  1936   003424  3603               	rlcf	(??_set_pin_push_pull+1)^(0+1280),f,c
  1937   003426                     u1714:
  1938   003426  2E02               	decfsz	??_set_pin_push_pull^(0+1280),f,c
  1939   003428  EF11  F01A         	goto	u1715
  1940   00342C  5003               	movf	(??_set_pin_push_pull+1)^(0+1280),w,c
  1941   00342E  0AFF               	xorlw	255
  1942   003430  0104               	movlb	4	; () banked
  1943   003432  172A               	andwf	42,f,b	;volatile
  1944                           
  1945                           ;gpio.c: 292:             break;
  1946   003434  EF41  F01A         	goto	l228
  1947   003438                     l2001:
  1948   003438  5004               	movf	set_pin_push_pull@port_name^(0+1280),w,c
  1949   00343A  6E02               	movwf	??_set_pin_push_pull^(0+1280),c
  1950   00343C  6A03               	clrf	(??_set_pin_push_pull+1)^(0+1280),c
  1951                           
  1952                           ; Switch on 2 bytes has been partitioned into a top level switch of size 1, and 1 sub-sw
      +                          itches
  1953                           ; Switch size 1, requested type "simple"
  1954                           ; Number of cases is 1, Range of values is 0 to 0
  1955                           ; switch strategies available:
  1956                           ; Name         Instructions Cycles
  1957                           ; simple_byte            4     3 (average)
  1958                           ;	Chosen strategy is simple_byte
  1959   00343E  5003               	movf	(??_set_pin_push_pull+1)^(0+1280),w,c
  1960   003440  0A00               	xorlw	0	; case 0
  1961   003442  B4D8               	btfsc	status,2,c
  1962   003444  EF26  F01A         	goto	l2339
  1963   003448  EF41  F01A         	goto	l228
  1964   00344C                     l2339:
  1965                           
  1966                           ; Switch size 1, requested type "simple"
  1967                           ; Number of cases is 6, Range of values is 65 to 70
  1968                           ; switch strategies available:
  1969                           ; Name         Instructions Cycles
  1970                           ; simple_byte           19    10 (average)
  1971                           ;	Chosen strategy is simple_byte
  1972   00344C  5002               	movf	??_set_pin_push_pull^(0+1280),w,c
  1973   00344E  0A41               	xorlw	65	; case 65
  1974   003450  B4D8               	btfsc	status,2,c
  1975   003452  EFB0  F019         	goto	l1987
  1976   003456  0A03               	xorlw	3	; case 66
  1977   003458  B4D8               	btfsc	status,2,c
  1978   00345A  EFC2  F019         	goto	l1989
  1979   00345E  0A01               	xorlw	1	; case 67
  1980   003460  B4D8               	btfsc	status,2,c
  1981   003462  EFD4  F019         	goto	l1991
  1982   003466  0A07               	xorlw	7	; case 68
  1983   003468  B4D8               	btfsc	status,2,c
  1984   00346A  EFE6  F019         	goto	l1993
  1985   00346E  0A01               	xorlw	1	; case 69
  1986   003470  B4D8               	btfsc	status,2,c
  1987   003472  EFF8  F019         	goto	l1995
  1988   003476  0A03               	xorlw	3	; case 70
  1989   003478  B4D8               	btfsc	status,2,c
  1990   00347A  EF0A  F01A         	goto	l1997
  1991   00347E  EF41  F01A         	goto	l228
  1992   003482                     l228:
  1993   003482  0012               	return		;funcret
  1994   003484                     __end_of_set_pin_push_pull:
  1995                           	callstack 0
  1996                           
  1997 ;; *************** function _set_pin_pullup *****************
  1998 ;; Defined at:
  1999 ;;		line 110 in file "gpio.c"
  2000 ;; Parameters:    Size  Location     Type
  2001 ;;  port_name       1    wreg     enum E17445
  2002 ;;  pin_number      1    0[COMRAM] unsigned char 
  2003 ;; Auto vars:     Size  Location     Type
  2004 ;;  port_name       1    3[COMRAM] enum E17445
  2005 ;; Return value:  Size  Location     Type
  2006 ;;                  1    wreg      void 
  2007 ;; Registers used:
  2008 ;;		wreg, status,2, status,0
  2009 ;; Tracked objects:
  2010 ;;		On entry : 0/0
  2011 ;;		On exit  : 0/0
  2012 ;;		Unchanged: 0/0
  2013 ;; Data sizes:     COMRAM   BANK5   BANK6   BANK7   BANK8   BANK9  BANK10  BANK11  BANK12  BANK13  BANK14  BANK15  BANK1
      +6  BANK17  BANK18  BANK19  BANK20  BANK21  BANK22  BANK23  BANK24  BANK25  BANK26  BANK27  BANK28  BANK29  BANK30  BANK3
      +1  BANK32  BANK33  BANK34  BANK35  BANK36
  2014 ;;      Params:         1       0       0       0       0       0       0       0       0       0       0       0       
      +0       0       0       0       0       0       0       0       0       0       0       0       0       0       0       
      +0       0       0       0       0       0
  2015 ;;      Locals:         1       0       0       0       0       0       0       0       0       0       0       0       
      +0       0       0       0       0       0       0       0       0       0       0       0       0       0       0       
      +0       0       0       0       0       0
  2016 ;;      Temps:          2       0       0       0       0       0       0       0       0       0       0       0       
      +0       0       0       0       0       0       0       0       0       0       0       0       0       0       0       
      +0       0       0       0       0       0
  2017 ;;      Totals:         4       0       0       0       0       0       0       0       0       0       0       0       
      +0       0       0       0       0       0       0       0       0       0       0       0       0       0       0       
      +0       0       0       0       0       0
  2018 ;;Total ram usage:        4 bytes
  2019 ;; Hardware stack levels used: 1
  2020 ;; Hardware stack levels required when called: 1
  2021 ;; This function calls:
  2022 ;;		Nothing
  2023 ;; This function is called by:
  2024 ;;		_configure_pin
  2025 ;; This function uses a non-reentrant model
  2026 ;;
  2027                           
  2028                           	psect	text11
  2029   003914                     __ptext11:
  2030                           	callstack 0
  2031   003914                     _set_pin_pullup:
  2032                           	callstack 123
  2033                           
  2034                           ;incstack = 0
  2035                           ;set_pin_pullup@port_name stored from wreg
  2036   003914  6E04               	movwf	set_pin_pullup@port_name^(0+1280),c
  2037   003916                     
  2038                           ;gpio.c: 110: void set_pin_pullup(PortName_t port_name, uint8_t pin_number);gpio.c: 111:
      +                           {;gpio.c: 112:     switch(port_name)
  2039   003916  EFF3  F01C         	goto	l1869
  2040   00391A                     l1855:
  2041                           
  2042                           ;gpio.c: 115:             WPUA |= (1 << pin_number);
  2043   00391A  C501  F502         	movff	set_pin_pullup@pin_number,??_set_pin_pullup
  2044   00391E  0E01               	movlw	1
  2045   003920  6E03               	movwf	(??_set_pin_pullup+1)^(0+1280),c
  2046   003922  2A02               	incf	??_set_pin_pullup^(0+1280),f,c
  2047   003924  EF96  F01C         	goto	u1304
  2048   003928                     u1305:
  2049   003928  90D8               	bcf	status,0,c
  2050   00392A  3603               	rlcf	(??_set_pin_pullup+1)^(0+1280),f,c
  2051   00392C                     u1304:
  2052   00392C  2E02               	decfsz	??_set_pin_pullup^(0+1280),f,c
  2053   00392E  EF94  F01C         	goto	u1305
  2054   003932  5003               	movf	(??_set_pin_pullup+1)^(0+1280),w,c
  2055   003934  0104               	movlb	4	; () banked
  2056   003936  1301               	iorwf	1,f,b	;volatile
  2057                           
  2058                           ;gpio.c: 116:             break;
  2059   003938  EF18  F01D         	goto	l156
  2060   00393C                     l1857:
  2061                           
  2062                           ;gpio.c: 118:             WPUB |= (1 << pin_number);
  2063   00393C  C501  F502         	movff	set_pin_pullup@pin_number,??_set_pin_pullup
  2064   003940  0E01               	movlw	1
  2065   003942  6E03               	movwf	(??_set_pin_pullup+1)^(0+1280),c
  2066   003944  2A02               	incf	??_set_pin_pullup^(0+1280),f,c
  2067   003946  EFA7  F01C         	goto	u1314
  2068   00394A                     u1315:
  2069   00394A  90D8               	bcf	status,0,c
  2070   00394C  3603               	rlcf	(??_set_pin_pullup+1)^(0+1280),f,c
  2071   00394E                     u1314:
  2072   00394E  2E02               	decfsz	??_set_pin_pullup^(0+1280),f,c
  2073   003950  EFA5  F01C         	goto	u1315
  2074   003954  5003               	movf	(??_set_pin_pullup+1)^(0+1280),w,c
  2075   003956  0104               	movlb	4	; () banked
  2076   003958  1309               	iorwf	9,f,b	;volatile
  2077                           
  2078                           ;gpio.c: 119:             break;
  2079   00395A  EF18  F01D         	goto	l156
  2080   00395E                     l1859:
  2081                           
  2082                           ;gpio.c: 121:             WPUC |= (1 << pin_number);
  2083   00395E  C501  F502         	movff	set_pin_pullup@pin_number,??_set_pin_pullup
  2084   003962  0E01               	movlw	1
  2085   003964  6E03               	movwf	(??_set_pin_pullup+1)^(0+1280),c
  2086   003966  2A02               	incf	??_set_pin_pullup^(0+1280),f,c
  2087   003968  EFB8  F01C         	goto	u1324
  2088   00396C                     u1325:
  2089   00396C  90D8               	bcf	status,0,c
  2090   00396E  3603               	rlcf	(??_set_pin_pullup+1)^(0+1280),f,c
  2091   003970                     u1324:
  2092   003970  2E02               	decfsz	??_set_pin_pullup^(0+1280),f,c
  2093   003972  EFB6  F01C         	goto	u1325
  2094   003976  5003               	movf	(??_set_pin_pullup+1)^(0+1280),w,c
  2095   003978  0104               	movlb	4	; () banked
  2096   00397A  1311               	iorwf	17,f,b	;volatile
  2097                           
  2098                           ;gpio.c: 122:             break;
  2099   00397C  EF18  F01D         	goto	l156
  2100   003980                     l1861:
  2101                           
  2102                           ;gpio.c: 124:             WPUD |= (1 << pin_number);
  2103   003980  C501  F502         	movff	set_pin_pullup@pin_number,??_set_pin_pullup
  2104   003984  0E01               	movlw	1
  2105   003986  6E03               	movwf	(??_set_pin_pullup+1)^(0+1280),c
  2106   003988  2A02               	incf	??_set_pin_pullup^(0+1280),f,c
  2107   00398A  EFC9  F01C         	goto	u1334
  2108   00398E                     u1335:
  2109   00398E  90D8               	bcf	status,0,c
  2110   003990  3603               	rlcf	(??_set_pin_pullup+1)^(0+1280),f,c
  2111   003992                     u1334:
  2112   003992  2E02               	decfsz	??_set_pin_pullup^(0+1280),f,c
  2113   003994  EFC7  F01C         	goto	u1335
  2114   003998  5003               	movf	(??_set_pin_pullup+1)^(0+1280),w,c
  2115   00399A  0104               	movlb	4	; () banked
  2116   00399C  1319               	iorwf	25,f,b	;volatile
  2117                           
  2118                           ;gpio.c: 125:             break;
  2119   00399E  EF18  F01D         	goto	l156
  2120   0039A2                     l1863:
  2121                           
  2122                           ;gpio.c: 127:             WPUE |= (1 << pin_number);
  2123   0039A2  C501  F502         	movff	set_pin_pullup@pin_number,??_set_pin_pullup
  2124   0039A6  0E01               	movlw	1
  2125   0039A8  6E03               	movwf	(??_set_pin_pullup+1)^(0+1280),c
  2126   0039AA  2A02               	incf	??_set_pin_pullup^(0+1280),f,c
  2127   0039AC  EFDA  F01C         	goto	u1344
  2128   0039B0                     u1345:
  2129   0039B0  90D8               	bcf	status,0,c
  2130   0039B2  3603               	rlcf	(??_set_pin_pullup+1)^(0+1280),f,c
  2131   0039B4                     u1344:
  2132   0039B4  2E02               	decfsz	??_set_pin_pullup^(0+1280),f,c
  2133   0039B6  EFD8  F01C         	goto	u1345
  2134   0039BA  5003               	movf	(??_set_pin_pullup+1)^(0+1280),w,c
  2135   0039BC  0104               	movlb	4	; () banked
  2136   0039BE  1321               	iorwf	33,f,b	;volatile
  2137                           
  2138                           ;gpio.c: 128:             break;
  2139   0039C0  EF18  F01D         	goto	l156
  2140   0039C4                     l1865:
  2141                           
  2142                           ;gpio.c: 130:             WPUF |= (1 << pin_number);
  2143   0039C4  C501  F502         	movff	set_pin_pullup@pin_number,??_set_pin_pullup
  2144   0039C8  0E01               	movlw	1
  2145   0039CA  6E03               	movwf	(??_set_pin_pullup+1)^(0+1280),c
  2146   0039CC  2A02               	incf	??_set_pin_pullup^(0+1280),f,c
  2147   0039CE  EFEB  F01C         	goto	u1354
  2148   0039D2                     u1355:
  2149   0039D2  90D8               	bcf	status,0,c
  2150   0039D4  3603               	rlcf	(??_set_pin_pullup+1)^(0+1280),f,c
  2151   0039D6                     u1354:
  2152   0039D6  2E02               	decfsz	??_set_pin_pullup^(0+1280),f,c
  2153   0039D8  EFE9  F01C         	goto	u1355
  2154   0039DC  5003               	movf	(??_set_pin_pullup+1)^(0+1280),w,c
  2155   0039DE  0104               	movlb	4	; () banked
  2156   0039E0  1329               	iorwf	41,f,b	;volatile
  2157                           
  2158                           ;gpio.c: 131:             break;
  2159   0039E2  EF18  F01D         	goto	l156
  2160   0039E6                     l1869:
  2161   0039E6  5004               	movf	set_pin_pullup@port_name^(0+1280),w,c
  2162   0039E8  6E02               	movwf	??_set_pin_pullup^(0+1280),c
  2163   0039EA  6A03               	clrf	(??_set_pin_pullup+1)^(0+1280),c
  2164                           
  2165                           ; Switch on 2 bytes has been partitioned into a top level switch of size 1, and 1 sub-sw
      +                          itches
  2166                           ; Switch size 1, requested type "simple"
  2167                           ; Number of cases is 1, Range of values is 0 to 0
  2168                           ; switch strategies available:
  2169                           ; Name         Instructions Cycles
  2170                           ; simple_byte            4     3 (average)
  2171                           ;	Chosen strategy is simple_byte
  2172   0039EC  5003               	movf	(??_set_pin_pullup+1)^(0+1280),w,c
  2173   0039EE  0A00               	xorlw	0	; case 0
  2174   0039F0  B4D8               	btfsc	status,2,c
  2175   0039F2  EFFD  F01C         	goto	l2341
  2176   0039F6  EF18  F01D         	goto	l156
  2177   0039FA                     l2341:
  2178                           
  2179                           ; Switch size 1, requested type "simple"
  2180                           ; Number of cases is 6, Range of values is 65 to 70
  2181                           ; switch strategies available:
  2182                           ; Name         Instructions Cycles
  2183                           ; simple_byte           19    10 (average)
  2184                           ;	Chosen strategy is simple_byte
  2185   0039FA  5002               	movf	??_set_pin_pullup^(0+1280),w,c
  2186   0039FC  0A41               	xorlw	65	; case 65
  2187   0039FE  B4D8               	btfsc	status,2,c
  2188   003A00  EF8D  F01C         	goto	l1855
  2189   003A04  0A03               	xorlw	3	; case 66
  2190   003A06  B4D8               	btfsc	status,2,c
  2191   003A08  EF9E  F01C         	goto	l1857
  2192   003A0C  0A01               	xorlw	1	; case 67
  2193   003A0E  B4D8               	btfsc	status,2,c
  2194   003A10  EFAF  F01C         	goto	l1859
  2195   003A14  0A07               	xorlw	7	; case 68
  2196   003A16  B4D8               	btfsc	status,2,c
  2197   003A18  EFC0  F01C         	goto	l1861
  2198   003A1C  0A01               	xorlw	1	; case 69
  2199   003A1E  B4D8               	btfsc	status,2,c
  2200   003A20  EFD1  F01C         	goto	l1863
  2201   003A24  0A03               	xorlw	3	; case 70
  2202   003A26  B4D8               	btfsc	status,2,c
  2203   003A28  EFE2  F01C         	goto	l1865
  2204   003A2C  EF18  F01D         	goto	l156
  2205   003A30                     l156:
  2206   003A30  0012               	return		;funcret
  2207   003A32                     __end_of_set_pin_pullup:
  2208                           	callstack 0
  2209                           
  2210 ;; *************** function _set_pin_output *****************
  2211 ;; Defined at:
  2212 ;;		line 31 in file "gpio.c"
  2213 ;; Parameters:    Size  Location     Type
  2214 ;;  port_name       1    wreg     enum E17445
  2215 ;;  pin_number      1    0[COMRAM] unsigned char 
  2216 ;; Auto vars:     Size  Location     Type
  2217 ;;  port_name       1    3[COMRAM] enum E17445
  2218 ;; Return value:  Size  Location     Type
  2219 ;;                  1    wreg      void 
  2220 ;; Registers used:
  2221 ;;		wreg, status,2, status,0
  2222 ;; Tracked objects:
  2223 ;;		On entry : 0/0
  2224 ;;		On exit  : 0/0
  2225 ;;		Unchanged: 0/0
  2226 ;; Data sizes:     COMRAM   BANK5   BANK6   BANK7   BANK8   BANK9  BANK10  BANK11  BANK12  BANK13  BANK14  BANK15  BANK1
      +6  BANK17  BANK18  BANK19  BANK20  BANK21  BANK22  BANK23  BANK24  BANK25  BANK26  BANK27  BANK28  BANK29  BANK30  BANK3
      +1  BANK32  BANK33  BANK34  BANK35  BANK36
  2227 ;;      Params:         1       0       0       0       0       0       0       0       0       0       0       0       
      +0       0       0       0       0       0       0       0       0       0       0       0       0       0       0       
      +0       0       0       0       0       0
  2228 ;;      Locals:         1       0       0       0       0       0       0       0       0       0       0       0       
      +0       0       0       0       0       0       0       0       0       0       0       0       0       0       0       
      +0       0       0       0       0       0
  2229 ;;      Temps:          2       0       0       0       0       0       0       0       0       0       0       0       
      +0       0       0       0       0       0       0       0       0       0       0       0       0       0       0       
      +0       0       0       0       0       0
  2230 ;;      Totals:         4       0       0       0       0       0       0       0       0       0       0       0       
      +0       0       0       0       0       0       0       0       0       0       0       0       0       0       0       
      +0       0       0       0       0       0
  2231 ;;Total ram usage:        4 bytes
  2232 ;; Hardware stack levels used: 1
  2233 ;; Hardware stack levels required when called: 1
  2234 ;; This function calls:
  2235 ;;		Nothing
  2236 ;; This function is called by:
  2237 ;;		_configure_pin
  2238 ;; This function uses a non-reentrant model
  2239 ;;
  2240                           
  2241                           	psect	text12
  2242   003A32                     __ptext12:
  2243                           	callstack 0
  2244   003A32                     _set_pin_output:
  2245                           	callstack 123
  2246                           
  2247                           ;incstack = 0
  2248                           ;set_pin_output@port_name stored from wreg
  2249   003A32  6E04               	movwf	set_pin_output@port_name^(0+1280),c
  2250   003A34                     
  2251                           ;gpio.c: 31: void set_pin_output(PortName_t port_name, uint8_t pin_number);gpio.c: 32: {
      +                          ;gpio.c: 33:     switch(port_name)
  2252   003A34  EF82  F01D         	goto	l1803
  2253   003A38                     l1789:
  2254                           
  2255                           ;gpio.c: 36:             TRISA &= ~(1 << pin_number);
  2256   003A38  C501  F502         	movff	set_pin_output@pin_number,??_set_pin_output
  2257   003A3C  0E01               	movlw	1
  2258   003A3E  6E03               	movwf	(??_set_pin_output+1)^(0+1280),c
  2259   003A40  2A02               	incf	??_set_pin_output^(0+1280),f,c
  2260   003A42  EF25  F01D         	goto	u1124
  2261   003A46                     u1125:
  2262   003A46  90D8               	bcf	status,0,c
  2263   003A48  3603               	rlcf	(??_set_pin_output+1)^(0+1280),f,c
  2264   003A4A                     u1124:
  2265   003A4A  2E02               	decfsz	??_set_pin_output^(0+1280),f,c
  2266   003A4C  EF23  F01D         	goto	u1125
  2267   003A50  5003               	movf	(??_set_pin_output+1)^(0+1280),w,c
  2268   003A52  0AFF               	xorlw	255
  2269   003A54  16C6               	andwf	198,f,c	;volatile
  2270                           
  2271                           ;gpio.c: 37:             break;
  2272   003A56  EFA7  F01D         	goto	l120
  2273   003A5A                     l1791:
  2274                           
  2275                           ;gpio.c: 39:             TRISB &= ~(1 << pin_number);
  2276   003A5A  C501  F502         	movff	set_pin_output@pin_number,??_set_pin_output
  2277   003A5E  0E01               	movlw	1
  2278   003A60  6E03               	movwf	(??_set_pin_output+1)^(0+1280),c
  2279   003A62  2A02               	incf	??_set_pin_output^(0+1280),f,c
  2280   003A64  EF36  F01D         	goto	u1134
  2281   003A68                     u1135:
  2282   003A68  90D8               	bcf	status,0,c
  2283   003A6A  3603               	rlcf	(??_set_pin_output+1)^(0+1280),f,c
  2284   003A6C                     u1134:
  2285   003A6C  2E02               	decfsz	??_set_pin_output^(0+1280),f,c
  2286   003A6E  EF34  F01D         	goto	u1135
  2287   003A72  5003               	movf	(??_set_pin_output+1)^(0+1280),w,c
  2288   003A74  0AFF               	xorlw	255
  2289   003A76  16C7               	andwf	199,f,c	;volatile
  2290                           
  2291                           ;gpio.c: 40:             break;
  2292   003A78  EFA7  F01D         	goto	l120
  2293   003A7C                     l1793:
  2294                           
  2295                           ;gpio.c: 42:             TRISC &= ~(1 << pin_number);
  2296   003A7C  C501  F502         	movff	set_pin_output@pin_number,??_set_pin_output
  2297   003A80  0E01               	movlw	1
  2298   003A82  6E03               	movwf	(??_set_pin_output+1)^(0+1280),c
  2299   003A84  2A02               	incf	??_set_pin_output^(0+1280),f,c
  2300   003A86  EF47  F01D         	goto	u1144
  2301   003A8A                     u1145:
  2302   003A8A  90D8               	bcf	status,0,c
  2303   003A8C  3603               	rlcf	(??_set_pin_output+1)^(0+1280),f,c
  2304   003A8E                     u1144:
  2305   003A8E  2E02               	decfsz	??_set_pin_output^(0+1280),f,c
  2306   003A90  EF45  F01D         	goto	u1145
  2307   003A94  5003               	movf	(??_set_pin_output+1)^(0+1280),w,c
  2308   003A96  0AFF               	xorlw	255
  2309   003A98  16C8               	andwf	200,f,c	;volatile
  2310                           
  2311                           ;gpio.c: 43:             break;
  2312   003A9A  EFA7  F01D         	goto	l120
  2313   003A9E                     l1795:
  2314                           
  2315                           ;gpio.c: 45:             TRISD &= ~(1 << pin_number);
  2316   003A9E  C501  F502         	movff	set_pin_output@pin_number,??_set_pin_output
  2317   003AA2  0E01               	movlw	1
  2318   003AA4  6E03               	movwf	(??_set_pin_output+1)^(0+1280),c
  2319   003AA6  2A02               	incf	??_set_pin_output^(0+1280),f,c
  2320   003AA8  EF58  F01D         	goto	u1154
  2321   003AAC                     u1155:
  2322   003AAC  90D8               	bcf	status,0,c
  2323   003AAE  3603               	rlcf	(??_set_pin_output+1)^(0+1280),f,c
  2324   003AB0                     u1154:
  2325   003AB0  2E02               	decfsz	??_set_pin_output^(0+1280),f,c
  2326   003AB2  EF56  F01D         	goto	u1155
  2327   003AB6  5003               	movf	(??_set_pin_output+1)^(0+1280),w,c
  2328   003AB8  0AFF               	xorlw	255
  2329   003ABA  16C9               	andwf	201,f,c	;volatile
  2330                           
  2331                           ;gpio.c: 46:             break;
  2332   003ABC  EFA7  F01D         	goto	l120
  2333   003AC0                     l1797:
  2334                           
  2335                           ;gpio.c: 48:             TRISE &= ~(1 << pin_number);
  2336   003AC0  C501  F502         	movff	set_pin_output@pin_number,??_set_pin_output
  2337   003AC4  0E01               	movlw	1
  2338   003AC6  6E03               	movwf	(??_set_pin_output+1)^(0+1280),c
  2339   003AC8  2A02               	incf	??_set_pin_output^(0+1280),f,c
  2340   003ACA  EF69  F01D         	goto	u1164
  2341   003ACE                     u1165:
  2342   003ACE  90D8               	bcf	status,0,c
  2343   003AD0  3603               	rlcf	(??_set_pin_output+1)^(0+1280),f,c
  2344   003AD2                     u1164:
  2345   003AD2  2E02               	decfsz	??_set_pin_output^(0+1280),f,c
  2346   003AD4  EF67  F01D         	goto	u1165
  2347   003AD8  5003               	movf	(??_set_pin_output+1)^(0+1280),w,c
  2348   003ADA  0AFF               	xorlw	255
  2349   003ADC  16CA               	andwf	202,f,c	;volatile
  2350                           
  2351                           ;gpio.c: 49:             break;
  2352   003ADE  EFA7  F01D         	goto	l120
  2353   003AE2                     l1799:
  2354                           
  2355                           ;gpio.c: 51:             TRISF &= ~(1 << pin_number);
  2356   003AE2  C501  F502         	movff	set_pin_output@pin_number,??_set_pin_output
  2357   003AE6  0E01               	movlw	1
  2358   003AE8  6E03               	movwf	(??_set_pin_output+1)^(0+1280),c
  2359   003AEA  2A02               	incf	??_set_pin_output^(0+1280),f,c
  2360   003AEC  EF7A  F01D         	goto	u1174
  2361   003AF0                     u1175:
  2362   003AF0  90D8               	bcf	status,0,c
  2363   003AF2  3603               	rlcf	(??_set_pin_output+1)^(0+1280),f,c
  2364   003AF4                     u1174:
  2365   003AF4  2E02               	decfsz	??_set_pin_output^(0+1280),f,c
  2366   003AF6  EF78  F01D         	goto	u1175
  2367   003AFA  5003               	movf	(??_set_pin_output+1)^(0+1280),w,c
  2368   003AFC  0AFF               	xorlw	255
  2369   003AFE  16CB               	andwf	203,f,c	;volatile
  2370                           
  2371                           ;gpio.c: 52:             break;
  2372   003B00  EFA7  F01D         	goto	l120
  2373   003B04                     l1803:
  2374   003B04  5004               	movf	set_pin_output@port_name^(0+1280),w,c
  2375   003B06  6E02               	movwf	??_set_pin_output^(0+1280),c
  2376   003B08  6A03               	clrf	(??_set_pin_output+1)^(0+1280),c
  2377                           
  2378                           ; Switch on 2 bytes has been partitioned into a top level switch of size 1, and 1 sub-sw
      +                          itches
  2379                           ; Switch size 1, requested type "simple"
  2380                           ; Number of cases is 1, Range of values is 0 to 0
  2381                           ; switch strategies available:
  2382                           ; Name         Instructions Cycles
  2383                           ; simple_byte            4     3 (average)
  2384                           ;	Chosen strategy is simple_byte
  2385   003B0A  5003               	movf	(??_set_pin_output+1)^(0+1280),w,c
  2386   003B0C  0A00               	xorlw	0	; case 0
  2387   003B0E  B4D8               	btfsc	status,2,c
  2388   003B10  EF8C  F01D         	goto	l2343
  2389   003B14  EFA7  F01D         	goto	l120
  2390   003B18                     l2343:
  2391                           
  2392                           ; Switch size 1, requested type "simple"
  2393                           ; Number of cases is 6, Range of values is 65 to 70
  2394                           ; switch strategies available:
  2395                           ; Name         Instructions Cycles
  2396                           ; simple_byte           19    10 (average)
  2397                           ;	Chosen strategy is simple_byte
  2398   003B18  5002               	movf	??_set_pin_output^(0+1280),w,c
  2399   003B1A  0A41               	xorlw	65	; case 65
  2400   003B1C  B4D8               	btfsc	status,2,c
  2401   003B1E  EF1C  F01D         	goto	l1789
  2402   003B22  0A03               	xorlw	3	; case 66
  2403   003B24  B4D8               	btfsc	status,2,c
  2404   003B26  EF2D  F01D         	goto	l1791
  2405   003B2A  0A01               	xorlw	1	; case 67
  2406   003B2C  B4D8               	btfsc	status,2,c
  2407   003B2E  EF3E  F01D         	goto	l1793
  2408   003B32  0A07               	xorlw	7	; case 68
  2409   003B34  B4D8               	btfsc	status,2,c
  2410   003B36  EF4F  F01D         	goto	l1795
  2411   003B3A  0A01               	xorlw	1	; case 69
  2412   003B3C  B4D8               	btfsc	status,2,c
  2413   003B3E  EF60  F01D         	goto	l1797
  2414   003B42  0A03               	xorlw	3	; case 70
  2415   003B44  B4D8               	btfsc	status,2,c
  2416   003B46  EF71  F01D         	goto	l1799
  2417   003B4A  EFA7  F01D         	goto	l120
  2418   003B4E                     l120:
  2419   003B4E  0012               	return		;funcret
  2420   003B50                     __end_of_set_pin_output:
  2421                           	callstack 0
  2422                           
  2423 ;; *************** function _set_pin_open_drain *****************
  2424 ;; Defined at:
  2425 ;;		line 298 in file "gpio.c"
  2426 ;; Parameters:    Size  Location     Type
  2427 ;;  port_name       1    wreg     enum E17445
  2428 ;;  pin_number      1    0[COMRAM] unsigned char 
  2429 ;; Auto vars:     Size  Location     Type
  2430 ;;  port_name       1    3[COMRAM] enum E17445
  2431 ;; Return value:  Size  Location     Type
  2432 ;;                  1    wreg      void 
  2433 ;; Registers used:
  2434 ;;		wreg, status,2, status,0
  2435 ;; Tracked objects:
  2436 ;;		On entry : 0/0
  2437 ;;		On exit  : 0/0
  2438 ;;		Unchanged: 0/0
  2439 ;; Data sizes:     COMRAM   BANK5   BANK6   BANK7   BANK8   BANK9  BANK10  BANK11  BANK12  BANK13  BANK14  BANK15  BANK1
      +6  BANK17  BANK18  BANK19  BANK20  BANK21  BANK22  BANK23  BANK24  BANK25  BANK26  BANK27  BANK28  BANK29  BANK30  BANK3
      +1  BANK32  BANK33  BANK34  BANK35  BANK36
  2440 ;;      Params:         1       0       0       0       0       0       0       0       0       0       0       0       
      +0       0       0       0       0       0       0       0       0       0       0       0       0       0       0       
      +0       0       0       0       0       0
  2441 ;;      Locals:         1       0       0       0       0       0       0       0       0       0       0       0       
      +0       0       0       0       0       0       0       0       0       0       0       0       0       0       0       
      +0       0       0       0       0       0
  2442 ;;      Temps:          2       0       0       0       0       0       0       0       0       0       0       0       
      +0       0       0       0       0       0       0       0       0       0       0       0       0       0       0       
      +0       0       0       0       0       0
  2443 ;;      Totals:         4       0       0       0       0       0       0       0       0       0       0       0       
      +0       0       0       0       0       0       0       0       0       0       0       0       0       0       0       
      +0       0       0       0       0       0
  2444 ;;Total ram usage:        4 bytes
  2445 ;; Hardware stack levels used: 1
  2446 ;; Hardware stack levels required when called: 1
  2447 ;; This function calls:
  2448 ;;		Nothing
  2449 ;; This function is called by:
  2450 ;;		_configure_pin
  2451 ;; This function uses a non-reentrant model
  2452 ;;
  2453                           
  2454                           	psect	text13
  2455   003B50                     __ptext13:
  2456                           	callstack 0
  2457   003B50                     _set_pin_open_drain:
  2458                           	callstack 123
  2459                           
  2460                           ;incstack = 0
  2461                           ;set_pin_open_drain@port_name stored from wreg
  2462   003B50  6E04               	movwf	set_pin_open_drain@port_name^(0+1280),c
  2463   003B52                     
  2464                           ;gpio.c: 298: void set_pin_open_drain(PortName_t port_name, uint8_t pin_number);gpio.c: 
      +                          299: {;gpio.c: 300:     switch(port_name)
  2465   003B52  EF11  F01E         	goto	l2023
  2466   003B56                     l2009:
  2467                           
  2468                           ;gpio.c: 303:             ODCONA |= (1 << pin_number);
  2469   003B56  C501  F502         	movff	set_pin_open_drain@pin_number,??_set_pin_open_drain
  2470   003B5A  0E01               	movlw	1
  2471   003B5C  6E03               	movwf	(??_set_pin_open_drain+1)^(0+1280),c
  2472   003B5E  2A02               	incf	??_set_pin_open_drain^(0+1280),f,c
  2473   003B60  EFB4  F01D         	goto	u1724
  2474   003B64                     u1725:
  2475   003B64  90D8               	bcf	status,0,c
  2476   003B66  3603               	rlcf	(??_set_pin_open_drain+1)^(0+1280),f,c
  2477   003B68                     u1724:
  2478   003B68  2E02               	decfsz	??_set_pin_open_drain^(0+1280),f,c
  2479   003B6A  EFB2  F01D         	goto	u1725
  2480   003B6E  5003               	movf	(??_set_pin_open_drain+1)^(0+1280),w,c
  2481   003B70  0104               	movlb	4	; () banked
  2482   003B72  1302               	iorwf	2,f,b	;volatile
  2483                           
  2484                           ;gpio.c: 304:             break;
  2485   003B74  EF36  F01E         	goto	l240
  2486   003B78                     l2011:
  2487                           
  2488                           ;gpio.c: 306:             ODCONB |= (1 << pin_number);
  2489   003B78  C501  F502         	movff	set_pin_open_drain@pin_number,??_set_pin_open_drain
  2490   003B7C  0E01               	movlw	1
  2491   003B7E  6E03               	movwf	(??_set_pin_open_drain+1)^(0+1280),c
  2492   003B80  2A02               	incf	??_set_pin_open_drain^(0+1280),f,c
  2493   003B82  EFC5  F01D         	goto	u1734
  2494   003B86                     u1735:
  2495   003B86  90D8               	bcf	status,0,c
  2496   003B88  3603               	rlcf	(??_set_pin_open_drain+1)^(0+1280),f,c
  2497   003B8A                     u1734:
  2498   003B8A  2E02               	decfsz	??_set_pin_open_drain^(0+1280),f,c
  2499   003B8C  EFC3  F01D         	goto	u1735
  2500   003B90  5003               	movf	(??_set_pin_open_drain+1)^(0+1280),w,c
  2501   003B92  0104               	movlb	4	; () banked
  2502   003B94  130A               	iorwf	10,f,b	;volatile
  2503                           
  2504                           ;gpio.c: 307:             break;
  2505   003B96  EF36  F01E         	goto	l240
  2506   003B9A                     l2013:
  2507                           
  2508                           ;gpio.c: 309:             ODCONC |= (1 << pin_number);
  2509   003B9A  C501  F502         	movff	set_pin_open_drain@pin_number,??_set_pin_open_drain
  2510   003B9E  0E01               	movlw	1
  2511   003BA0  6E03               	movwf	(??_set_pin_open_drain+1)^(0+1280),c
  2512   003BA2  2A02               	incf	??_set_pin_open_drain^(0+1280),f,c
  2513   003BA4  EFD6  F01D         	goto	u1744
  2514   003BA8                     u1745:
  2515   003BA8  90D8               	bcf	status,0,c
  2516   003BAA  3603               	rlcf	(??_set_pin_open_drain+1)^(0+1280),f,c
  2517   003BAC                     u1744:
  2518   003BAC  2E02               	decfsz	??_set_pin_open_drain^(0+1280),f,c
  2519   003BAE  EFD4  F01D         	goto	u1745
  2520   003BB2  5003               	movf	(??_set_pin_open_drain+1)^(0+1280),w,c
  2521   003BB4  0104               	movlb	4	; () banked
  2522   003BB6  1312               	iorwf	18,f,b	;volatile
  2523                           
  2524                           ;gpio.c: 310:             break;
  2525   003BB8  EF36  F01E         	goto	l240
  2526   003BBC                     l2015:
  2527                           
  2528                           ;gpio.c: 312:             ODCOND |= (1 << pin_number);
  2529   003BBC  C501  F502         	movff	set_pin_open_drain@pin_number,??_set_pin_open_drain
  2530   003BC0  0E01               	movlw	1
  2531   003BC2  6E03               	movwf	(??_set_pin_open_drain+1)^(0+1280),c
  2532   003BC4  2A02               	incf	??_set_pin_open_drain^(0+1280),f,c
  2533   003BC6  EFE7  F01D         	goto	u1754
  2534   003BCA                     u1755:
  2535   003BCA  90D8               	bcf	status,0,c
  2536   003BCC  3603               	rlcf	(??_set_pin_open_drain+1)^(0+1280),f,c
  2537   003BCE                     u1754:
  2538   003BCE  2E02               	decfsz	??_set_pin_open_drain^(0+1280),f,c
  2539   003BD0  EFE5  F01D         	goto	u1755
  2540   003BD4  5003               	movf	(??_set_pin_open_drain+1)^(0+1280),w,c
  2541   003BD6  0104               	movlb	4	; () banked
  2542   003BD8  131A               	iorwf	26,f,b	;volatile
  2543                           
  2544                           ;gpio.c: 313:             break;
  2545   003BDA  EF36  F01E         	goto	l240
  2546   003BDE                     l2017:
  2547                           
  2548                           ;gpio.c: 315:             ODCONE |= (1 << pin_number);
  2549   003BDE  C501  F502         	movff	set_pin_open_drain@pin_number,??_set_pin_open_drain
  2550   003BE2  0E01               	movlw	1
  2551   003BE4  6E03               	movwf	(??_set_pin_open_drain+1)^(0+1280),c
  2552   003BE6  2A02               	incf	??_set_pin_open_drain^(0+1280),f,c
  2553   003BE8  EFF8  F01D         	goto	u1764
  2554   003BEC                     u1765:
  2555   003BEC  90D8               	bcf	status,0,c
  2556   003BEE  3603               	rlcf	(??_set_pin_open_drain+1)^(0+1280),f,c
  2557   003BF0                     u1764:
  2558   003BF0  2E02               	decfsz	??_set_pin_open_drain^(0+1280),f,c
  2559   003BF2  EFF6  F01D         	goto	u1765
  2560   003BF6  5003               	movf	(??_set_pin_open_drain+1)^(0+1280),w,c
  2561   003BF8  0104               	movlb	4	; () banked
  2562   003BFA  1322               	iorwf	34,f,b	;volatile
  2563                           
  2564                           ;gpio.c: 316:             break;
  2565   003BFC  EF36  F01E         	goto	l240
  2566   003C00                     l2019:
  2567                           
  2568                           ;gpio.c: 318:             ODCONF |= (1 << pin_number);
  2569   003C00  C501  F502         	movff	set_pin_open_drain@pin_number,??_set_pin_open_drain
  2570   003C04  0E01               	movlw	1
  2571   003C06  6E03               	movwf	(??_set_pin_open_drain+1)^(0+1280),c
  2572   003C08  2A02               	incf	??_set_pin_open_drain^(0+1280),f,c
  2573   003C0A  EF09  F01E         	goto	u1774
  2574   003C0E                     u1775:
  2575   003C0E  90D8               	bcf	status,0,c
  2576   003C10  3603               	rlcf	(??_set_pin_open_drain+1)^(0+1280),f,c
  2577   003C12                     u1774:
  2578   003C12  2E02               	decfsz	??_set_pin_open_drain^(0+1280),f,c
  2579   003C14  EF07  F01E         	goto	u1775
  2580   003C18  5003               	movf	(??_set_pin_open_drain+1)^(0+1280),w,c
  2581   003C1A  0104               	movlb	4	; () banked
  2582   003C1C  132A               	iorwf	42,f,b	;volatile
  2583                           
  2584                           ;gpio.c: 319:             break;
  2585   003C1E  EF36  F01E         	goto	l240
  2586   003C22                     l2023:
  2587   003C22  5004               	movf	set_pin_open_drain@port_name^(0+1280),w,c
  2588   003C24  6E02               	movwf	??_set_pin_open_drain^(0+1280),c
  2589   003C26  6A03               	clrf	(??_set_pin_open_drain+1)^(0+1280),c
  2590                           
  2591                           ; Switch on 2 bytes has been partitioned into a top level switch of size 1, and 1 sub-sw
      +                          itches
  2592                           ; Switch size 1, requested type "simple"
  2593                           ; Number of cases is 1, Range of values is 0 to 0
  2594                           ; switch strategies available:
  2595                           ; Name         Instructions Cycles
  2596                           ; simple_byte            4     3 (average)
  2597                           ;	Chosen strategy is simple_byte
  2598   003C28  5003               	movf	(??_set_pin_open_drain+1)^(0+1280),w,c
  2599   003C2A  0A00               	xorlw	0	; case 0
  2600   003C2C  B4D8               	btfsc	status,2,c
  2601   003C2E  EF1B  F01E         	goto	l2345
  2602   003C32  EF36  F01E         	goto	l240
  2603   003C36                     l2345:
  2604                           
  2605                           ; Switch size 1, requested type "simple"
  2606                           ; Number of cases is 6, Range of values is 65 to 70
  2607                           ; switch strategies available:
  2608                           ; Name         Instructions Cycles
  2609                           ; simple_byte           19    10 (average)
  2610                           ;	Chosen strategy is simple_byte
  2611   003C36  5002               	movf	??_set_pin_open_drain^(0+1280),w,c
  2612   003C38  0A41               	xorlw	65	; case 65
  2613   003C3A  B4D8               	btfsc	status,2,c
  2614   003C3C  EFAB  F01D         	goto	l2009
  2615   003C40  0A03               	xorlw	3	; case 66
  2616   003C42  B4D8               	btfsc	status,2,c
  2617   003C44  EFBC  F01D         	goto	l2011
  2618   003C48  0A01               	xorlw	1	; case 67
  2619   003C4A  B4D8               	btfsc	status,2,c
  2620   003C4C  EFCD  F01D         	goto	l2013
  2621   003C50  0A07               	xorlw	7	; case 68
  2622   003C52  B4D8               	btfsc	status,2,c
  2623   003C54  EFDE  F01D         	goto	l2015
  2624   003C58  0A01               	xorlw	1	; case 69
  2625   003C5A  B4D8               	btfsc	status,2,c
  2626   003C5C  EFEF  F01D         	goto	l2017
  2627   003C60  0A03               	xorlw	3	; case 70
  2628   003C62  B4D8               	btfsc	status,2,c
  2629   003C64  EF00  F01E         	goto	l2019
  2630   003C68  EF36  F01E         	goto	l240
  2631   003C6C                     l240:
  2632   003C6C  0012               	return		;funcret
  2633   003C6E                     __end_of_set_pin_open_drain:
  2634                           	callstack 0
  2635                           
  2636 ;; *************** function _set_pin_input *****************
  2637 ;; Defined at:
  2638 ;;		line 3 in file "gpio.c"
  2639 ;; Parameters:    Size  Location     Type
  2640 ;;  port_name       1    wreg     enum E17445
  2641 ;;  pin_number      1    0[COMRAM] unsigned char 
  2642 ;; Auto vars:     Size  Location     Type
  2643 ;;  port_name       1    3[COMRAM] enum E17445
  2644 ;; Return value:  Size  Location     Type
  2645 ;;                  1    wreg      void 
  2646 ;; Registers used:
  2647 ;;		wreg, status,2, status,0
  2648 ;; Tracked objects:
  2649 ;;		On entry : 0/0
  2650 ;;		On exit  : 0/0
  2651 ;;		Unchanged: 0/0
  2652 ;; Data sizes:     COMRAM   BANK5   BANK6   BANK7   BANK8   BANK9  BANK10  BANK11  BANK12  BANK13  BANK14  BANK15  BANK1
      +6  BANK17  BANK18  BANK19  BANK20  BANK21  BANK22  BANK23  BANK24  BANK25  BANK26  BANK27  BANK28  BANK29  BANK30  BANK3
      +1  BANK32  BANK33  BANK34  BANK35  BANK36
  2653 ;;      Params:         1       0       0       0       0       0       0       0       0       0       0       0       
      +0       0       0       0       0       0       0       0       0       0       0       0       0       0       0       
      +0       0       0       0       0       0
  2654 ;;      Locals:         1       0       0       0       0       0       0       0       0       0       0       0       
      +0       0       0       0       0       0       0       0       0       0       0       0       0       0       0       
      +0       0       0       0       0       0
  2655 ;;      Temps:          2       0       0       0       0       0       0       0       0       0       0       0       
      +0       0       0       0       0       0       0       0       0       0       0       0       0       0       0       
      +0       0       0       0       0       0
  2656 ;;      Totals:         4       0       0       0       0       0       0       0       0       0       0       0       
      +0       0       0       0       0       0       0       0       0       0       0       0       0       0       0       
      +0       0       0       0       0       0
  2657 ;;Total ram usage:        4 bytes
  2658 ;; Hardware stack levels used: 1
  2659 ;; Hardware stack levels required when called: 1
  2660 ;; This function calls:
  2661 ;;		Nothing
  2662 ;; This function is called by:
  2663 ;;		_configure_pin
  2664 ;; This function uses a non-reentrant model
  2665 ;;
  2666                           
  2667                           	psect	text14
  2668   003D8C                     __ptext14:
  2669                           	callstack 0
  2670   003D8C                     _set_pin_input:
  2671                           	callstack 123
  2672                           
  2673                           ;incstack = 0
  2674                           ;set_pin_input@port_name stored from wreg
  2675   003D8C  6E04               	movwf	set_pin_input@port_name^(0+1280),c
  2676   003D8E                     
  2677                           ;gpio.c: 3: void set_pin_input(PortName_t port_name, uint8_t pin_number);gpio.c: 4: {;gp
      +                          io.c: 5:     switch(port_name)
  2678   003D8E  EF29  F01F         	goto	l1781
  2679   003D92                     l1767:
  2680                           
  2681                           ;gpio.c: 8:             TRISA |= (1 << pin_number);
  2682   003D92  C501  F502         	movff	set_pin_input@pin_number,??_set_pin_input
  2683   003D96  0E01               	movlw	1
  2684   003D98  6E03               	movwf	(??_set_pin_input+1)^(0+1280),c
  2685   003D9A  2A02               	incf	??_set_pin_input^(0+1280),f,c
  2686   003D9C  EFD2  F01E         	goto	u1064
  2687   003DA0                     u1065:
  2688   003DA0  90D8               	bcf	status,0,c
  2689   003DA2  3603               	rlcf	(??_set_pin_input+1)^(0+1280),f,c
  2690   003DA4                     u1064:
  2691   003DA4  2E02               	decfsz	??_set_pin_input^(0+1280),f,c
  2692   003DA6  EFD0  F01E         	goto	u1065
  2693   003DAA  5003               	movf	(??_set_pin_input+1)^(0+1280),w,c
  2694   003DAC  12C6               	iorwf	198,f,c	;volatile
  2695                           
  2696                           ;gpio.c: 9:             break;
  2697   003DAE  EF4E  F01F         	goto	l108
  2698   003DB2                     l1769:
  2699                           
  2700                           ;gpio.c: 11:             TRISB |= (1 << pin_number);
  2701   003DB2  C501  F502         	movff	set_pin_input@pin_number,??_set_pin_input
  2702   003DB6  0E01               	movlw	1
  2703   003DB8  6E03               	movwf	(??_set_pin_input+1)^(0+1280),c
  2704   003DBA  2A02               	incf	??_set_pin_input^(0+1280),f,c
  2705   003DBC  EFE2  F01E         	goto	u1074
  2706   003DC0                     u1075:
  2707   003DC0  90D8               	bcf	status,0,c
  2708   003DC2  3603               	rlcf	(??_set_pin_input+1)^(0+1280),f,c
  2709   003DC4                     u1074:
  2710   003DC4  2E02               	decfsz	??_set_pin_input^(0+1280),f,c
  2711   003DC6  EFE0  F01E         	goto	u1075
  2712   003DCA  5003               	movf	(??_set_pin_input+1)^(0+1280),w,c
  2713   003DCC  12C7               	iorwf	199,f,c	;volatile
  2714                           
  2715                           ;gpio.c: 12:             break;
  2716   003DCE  EF4E  F01F         	goto	l108
  2717   003DD2                     l1771:
  2718                           
  2719                           ;gpio.c: 14:             TRISC |= (1 << pin_number);
  2720   003DD2  C501  F502         	movff	set_pin_input@pin_number,??_set_pin_input
  2721   003DD6  0E01               	movlw	1
  2722   003DD8  6E03               	movwf	(??_set_pin_input+1)^(0+1280),c
  2723   003DDA  2A02               	incf	??_set_pin_input^(0+1280),f,c
  2724   003DDC  EFF2  F01E         	goto	u1084
  2725   003DE0                     u1085:
  2726   003DE0  90D8               	bcf	status,0,c
  2727   003DE2  3603               	rlcf	(??_set_pin_input+1)^(0+1280),f,c
  2728   003DE4                     u1084:
  2729   003DE4  2E02               	decfsz	??_set_pin_input^(0+1280),f,c
  2730   003DE6  EFF0  F01E         	goto	u1085
  2731   003DEA  5003               	movf	(??_set_pin_input+1)^(0+1280),w,c
  2732   003DEC  12C8               	iorwf	200,f,c	;volatile
  2733                           
  2734                           ;gpio.c: 15:             break;
  2735   003DEE  EF4E  F01F         	goto	l108
  2736   003DF2                     l1773:
  2737                           
  2738                           ;gpio.c: 17:             TRISD |= (1 << pin_number);
  2739   003DF2  C501  F502         	movff	set_pin_input@pin_number,??_set_pin_input
  2740   003DF6  0E01               	movlw	1
  2741   003DF8  6E03               	movwf	(??_set_pin_input+1)^(0+1280),c
  2742   003DFA  2A02               	incf	??_set_pin_input^(0+1280),f,c
  2743   003DFC  EF02  F01F         	goto	u1094
  2744   003E00                     u1095:
  2745   003E00  90D8               	bcf	status,0,c
  2746   003E02  3603               	rlcf	(??_set_pin_input+1)^(0+1280),f,c
  2747   003E04                     u1094:
  2748   003E04  2E02               	decfsz	??_set_pin_input^(0+1280),f,c
  2749   003E06  EF00  F01F         	goto	u1095
  2750   003E0A  5003               	movf	(??_set_pin_input+1)^(0+1280),w,c
  2751   003E0C  12C9               	iorwf	201,f,c	;volatile
  2752                           
  2753                           ;gpio.c: 18:             break;
  2754   003E0E  EF4E  F01F         	goto	l108
  2755   003E12                     l1775:
  2756                           
  2757                           ;gpio.c: 20:             TRISE |= (1 << pin_number);
  2758   003E12  C501  F502         	movff	set_pin_input@pin_number,??_set_pin_input
  2759   003E16  0E01               	movlw	1
  2760   003E18  6E03               	movwf	(??_set_pin_input+1)^(0+1280),c
  2761   003E1A  2A02               	incf	??_set_pin_input^(0+1280),f,c
  2762   003E1C  EF12  F01F         	goto	u1104
  2763   003E20                     u1105:
  2764   003E20  90D8               	bcf	status,0,c
  2765   003E22  3603               	rlcf	(??_set_pin_input+1)^(0+1280),f,c
  2766   003E24                     u1104:
  2767   003E24  2E02               	decfsz	??_set_pin_input^(0+1280),f,c
  2768   003E26  EF10  F01F         	goto	u1105
  2769   003E2A  5003               	movf	(??_set_pin_input+1)^(0+1280),w,c
  2770   003E2C  12CA               	iorwf	202,f,c	;volatile
  2771                           
  2772                           ;gpio.c: 21:             break;
  2773   003E2E  EF4E  F01F         	goto	l108
  2774   003E32                     l1777:
  2775                           
  2776                           ;gpio.c: 23:             TRISF |= (1 << pin_number);
  2777   003E32  C501  F502         	movff	set_pin_input@pin_number,??_set_pin_input
  2778   003E36  0E01               	movlw	1
  2779   003E38  6E03               	movwf	(??_set_pin_input+1)^(0+1280),c
  2780   003E3A  2A02               	incf	??_set_pin_input^(0+1280),f,c
  2781   003E3C  EF22  F01F         	goto	u1114
  2782   003E40                     u1115:
  2783   003E40  90D8               	bcf	status,0,c
  2784   003E42  3603               	rlcf	(??_set_pin_input+1)^(0+1280),f,c
  2785   003E44                     u1114:
  2786   003E44  2E02               	decfsz	??_set_pin_input^(0+1280),f,c
  2787   003E46  EF20  F01F         	goto	u1115
  2788   003E4A  5003               	movf	(??_set_pin_input+1)^(0+1280),w,c
  2789   003E4C  12CB               	iorwf	203,f,c	;volatile
  2790                           
  2791                           ;gpio.c: 24:             break;
  2792   003E4E  EF4E  F01F         	goto	l108
  2793   003E52                     l1781:
  2794   003E52  5004               	movf	set_pin_input@port_name^(0+1280),w,c
  2795   003E54  6E02               	movwf	??_set_pin_input^(0+1280),c
  2796   003E56  6A03               	clrf	(??_set_pin_input+1)^(0+1280),c
  2797                           
  2798                           ; Switch on 2 bytes has been partitioned into a top level switch of size 1, and 1 sub-sw
      +                          itches
  2799                           ; Switch size 1, requested type "simple"
  2800                           ; Number of cases is 1, Range of values is 0 to 0
  2801                           ; switch strategies available:
  2802                           ; Name         Instructions Cycles
  2803                           ; simple_byte            4     3 (average)
  2804                           ;	Chosen strategy is simple_byte
  2805   003E58  5003               	movf	(??_set_pin_input+1)^(0+1280),w,c
  2806   003E5A  0A00               	xorlw	0	; case 0
  2807   003E5C  B4D8               	btfsc	status,2,c
  2808   003E5E  EF33  F01F         	goto	l2347
  2809   003E62  EF4E  F01F         	goto	l108
  2810   003E66                     l2347:
  2811                           
  2812                           ; Switch size 1, requested type "simple"
  2813                           ; Number of cases is 6, Range of values is 65 to 70
  2814                           ; switch strategies available:
  2815                           ; Name         Instructions Cycles
  2816                           ; simple_byte           19    10 (average)
  2817                           ;	Chosen strategy is simple_byte
  2818   003E66  5002               	movf	??_set_pin_input^(0+1280),w,c
  2819   003E68  0A41               	xorlw	65	; case 65
  2820   003E6A  B4D8               	btfsc	status,2,c
  2821   003E6C  EFC9  F01E         	goto	l1767
  2822   003E70  0A03               	xorlw	3	; case 66
  2823   003E72  B4D8               	btfsc	status,2,c
  2824   003E74  EFD9  F01E         	goto	l1769
  2825   003E78  0A01               	xorlw	1	; case 67
  2826   003E7A  B4D8               	btfsc	status,2,c
  2827   003E7C  EFE9  F01E         	goto	l1771
  2828   003E80  0A07               	xorlw	7	; case 68
  2829   003E82  B4D8               	btfsc	status,2,c
  2830   003E84  EFF9  F01E         	goto	l1773
  2831   003E88  0A01               	xorlw	1	; case 69
  2832   003E8A  B4D8               	btfsc	status,2,c
  2833   003E8C  EF09  F01F         	goto	l1775
  2834   003E90  0A03               	xorlw	3	; case 70
  2835   003E92  B4D8               	btfsc	status,2,c
  2836   003E94  EF19  F01F         	goto	l1777
  2837   003E98  EF4E  F01F         	goto	l108
  2838   003E9C                     l108:
  2839   003E9C  0012               	return		;funcret
  2840   003E9E                     __end_of_set_pin_input:
  2841                           	callstack 0
  2842                           
  2843 ;; *************** function _set_pin_digital_mode *****************
  2844 ;; Defined at:
  2845 ;;		line 57 in file "gpio.c"
  2846 ;; Parameters:    Size  Location     Type
  2847 ;;  port_name       1    wreg     enum E17445
  2848 ;;  pin_number      1    0[COMRAM] unsigned char 
  2849 ;; Auto vars:     Size  Location     Type
  2850 ;;  port_name       1    3[COMRAM] enum E17445
  2851 ;; Return value:  Size  Location     Type
  2852 ;;                  1    wreg      void 
  2853 ;; Registers used:
  2854 ;;		wreg, status,2, status,0
  2855 ;; Tracked objects:
  2856 ;;		On entry : 0/0
  2857 ;;		On exit  : 0/0
  2858 ;;		Unchanged: 0/0
  2859 ;; Data sizes:     COMRAM   BANK5   BANK6   BANK7   BANK8   BANK9  BANK10  BANK11  BANK12  BANK13  BANK14  BANK15  BANK1
      +6  BANK17  BANK18  BANK19  BANK20  BANK21  BANK22  BANK23  BANK24  BANK25  BANK26  BANK27  BANK28  BANK29  BANK30  BANK3
      +1  BANK32  BANK33  BANK34  BANK35  BANK36
  2860 ;;      Params:         1       0       0       0       0       0       0       0       0       0       0       0       
      +0       0       0       0       0       0       0       0       0       0       0       0       0       0       0       
      +0       0       0       0       0       0
  2861 ;;      Locals:         1       0       0       0       0       0       0       0       0       0       0       0       
      +0       0       0       0       0       0       0       0       0       0       0       0       0       0       0       
      +0       0       0       0       0       0
  2862 ;;      Temps:          2       0       0       0       0       0       0       0       0       0       0       0       
      +0       0       0       0       0       0       0       0       0       0       0       0       0       0       0       
      +0       0       0       0       0       0
  2863 ;;      Totals:         4       0       0       0       0       0       0       0       0       0       0       0       
      +0       0       0       0       0       0       0       0       0       0       0       0       0       0       0       
      +0       0       0       0       0       0
  2864 ;;Total ram usage:        4 bytes
  2865 ;; Hardware stack levels used: 1
  2866 ;; Hardware stack levels required when called: 1
  2867 ;; This function calls:
  2868 ;;		Nothing
  2869 ;; This function is called by:
  2870 ;;		_configure_pin
  2871 ;; This function uses a non-reentrant model
  2872 ;;
  2873                           
  2874                           	psect	text15
  2875   003484                     __ptext15:
  2876                           	callstack 0
  2877   003484                     _set_pin_digital_mode:
  2878                           	callstack 123
  2879                           
  2880                           ;incstack = 0
  2881                           ;set_pin_digital_mode@port_name stored from wreg
  2882   003484  6E04               	movwf	set_pin_digital_mode@port_name^(0+1280),c
  2883   003486                     
  2884                           ;gpio.c: 57: void set_pin_digital_mode(PortName_t port_name, uint8_t pin_number);gpio.c:
      +                           58: {;gpio.c: 59:     switch(port_name)
  2885   003486  EFB1  F01A         	goto	l1825
  2886   00348A                     l1811:
  2887                           
  2888                           ;gpio.c: 62:             ANSELA &= ~(1 << pin_number);
  2889   00348A  C501  F502         	movff	set_pin_digital_mode@pin_number,??_set_pin_digital_mode
  2890   00348E  0E01               	movlw	1
  2891   003490  6E03               	movwf	(??_set_pin_digital_mode+1)^(0+1280),c
  2892   003492  2A02               	incf	??_set_pin_digital_mode^(0+1280),f,c
  2893   003494  EF4E  F01A         	goto	u1184
  2894   003498                     u1185:
  2895   003498  90D8               	bcf	status,0,c
  2896   00349A  3603               	rlcf	(??_set_pin_digital_mode+1)^(0+1280),f,c
  2897   00349C                     u1184:
  2898   00349C  2E02               	decfsz	??_set_pin_digital_mode^(0+1280),f,c
  2899   00349E  EF4C  F01A         	goto	u1185
  2900   0034A2  5003               	movf	(??_set_pin_digital_mode+1)^(0+1280),w,c
  2901   0034A4  0AFF               	xorlw	255
  2902   0034A6  0104               	movlb	4	; () banked
  2903   0034A8  1700               	andwf	0,f,b	;volatile
  2904                           
  2905                           ;gpio.c: 63:             break;
  2906   0034AA  EFD6  F01A         	goto	l132
  2907   0034AE                     l1813:
  2908                           
  2909                           ;gpio.c: 65:             ANSELB &= ~(1 << pin_number);
  2910   0034AE  C501  F502         	movff	set_pin_digital_mode@pin_number,??_set_pin_digital_mode
  2911   0034B2  0E01               	movlw	1
  2912   0034B4  6E03               	movwf	(??_set_pin_digital_mode+1)^(0+1280),c
  2913   0034B6  2A02               	incf	??_set_pin_digital_mode^(0+1280),f,c
  2914   0034B8  EF60  F01A         	goto	u1194
  2915   0034BC                     u1195:
  2916   0034BC  90D8               	bcf	status,0,c
  2917   0034BE  3603               	rlcf	(??_set_pin_digital_mode+1)^(0+1280),f,c
  2918   0034C0                     u1194:
  2919   0034C0  2E02               	decfsz	??_set_pin_digital_mode^(0+1280),f,c
  2920   0034C2  EF5E  F01A         	goto	u1195
  2921   0034C6  5003               	movf	(??_set_pin_digital_mode+1)^(0+1280),w,c
  2922   0034C8  0AFF               	xorlw	255
  2923   0034CA  0104               	movlb	4	; () banked
  2924   0034CC  1708               	andwf	8,f,b	;volatile
  2925                           
  2926                           ;gpio.c: 66:             break;
  2927   0034CE  EFD6  F01A         	goto	l132
  2928   0034D2                     l1815:
  2929                           
  2930                           ;gpio.c: 68:             ANSELC &= ~(1 << pin_number);
  2931   0034D2  C501  F502         	movff	set_pin_digital_mode@pin_number,??_set_pin_digital_mode
  2932   0034D6  0E01               	movlw	1
  2933   0034D8  6E03               	movwf	(??_set_pin_digital_mode+1)^(0+1280),c
  2934   0034DA  2A02               	incf	??_set_pin_digital_mode^(0+1280),f,c
  2935   0034DC  EF72  F01A         	goto	u1204
  2936   0034E0                     u1205:
  2937   0034E0  90D8               	bcf	status,0,c
  2938   0034E2  3603               	rlcf	(??_set_pin_digital_mode+1)^(0+1280),f,c
  2939   0034E4                     u1204:
  2940   0034E4  2E02               	decfsz	??_set_pin_digital_mode^(0+1280),f,c
  2941   0034E6  EF70  F01A         	goto	u1205
  2942   0034EA  5003               	movf	(??_set_pin_digital_mode+1)^(0+1280),w,c
  2943   0034EC  0AFF               	xorlw	255
  2944   0034EE  0104               	movlb	4	; () banked
  2945   0034F0  1710               	andwf	16,f,b	;volatile
  2946                           
  2947                           ;gpio.c: 69:             break;
  2948   0034F2  EFD6  F01A         	goto	l132
  2949   0034F6                     l1817:
  2950                           
  2951                           ;gpio.c: 71:             ANSELD &= ~(1 << pin_number);
  2952   0034F6  C501  F502         	movff	set_pin_digital_mode@pin_number,??_set_pin_digital_mode
  2953   0034FA  0E01               	movlw	1
  2954   0034FC  6E03               	movwf	(??_set_pin_digital_mode+1)^(0+1280),c
  2955   0034FE  2A02               	incf	??_set_pin_digital_mode^(0+1280),f,c
  2956   003500  EF84  F01A         	goto	u1214
  2957   003504                     u1215:
  2958   003504  90D8               	bcf	status,0,c
  2959   003506  3603               	rlcf	(??_set_pin_digital_mode+1)^(0+1280),f,c
  2960   003508                     u1214:
  2961   003508  2E02               	decfsz	??_set_pin_digital_mode^(0+1280),f,c
  2962   00350A  EF82  F01A         	goto	u1215
  2963   00350E  5003               	movf	(??_set_pin_digital_mode+1)^(0+1280),w,c
  2964   003510  0AFF               	xorlw	255
  2965   003512  0104               	movlb	4	; () banked
  2966   003514  1718               	andwf	24,f,b	;volatile
  2967                           
  2968                           ;gpio.c: 72:             break;
  2969   003516  EFD6  F01A         	goto	l132
  2970   00351A                     l1819:
  2971                           
  2972                           ;gpio.c: 74:             ANSELE &= ~(1 << pin_number);
  2973   00351A  C501  F502         	movff	set_pin_digital_mode@pin_number,??_set_pin_digital_mode
  2974   00351E  0E01               	movlw	1
  2975   003520  6E03               	movwf	(??_set_pin_digital_mode+1)^(0+1280),c
  2976   003522  2A02               	incf	??_set_pin_digital_mode^(0+1280),f,c
  2977   003524  EF96  F01A         	goto	u1224
  2978   003528                     u1225:
  2979   003528  90D8               	bcf	status,0,c
  2980   00352A  3603               	rlcf	(??_set_pin_digital_mode+1)^(0+1280),f,c
  2981   00352C                     u1224:
  2982   00352C  2E02               	decfsz	??_set_pin_digital_mode^(0+1280),f,c
  2983   00352E  EF94  F01A         	goto	u1225
  2984   003532  5003               	movf	(??_set_pin_digital_mode+1)^(0+1280),w,c
  2985   003534  0AFF               	xorlw	255
  2986   003536  0104               	movlb	4	; () banked
  2987   003538  1720               	andwf	32,f,b	;volatile
  2988                           
  2989                           ;gpio.c: 75:             break;
  2990   00353A  EFD6  F01A         	goto	l132
  2991   00353E                     l1821:
  2992                           
  2993                           ;gpio.c: 77:             ANSELF &= ~(1 << pin_number);
  2994   00353E  C501  F502         	movff	set_pin_digital_mode@pin_number,??_set_pin_digital_mode
  2995   003542  0E01               	movlw	1
  2996   003544  6E03               	movwf	(??_set_pin_digital_mode+1)^(0+1280),c
  2997   003546  2A02               	incf	??_set_pin_digital_mode^(0+1280),f,c
  2998   003548  EFA8  F01A         	goto	u1234
  2999   00354C                     u1235:
  3000   00354C  90D8               	bcf	status,0,c
  3001   00354E  3603               	rlcf	(??_set_pin_digital_mode+1)^(0+1280),f,c
  3002   003550                     u1234:
  3003   003550  2E02               	decfsz	??_set_pin_digital_mode^(0+1280),f,c
  3004   003552  EFA6  F01A         	goto	u1235
  3005   003556  5003               	movf	(??_set_pin_digital_mode+1)^(0+1280),w,c
  3006   003558  0AFF               	xorlw	255
  3007   00355A  0104               	movlb	4	; () banked
  3008   00355C  1728               	andwf	40,f,b	;volatile
  3009                           
  3010                           ;gpio.c: 78:             break;
  3011   00355E  EFD6  F01A         	goto	l132
  3012   003562                     l1825:
  3013   003562  5004               	movf	set_pin_digital_mode@port_name^(0+1280),w,c
  3014   003564  6E02               	movwf	??_set_pin_digital_mode^(0+1280),c
  3015   003566  6A03               	clrf	(??_set_pin_digital_mode+1)^(0+1280),c
  3016                           
  3017                           ; Switch on 2 bytes has been partitioned into a top level switch of size 1, and 1 sub-sw
      +                          itches
  3018                           ; Switch size 1, requested type "simple"
  3019                           ; Number of cases is 1, Range of values is 0 to 0
  3020                           ; switch strategies available:
  3021                           ; Name         Instructions Cycles
  3022                           ; simple_byte            4     3 (average)
  3023                           ;	Chosen strategy is simple_byte
  3024   003568  5003               	movf	(??_set_pin_digital_mode+1)^(0+1280),w,c
  3025   00356A  0A00               	xorlw	0	; case 0
  3026   00356C  B4D8               	btfsc	status,2,c
  3027   00356E  EFBB  F01A         	goto	l2349
  3028   003572  EFD6  F01A         	goto	l132
  3029   003576                     l2349:
  3030                           
  3031                           ; Switch size 1, requested type "simple"
  3032                           ; Number of cases is 6, Range of values is 65 to 70
  3033                           ; switch strategies available:
  3034                           ; Name         Instructions Cycles
  3035                           ; simple_byte           19    10 (average)
  3036                           ;	Chosen strategy is simple_byte
  3037   003576  5002               	movf	??_set_pin_digital_mode^(0+1280),w,c
  3038   003578  0A41               	xorlw	65	; case 65
  3039   00357A  B4D8               	btfsc	status,2,c
  3040   00357C  EF45  F01A         	goto	l1811
  3041   003580  0A03               	xorlw	3	; case 66
  3042   003582  B4D8               	btfsc	status,2,c
  3043   003584  EF57  F01A         	goto	l1813
  3044   003588  0A01               	xorlw	1	; case 67
  3045   00358A  B4D8               	btfsc	status,2,c
  3046   00358C  EF69  F01A         	goto	l1815
  3047   003590  0A07               	xorlw	7	; case 68
  3048   003592  B4D8               	btfsc	status,2,c
  3049   003594  EF7B  F01A         	goto	l1817
  3050   003598  0A01               	xorlw	1	; case 69
  3051   00359A  B4D8               	btfsc	status,2,c
  3052   00359C  EF8D  F01A         	goto	l1819
  3053   0035A0  0A03               	xorlw	3	; case 70
  3054   0035A2  B4D8               	btfsc	status,2,c
  3055   0035A4  EF9F  F01A         	goto	l1821
  3056   0035A8  EFD6  F01A         	goto	l132
  3057   0035AC                     l132:
  3058   0035AC  0012               	return		;funcret
  3059   0035AE                     __end_of_set_pin_digital_mode:
  3060                           	callstack 0
  3061                           
  3062 ;; *************** function _set_pin_analog_mode *****************
  3063 ;; Defined at:
  3064 ;;		line 83 in file "gpio.c"
  3065 ;; Parameters:    Size  Location     Type
  3066 ;;  port_name       1    wreg     enum E17445
  3067 ;;  pin_number      1    0[COMRAM] unsigned char 
  3068 ;; Auto vars:     Size  Location     Type
  3069 ;;  port_name       1    3[COMRAM] enum E17445
  3070 ;; Return value:  Size  Location     Type
  3071 ;;                  1    wreg      void 
  3072 ;; Registers used:
  3073 ;;		wreg, status,2, status,0
  3074 ;; Tracked objects:
  3075 ;;		On entry : 0/0
  3076 ;;		On exit  : 0/0
  3077 ;;		Unchanged: 0/0
  3078 ;; Data sizes:     COMRAM   BANK5   BANK6   BANK7   BANK8   BANK9  BANK10  BANK11  BANK12  BANK13  BANK14  BANK15  BANK1
      +6  BANK17  BANK18  BANK19  BANK20  BANK21  BANK22  BANK23  BANK24  BANK25  BANK26  BANK27  BANK28  BANK29  BANK30  BANK3
      +1  BANK32  BANK33  BANK34  BANK35  BANK36
  3079 ;;      Params:         1       0       0       0       0       0       0       0       0       0       0       0       
      +0       0       0       0       0       0       0       0       0       0       0       0       0       0       0       
      +0       0       0       0       0       0
  3080 ;;      Locals:         1       0       0       0       0       0       0       0       0       0       0       0       
      +0       0       0       0       0       0       0       0       0       0       0       0       0       0       0       
      +0       0       0       0       0       0
  3081 ;;      Temps:          2       0       0       0       0       0       0       0       0       0       0       0       
      +0       0       0       0       0       0       0       0       0       0       0       0       0       0       0       
      +0       0       0       0       0       0
  3082 ;;      Totals:         4       0       0       0       0       0       0       0       0       0       0       0       
      +0       0       0       0       0       0       0       0       0       0       0       0       0       0       0       
      +0       0       0       0       0       0
  3083 ;;Total ram usage:        4 bytes
  3084 ;; Hardware stack levels used: 1
  3085 ;; Hardware stack levels required when called: 1
  3086 ;; This function calls:
  3087 ;;		Nothing
  3088 ;; This function is called by:
  3089 ;;		_configure_pin
  3090 ;; This function uses a non-reentrant model
  3091 ;;
  3092                           
  3093                           	psect	text16
  3094   003C6E                     __ptext16:
  3095                           	callstack 0
  3096   003C6E                     _set_pin_analog_mode:
  3097                           	callstack 123
  3098                           
  3099                           ;incstack = 0
  3100                           ;set_pin_analog_mode@port_name stored from wreg
  3101   003C6E  6E04               	movwf	set_pin_analog_mode@port_name^(0+1280),c
  3102   003C70                     
  3103                           ;gpio.c: 83: void set_pin_analog_mode(PortName_t port_name, uint8_t pin_number);gpio.c: 
      +                          84: {;gpio.c: 85:     switch(port_name)
  3104   003C70  EFA0  F01E         	goto	l1847
  3105   003C74                     l1833:
  3106                           
  3107                           ;gpio.c: 88:             ANSELA |= (1 << pin_number);
  3108   003C74  C501  F502         	movff	set_pin_analog_mode@pin_number,??_set_pin_analog_mode
  3109   003C78  0E01               	movlw	1
  3110   003C7A  6E03               	movwf	(??_set_pin_analog_mode+1)^(0+1280),c
  3111   003C7C  2A02               	incf	??_set_pin_analog_mode^(0+1280),f,c
  3112   003C7E  EF43  F01E         	goto	u1244
  3113   003C82                     u1245:
  3114   003C82  90D8               	bcf	status,0,c
  3115   003C84  3603               	rlcf	(??_set_pin_analog_mode+1)^(0+1280),f,c
  3116   003C86                     u1244:
  3117   003C86  2E02               	decfsz	??_set_pin_analog_mode^(0+1280),f,c
  3118   003C88  EF41  F01E         	goto	u1245
  3119   003C8C  5003               	movf	(??_set_pin_analog_mode+1)^(0+1280),w,c
  3120   003C8E  0104               	movlb	4	; () banked
  3121   003C90  1300               	iorwf	0,f,b	;volatile
  3122                           
  3123                           ;gpio.c: 89:             break;
  3124   003C92  EFC5  F01E         	goto	l144
  3125   003C96                     l1835:
  3126                           
  3127                           ;gpio.c: 91:             ANSELB |= (1 << pin_number);
  3128   003C96  C501  F502         	movff	set_pin_analog_mode@pin_number,??_set_pin_analog_mode
  3129   003C9A  0E01               	movlw	1
  3130   003C9C  6E03               	movwf	(??_set_pin_analog_mode+1)^(0+1280),c
  3131   003C9E  2A02               	incf	??_set_pin_analog_mode^(0+1280),f,c
  3132   003CA0  EF54  F01E         	goto	u1254
  3133   003CA4                     u1255:
  3134   003CA4  90D8               	bcf	status,0,c
  3135   003CA6  3603               	rlcf	(??_set_pin_analog_mode+1)^(0+1280),f,c
  3136   003CA8                     u1254:
  3137   003CA8  2E02               	decfsz	??_set_pin_analog_mode^(0+1280),f,c
  3138   003CAA  EF52  F01E         	goto	u1255
  3139   003CAE  5003               	movf	(??_set_pin_analog_mode+1)^(0+1280),w,c
  3140   003CB0  0104               	movlb	4	; () banked
  3141   003CB2  1308               	iorwf	8,f,b	;volatile
  3142                           
  3143                           ;gpio.c: 92:             break;
  3144   003CB4  EFC5  F01E         	goto	l144
  3145   003CB8                     l1837:
  3146                           
  3147                           ;gpio.c: 94:             ANSELC |= (1 << pin_number);
  3148   003CB8  C501  F502         	movff	set_pin_analog_mode@pin_number,??_set_pin_analog_mode
  3149   003CBC  0E01               	movlw	1
  3150   003CBE  6E03               	movwf	(??_set_pin_analog_mode+1)^(0+1280),c
  3151   003CC0  2A02               	incf	??_set_pin_analog_mode^(0+1280),f,c
  3152   003CC2  EF65  F01E         	goto	u1264
  3153   003CC6                     u1265:
  3154   003CC6  90D8               	bcf	status,0,c
  3155   003CC8  3603               	rlcf	(??_set_pin_analog_mode+1)^(0+1280),f,c
  3156   003CCA                     u1264:
  3157   003CCA  2E02               	decfsz	??_set_pin_analog_mode^(0+1280),f,c
  3158   003CCC  EF63  F01E         	goto	u1265
  3159   003CD0  5003               	movf	(??_set_pin_analog_mode+1)^(0+1280),w,c
  3160   003CD2  0104               	movlb	4	; () banked
  3161   003CD4  1310               	iorwf	16,f,b	;volatile
  3162                           
  3163                           ;gpio.c: 95:             break;
  3164   003CD6  EFC5  F01E         	goto	l144
  3165   003CDA                     l1839:
  3166                           
  3167                           ;gpio.c: 97:             ANSELD |= (1 << pin_number);
  3168   003CDA  C501  F502         	movff	set_pin_analog_mode@pin_number,??_set_pin_analog_mode
  3169   003CDE  0E01               	movlw	1
  3170   003CE0  6E03               	movwf	(??_set_pin_analog_mode+1)^(0+1280),c
  3171   003CE2  2A02               	incf	??_set_pin_analog_mode^(0+1280),f,c
  3172   003CE4  EF76  F01E         	goto	u1274
  3173   003CE8                     u1275:
  3174   003CE8  90D8               	bcf	status,0,c
  3175   003CEA  3603               	rlcf	(??_set_pin_analog_mode+1)^(0+1280),f,c
  3176   003CEC                     u1274:
  3177   003CEC  2E02               	decfsz	??_set_pin_analog_mode^(0+1280),f,c
  3178   003CEE  EF74  F01E         	goto	u1275
  3179   003CF2  5003               	movf	(??_set_pin_analog_mode+1)^(0+1280),w,c
  3180   003CF4  0104               	movlb	4	; () banked
  3181   003CF6  1318               	iorwf	24,f,b	;volatile
  3182                           
  3183                           ;gpio.c: 98:             break;
  3184   003CF8  EFC5  F01E         	goto	l144
  3185   003CFC                     l1841:
  3186                           
  3187                           ;gpio.c: 100:             ANSELE |= (1 << pin_number);
  3188   003CFC  C501  F502         	movff	set_pin_analog_mode@pin_number,??_set_pin_analog_mode
  3189   003D00  0E01               	movlw	1
  3190   003D02  6E03               	movwf	(??_set_pin_analog_mode+1)^(0+1280),c
  3191   003D04  2A02               	incf	??_set_pin_analog_mode^(0+1280),f,c
  3192   003D06  EF87  F01E         	goto	u1284
  3193   003D0A                     u1285:
  3194   003D0A  90D8               	bcf	status,0,c
  3195   003D0C  3603               	rlcf	(??_set_pin_analog_mode+1)^(0+1280),f,c
  3196   003D0E                     u1284:
  3197   003D0E  2E02               	decfsz	??_set_pin_analog_mode^(0+1280),f,c
  3198   003D10  EF85  F01E         	goto	u1285
  3199   003D14  5003               	movf	(??_set_pin_analog_mode+1)^(0+1280),w,c
  3200   003D16  0104               	movlb	4	; () banked
  3201   003D18  1320               	iorwf	32,f,b	;volatile
  3202                           
  3203                           ;gpio.c: 101:             break;
  3204   003D1A  EFC5  F01E         	goto	l144
  3205   003D1E                     l1843:
  3206                           
  3207                           ;gpio.c: 103:             ANSELF |= (1 << pin_number);
  3208   003D1E  C501  F502         	movff	set_pin_analog_mode@pin_number,??_set_pin_analog_mode
  3209   003D22  0E01               	movlw	1
  3210   003D24  6E03               	movwf	(??_set_pin_analog_mode+1)^(0+1280),c
  3211   003D26  2A02               	incf	??_set_pin_analog_mode^(0+1280),f,c
  3212   003D28  EF98  F01E         	goto	u1294
  3213   003D2C                     u1295:
  3214   003D2C  90D8               	bcf	status,0,c
  3215   003D2E  3603               	rlcf	(??_set_pin_analog_mode+1)^(0+1280),f,c
  3216   003D30                     u1294:
  3217   003D30  2E02               	decfsz	??_set_pin_analog_mode^(0+1280),f,c
  3218   003D32  EF96  F01E         	goto	u1295
  3219   003D36  5003               	movf	(??_set_pin_analog_mode+1)^(0+1280),w,c
  3220   003D38  0104               	movlb	4	; () banked
  3221   003D3A  1328               	iorwf	40,f,b	;volatile
  3222                           
  3223                           ;gpio.c: 104:             break;
  3224   003D3C  EFC5  F01E         	goto	l144
  3225   003D40                     l1847:
  3226   003D40  5004               	movf	set_pin_analog_mode@port_name^(0+1280),w,c
  3227   003D42  6E02               	movwf	??_set_pin_analog_mode^(0+1280),c
  3228   003D44  6A03               	clrf	(??_set_pin_analog_mode+1)^(0+1280),c
  3229                           
  3230                           ; Switch on 2 bytes has been partitioned into a top level switch of size 1, and 1 sub-sw
      +                          itches
  3231                           ; Switch size 1, requested type "simple"
  3232                           ; Number of cases is 1, Range of values is 0 to 0
  3233                           ; switch strategies available:
  3234                           ; Name         Instructions Cycles
  3235                           ; simple_byte            4     3 (average)
  3236                           ;	Chosen strategy is simple_byte
  3237   003D46  5003               	movf	(??_set_pin_analog_mode+1)^(0+1280),w,c
  3238   003D48  0A00               	xorlw	0	; case 0
  3239   003D4A  B4D8               	btfsc	status,2,c
  3240   003D4C  EFAA  F01E         	goto	l2351
  3241   003D50  EFC5  F01E         	goto	l144
  3242   003D54                     l2351:
  3243                           
  3244                           ; Switch size 1, requested type "simple"
  3245                           ; Number of cases is 6, Range of values is 65 to 70
  3246                           ; switch strategies available:
  3247                           ; Name         Instructions Cycles
  3248                           ; simple_byte           19    10 (average)
  3249                           ;	Chosen strategy is simple_byte
  3250   003D54  5002               	movf	??_set_pin_analog_mode^(0+1280),w,c
  3251   003D56  0A41               	xorlw	65	; case 65
  3252   003D58  B4D8               	btfsc	status,2,c
  3253   003D5A  EF3A  F01E         	goto	l1833
  3254   003D5E  0A03               	xorlw	3	; case 66
  3255   003D60  B4D8               	btfsc	status,2,c
  3256   003D62  EF4B  F01E         	goto	l1835
  3257   003D66  0A01               	xorlw	1	; case 67
  3258   003D68  B4D8               	btfsc	status,2,c
  3259   003D6A  EF5C  F01E         	goto	l1837
  3260   003D6E  0A07               	xorlw	7	; case 68
  3261   003D70  B4D8               	btfsc	status,2,c
  3262   003D72  EF6D  F01E         	goto	l1839
  3263   003D76  0A01               	xorlw	1	; case 69
  3264   003D78  B4D8               	btfsc	status,2,c
  3265   003D7A  EF7E  F01E         	goto	l1841
  3266   003D7E  0A03               	xorlw	3	; case 70
  3267   003D80  B4D8               	btfsc	status,2,c
  3268   003D82  EF8F  F01E         	goto	l1843
  3269   003D86  EFC5  F01E         	goto	l144
  3270   003D8A                     l144:
  3271   003D8A  0012               	return		;funcret
  3272   003D8C                     __end_of_set_pin_analog_mode:
  3273                           	callstack 0
  3274                           
  3275 ;; *************** function _reset_pin_pullup *****************
  3276 ;; Defined at:
  3277 ;;		line 137 in file "gpio.c"
  3278 ;; Parameters:    Size  Location     Type
  3279 ;;  port_name       1    wreg     enum E17445
  3280 ;;  pin_number      1    0[COMRAM] unsigned char 
  3281 ;; Auto vars:     Size  Location     Type
  3282 ;;  port_name       1    3[COMRAM] enum E17445
  3283 ;; Return value:  Size  Location     Type
  3284 ;;                  1    wreg      void 
  3285 ;; Registers used:
  3286 ;;		wreg, status,2, status,0
  3287 ;; Tracked objects:
  3288 ;;		On entry : 0/0
  3289 ;;		On exit  : 0/0
  3290 ;;		Unchanged: 0/0
  3291 ;; Data sizes:     COMRAM   BANK5   BANK6   BANK7   BANK8   BANK9  BANK10  BANK11  BANK12  BANK13  BANK14  BANK15  BANK1
      +6  BANK17  BANK18  BANK19  BANK20  BANK21  BANK22  BANK23  BANK24  BANK25  BANK26  BANK27  BANK28  BANK29  BANK30  BANK3
      +1  BANK32  BANK33  BANK34  BANK35  BANK36
  3292 ;;      Params:         1       0       0       0       0       0       0       0       0       0       0       0       
      +0       0       0       0       0       0       0       0       0       0       0       0       0       0       0       
      +0       0       0       0       0       0
  3293 ;;      Locals:         1       0       0       0       0       0       0       0       0       0       0       0       
      +0       0       0       0       0       0       0       0       0       0       0       0       0       0       0       
      +0       0       0       0       0       0
  3294 ;;      Temps:          2       0       0       0       0       0       0       0       0       0       0       0       
      +0       0       0       0       0       0       0       0       0       0       0       0       0       0       0       
      +0       0       0       0       0       0
  3295 ;;      Totals:         4       0       0       0       0       0       0       0       0       0       0       0       
      +0       0       0       0       0       0       0       0       0       0       0       0       0       0       0       
      +0       0       0       0       0       0
  3296 ;;Total ram usage:        4 bytes
  3297 ;; Hardware stack levels used: 1
  3298 ;; Hardware stack levels required when called: 1
  3299 ;; This function calls:
  3300 ;;		Nothing
  3301 ;; This function is called by:
  3302 ;;		_configure_pin
  3303 ;; This function uses a non-reentrant model
  3304 ;;
  3305                           
  3306                           	psect	text17
  3307   0035AE                     __ptext17:
  3308                           	callstack 0
  3309   0035AE                     _reset_pin_pullup:
  3310                           	callstack 123
  3311                           
  3312                           ;incstack = 0
  3313                           ;reset_pin_pullup@port_name stored from wreg
  3314   0035AE  6E04               	movwf	reset_pin_pullup@port_name^(0+1280),c
  3315   0035B0                     
  3316                           ;gpio.c: 137: void reset_pin_pullup(PortName_t port_name, uint8_t pin_number);gpio.c: 13
      +                          8: {;gpio.c: 139:     switch(port_name)
  3317   0035B0  EF46  F01B         	goto	l1891
  3318   0035B4                     l1877:
  3319                           
  3320                           ;gpio.c: 142:             WPUA &= ~(1 << pin_number);
  3321   0035B4  C501  F502         	movff	reset_pin_pullup@pin_number,??_reset_pin_pullup
  3322   0035B8  0E01               	movlw	1
  3323   0035BA  6E03               	movwf	(??_reset_pin_pullup+1)^(0+1280),c
  3324   0035BC  2A02               	incf	??_reset_pin_pullup^(0+1280),f,c
  3325   0035BE  EFE3  F01A         	goto	u1364
  3326   0035C2                     u1365:
  3327   0035C2  90D8               	bcf	status,0,c
  3328   0035C4  3603               	rlcf	(??_reset_pin_pullup+1)^(0+1280),f,c
  3329   0035C6                     u1364:
  3330   0035C6  2E02               	decfsz	??_reset_pin_pullup^(0+1280),f,c
  3331   0035C8  EFE1  F01A         	goto	u1365
  3332   0035CC  5003               	movf	(??_reset_pin_pullup+1)^(0+1280),w,c
  3333   0035CE  0AFF               	xorlw	255
  3334   0035D0  0104               	movlb	4	; () banked
  3335   0035D2  1701               	andwf	1,f,b	;volatile
  3336                           
  3337                           ;gpio.c: 143:             break;
  3338   0035D4  EF6B  F01B         	goto	l168
  3339   0035D8                     l1879:
  3340                           
  3341                           ;gpio.c: 145:             WPUB &= ~(1 << pin_number);
  3342   0035D8  C501  F502         	movff	reset_pin_pullup@pin_number,??_reset_pin_pullup
  3343   0035DC  0E01               	movlw	1
  3344   0035DE  6E03               	movwf	(??_reset_pin_pullup+1)^(0+1280),c
  3345   0035E0  2A02               	incf	??_reset_pin_pullup^(0+1280),f,c
  3346   0035E2  EFF5  F01A         	goto	u1374
  3347   0035E6                     u1375:
  3348   0035E6  90D8               	bcf	status,0,c
  3349   0035E8  3603               	rlcf	(??_reset_pin_pullup+1)^(0+1280),f,c
  3350   0035EA                     u1374:
  3351   0035EA  2E02               	decfsz	??_reset_pin_pullup^(0+1280),f,c
  3352   0035EC  EFF3  F01A         	goto	u1375
  3353   0035F0  5003               	movf	(??_reset_pin_pullup+1)^(0+1280),w,c
  3354   0035F2  0AFF               	xorlw	255
  3355   0035F4  0104               	movlb	4	; () banked
  3356   0035F6  1709               	andwf	9,f,b	;volatile
  3357                           
  3358                           ;gpio.c: 146:             break;
  3359   0035F8  EF6B  F01B         	goto	l168
  3360   0035FC                     l1881:
  3361                           
  3362                           ;gpio.c: 148:             WPUC &= ~(1 << pin_number);
  3363   0035FC  C501  F502         	movff	reset_pin_pullup@pin_number,??_reset_pin_pullup
  3364   003600  0E01               	movlw	1
  3365   003602  6E03               	movwf	(??_reset_pin_pullup+1)^(0+1280),c
  3366   003604  2A02               	incf	??_reset_pin_pullup^(0+1280),f,c
  3367   003606  EF07  F01B         	goto	u1384
  3368   00360A                     u1385:
  3369   00360A  90D8               	bcf	status,0,c
  3370   00360C  3603               	rlcf	(??_reset_pin_pullup+1)^(0+1280),f,c
  3371   00360E                     u1384:
  3372   00360E  2E02               	decfsz	??_reset_pin_pullup^(0+1280),f,c
  3373   003610  EF05  F01B         	goto	u1385
  3374   003614  5003               	movf	(??_reset_pin_pullup+1)^(0+1280),w,c
  3375   003616  0AFF               	xorlw	255
  3376   003618  0104               	movlb	4	; () banked
  3377   00361A  1711               	andwf	17,f,b	;volatile
  3378                           
  3379                           ;gpio.c: 149:             break;
  3380   00361C  EF6B  F01B         	goto	l168
  3381   003620                     l1883:
  3382                           
  3383                           ;gpio.c: 151:             WPUD &= ~(1 << pin_number);
  3384   003620  C501  F502         	movff	reset_pin_pullup@pin_number,??_reset_pin_pullup
  3385   003624  0E01               	movlw	1
  3386   003626  6E03               	movwf	(??_reset_pin_pullup+1)^(0+1280),c
  3387   003628  2A02               	incf	??_reset_pin_pullup^(0+1280),f,c
  3388   00362A  EF19  F01B         	goto	u1394
  3389   00362E                     u1395:
  3390   00362E  90D8               	bcf	status,0,c
  3391   003630  3603               	rlcf	(??_reset_pin_pullup+1)^(0+1280),f,c
  3392   003632                     u1394:
  3393   003632  2E02               	decfsz	??_reset_pin_pullup^(0+1280),f,c
  3394   003634  EF17  F01B         	goto	u1395
  3395   003638  5003               	movf	(??_reset_pin_pullup+1)^(0+1280),w,c
  3396   00363A  0AFF               	xorlw	255
  3397   00363C  0104               	movlb	4	; () banked
  3398   00363E  1719               	andwf	25,f,b	;volatile
  3399                           
  3400                           ;gpio.c: 152:             break;
  3401   003640  EF6B  F01B         	goto	l168
  3402   003644                     l1885:
  3403                           
  3404                           ;gpio.c: 154:             WPUE &= ~(1 << pin_number);
  3405   003644  C501  F502         	movff	reset_pin_pullup@pin_number,??_reset_pin_pullup
  3406   003648  0E01               	movlw	1
  3407   00364A  6E03               	movwf	(??_reset_pin_pullup+1)^(0+1280),c
  3408   00364C  2A02               	incf	??_reset_pin_pullup^(0+1280),f,c
  3409   00364E  EF2B  F01B         	goto	u1404
  3410   003652                     u1405:
  3411   003652  90D8               	bcf	status,0,c
  3412   003654  3603               	rlcf	(??_reset_pin_pullup+1)^(0+1280),f,c
  3413   003656                     u1404:
  3414   003656  2E02               	decfsz	??_reset_pin_pullup^(0+1280),f,c
  3415   003658  EF29  F01B         	goto	u1405
  3416   00365C  5003               	movf	(??_reset_pin_pullup+1)^(0+1280),w,c
  3417   00365E  0AFF               	xorlw	255
  3418   003660  0104               	movlb	4	; () banked
  3419   003662  1721               	andwf	33,f,b	;volatile
  3420                           
  3421                           ;gpio.c: 155:             break;
  3422   003664  EF6B  F01B         	goto	l168
  3423   003668                     l1887:
  3424                           
  3425                           ;gpio.c: 157:             WPUF &= ~(1 << pin_number);
  3426   003668  C501  F502         	movff	reset_pin_pullup@pin_number,??_reset_pin_pullup
  3427   00366C  0E01               	movlw	1
  3428   00366E  6E03               	movwf	(??_reset_pin_pullup+1)^(0+1280),c
  3429   003670  2A02               	incf	??_reset_pin_pullup^(0+1280),f,c
  3430   003672  EF3D  F01B         	goto	u1414
  3431   003676                     u1415:
  3432   003676  90D8               	bcf	status,0,c
  3433   003678  3603               	rlcf	(??_reset_pin_pullup+1)^(0+1280),f,c
  3434   00367A                     u1414:
  3435   00367A  2E02               	decfsz	??_reset_pin_pullup^(0+1280),f,c
  3436   00367C  EF3B  F01B         	goto	u1415
  3437   003680  5003               	movf	(??_reset_pin_pullup+1)^(0+1280),w,c
  3438   003682  0AFF               	xorlw	255
  3439   003684  0104               	movlb	4	; () banked
  3440   003686  1729               	andwf	41,f,b	;volatile
  3441                           
  3442                           ;gpio.c: 158:             break;
  3443   003688  EF6B  F01B         	goto	l168
  3444   00368C                     l1891:
  3445   00368C  5004               	movf	reset_pin_pullup@port_name^(0+1280),w,c
  3446   00368E  6E02               	movwf	??_reset_pin_pullup^(0+1280),c
  3447   003690  6A03               	clrf	(??_reset_pin_pullup+1)^(0+1280),c
  3448                           
  3449                           ; Switch on 2 bytes has been partitioned into a top level switch of size 1, and 1 sub-sw
      +                          itches
  3450                           ; Switch size 1, requested type "simple"
  3451                           ; Number of cases is 1, Range of values is 0 to 0
  3452                           ; switch strategies available:
  3453                           ; Name         Instructions Cycles
  3454                           ; simple_byte            4     3 (average)
  3455                           ;	Chosen strategy is simple_byte
  3456   003692  5003               	movf	(??_reset_pin_pullup+1)^(0+1280),w,c
  3457   003694  0A00               	xorlw	0	; case 0
  3458   003696  B4D8               	btfsc	status,2,c
  3459   003698  EF50  F01B         	goto	l2353
  3460   00369C  EF6B  F01B         	goto	l168
  3461   0036A0                     l2353:
  3462                           
  3463                           ; Switch size 1, requested type "simple"
  3464                           ; Number of cases is 6, Range of values is 65 to 70
  3465                           ; switch strategies available:
  3466                           ; Name         Instructions Cycles
  3467                           ; simple_byte           19    10 (average)
  3468                           ;	Chosen strategy is simple_byte
  3469   0036A0  5002               	movf	??_reset_pin_pullup^(0+1280),w,c
  3470   0036A2  0A41               	xorlw	65	; case 65
  3471   0036A4  B4D8               	btfsc	status,2,c
  3472   0036A6  EFDA  F01A         	goto	l1877
  3473   0036AA  0A03               	xorlw	3	; case 66
  3474   0036AC  B4D8               	btfsc	status,2,c
  3475   0036AE  EFEC  F01A         	goto	l1879
  3476   0036B2  0A01               	xorlw	1	; case 67
  3477   0036B4  B4D8               	btfsc	status,2,c
  3478   0036B6  EFFE  F01A         	goto	l1881
  3479   0036BA  0A07               	xorlw	7	; case 68
  3480   0036BC  B4D8               	btfsc	status,2,c
  3481   0036BE  EF10  F01B         	goto	l1883
  3482   0036C2  0A01               	xorlw	1	; case 69
  3483   0036C4  B4D8               	btfsc	status,2,c
  3484   0036C6  EF22  F01B         	goto	l1885
  3485   0036CA  0A03               	xorlw	3	; case 70
  3486   0036CC  B4D8               	btfsc	status,2,c
  3487   0036CE  EF34  F01B         	goto	l1887
  3488   0036D2  EF6B  F01B         	goto	l168
  3489   0036D6                     l168:
  3490   0036D6  0012               	return		;funcret
  3491   0036D8                     __end_of_reset_pin_pullup:
  3492                           	callstack 0
  3493                           
  3494 ;; *************** function _Clock_Init *****************
  3495 ;; Defined at:
  3496 ;;		line 57 in file "config.c"
  3497 ;; Parameters:    Size  Location     Type
  3498 ;;		None
  3499 ;; Auto vars:     Size  Location     Type
  3500 ;;		None
  3501 ;; Return value:  Size  Location     Type
  3502 ;;                  1    wreg      void 
  3503 ;; Registers used:
  3504 ;;		wreg, status,2
  3505 ;; Tracked objects:
  3506 ;;		On entry : 0/0
  3507 ;;		On exit  : 0/0
  3508 ;;		Unchanged: 0/0
  3509 ;; Data sizes:     COMRAM   BANK5   BANK6   BANK7   BANK8   BANK9  BANK10  BANK11  BANK12  BANK13  BANK14  BANK15  BANK1
      +6  BANK17  BANK18  BANK19  BANK20  BANK21  BANK22  BANK23  BANK24  BANK25  BANK26  BANK27  BANK28  BANK29  BANK30  BANK3
      +1  BANK32  BANK33  BANK34  BANK35  BANK36
  3510 ;;      Params:         0       0       0       0       0       0       0       0       0       0       0       0       
      +0       0       0       0       0       0       0       0       0       0       0       0       0       0       0       
      +0       0       0       0       0       0
  3511 ;;      Locals:         0       0       0       0       0       0       0       0       0       0       0       0       
      +0       0       0       0       0       0       0       0       0       0       0       0       0       0       0       
      +0       0       0       0       0       0
  3512 ;;      Temps:          0       0       0       0       0       0       0       0       0       0       0       0       
      +0       0       0       0       0       0       0       0       0       0       0       0       0       0       0       
      +0       0       0       0       0       0
  3513 ;;      Totals:         0       0       0       0       0       0       0       0       0       0       0       0       
      +0       0       0       0       0       0       0       0       0       0       0       0       0       0       0       
      +0       0       0       0       0       0
  3514 ;;Total ram usage:        0 bytes
  3515 ;; Hardware stack levels used: 1
  3516 ;; Hardware stack levels required when called: 1
  3517 ;; This function calls:
  3518 ;;		Nothing
  3519 ;; This function is called by:
  3520 ;;		_main
  3521 ;; This function uses a non-reentrant model
  3522 ;;
  3523                           
  3524                           	psect	text18
  3525   00415A                     __ptext18:
  3526                           	callstack 0
  3527   00415A                     _Clock_Init:
  3528                           	callstack 125
  3529   00415A                     
  3530                           ;config.c: 59:     OSCCON1 = 0b0110000;
  3531   00415A  0E30               	movlw	48
  3532   00415C  0100               	movlb	0	; () banked
  3533   00415E  6FAD               	movwf	173,b	;volatile
  3534   004160                     
  3535                           ; BSR set to: 0
  3536   004160  0012               	return		;funcret
  3537   004162                     __end_of_Clock_Init:
  3538                           	callstack 0
  3539                           
  3540 ;; *************** function _INT_ISR *****************
  3541 ;; Defined at:
  3542 ;;		line 32 in file "interrupt.c"
  3543 ;; Parameters:    Size  Location     Type
  3544 ;;		None
  3545 ;; Auto vars:     Size  Location     Type
  3546 ;;		None
  3547 ;; Return value:  Size  Location     Type
  3548 ;;                  1    wreg      void 
  3549 ;; Registers used:
  3550 ;;		wreg, status,2, status,0
  3551 ;; Tracked objects:
  3552 ;;		On entry : 0/0
  3553 ;;		On exit  : 0/0
  3554 ;;		Unchanged: 0/0
  3555 ;; Data sizes:     COMRAM   BANK5   BANK6   BANK7   BANK8   BANK9  BANK10  BANK11  BANK12  BANK13  BANK14  BANK15  BANK1
      +6  BANK17  BANK18  BANK19  BANK20  BANK21  BANK22  BANK23  BANK24  BANK25  BANK26  BANK27  BANK28  BANK29  BANK30  BANK3
      +1  BANK32  BANK33  BANK34  BANK35  BANK36
  3556 ;;      Params:         0       0       0       0       0       0       0       0       0       0       0       0       
      +0       0       0       0       0       0       0       0       0       0       0       0       0       0       0       
      +0       0       0       0       0       0
  3557 ;;      Locals:         0       0       0       0       0       0       0       0       0       0       0       0       
      +0       0       0       0       0       0       0       0       0       0       0       0       0       0       0       
      +0       0       0       0       0       0
  3558 ;;      Temps:          0       0       0       0       0       0       0       0       0       0       0       0       
      +0       0       0       0       0       0       0       0       0       0       0       0       0       0       0       
      +0       0       0       0       0       0
  3559 ;;      Totals:         0       0       0       0       0       0       0       0       0       0       0       0       
      +0       0       0       0       0       0       0       0       0       0       0       0       0       0       0       
      +0       0       0       0       0       0
  3560 ;;Total ram usage:        0 bytes
  3561 ;; Hardware stack levels used: 1
  3562 ;; This function calls:
  3563 ;;		Nothing
  3564 ;; This function is called by:
  3565 ;;		Interrupt level 2
  3566 ;; This function uses a non-reentrant model
  3567 ;;
  3568                           
  3569                           	psect	text19
  3570   003F94                     __ptext19:
  3571                           	callstack 0
  3572   003F94                     _INT_ISR:
  3573                           	callstack 123
  3574   003F94                     
  3575                           ;interrupt.c: 35:     if(PIR3bits.TMR0IF == 1)
  3576   003F94  AEB1               	btfss	177,7,c	;volatile
  3577   003F96  EFCF  F01F         	goto	i2u99_41
  3578   003F9A  EFD1  F01F         	goto	i2u99_40
  3579   003F9E                     i2u99_41:
  3580   003F9E  EF03  F020         	goto	i2l1511
  3581   003FA2                     i2u99_40:
  3582   003FA2                     
  3583                           ;interrupt.c: 36:     {;interrupt.c: 37:         TMR0H = 0xC1;
  3584   003FA2  0EC1               	movlw	193
  3585   003FA4  0103               	movlb	3	; () banked
  3586   003FA6  6F19               	movwf	25,b	;volatile
  3587                           
  3588                           ;interrupt.c: 38:         TMR0L = 0x7F;
  3589   003FA8  0E7F               	movlw	127
  3590   003FAA  6F18               	movwf	24,b	;volatile
  3591   003FAC                     
  3592                           ; BSR set to: 3
  3593                           ;interrupt.c: 39:         PIR3bits.TMR0IF = 0;
  3594   003FAC  9EB1               	bcf	177,7,c	;volatile
  3595   003FAE                     
  3596                           ; BSR set to: 3
  3597                           ;interrupt.c: 41:         if(button_flag == 1)
  3598   003FAE  0414               	decf	_button_flag^(0+1280),w,c	;volatile
  3599   003FB0  A4D8               	btfss	status,2,c
  3600   003FB2  EFDD  F01F         	goto	i2u100_41
  3601   003FB6  EFDF  F01F         	goto	i2u100_40
  3602   003FBA                     i2u100_41:
  3603   003FBA  EF03  F020         	goto	i2l1511
  3604   003FBE                     i2u100_40:
  3605   003FBE                     
  3606                           ; BSR set to: 3
  3607                           ;interrupt.c: 42:         {;interrupt.c: 43:             if(x < 50)
  3608   003FBE  0E32               	movlw	50
  3609   003FC0  6013               	cpfslt	_x^(0+1280),c	;volatile
  3610   003FC2  EFE5  F01F         	goto	i2u101_41
  3611   003FC6  EFE7  F01F         	goto	i2u101_40
  3612   003FCA                     i2u101_41:
  3613   003FCA  EFF2  F01F         	goto	i2l1501
  3614   003FCE                     i2u101_40:
  3615   003FCE                     
  3616                           ; BSR set to: 3
  3617                           ;interrupt.c: 44:             {;interrupt.c: 45:                 x++;
  3618   003FCE  2A13               	incf	_x^(0+1280),f,c	;volatile
  3619   003FD0                     
  3620                           ; BSR set to: 3
  3621                           ;interrupt.c: 47:                 if((PORTBbits.RB0 == 0))
  3622   003FD0  B0CF               	btfsc	207,0,c	;volatile
  3623   003FD2  EFED  F01F         	goto	i2u102_41
  3624   003FD6  EFEF  F01F         	goto	i2u102_40
  3625   003FDA                     i2u102_41:
  3626   003FDA  EF03  F020         	goto	i2l351
  3627   003FDE                     i2u102_40:
  3628   003FDE                     
  3629                           ; BSR set to: 3
  3630                           ;interrupt.c: 48:                 {;interrupt.c: 49:                     button_press_co
      +                          unter++;
  3631   003FDE  2A12               	incf	_button_press_counter^(0+1280),f,c	;volatile
  3632   003FE0  EF03  F020         	goto	i2l1511
  3633   003FE4                     i2l1501:
  3634                           
  3635                           ; BSR set to: 3
  3636                           ;interrupt.c: 53:             {;interrupt.c: 54:                 if(button_press_counter
      +                           > 30)
  3637   003FE4  0E1E               	movlw	30
  3638   003FE6  6412               	cpfsgt	_button_press_counter^(0+1280),c	;volatile
  3639   003FE8  EFF8  F01F         	goto	i2u103_41
  3640   003FEC  EFFA  F01F         	goto	i2u103_40
  3641   003FF0                     i2u103_41:
  3642   003FF0  EFFD  F01F         	goto	i2l1507
  3643   003FF4                     i2u103_40:
  3644   003FF4                     
  3645                           ; BSR set to: 3
  3646                           ;interrupt.c: 55:                 {;interrupt.c: 56:                     (LATFbits.LATF3
      +                           ^= 1);
  3647   003FF4  76C3               	btg	195,3,c	;volatile
  3648   003FF6                     
  3649                           ; BSR set to: 3
  3650                           ;interrupt.c: 57:                     button_press_counter = 0;
  3651   003FF6  0E00               	movlw	0
  3652   003FF8  6E12               	movwf	_button_press_counter^(0+1280),c	;volatile
  3653   003FFA                     i2l1507:
  3654                           
  3655                           ; BSR set to: 3
  3656                           ;interrupt.c: 60:                 button_flag = 0;
  3657   003FFA  0E00               	movlw	0
  3658   003FFC  6E14               	movwf	_button_flag^(0+1280),c	;volatile
  3659   003FFE                     
  3660                           ; BSR set to: 3
  3661                           ;interrupt.c: 61:                 x = 0;
  3662   003FFE  0E00               	movlw	0
  3663   004000  6E13               	movwf	_x^(0+1280),c	;volatile
  3664   004002  EF03  F020         	goto	i2l1511
  3665   004006                     i2l351:
  3666   004006                     i2l1511:
  3667                           
  3668                           ;interrupt.c: 66:     if(PIR1bits.INT0IF == 1)
  3669   004006  A0AF               	btfss	175,0,c	;volatile
  3670   004008  EF08  F020         	goto	i2u104_41
  3671   00400C  EF0A  F020         	goto	i2u104_40
  3672   004010                     i2u104_41:
  3673   004010  EF15  F020         	goto	i2l358
  3674   004014                     i2u104_40:
  3675   004014                     
  3676                           ;interrupt.c: 67:     {;interrupt.c: 68:         if(button_flag == 0)
  3677   004014  5014               	movf	_button_flag^(0+1280),w,c	;volatile
  3678   004016  A4D8               	btfss	status,2,c
  3679   004018  EF10  F020         	goto	i2u105_41
  3680   00401C  EF12  F020         	goto	i2u105_40
  3681   004020                     i2u105_41:
  3682   004020  EF14  F020         	goto	i2l1517
  3683   004024                     i2u105_40:
  3684   004024                     
  3685                           ;interrupt.c: 69:         {;interrupt.c: 70:             button_flag = 1;
  3686   004024  0E01               	movlw	1
  3687   004026  6E14               	movwf	_button_flag^(0+1280),c	;volatile
  3688   004028                     i2l1517:
  3689                           
  3690                           ;interrupt.c: 73:         PIR1bits.INT0IF = 0;
  3691   004028  90AF               	bcf	175,0,c	;volatile
  3692   00402A                     i2l358:
  3693   00402A  0011               	retfie		f
  3694   00402C                     __end_of_INT_ISR:
  3695                           	callstack 0
  3696                           
  3697                           ;
  3698                           ; H/W Interrupt Vector Table @ 0x3008
  3699                           ;
  3700                           
  3701                           	psect	ivt0x3008
  3702   003008                     __pivt0x3008:
  3703                           	callstack 0
  3704   003008                     ivt0x3008_base:
  3705                           	callstack 0
  3706                           
  3707                           ; Vector 0 : SWINT
  3708   003008  0C40               	dw	ivt0x3008_undefint shr (0+2)
  3709                           
  3710                           ; Vector 1 : HLVD
  3711   00300A  0C40               	dw	ivt0x3008_undefint shr (0+2)
  3712                           
  3713                           ; Vector 2 : OSF
  3714   00300C  0C40               	dw	ivt0x3008_undefint shr (0+2)
  3715                           
  3716                           ; Vector 3 : CSW
  3717   00300E  0C40               	dw	ivt0x3008_undefint shr (0+2)
  3718                           
  3719                           ; Vector 4 : Undefined
  3720   003010  0C40               	dw	ivt0x3008_undefint shr (0+2)
  3721                           
  3722                           ; Vector 5 : CLC1
  3723   003012  0C40               	dw	ivt0x3008_undefint shr (0+2)
  3724                           
  3725                           ; Vector 6 : Undefined
  3726   003014  0C40               	dw	ivt0x3008_undefint shr (0+2)
  3727                           
  3728                           ; Vector 7 : IOC
  3729   003016  0C40               	dw	ivt0x3008_undefint shr (0+2)
  3730                           
  3731                           ; Vector 8 : INT0
  3732   003018  0FE5               	dw	_INT_ISR shr (0+2)
  3733                           
  3734                           ; Vector 9 : ZCD
  3735   00301A  0C40               	dw	ivt0x3008_undefint shr (0+2)
  3736                           
  3737                           ; Vector 10 : AD
  3738   00301C  0C40               	dw	ivt0x3008_undefint shr (0+2)
  3739                           
  3740                           ; Vector 11 : ACT
  3741   00301E  0C40               	dw	ivt0x3008_undefint shr (0+2)
  3742                           
  3743                           ; Vector 12 : CMP1
  3744   003020  0C40               	dw	ivt0x3008_undefint shr (0+2)
  3745                           
  3746                           ; Vector 13 : SMT1
  3747   003022  0C40               	dw	ivt0x3008_undefint shr (0+2)
  3748                           
  3749                           ; Vector 14 : SMT1PRA
  3750   003024  0C40               	dw	ivt0x3008_undefint shr (0+2)
  3751                           
  3752                           ; Vector 15 : SMT1PRW
  3753   003026  0C40               	dw	ivt0x3008_undefint shr (0+2)
  3754                           
  3755                           ; Vector 16 : ADT
  3756   003028  0C40               	dw	ivt0x3008_undefint shr (0+2)
  3757                           
  3758                           ; Vector 17 : Undefined
  3759   00302A  0C40               	dw	ivt0x3008_undefint shr (0+2)
  3760                           
  3761                           ; Vector 18 : Undefined
  3762   00302C  0C40               	dw	ivt0x3008_undefint shr (0+2)
  3763                           
  3764                           ; Vector 19 : Undefined
  3765   00302E  0C40               	dw	ivt0x3008_undefint shr (0+2)
  3766                           
  3767                           ; Vector 20 : DMA1SCNT
  3768   003030  0C40               	dw	ivt0x3008_undefint shr (0+2)
  3769                           
  3770                           ; Vector 21 : DMA1DCNT
  3771   003032  0C40               	dw	ivt0x3008_undefint shr (0+2)
  3772                           
  3773                           ; Vector 22 : DMA1OR
  3774   003034  0C40               	dw	ivt0x3008_undefint shr (0+2)
  3775                           
  3776                           ; Vector 23 : DMA1A
  3777   003036  0C40               	dw	ivt0x3008_undefint shr (0+2)
  3778                           
  3779                           ; Vector 24 : SPI1RX
  3780   003038  0C40               	dw	ivt0x3008_undefint shr (0+2)
  3781                           
  3782                           ; Vector 25 : SPI1TX
  3783   00303A  0C40               	dw	ivt0x3008_undefint shr (0+2)
  3784                           
  3785                           ; Vector 26 : SPI1
  3786   00303C  0C40               	dw	ivt0x3008_undefint shr (0+2)
  3787                           
  3788                           ; Vector 27 : TMR2
  3789   00303E  0C40               	dw	ivt0x3008_undefint shr (0+2)
  3790                           
  3791                           ; Vector 28 : TMR1
  3792   003040  0C40               	dw	ivt0x3008_undefint shr (0+2)
  3793                           
  3794                           ; Vector 29 : TMR1G
  3795   003042  0C40               	dw	ivt0x3008_undefint shr (0+2)
  3796                           
  3797                           ; Vector 30 : CCP1
  3798   003044  0C40               	dw	ivt0x3008_undefint shr (0+2)
  3799                           
  3800                           ; Vector 31 : TMR0
  3801   003046  0FE5               	dw	_INT_ISR shr (0+2)
  3802                           
  3803                           ; Vector 32 : U1RX
  3804   003048  0C40               	dw	ivt0x3008_undefint shr (0+2)
  3805                           
  3806                           ; Vector 33 : U1TX
  3807   00304A  0C40               	dw	ivt0x3008_undefint shr (0+2)
  3808                           
  3809                           ; Vector 34 : U1E
  3810   00304C  0C40               	dw	ivt0x3008_undefint shr (0+2)
  3811                           
  3812                           ; Vector 35 : U1
  3813   00304E  0C40               	dw	ivt0x3008_undefint shr (0+2)
  3814                           
  3815                           ; Vector 36 : Undefined
  3816   003050  0C40               	dw	ivt0x3008_undefint shr (0+2)
  3817                           
  3818                           ; Vector 37 : Undefined
  3819   003052  0C40               	dw	ivt0x3008_undefint shr (0+2)
  3820                           
  3821                           ; Vector 38 : PWM1PR
  3822   003054  0C40               	dw	ivt0x3008_undefint shr (0+2)
  3823                           
  3824                           ; Vector 39 : PWM1
  3825   003056  0C40               	dw	ivt0x3008_undefint shr (0+2)
  3826                           
  3827                           ; Vector 40 : SPI2RX
  3828   003058  0C40               	dw	ivt0x3008_undefint shr (0+2)
  3829                           
  3830                           ; Vector 41 : SPI2TX
  3831   00305A  0C40               	dw	ivt0x3008_undefint shr (0+2)
  3832                           
  3833                           ; Vector 42 : SPI2
  3834   00305C  0C40               	dw	ivt0x3008_undefint shr (0+2)
  3835                           
  3836                           ; Vector 43 : Undefined
  3837   00305E  0C40               	dw	ivt0x3008_undefint shr (0+2)
  3838                           
  3839                           ; Vector 44 : TMR3
  3840   003060  0C40               	dw	ivt0x3008_undefint shr (0+2)
  3841                           
  3842                           ; Vector 45 : TMR3G
  3843   003062  0C40               	dw	ivt0x3008_undefint shr (0+2)
  3844                           
  3845                           ; Vector 46 : PWM2PR
  3846   003064  0C40               	dw	ivt0x3008_undefint shr (0+2)
  3847                           
  3848                           ; Vector 47 : PWM2
  3849   003066  0C40               	dw	ivt0x3008_undefint shr (0+2)
  3850                           
  3851                           ; Vector 48 : INT1
  3852   003068  0C40               	dw	ivt0x3008_undefint shr (0+2)
  3853                           
  3854                           ; Vector 49 : CLC2
  3855   00306A  0C40               	dw	ivt0x3008_undefint shr (0+2)
  3856                           
  3857                           ; Vector 50 : CWG1
  3858   00306C  0C40               	dw	ivt0x3008_undefint shr (0+2)
  3859                           
  3860                           ; Vector 51 : NCO1
  3861   00306E  0C40               	dw	ivt0x3008_undefint shr (0+2)
  3862                           
  3863                           ; Vector 52 : DMA2SCNT
  3864   003070  0C40               	dw	ivt0x3008_undefint shr (0+2)
  3865                           
  3866                           ; Vector 53 : DMA2DCNT
  3867   003072  0C40               	dw	ivt0x3008_undefint shr (0+2)
  3868                           
  3869                           ; Vector 54 : DMA2OR
  3870   003074  0C40               	dw	ivt0x3008_undefint shr (0+2)
  3871                           
  3872                           ; Vector 55 : DMA2A
  3873   003076  0C40               	dw	ivt0x3008_undefint shr (0+2)
  3874                           
  3875                           ; Vector 56 : I2C1RX
  3876   003078  0C40               	dw	ivt0x3008_undefint shr (0+2)
  3877                           
  3878                           ; Vector 57 : I2C1TX
  3879   00307A  0C40               	dw	ivt0x3008_undefint shr (0+2)
  3880                           
  3881                           ; Vector 58 : I2C1
  3882   00307C  0C40               	dw	ivt0x3008_undefint shr (0+2)
  3883                           
  3884                           ; Vector 59 : I2C1E
  3885   00307E  0C40               	dw	ivt0x3008_undefint shr (0+2)
  3886                           
  3887                           ; Vector 60 : Undefined
  3888   003080  0C40               	dw	ivt0x3008_undefint shr (0+2)
  3889                           
  3890                           ; Vector 61 : CLC3
  3891   003082  0C40               	dw	ivt0x3008_undefint shr (0+2)
  3892                           
  3893                           ; Vector 62 : PWM3PR
  3894   003084  0C40               	dw	ivt0x3008_undefint shr (0+2)
  3895                           
  3896                           ; Vector 63 : PWM3
  3897   003086  0C40               	dw	ivt0x3008_undefint shr (0+2)
  3898                           
  3899                           ; Vector 64 : U2RX
  3900   003088  0C40               	dw	ivt0x3008_undefint shr (0+2)
  3901                           
  3902                           ; Vector 65 : U2TX
  3903   00308A  0C40               	dw	ivt0x3008_undefint shr (0+2)
  3904                           
  3905                           ; Vector 66 : U2E
  3906   00308C  0C40               	dw	ivt0x3008_undefint shr (0+2)
  3907                           
  3908                           ; Vector 67 : U2
  3909   00308E  0C40               	dw	ivt0x3008_undefint shr (0+2)
  3910                           
  3911                           ; Vector 68 : TMR5
  3912   003090  0C40               	dw	ivt0x3008_undefint shr (0+2)
  3913                           
  3914                           ; Vector 69 : TMR5G
  3915   003092  0C40               	dw	ivt0x3008_undefint shr (0+2)
  3916                           
  3917                           ; Vector 70 : CCP2
  3918   003094  0C40               	dw	ivt0x3008_undefint shr (0+2)
  3919                           
  3920                           ; Vector 71 : SCAN
  3921   003096  0C40               	dw	ivt0x3008_undefint shr (0+2)
  3922                           
  3923                           ; Vector 72 : U3RX
  3924   003098  0C40               	dw	ivt0x3008_undefint shr (0+2)
  3925                           
  3926                           ; Vector 73 : U3TX
  3927   00309A  0C40               	dw	ivt0x3008_undefint shr (0+2)
  3928                           
  3929                           ; Vector 74 : U3E
  3930   00309C  0C40               	dw	ivt0x3008_undefint shr (0+2)
  3931                           
  3932                           ; Vector 75 : U3
  3933   00309E  0C40               	dw	ivt0x3008_undefint shr (0+2)
  3934                           
  3935                           ; Vector 76 : Undefined
  3936   0030A0  0C40               	dw	ivt0x3008_undefint shr (0+2)
  3937                           
  3938                           ; Vector 77 : CLC4
  3939   0030A2  0C40               	dw	ivt0x3008_undefint shr (0+2)
  3940                           
  3941                           ; Vector 78 : Undefined
  3942   0030A4  0C40               	dw	ivt0x3008_undefint shr (0+2)
  3943                           
  3944                           ; Vector 79 : Undefined
  3945   0030A6  0C40               	dw	ivt0x3008_undefint shr (0+2)
  3946                           
  3947                           ; Vector 80 : INT2
  3948   0030A8  0C40               	dw	ivt0x3008_undefint shr (0+2)
  3949                           
  3950                           ; Vector 81 : CLC5
  3951   0030AA  0C40               	dw	ivt0x3008_undefint shr (0+2)
  3952                           
  3953                           ; Vector 82 : CWG2
  3954   0030AC  0C40               	dw	ivt0x3008_undefint shr (0+2)
  3955                           
  3956                           ; Vector 83 : NCO2
  3957   0030AE  0C40               	dw	ivt0x3008_undefint shr (0+2)
  3958                           
  3959                           ; Vector 84 : DMA3SCNT
  3960   0030B0  0C40               	dw	ivt0x3008_undefint shr (0+2)
  3961                           
  3962                           ; Vector 85 : DMA3DCNT
  3963   0030B2  0C40               	dw	ivt0x3008_undefint shr (0+2)
  3964                           
  3965                           ; Vector 86 : DMA3OR
  3966   0030B4  0C40               	dw	ivt0x3008_undefint shr (0+2)
  3967                           
  3968                           ; Vector 87 : DMA3A
  3969   0030B6  0C40               	dw	ivt0x3008_undefint shr (0+2)
  3970                           
  3971                           ; Vector 88 : CCP3
  3972   0030B8  0C40               	dw	ivt0x3008_undefint shr (0+2)
  3973                           
  3974                           ; Vector 89 : CLC6
  3975   0030BA  0C40               	dw	ivt0x3008_undefint shr (0+2)
  3976                           
  3977                           ; Vector 90 : CWG3
  3978   0030BC  0C40               	dw	ivt0x3008_undefint shr (0+2)
  3979                           
  3980                           ; Vector 91 : TMR4
  3981   0030BE  0C40               	dw	ivt0x3008_undefint shr (0+2)
  3982                           
  3983                           ; Vector 92 : DMA4SCNT
  3984   0030C0  0C40               	dw	ivt0x3008_undefint shr (0+2)
  3985                           
  3986                           ; Vector 93 : DMA4DCNT
  3987   0030C2  0C40               	dw	ivt0x3008_undefint shr (0+2)
  3988                           
  3989                           ; Vector 94 : DMA4OR
  3990   0030C4  0C40               	dw	ivt0x3008_undefint shr (0+2)
  3991                           
  3992                           ; Vector 95 : DMA4A
  3993   0030C6  0C40               	dw	ivt0x3008_undefint shr (0+2)
  3994                           
  3995                           ; Vector 96 : U4RX
  3996   0030C8  0C40               	dw	ivt0x3008_undefint shr (0+2)
  3997                           
  3998                           ; Vector 97 : U4TX
  3999   0030CA  0C40               	dw	ivt0x3008_undefint shr (0+2)
  4000                           
  4001                           ; Vector 98 : U4E
  4002   0030CC  0C40               	dw	ivt0x3008_undefint shr (0+2)
  4003                           
  4004                           ; Vector 99 : U4
  4005   0030CE  0C40               	dw	ivt0x3008_undefint shr (0+2)
  4006                           
  4007                           ; Vector 100 : DMA5SCNT
  4008   0030D0  0C40               	dw	ivt0x3008_undefint shr (0+2)
  4009                           
  4010                           ; Vector 101 : DMA5DCNT
  4011   0030D2  0C40               	dw	ivt0x3008_undefint shr (0+2)
  4012                           
  4013                           ; Vector 102 : DMA5OR
  4014   0030D4  0C40               	dw	ivt0x3008_undefint shr (0+2)
  4015                           
  4016                           ; Vector 103 : DMA5A
  4017   0030D6  0C40               	dw	ivt0x3008_undefint shr (0+2)
  4018                           
  4019                           ; Vector 104 : U5RX
  4020   0030D8  0C40               	dw	ivt0x3008_undefint shr (0+2)
  4021                           
  4022                           ; Vector 105 : U5TX
  4023   0030DA  0C40               	dw	ivt0x3008_undefint shr (0+2)
  4024                           
  4025                           ; Vector 106 : U5E
  4026   0030DC  0C40               	dw	ivt0x3008_undefint shr (0+2)
  4027                           
  4028                           ; Vector 107 : U5
  4029   0030DE  0C40               	dw	ivt0x3008_undefint shr (0+2)
  4030                           
  4031                           ; Vector 108 : DMA6SCNT
  4032   0030E0  0C40               	dw	ivt0x3008_undefint shr (0+2)
  4033                           
  4034                           ; Vector 109 : DMA6DCNT
  4035   0030E2  0C40               	dw	ivt0x3008_undefint shr (0+2)
  4036                           
  4037                           ; Vector 110 : DMA6OR
  4038   0030E4  0C40               	dw	ivt0x3008_undefint shr (0+2)
  4039                           
  4040                           ; Vector 111 : DMA6A
  4041   0030E6  0C40               	dw	ivt0x3008_undefint shr (0+2)
  4042                           
  4043                           ; Vector 112 : Undefined
  4044   0030E8  0C40               	dw	ivt0x3008_undefint shr (0+2)
  4045                           
  4046                           ; Vector 113 : CLC7
  4047   0030EA  0C40               	dw	ivt0x3008_undefint shr (0+2)
  4048                           
  4049                           ; Vector 114 : CMP2
  4050   0030EC  0C40               	dw	ivt0x3008_undefint shr (0+2)
  4051                           
  4052                           ; Vector 115 : NCO3
  4053   0030EE  0C40               	dw	ivt0x3008_undefint shr (0+2)
  4054                           
  4055                           ; Vector 116 : Undefined
  4056   0030F0  0C40               	dw	ivt0x3008_undefint shr (0+2)
  4057                           
  4058                           ; Vector 117 : Undefined
  4059   0030F2  0C40               	dw	ivt0x3008_undefint shr (0+2)
  4060                           
  4061                           ; Vector 118 : Undefined
  4062   0030F4  0C40               	dw	ivt0x3008_undefint shr (0+2)
  4063                           
  4064                           ; Vector 119 : Undefined
  4065   0030F6  0C40               	dw	ivt0x3008_undefint shr (0+2)
  4066                           
  4067                           ; Vector 120 : NVM
  4068   0030F8  0C40               	dw	ivt0x3008_undefint shr (0+2)
  4069                           
  4070                           ; Vector 121 : CLC8
  4071   0030FA  0C40               	dw	ivt0x3008_undefint shr (0+2)
  4072                           
  4073                           ; Vector 122 : CRC
  4074   0030FC  0C40               	dw	ivt0x3008_undefint shr (0+2)
  4075                           
  4076                           ; Vector 123 : TMR6
  4077   0030FE  0C40               	dw	ivt0x3008_undefint shr (0+2)
  4078   003100                     ivt0x3008_undefint:
  4079                           	callstack 0
  4080   003100  00FF               	reset	
  4081                           
  4082                           	psect	smallconst
  4083   002500                     __psmallconst:
  4084                           	callstack 0
  4085   002500  00                 	db	0
  4086   002501  00                 	db	0	; dummy byte at the end
  4087   000000                     
  4088                           	psect	rparam
  4089   000000                     
  4090                           	psect	config
  4091                           
  4092                           ;Config register CONFIG1 @ 0x300000
  4093                           ;	External Oscillator Selection
  4094                           ;	FEXTOSC = OFF, Oscillator not enabled
  4095                           ;	Reset Oscillator Selection
  4096                           ;	RSTOSC = HFINTOSC_64MHZ, HFINTOSC with HFFRQ = 64 MHz and CDIV = 1:1
  4097   300000                     	org	3145728
  4098   300000  8C                 	db	140
  4099                           
  4100                           ;Config register CONFIG2 @ 0x300001
  4101                           ;	Clock out Enable bit
  4102                           ;	CLKOUTEN = OFF, CLKOUT function is disabled
  4103                           ;	PRLOCKED One-Way Set Enable bit
  4104                           ;	PR1WAY = OFF, PRLOCKED bit can be set and cleared repeatedly
  4105                           ;	Clock Switch Enable bit
  4106                           ;	CSWEN = ON, Writing to NOSC and NDIV is allowed
  4107                           ;	Fail-Safe Clock Monitor Enable bit
  4108                           ;	FCMEN = ON, Fail-Safe Clock Monitor enabled
  4109   300001                     	org	3145729
  4110   300001  FD                 	db	253
  4111                           
  4112                           ;Config register CONFIG3 @ 0x300002
  4113                           ;	MCLR Enable bit
  4114                           ;	MCLRE = EXTMCLR, If LVP = 0, MCLR pin is MCLR; If LVP = 1, RE3 pin function is MCLR
  4115                           ;	Power-up timer selection bits
  4116                           ;	PWRTS = PWRT_OFF, PWRT is disabled
  4117                           ;	Multi-vector enable bit
  4118                           ;	MVECEN = ON, Multi-vector enabled, Vector table used for interrupts
  4119                           ;	IVTLOCK bit One-way set enable bit
  4120                           ;	IVT1WAY = ON, IVTLOCKED bit can be cleared and set only once
  4121                           ;	Low Power BOR Enable bit
  4122                           ;	LPBOREN = OFF, Low-Power BOR disabled
  4123                           ;	Brown-out Reset Enable bits
  4124                           ;	BOREN = OFF, Brown-out Reset disabled
  4125   300002                     	org	3145730
  4126   300002  3F                 	db	63
  4127                           
  4128                           ;Config register CONFIG4 @ 0x300003
  4129                           ;	Brown-out Reset Voltage Selection bits
  4130                           ;	BORV = VBOR_1P9, Brown-out Reset Voltage (VBOR) set to 1.9V
  4131                           ;	ZCD Disable bit
  4132                           ;	ZCD = OFF, ZCD module is disabled. ZCD can be enabled by setting the ZCDSEN bit of ZCD
      +                          CON
  4133                           ;	PPSLOCK bit One-Way Set Enable bit
  4134                           ;	PPS1WAY = ON, PPSLOCKED bit can be cleared and set only once; PPS registers remain loc
      +                          ked after one clear/set cycle
  4135                           ;	Stack Full/Underflow Reset Enable bit
  4136                           ;	STVREN = ON, Stack full/underflow will cause Reset
  4137                           ;	Low Voltage Programming Enable bit
  4138                           ;	LVP = ON, Low voltage programming enabled. MCLR/VPP pin function is MCLR. MCLRE config
      +                          uration bit is ignored
  4139                           ;	Extended Instruction Set Enable bit
  4140                           ;	XINST = OFF, Extended Instruction Set and Indexed Addressing Mode disabled
  4141   300003                     	org	3145731
  4142   300003  FF                 	db	255
  4143                           
  4144                           ;Config register CONFIG5 @ 0x300004
  4145                           ;	WDT Period selection bits
  4146                           ;	WDTCPS = WDTCPS_31, Divider ratio 1:65536; software control of WDTPS
  4147                           ;	WDT operating mode
  4148                           ;	WDTE = OFF, WDT Disabled; SWDTEN is ignored
  4149   300004                     	org	3145732
  4150   300004  9F                 	db	159
  4151                           
  4152                           ;Config register CONFIG6 @ 0x300005
  4153                           ;	WDT Window Select bits
  4154                           ;	WDTCWS = WDTCWS_7, window always open (100%); software control; keyed access not requi
      +                          red
  4155                           ;	WDT input clock selector
  4156                           ;	WDTCCS = SC, Software Control
  4157   300005                     	org	3145733
  4158   300005  FF                 	db	255
  4159                           
  4160                           ;Config register CONFIG7 @ 0x300006
  4161                           ;	Boot Block Size selection bits
  4162                           ;	BBSIZE = BBSIZE_512, Boot Block size is 512 words
  4163                           ;	Boot Block enable bit
  4164                           ;	BBEN = OFF, Boot block disabled
  4165                           ;	Storage Area Flash enable bit
  4166                           ;	SAFEN = OFF, SAF disabled
  4167                           ;	Background Debugger
  4168                           ;	DEBUG = ON, Background Debugger enabled
  4169   300006                     	org	3145734
  4170   300006  DF                 	db	223
  4171                           
  4172                           ;Config register CONFIG8 @ 0x300007
  4173                           ;	Boot Block Write Protection bit
  4174                           ;	WRTB = OFF, Boot Block not Write protected
  4175                           ;	Configuration Register Write Protection bit
  4176                           ;	WRTC = OFF, Configuration registers not Write protected
  4177                           ;	Data EEPROM Write Protection bit
  4178                           ;	WRTD = OFF, Data EEPROM not Write protected
  4179                           ;	SAF Write protection bit
  4180                           ;	WRTSAF = OFF, SAF not Write Protected
  4181                           ;	Application Block write protection bit
  4182                           ;	WRTAPP = OFF, Application Block not write protected
  4183   300007                     	org	3145735
  4184   300007  FF                 	db	255
  4185                           
  4186                           ;Config register CONFIG10 @ 0x300009
  4187                           ;	PFM and Data EEPROM Code Protection bit
  4188                           ;	CP = OFF, PFM and Data EEPROM code protection disabled
  4189   300009                     	org	3145737
  4190   300009  FF                 	db	255
  4191                           tosu	equ	0x4FF
  4192                           tosh	equ	0x4FE
  4193                           tosl	equ	0x4FD
  4194                           stkptr	equ	0x4FC
  4195                           pclatu	equ	0x4FB
  4196                           pclath	equ	0x4FA
  4197                           pcl	equ	0x4F9
  4198                           tblptru	equ	0x4F8
  4199                           tblptrh	equ	0x4F7
  4200                           tblptrl	equ	0x4F6
  4201                           tablat	equ	0x4F5
  4202                           prodh	equ	0x4F4
  4203                           prodl	equ	0x4F3
  4204                           indf0	equ	0x4EF
  4205                           postinc0	equ	0x4EE
  4206                           postdec0	equ	0x4ED
  4207                           preinc0	equ	0x4EC
  4208                           plusw0	equ	0x4EB
  4209                           fsr0h	equ	0x4EA
  4210                           fsr0l	equ	0x4E9
  4211                           wreg	equ	0x4E8
  4212                           indf1	equ	0x4E7
  4213                           postinc1	equ	0x4E6
  4214                           postdec1	equ	0x4E5
  4215                           preinc1	equ	0x4E4
  4216                           plusw1	equ	0x4E3
  4217                           fsr1h	equ	0x4E2
  4218                           fsr1l	equ	0x4E1
  4219                           bsr	equ	0x4E0
  4220                           indf2	equ	0x4DF
  4221                           postinc2	equ	0x4DE
  4222                           postdec2	equ	0x4DD
  4223                           preinc2	equ	0x4DC
  4224                           plusw2	equ	0x4DB
  4225                           fsr2h	equ	0x4DA
  4226                           fsr2l	equ	0x4D9
  4227                           status	equ	0x4D8

Data Sizes:
    Strings     0
    Constant    0
    Data        0
    BSS         3
    Persistent  0
    Stack       0

Auto Spaces:
    Space          Size  Autos    Used
    COMRAM           95     17      20
    BANK5           160      0       0
    BANK6           256      0       0
    BANK7           256      0       0
    BANK8           256      0       0
    BANK9           256      0       0
    BANK10          256      0       0
    BANK11          256      0       0
    BANK12          256      0       0
    BANK13          256      0       0
    BANK14          256      0       0
    BANK15          256      0       0
    BANK16          256      0       0
    BANK17          256      0       0
    BANK18          256      0       0
    BANK19          256      0       0
    BANK20          256      0       0
    BANK21          256      0       0
    BANK22          256      0       0
    BANK23          256      0       0
    BANK24          256      0       0
    BANK25          256      0       0
    BANK26          256      0       0
    BANK27          256      0       0
    BANK28          256      0       0
    BANK29          256      0       0
    BANK30          256      0       0
    BANK31          256      0       0
    BANK32          256      0       0
    BANK33          256      0       0
    BANK34          256      0       0
    BANK35          256      0       0
    BANK36          256      0       0

Pointer List with Targets:

    None.

Critical Paths under _main in COMRAM

    _GPIO_Init->_configure_pin
    _configure_pin->_reset_pin_pullup
    _configure_pin->_set_pin_analog_mode
    _configure_pin->_set_pin_digital_mode
    _configure_pin->_set_pin_input
    _configure_pin->_set_pin_open_drain
    _configure_pin->_set_pin_output
    _configure_pin->_set_pin_pullup
    _configure_pin->_set_pin_push_pull
    _configure_pin->_set_pin_sr_limited
    _configure_pin->_set_pin_sr_maximum
    _configure_pin->_set_pin_st
    _configure_pin->_set_pin_ttl

Critical Paths under _INT_ISR in COMRAM

    None.

Critical Paths under _main in BANK5

    None.

Critical Paths under _INT_ISR in BANK5

    None.

Critical Paths under _main in BANK6

    None.

Critical Paths under _INT_ISR in BANK6

    None.

Critical Paths under _main in BANK7

    None.

Critical Paths under _INT_ISR in BANK7

    None.

Critical Paths under _main in BANK8

    None.

Critical Paths under _INT_ISR in BANK8

    None.

Critical Paths under _main in BANK9

    None.

Critical Paths under _INT_ISR in BANK9

    None.

Critical Paths under _main in BANK10

    None.

Critical Paths under _INT_ISR in BANK10

    None.

Critical Paths under _main in BANK11

    None.

Critical Paths under _INT_ISR in BANK11

    None.

Critical Paths under _main in BANK12

    None.

Critical Paths under _INT_ISR in BANK12

    None.

Critical Paths under _main in BANK13

    None.

Critical Paths under _INT_ISR in BANK13

    None.

Critical Paths under _main in BANK14

    None.

Critical Paths under _INT_ISR in BANK14

    None.

Critical Paths under _main in BANK15

    None.

Critical Paths under _INT_ISR in BANK15

    None.

Critical Paths under _main in BANK16

    None.

Critical Paths under _INT_ISR in BANK16

    None.

Critical Paths under _main in BANK17

    None.

Critical Paths under _INT_ISR in BANK17

    None.

Critical Paths under _main in BANK18

    None.

Critical Paths under _INT_ISR in BANK18

    None.

Critical Paths under _main in BANK19

    None.

Critical Paths under _INT_ISR in BANK19

    None.

Critical Paths under _main in BANK20

    None.

Critical Paths under _INT_ISR in BANK20

    None.

Critical Paths under _main in BANK21

    None.

Critical Paths under _INT_ISR in BANK21

    None.

Critical Paths under _main in BANK22

    None.

Critical Paths under _INT_ISR in BANK22

    None.

Critical Paths under _main in BANK23

    None.

Critical Paths under _INT_ISR in BANK23

    None.

Critical Paths under _main in BANK24

    None.

Critical Paths under _INT_ISR in BANK24

    None.

Critical Paths under _main in BANK25

    None.

Critical Paths under _INT_ISR in BANK25

    None.

Critical Paths under _main in BANK26

    None.

Critical Paths under _INT_ISR in BANK26

    None.

Critical Paths under _main in BANK27

    None.

Critical Paths under _INT_ISR in BANK27

    None.

Critical Paths under _main in BANK28

    None.

Critical Paths under _INT_ISR in BANK28

    None.

Critical Paths under _main in BANK29

    None.

Critical Paths under _INT_ISR in BANK29

    None.

Critical Paths under _main in BANK30

    None.

Critical Paths under _INT_ISR in BANK30

    None.

Critical Paths under _main in BANK31

    None.

Critical Paths under _INT_ISR in BANK31

    None.

Critical Paths under _main in BANK32

    None.

Critical Paths under _INT_ISR in BANK32

    None.

Critical Paths under _main in BANK33

    None.

Critical Paths under _INT_ISR in BANK33

    None.

Critical Paths under _main in BANK34

    None.

Critical Paths under _INT_ISR in BANK34

    None.

Critical Paths under _main in BANK35

    None.

Critical Paths under _INT_ISR in BANK35

    None.

Critical Paths under _main in BANK36

    None.

Critical Paths under _INT_ISR in BANK36

    None.

Call Graph Tables:

 ---------------------------------------------------------------------------------
 (Depth) Function   	        Calls       Base Space   Used Autos Params    Refs
 ---------------------------------------------------------------------------------
 (0) _main                                                 5     0      5    5452
                                             12 COMRAM     5     0      5
                         _Clock_Init
                          _GPIO_Init
                     _INTERRUPT_Init
                        _TIMER0_Init
                       _TIMER0_Write
 ---------------------------------------------------------------------------------
 (1) _TIMER0_Write                                         2     1      1     120
                                              0 COMRAM     2     1      1
 ---------------------------------------------------------------------------------
 (1) _TIMER0_Init                                          5     2      3     316
                                              0 COMRAM     5     2      3
 ---------------------------------------------------------------------------------
 (1) _INTERRUPT_Init                                       0     0      0       0
 ---------------------------------------------------------------------------------
 (1) _GPIO_Init                                            0     0      0    5016
                      _configure_pin
 ---------------------------------------------------------------------------------
 (2) _configure_pin                                        8     1      7    5016
                                              4 COMRAM     8     1      7
                   _reset_pin_pullup
                _set_pin_analog_mode
               _set_pin_digital_mode
                      _set_pin_input
                 _set_pin_open_drain
                     _set_pin_output
                     _set_pin_pullup
                  _set_pin_push_pull
                 _set_pin_sr_limited
                 _set_pin_sr_maximum
                         _set_pin_st
                        _set_pin_ttl
 ---------------------------------------------------------------------------------
 (3) _set_pin_ttl                                          4     3      1     230
                                              0 COMRAM     4     3      1
 ---------------------------------------------------------------------------------
 (3) _set_pin_st                                           4     3      1     230
                                              0 COMRAM     4     3      1
 ---------------------------------------------------------------------------------
 (3) _set_pin_sr_maximum                                   4     3      1     230
                                              0 COMRAM     4     3      1
 ---------------------------------------------------------------------------------
 (3) _set_pin_sr_limited                                   4     3      1     230
                                              0 COMRAM     4     3      1
 ---------------------------------------------------------------------------------
 (3) _set_pin_push_pull                                    4     3      1     230
                                              0 COMRAM     4     3      1
 ---------------------------------------------------------------------------------
 (3) _set_pin_pullup                                       4     3      1     230
                                              0 COMRAM     4     3      1
 ---------------------------------------------------------------------------------
 (3) _set_pin_output                                       4     3      1     230
                                              0 COMRAM     4     3      1
 ---------------------------------------------------------------------------------
 (3) _set_pin_open_drain                                   4     3      1     230
                                              0 COMRAM     4     3      1
 ---------------------------------------------------------------------------------
 (3) _set_pin_input                                        4     3      1     230
                                              0 COMRAM     4     3      1
 ---------------------------------------------------------------------------------
 (3) _set_pin_digital_mode                                 4     3      1     230
                                              0 COMRAM     4     3      1
 ---------------------------------------------------------------------------------
 (3) _set_pin_analog_mode                                  4     3      1     230
                                              0 COMRAM     4     3      1
 ---------------------------------------------------------------------------------
 (3) _reset_pin_pullup                                     4     3      1     230
                                              0 COMRAM     4     3      1
 ---------------------------------------------------------------------------------
 (1) _Clock_Init                                           0     0      0       0
 ---------------------------------------------------------------------------------
 Estimated maximum stack depth 3
 ---------------------------------------------------------------------------------
 (Depth) Function   	        Calls       Base Space   Used Autos Params    Refs
 ---------------------------------------------------------------------------------
 (4) _INT_ISR                                              0     0      0       0
 ---------------------------------------------------------------------------------
 Estimated maximum stack depth 4
 ---------------------------------------------------------------------------------

 Call Graph Graphs:

 _main (ROOT)
   _Clock_Init
   _GPIO_Init
     _configure_pin
       _reset_pin_pullup
       _set_pin_analog_mode
       _set_pin_digital_mode
       _set_pin_input
       _set_pin_open_drain
       _set_pin_output
       _set_pin_pullup
       _set_pin_push_pull
       _set_pin_sr_limited
       _set_pin_sr_maximum
       _set_pin_st
       _set_pin_ttl
   _INTERRUPT_Init
   _TIMER0_Init
   _TIMER0_Write

 _INT_ISR (ROOT)

 Address spaces:
Name               Size   Autos  Total    Cost      Usage
BIGRAM            1FFF      0       0      70        0.0%
EEDATA             400      0       0       0        0.0%
BITBIGSFRllhlll    26A      0       0      89        0.0%
BITBIGSFR_1        100      0       0      69        0.0%
BITBANK36          100      0       0      67        0.0%
BANK36             100      0       0      68        0.0%
BITBANK35          100      0       0      65        0.0%
BANK35             100      0       0      66        0.0%
BITBANK34          100      0       0      63        0.0%
BANK34             100      0       0      64        0.0%
BITBANK33          100      0       0      61        0.0%
BANK33             100      0       0      62        0.0%
BITBANK32          100      0       0      59        0.0%
BANK32             100      0       0      60        0.0%
BITBANK31          100      0       0      57        0.0%
BANK31             100      0       0      58        0.0%
BITBANK30          100      0       0      55        0.0%
BANK30             100      0       0      56        0.0%
BITBANK29          100      0       0      53        0.0%
BANK29             100      0       0      54        0.0%
BITBANK28          100      0       0      51        0.0%
BANK28             100      0       0      52        0.0%
BITBANK27          100      0       0      49        0.0%
BANK27             100      0       0      50        0.0%
BITBANK26          100      0       0      46        0.0%
BANK26             100      0       0      47        0.0%
BITBANK25          100      0       0      44        0.0%
BANK25             100      0       0      45        0.0%
BITBANK24          100      0       0      42        0.0%
BANK24             100      0       0      43        0.0%
BITBANK23          100      0       0      40        0.0%
BANK23             100      0       0      41        0.0%
BITBANK22          100      0       0      38        0.0%
BANK22             100      0       0      39        0.0%
BITBANK21          100      0       0      36        0.0%
BANK21             100      0       0      37        0.0%
BITBANK20          100      0       0      34        0.0%
BANK20             100      0       0      35        0.0%
BITBANK19          100      0       0      32        0.0%
BANK19             100      0       0      33        0.0%
BITBANK18          100      0       0      30        0.0%
BANK18             100      0       0      31        0.0%
BITBANK17          100      0       0      28        0.0%
BANK17             100      0       0      29        0.0%
BITBANK16          100      0       0      26        0.0%
BANK16             100      0       0      27        0.0%
BITBANK15          100      0       0      24        0.0%
BANK15             100      0       0      25        0.0%
BITBANK14          100      0       0      22        0.0%
BANK14             100      0       0      23        0.0%
BITBANK13          100      0       0      20        0.0%
BANK13             100      0       0      21        0.0%
BITBANK12          100      0       0      18        0.0%
BANK12             100      0       0      19        0.0%
BITBANK11          100      0       0      16        0.0%
BANK11             100      0       0      17        0.0%
BITBANK10          100      0       0      14        0.0%
BANK10             100      0       0      15        0.0%
BITBANK9           100      0       0      12        0.0%
BANK9              100      0       0      13        0.0%
BITBANK8           100      0       0      10        0.0%
BANK8              100      0       0      11        0.0%
BITBANK7           100      0       0       8        0.0%
BANK7              100      0       0       9        0.0%
BITBANK6           100      0       0       6        0.0%
BANK6              100      0       0       7        0.0%
BITBIGSFRlll        AD      0       0      90        0.0%
BITBANK5            A0      0       0       4        0.0%
BANK5               A0      0       0       5        0.0%
BITBIGSFRllhh       9A      0       0      86        0.0%
BITCOMRAM           5F      0       0       0        0.0%
COMRAM              5F     11      14       1       21.1%
BITBIGSFRllhllh     47      0       0      88        0.0%
BITBIGSFRlhhhhh     3F      0       0      79        0.0%
BITBIGSFRlhhhhh     30      0       0      80        0.0%
BITBIGSFRhhh        29      0       0      71        0.0%
BITBIGSFRlhhhhh      D      0       0      77        0.0%
BITBIGSFRlhhhhh      C      0       0      75        0.0%
BITBIGSFRlhhhhh      3      0       0      81        0.0%
BITBIGSFRlhhhhl      3      0       0      82        0.0%
BITBIGSFRlhhhlh      3      0       0      83        0.0%
BITBIGSFRlhhlh       3      0       0      84        0.0%
BITBIGSFRlhlh        3      0       0      85        0.0%
BITBIGSFRhhl         2      0       0      72        0.0%
BITBIGSFRlhhhhh      2      0       0      74        0.0%
BITBIGSFRhl          2      0       0      73        0.0%
BITBIGSFRllhlh       1      0       0      87        0.0%
BITBIGSFRlhhhhh      1      0       0      78        0.0%
BITBIGSFRlhhhhh      1      0       0      76        0.0%
BIGSFR_1             0      0       0     200        0.0%
BIGSFR               0      0       0     200        0.0%
BITSFR_6             0      0       0     200        0.0%
SFR_6                0      0       0     200        0.0%
BITSFR_5             0      0       0     200        0.0%
SFR_5                0      0       0     200        0.0%
BITSFR_4             0      0       0     200        0.0%
SFR_4                0      0       0     200        0.0%
BITSFR_3             0      0       0     200        0.0%
SFR_3                0      0       0     200        0.0%
BITSFR_2             0      0       0     200        0.0%
SFR_2                0      0       0     200        0.0%
BITSFR_1             0      0       0     200        0.0%
SFR_1                0      0       0     200        0.0%
BITSFR               0      0       0     200        0.0%
SFR                  0      0       0     200        0.0%
STACK                0      0       0       2        0.0%
NULL                 0      0       0       0        0.0%
ABS                  0      0      14      48        0.0%
DATA                 0      0      14       3        0.0%
CODE                 0      0       0       0        0.0%


Microchip Technology PIC18 Macro Assembler V2.46 build 20240104201356 
Symbol Table                                                                                   Tue Oct 22 22:11:06 2024

    __end_of_set_pin_open_drain 3C6E                               _x 0513  configure_pin@slew_rate_limited 050A  
                ?_configure_pin 0505                             l120 3B4E                             l132 35AC  
                           l108 3E9C                             l204 3912                             l144 3D8A  
                           l240 3C6C                             l216 3358                             l402 40D4  
                           l308 4160                             l156 3A30                             l228 3482  
                           l180 37F4                             l405 4158                             l255 3F90  
                           l168 36D6                             l192 322E                             l345 412E  
                           l391 4096                             l385 40FE                             l386 40FE  
    __end_of_set_pin_sr_maximum 335A      __end_of_set_pin_sr_limited 3914                            l2001 3438  
                          l2011 3B78                            l2013 3B9A                            l2015 3BBC  
                          l2023 3C22                            l2007 3B52                            l2031 3EB0  
                          l2017 3BDE                            l2009 3B56                            l2041 3EF0  
                          l2033 3EBE                            l2019 3C00                            l2051 3F36  
                          l2043 3F00                            l2035 3EC8                            l2061 3F78  
                          l2053 3F40                            l2045 3F0E                            l2037 3ED8  
                          l2029 3EA0                            l2063 3F86                            l2055 3F50  
                          l2047 3F18                            l2039 3EE6                            l2071 409A  
                          l2057 3F5E                            l2049 3F28                            l2065 402C  
                          l2073 40AE                            l2081 4150                            l2331 31F8  
                          l2059 3F68                            l2067 404E                            l2075 40BA  
                          l2083 4154                            l1381 415A                            l2341 39FA  
                          l2333 37BE                            l2069 4072                            l2077 40D0  
                          l2085 40D6                            l2351 3D54                            l2343 3B18  
                          l2335 3322                            l1383 4106                            l2079 414C  
                          l2087 40DA                            l2353 36A0                            l2345 3C36  
                          l2337 38DC                            l1385 411E                            l2089 40DE  
                          l1811 348A                            l2347 3E66                            l1803 3B04  
                          l2339 344C                            l1387 412C                            l2349 3576  
                          l1821 353E                            l1813 34AE                            l1901 3700  
                          l1831 3C70                            l1815 34D2                            l1903 3722  
                          l1841 3CFC                            l1833 3C74                            l1817 34F6  
                          l1825 3562                            l1809 3486                            l1905 3744  
                          l1913 37AA                            l1921 310C                            l1843 3D1E  
                          l1835 3C96                            l1819 351A                            l1771 3DD2  
                          l1907 3766                            l1931 31C0                            l1923 3130  
                          l1837 3CB8                            l1773 3DF2                            l1781 3E52  
                          l1765 3D8E                            l1861 3980                            l1853 3916  
                          l1941 37F8                            l1909 3788                            l1925 3154  
                          l1839 3CDA                            l1847 3D40                            l1775 3E12  
                          l1767 3D92                            l1791 3A5A                            l1863 39A2  
                          l1855 391A                            l1951 3884                            l1943 37FC  
                          l1927 3178                            l1935 31E4                            l1919 3108  
                          l1881 35FC                            l1777 3E32                            l1769 3DB2  
                          l1793 3A7C                            l1865 39C4                            l1857 393C  
                          l1953 38A6                            l1945 381E                            l1929 319C  
                          l1883 3620                            l1891 368C                            l1875 35B0  
                          l1795 3A9E                            l1787 3A34                            l1859 395E  
                          l1947 3840                            l1971 32A2                            l1963 3232  
                          l1885 3644                            l1877 35B4                            l1797 3AC0  
                          l1789 3A38                            l1869 39E6                            l1949 3862  
                          l1957 38C8                            l1973 32C6                            l1965 3236  
                          l1887 3668                            l1879 35D8                            l1799 3AE2  
                          l1991 33A8                            l1975 32EA                            l1967 325A  
                          l1993 33CC                            l1985 335C                            l1969 327E  
                          l1897 36DA                            l1995 33F0                            l1987 3360  
                          l1979 330E                            l1899 36DE                            l1997 3414  
                          l1989 3384                            u1104 3E24                            u1105 3E20  
                          u1114 3E44                            u1115 3E40                            u1204 34E4  
                          u1124 3A4A                            u1205 34E0                            u1125 3A46  
                          u1214 3508                            u1134 3A6C                            u1215 3504  
                          u1135 3A68                            u1224 352C                            u1064 3DA4  
                          u1144 3A8E                            u1304 392C                            u1225 3528  
                          u1065 3DA0                            u1145 3A8A                            u1305 3928  
                          u1234 3550                            u1074 3DC4                            u1154 3AB0  
                          u1314 394E                            u1235 354C                            u1075 3DC0  
                          u1155 3AAC                            u1315 394A                            u1404 3656  
                          u1244 3C86                            u1084 3DE4                            u1164 3AD2  
                          u1324 3970                            u1405 3652                            u1245 3C82  
                          u1085 3DE0                            u1165 3ACE                            u1325 396C  
                          _LATA 04BE                            u1414 367A                            u1254 3CA8  
                          u1094 3E04                            u1174 3AF4                            u1334 3992  
                          _LATB 04BF                 __end_of_INT_ISR 402C                            u1415 3676  
                          u1255 3CA4                            u1095 3E00                            u1175 3AF0  
                          u1335 398E                            _LATC 04C0                            u1264 3CCA  
                          u1184 349C                            u1344 39B4                            u1424 36F0  
                          u1504 3166                            _LATD 04C1                            u1265 3CC6  
                          u1185 3498                            u1345 39B0                            u1425 36EC  
                          u1505 3162                            _LATE 04C2                            u1274 3CEC  
                          u1194 34C0                            u1354 39D6                            u1434 3712  
                          u1514 318A                            _LATF 04C3                            u1275 3CE8  
                          u1195 34BC                            u1355 39D2                            u1435 370E  
                          u1515 3186                            u1364 35C6                            u1284 3D0E  
                          u1604 3248                            u1444 3734                            u1524 31AE  
                          u1365 35C2                            u1285 3D0A                            u1605 3244  
                          u1445 3730                            u1525 31AA                            u1374 35EA  
                          u1294 3D30                            u1614 326C                            u1454 3756  
                          u1534 31D2                            u1375 35E6                            u1295 3D2C  
                          u1615 3268                            u1455 3752                            u1535 31CE  
                          u1384 360E                            u1704 3402                            u1544 380E  
                          u1624 3290                            u1464 3778                            u1800 3F00  
                          u1385 360A                            u1705 33FE                            u1545 380A  
                          u1625 328C                            u1465 3774                            u1801 3EFC  
                          u1394 3632                            u1714 3426                            u1554 3830  
                          u1634 32B4                            u1474 379A                            u1810 3F28  
                          u1395 362E                            u1715 3422                            u1555 382C  
                          u1635 32B0                            u1475 3796                            u1811 3F24  
                          u1724 3B68                            u1564 3852                            u1644 32D8  
                          u1484 311E                            u1820 3F50                            u1725 3B64  
                          u1565 384E                            u1645 32D4                            u1485 311A  
                          u1821 3F4C                            u1734 3B8A                            u1574 3874  
                          u1654 32FC                            u1494 3142                            u1830 3F78  
                          u1735 3B86                            u1575 3870                            u1655 32F8  
                          u1495 313E                            u1831 3F74                            u1744 3BAC  
                          u1664 3372                            u1584 3896                            u1745 3BA8  
                          u1665 336E                            u1585 3892                            u1754 3BCE  
                          u1674 3396                            u1594 38B8                            u1755 3BCA  
                          u1675 3392                            u1595 38B4                            u1764 3BF0  
                          u1684 33BA                            u1780 3EB0                            u1765 3BEC  
                          u1685 33B6                            u1781 3EAC                            u1845 40B6  
                          u1774 3C12                            u1694 33DE                            u1790 3ED8  
                          u1846 40BA                            u1775 3C0E                            u1695 33DA  
                          u1791 3ED4                            u1855 40C2                            u1856 40C6  
                          _WPUA 0401                            _WPUB 0409                            _WPUC 0411  
                          _WPUD 0419                            _WPUE 0421                            _WPUF 0429  
      __end_of_reset_pin_pullup 36D8                            _main 40D6                            start 3102  
                  ___param_bank 0000                      _Clock_Init 415A                           ?_main 050D  
                         i2l351 4006                           i2l358 402A                           _TMR0H 0319  
                         _TMR0L 0318                           _PORTA 04CE                           _PORTB 04CF  
                         _PORTC 04D0                           _PORTD 04D1                           _PORTE 04D2  
                         _PORTF 04D3                           _TRISA 04C6                           _TRISB 04C7  
                         _TRISC 04C8                           _TRISD 04C9                           _TRISE 04CA  
                         _TRISF 04CB            configure_pin@use_ttl 0509                           status 04D8  
               __initialization 4130                    __end_of_main 4106                 ??_configure_pin 050C  
                        ??_main 0512                    ?_TIMER0_Init 0501                   __activetblptr 0003  
             __end_of_GPIO_Init 4098                       ??_INT_ISR 0501               _set_pin_push_pull 335A  
                        _ANSELA 0400                          _ANSELB 0408                          _ANSELC 0410  
                        _ANSELD 0418                          _ANSELE 0420                          _ANSELF 0428  
                        _ODCONA 0402                          _ODCONB 040A                          _ODCONC 0412  
                        _ODCOND 041A                          _ODCONE 0422                          _ODCONF 042A  
                        i2l1501 3FE4                          i2l1503 3FF4                          i2l1511 4006  
                        i2l1513 4014                          i2l1505 3FF6                          i2l1515 4024  
                        i2l1507 3FFA                          i2l1517 4028                          i2l1509 3FFE  
                        i2l1491 3FAE                          i2l1493 3FBE                          i2l1485 3F94  
                        i2l1495 3FCE                          i2l1487 3FA2                          i2l1497 3FD0  
                        i2l1489 3FAC                          i2l1499 3FDE                          _INLVLA 0404  
                        _INLVLB 040C                          _INLVLC 0414                          _INLVLD 041C  
                        _INLVLE 0424                          _INLVLF 042C              ?_set_pin_push_pull 0501  
           ??_set_pin_push_pull 0502                    ?_set_pin_ttl 0501    set_pin_sr_maximum@pin_number 0501  
         configure_pin@is_input 0506                     ?_Clock_Init 0501                          isa$std 0001  
 set_pin_analog_mode@pin_number 0501          TIMER0_Init@timer_async 0502                    __mediumconst 0000  
     __end_of_set_pin_push_pull 3484            set_pin_ttl@port_name 0504                      __accesstop 0560  
       __end_of__initialization 4144                   ___rparam_used 0001        set_pin_output@pin_number 0501  
                __pcstackCOMRAM 0501           __end_of_set_pin_input 3E9E              _set_pin_open_drain 3B50  
    configure_pin@use_push_pull 050B                  _INTERRUPT_Init 4106    set_pin_sr_limited@pin_number 0501  
           ?_set_pin_open_drain 0501                   ?_TIMER0_Write 0501               ?_reset_pin_pullup 0501  
                       IVTBASEH 045E                         IVTBASEL 045D                         IVTBASEU 045F  
            _set_pin_sr_maximum 3230              _set_pin_sr_limited 37F6              ??_reset_pin_pullup 0502  
           _set_pin_analog_mode 3C6E     set_pin_sr_maximum@port_name 0504            ??_set_pin_open_drain 0502  
           ?_set_pin_sr_maximum 0501             ?_set_pin_sr_limited 0501            ?_set_pin_analog_mode 0501  
                       _INT_ISR 3F94                         _OSCCON1 00AD          __end_of_INTERRUPT_Init 4130  
                       i2u99_40 3FA2                         i2u99_41 3F9E                         _SLRCONA 0403  
                       _SLRCONB 040B                         _SLRCONC 0413                         _SLRCOND 041B  
                       _SLRCONE 0423                         _SLRCONF 042B                  ??_TIMER0_Write 0502  
          ??_set_pin_sr_maximum 0502            ??_set_pin_sr_limited 0502     set_pin_sr_limited@port_name 0504  
                       __Hparam 0000                         __Lparam 0000                    __psmallconst 2500  
           set_pin_st@port_name 0504                   ivt0x3008_base 3008                         __pcinit 4130  
                       __ramtop 2500                         __ptext0 40D6                         __ptext1 414A  
                       __ptext2 4098                         __ptext3 4106                         __ptext4 402C  
                       __ptext5 3E9E                         __ptext6 3106                         __ptext7 36D8  
                       __ptext8 3230                         __ptext9 37F6           ??_set_pin_analog_mode 0502  
         set_pin_ttl@pin_number 0501                 ?_INTERRUPT_Init 0501                       _GPIO_Init 402C  
          end_of_initialization 4144      set_pin_push_pull@port_name 0504          configure_pin@port_name 050C  
                    _set_pin_st 36D8                    ??_Clock_Init 0501           __end_of_configure_pin 3F92  
                     _PORTBbits 04CF        set_pin_pullup@pin_number 0501                      ?_GPIO_Init 0501  
            __end_of_Clock_Init 4162                  _set_pin_pullup 3914                  _set_pin_output 3A32  
 TIMER0_Init@timer_clock_source 0505            __end_of_TIMER0_Write 415A    __end_of_set_pin_digital_mode 35AE  
           start_initialization 4130          __end_of_set_pin_pullup 3A32          __end_of_set_pin_output 3B50  
   set_pin_open_drain@port_name 0504                     ?_set_pin_st 0501           TIMER0_Init@timer_mode 0501  
                   __pbssCOMRAM 0512                        ?_INT_ISR 0501                     ??_GPIO_Init 050D  
               ?_set_pin_pullup 0501                 ?_set_pin_output 0501         set_pin_output@port_name 0504  
set_pin_digital_mode@pin_number 0501                     __pivt0x3008 3008         TIMER0_Write@TMR0H_value 0502  
             ivt0x3008_undefint 3100         TIMER0_Write@TMR0L_value 0501                ??_INTERRUPT_Init 0501  
                 ??_TIMER0_Init 0504                     __smallconst 2500       reset_pin_pullup@port_name 0504  
                      _LATDbits 04C1                        _LATFbits 04C3            _set_pin_digital_mode 3484  
                      _IPR1bits 0363                        _IPR3bits 0365                        _PIE1bits 049F  
                      _PIE3bits 04A1                        _IVTBASEH 045E                        _IVTBASEL 045D  
                      _IVTBASEU 045F                        i2u100_40 3FBE                        i2u100_41 3FBA  
                      i2u101_40 3FCE                        i2u101_41 3FCA                        i2u102_40 3FDE  
                      i2u102_41 3FDA                        i2u103_40 3FF4                        i2u103_41 3FF0  
                      i2u104_40 4014                        i2u104_41 4010                        i2u105_40 4024  
                      i2u105_41 4020                        _PIR1bits 04AF                        _PIR3bits 04B1  
                 ??_set_pin_ttl 0502    set_pin_open_drain@pin_number 0501     __end_of_set_pin_analog_mode 3D8C  
       set_pin_input@pin_number 0501                   _set_pin_input 3D8C             __end_of_TIMER0_Init 40D6  
                   _INTCON0bits 04D6         set_pin_pullup@port_name 0504            set_pin_st@pin_number 0501  
                  _TIMER0_Write 414A           ?_set_pin_digital_mode 0501                        __Hrparam 0000  
                      __Lrparam 0000                _reset_pin_pullup 35AE                  ?_set_pin_input 0501  
           __end_of_set_pin_ttl 3230         configure_pin@is_digital 0507                      _T0CON0bits 031A  
                    _T0CON1bits 031B                     _button_flag 0514                        __ptext10 335A  
                      __ptext11 3914                        __ptext12 3A32                        __ptext13 3B50  
                      __ptext14 3D8C                        __ptext15 3484                        __ptext16 3C6E  
                      __ptext17 35AE                        __ptext18 415A                        __ptext19 3F94  
  set_pin_analog_mode@port_name 0504     set_pin_push_pull@pin_number 0501   set_pin_digital_mode@port_name 0504  
                  ??_set_pin_st 0502                        isa$xinst 0000         configure_pin@pin_number 0505  
                      main@argc 050D                        main@argv 050F                     _TIMER0_Init 4098  
        set_pin_input@port_name 0504                ??_set_pin_pullup 0502                ??_set_pin_output 0502  
    TIMER0_Init@timer_prescaler 0503              __end_of_set_pin_st 37F6                        intlevel2 0000  
        ??_set_pin_digital_mode 0502            _button_press_counter 0512                     _set_pin_ttl 3106  
    configure_pin@enable_pullup 0508                 ??_set_pin_input 0502      reset_pin_pullup@pin_number 0501  
                 _configure_pin 3E9E  
