

Microchip MPLAB XC8 Assembler V2.46 build 20240104201356 
                                                                                               Mon Oct 28 23:32:04 2024

Microchip MPLAB XC8 C Compiler v2.46 (Free license) build 20240104201356 Og1 
     1                           	processor	18F57Q43
     2                           	fnconf	rparam,??,?,0
     3                           	pagewidth 120
     4                           	opt	flic
     5                           	psect	smallconst,global,reloc=2,class=SMALLCONST,delta=1,noexec
     6                           	psect	cinit,global,reloc=2,class=CODE,delta=1
     7                           	psect	cstackCOMRAM,global,class=COMRAM,space=1,delta=1,lowdata,noexec
     8                           	psect	text0,global,reloc=2,class=CODE,delta=1
     9                           	psect	text1,global,reloc=2,class=CODE,delta=1
    10                           	psect	text2,global,reloc=2,class=CODE,delta=1
    11                           	psect	text3,global,reloc=2,class=CODE,delta=1
    12                           	psect	text4,global,reloc=2,class=CODE,delta=1,group=1
    13                           	psect	text5,global,reloc=2,class=CODE,delta=1
    14                           	psect	text6,global,reloc=2,class=CODE,delta=1
    15                           	psect	text7,global,reloc=2,class=CODE,delta=1
    16                           	psect	text8,global,reloc=2,class=CODE,delta=1
    17                           	psect	text9,global,reloc=2,class=CODE,delta=1
    18                           	psect	text10,global,reloc=2,class=CODE,delta=1
    19                           	psect	text11,global,reloc=2,class=CODE,delta=1
    20                           	psect	text12,global,reloc=2,class=CODE,delta=1
    21                           	psect	text13,global,reloc=2,class=CODE,delta=1
    22                           	psect	text14,global,reloc=2,class=CODE,delta=1
    23                           	psect	text15,global,reloc=2,class=CODE,delta=1
    24                           	psect	text16,global,reloc=2,class=CODE,delta=1
    25                           	psect	text17,global,reloc=2,class=CODE,delta=1
    26                           	psect	text18,global,reloc=2,class=CODE,delta=1
    27                           	psect	text19,global,reloc=2,class=CODE,delta=1
    28                           	psect	intsave_regs,global,class=BIGRAM,space=1,delta=1,noexec
    29                           	psect	rparam,global,class=COMRAM,space=1,delta=1,noexec
    30                           	psect	config,global,abs,ovrld,class=CONFIG,space=4,delta=1,noexec
    31   000000                     
    32                           ; Generated 18/12/2023 GMT
    33                           ; 
    34                           ; Copyright © 2023, Microchip Technology Inc. and its subsidiaries ("Microchip")
    35                           ; All rights reserved.
    36                           ; 
    37                           ; This software is developed by Microchip Technology Inc. and its subsidiaries ("Microch
      +                          ip").
    38                           ; 
    39                           ; Redistribution and use in source and binary forms, with or without modification, are
    40                           ; permitted provided that the following conditions are met:
    41                           ; 
    42                           ;     1. Redistributions of source code must retain the above copyright notice, this lis
      +                          t of
    43                           ;        conditions and the following disclaimer.
    44                           ; 
    45                           ;     2. Redistributions in binary form must reproduce the above copyright notice, this 
      +                          list
    46                           ;        of conditions and the following disclaimer in the documentation and/or other
    47                           ;        materials provided with the distribution. Publication is not required when
    48                           ;        this file is used in an embedded application.
    49                           ; 
    50                           ;     3. Microchip's name may not be used to endorse or promote products derived from th
      +                          is
    51                           ;        software without specific prior written permission.
    52                           ; 
    53                           ; THIS SOFTWARE IS PROVIDED BY MICROCHIP "AS IS" AND ANY EXPRESS OR IMPLIED WARRANTIES,
    54                           ; INCLUDING, BUT NOT LIMITED TO, THE IMPLIED WARRANTIES OF MERCHANTABILITY AND FITNESS F
      +                          OR
    55                           ; PURPOSE ARE DISCLAIMED.  IN NO EVENT SHALL MICROCHIP BE LIABLE FOR ANY DIRECT, INDIREC
      +                          T,
    56                           ; INCIDENTAL, SPECIAL, EXEMPLARY, OR CONSEQUENTIAL DAMAGES (INCLUDING BUT NOT LIMITED TO
    57                           ; PROCUREMENT OF SUBSTITUTE GOODS OR SERVICES; LOSS OF USE, DATA OR PROFITS; OR BUSINESS
    58                           ; INTERRUPTION) HOWSOEVER CAUSED AND ON ANY THEORY OF LIABILITY, WHETHER IN CONTRACT, ST
      +                          RICT
    59                           ; LIABILITY, OR TORT (INCLUDING NEGLIGENCE OR OTHERWISE) ARISING IN ANY WAY OUT OF THE U
      +                          SE OF
    60                           ; THIS SOFTWARE, EVEN IF ADVISED OF THE POSSIBILITY OF SUCH DAMAGE.
    61                           ; 
    62                           ; 
    63                           ; Code-generator required, PIC18F57Q43 Definitions
    64                           ; 
    65                           ; SFR Addresses
    66   000000                     _U1BRG	set	686
    67   000000                     _U1CON1bits	set	684
    68   000000                     _U1CON2bits	set	685
    69   000000                     _ODCONF	set	1066
    70   000000                     _ODCONE	set	1058
    71   000000                     _ODCOND	set	1050
    72   000000                     _ODCONC	set	1042
    73   000000                     _ODCONB	set	1034
    74   000000                     _ODCONA	set	1026
    75   000000                     _SLRCONF	set	1067
    76   000000                     _SLRCONE	set	1059
    77   000000                     _SLRCOND	set	1051
    78   000000                     _SLRCONC	set	1043
    79   000000                     _SLRCONB	set	1035
    80   000000                     _SLRCONA	set	1027
    81   000000                     _INLVLF	set	1068
    82   000000                     _INLVLE	set	1060
    83   000000                     _INLVLD	set	1052
    84   000000                     _INLVLC	set	1044
    85   000000                     _INLVLB	set	1036
    86   000000                     _INLVLA	set	1028
    87   000000                     _WPUF	set	1065
    88   000000                     _WPUE	set	1057
    89   000000                     _WPUD	set	1049
    90   000000                     _WPUC	set	1041
    91   000000                     _WPUB	set	1033
    92   000000                     _WPUA	set	1025
    93   000000                     _ANSELF	set	1064
    94   000000                     _ANSELE	set	1056
    95   000000                     _ANSELD	set	1048
    96   000000                     _ANSELC	set	1040
    97   000000                     _ANSELB	set	1032
    98   000000                     _LATFbits	set	1219
    99   000000                     _OSCCON1	set	173
   100   000000                     _RF0PPS	set	553
   101   000000                     _U1CON0bits	set	683
   102   000000                     _ANSELA	set	1024
   103   000000                     _TRISA	set	1222
   104   000000                     _PORTA	set	1230
   105   000000                     _TRISF	set	1227
   106   000000                     _TRISE	set	1226
   107   000000                     _TRISD	set	1225
   108   000000                     _TRISC	set	1224
   109   000000                     _TRISB	set	1223
   110   000000                     _LATA	set	1214
   111   000000                     _LATF	set	1219
   112   000000                     _LATE	set	1218
   113   000000                     _LATD	set	1217
   114   000000                     _LATC	set	1216
   115   000000                     _LATB	set	1215
   116   000000                     _PORTF	set	1235
   117   000000                     _PORTE	set	1234
   118   000000                     _PORTD	set	1233
   119   000000                     _PORTC	set	1232
   120   000000                     _PORTB	set	1231
   121   000000                     _U1ERRIRbits	set	690
   122   000000                     _U1RXPPSbits	set	626
   123   000000                     _U1TXB	set	675
   124                           
   125                           	psect	smallconst
   126   002500                     __psmallconst:
   127                           	callstack 0
   128   002500  00                 	db	0
   129   002501                     STR_1:
   130                           
   131                           ; BSR set to: 0
   132   002501  48                 	db	72	;'H'
   133   002502  6F                 	db	111	;'o'
   134   002503  6C                 	db	108	;'l'
   135   002504  61                 	db	97	;'a'
   136   002505  20                 	db	32
   137   002506  4D                 	db	77	;'M'
   138   002507  75                 	db	117	;'u'
   139   002508  6E                 	db	110	;'n'
   140   002509  64                 	db	100	;'d'
   141   00250A  6F                 	db	111	;'o'
   142   00250B  0D                 	db	13
   143   00250C  0A                 	db	10
   144   00250D  00                 	db	0
   145   00250E  00                 	db	0	; dummy byte at the end
   146   000000                     
   147                           ; #config settings
   148                           
   149                           	psect	cinit
   150   0035E8                     __pcinit:
   151                           	callstack 0
   152   0035E8                     start_initialization:
   153                           	callstack 0
   154   0035E8                     __initialization:
   155                           	callstack 0
   156   0035E8                     end_of_initialization:
   157                           	callstack 0
   158   0035E8                     __end_of__initialization:
   159                           	callstack 0
   160   0035E8  0100               	movlb	0
   161   0035EA  EFA4  F01A         	goto	_main	;jump to C main() function
   162                           
   163                           	psect	cstackCOMRAM
   164   000501                     __pcstackCOMRAM:
   165                           	callstack 0
   166   000501                     ?___lldiv:
   167                           	callstack 0
   168   000501                     set_pin_input@pin_number:
   169                           	callstack 0
   170   000501                     set_pin_output@pin_number:
   171                           	callstack 0
   172   000501                     set_pin_digital_mode@pin_number:
   173                           	callstack 0
   174   000501                     set_pin_analog_mode@pin_number:
   175                           	callstack 0
   176   000501                     set_pin_pullup@pin_number:
   177                           	callstack 0
   178   000501                     reset_pin_pullup@pin_number:
   179                           	callstack 0
   180   000501                     set_pin_st@pin_number:
   181                           	callstack 0
   182   000501                     set_pin_ttl@pin_number:
   183                           	callstack 0
   184   000501                     set_pin_sr_limited@pin_number:
   185                           	callstack 0
   186   000501                     set_pin_sr_maximum@pin_number:
   187                           	callstack 0
   188   000501                     set_pin_push_pull@pin_number:
   189                           	callstack 0
   190   000501                     set_pin_open_drain@pin_number:
   191                           	callstack 0
   192   000501                     UART1_Write_Char@ch:
   193                           	callstack 0
   194   000501                     ___lldiv@dividend:
   195                           	callstack 0
   196                           
   197                           ; 4 bytes @ 0x0
   198   000501                     	ds	1
   199   000502                     ??_set_pin_input:
   200   000502                     ??_set_pin_output:
   201   000502                     ??_set_pin_digital_mode:
   202   000502                     ??_set_pin_analog_mode:
   203   000502                     ??_set_pin_pullup:
   204   000502                     ??_reset_pin_pullup:
   205   000502                     ??_set_pin_st:
   206   000502                     ??_set_pin_ttl:
   207   000502                     ??_set_pin_sr_limited:
   208   000502                     ??_set_pin_sr_maximum:
   209   000502                     ??_set_pin_push_pull:
   210   000502                     ??_set_pin_open_drain:
   211   000502                     UART1_Write_String@str:
   212                           	callstack 0
   213                           
   214                           ; 1 bytes @ 0x1
   215   000502                     	ds	1
   216   000503                     
   217                           ; 1 bytes @ 0x2
   218   000503                     	ds	1
   219   000504                     set_pin_input@port_name:
   220                           	callstack 0
   221   000504                     set_pin_output@port_name:
   222                           	callstack 0
   223   000504                     set_pin_digital_mode@port_name:
   224                           	callstack 0
   225   000504                     set_pin_analog_mode@port_name:
   226                           	callstack 0
   227   000504                     set_pin_pullup@port_name:
   228                           	callstack 0
   229   000504                     reset_pin_pullup@port_name:
   230                           	callstack 0
   231   000504                     set_pin_st@port_name:
   232                           	callstack 0
   233   000504                     set_pin_ttl@port_name:
   234                           	callstack 0
   235   000504                     set_pin_sr_limited@port_name:
   236                           	callstack 0
   237   000504                     set_pin_sr_maximum@port_name:
   238                           	callstack 0
   239   000504                     set_pin_push_pull@port_name:
   240                           	callstack 0
   241   000504                     set_pin_open_drain@port_name:
   242                           	callstack 0
   243                           
   244                           ; 1 bytes @ 0x3
   245   000504                     	ds	1
   246   000505                     configure_pin@pin_number:
   247                           	callstack 0
   248   000505                     ___lldiv@divisor:
   249                           	callstack 0
   250                           
   251                           ; 4 bytes @ 0x4
   252   000505                     	ds	1
   253   000506                     configure_pin@is_input:
   254                           	callstack 0
   255                           
   256                           ; 1 bytes @ 0x5
   257   000506                     	ds	1
   258   000507                     configure_pin@is_digital:
   259                           	callstack 0
   260                           
   261                           ; 1 bytes @ 0x6
   262   000507                     	ds	1
   263   000508                     configure_pin@enable_pullup:
   264                           	callstack 0
   265                           
   266                           ; 1 bytes @ 0x7
   267   000508                     	ds	1
   268   000509                     configure_pin@use_ttl:
   269                           	callstack 0
   270   000509                     ___lldiv@quotient:
   271                           	callstack 0
   272                           
   273                           ; 4 bytes @ 0x8
   274   000509                     	ds	1
   275   00050A                     configure_pin@slew_rate_limited:
   276                           	callstack 0
   277                           
   278                           ; 1 bytes @ 0x9
   279   00050A                     	ds	1
   280   00050B                     configure_pin@use_push_pull:
   281                           	callstack 0
   282                           
   283                           ; 1 bytes @ 0xA
   284   00050B                     	ds	1
   285   00050C                     configure_pin@port_name:
   286                           	callstack 0
   287                           
   288                           ; 1 bytes @ 0xB
   289   00050C                     	ds	1
   290   00050D                     ___lldiv@counter:
   291                           	callstack 0
   292                           
   293                           ; 1 bytes @ 0xC
   294   00050D                     	ds	1
   295   00050E                     UART1_Init@baud:
   296                           	callstack 0
   297                           
   298                           ; 4 bytes @ 0xD
   299   00050E                     	ds	4
   300   000512                     
   301                           ; 2 bytes @ 0x11
   302   000512                     	ds	2
   303   000514                     
   304                           ; 3 bytes @ 0x13
   305   000514                     	ds	3
   306   000517                     ??_main:
   307                           
   308                           ; 1 bytes @ 0x16
   309   000517                     	ds	2
   310                           
   311 ;;
   312 ;;Main: autosize = 0, tempsize = 2, incstack = 0, save=0
   313 ;;
   314 ;; *************** function _main *****************
   315 ;; Defined at:
   316 ;;		line 14 in file "main.c"
   317 ;; Parameters:    Size  Location     Type
   318 ;;  argc            2   17[COMRAM] int 
   319 ;;  argv            3   19[COMRAM] PTR PTR unsigned char 
   320 ;; Auto vars:     Size  Location     Type
   321 ;;		None
   322 ;; Return value:  Size  Location     Type
   323 ;;                  2   17[COMRAM] int 
   324 ;; Registers used:
   325 ;;		wreg, status,2, status,0, tblptrl, tblptrh, tblptru, cstack
   326 ;; Tracked objects:
   327 ;;		On entry : 0/0
   328 ;;		On exit  : 0/0
   329 ;;		Unchanged: 0/0
   330 ;; Data sizes:     COMRAM   BANK5   BANK6   BANK7   BANK8   BANK9  BANK10  BANK11  BANK12  BANK13  BANK14  BANK15  BANK1
      +6  BANK17  BANK18  BANK19  BANK20  BANK21  BANK22  BANK23  BANK24  BANK25  BANK26  BANK27  BANK28  BANK29  BANK30  BANK3
      +1  BANK32  BANK33  BANK34  BANK35  BANK36
   331 ;;      Params:         5       0       0       0       0       0       0       0       0       0       0       0       
      +0       0       0       0       0       0       0       0       0       0       0       0       0       0       0       
      +0       0       0       0       0       0
   332 ;;      Locals:         0       0       0       0       0       0       0       0       0       0       0       0       
      +0       0       0       0       0       0       0       0       0       0       0       0       0       0       0       
      +0       0       0       0       0       0
   333 ;;      Temps:          2       0       0       0       0       0       0       0       0       0       0       0       
      +0       0       0       0       0       0       0       0       0       0       0       0       0       0       0       
      +0       0       0       0       0       0
   334 ;;      Totals:         7       0       0       0       0       0       0       0       0       0       0       0       
      +0       0       0       0       0       0       0       0       0       0       0       0       0       0       0       
      +0       0       0       0       0       0
   335 ;;Total ram usage:        7 bytes
   336 ;; Hardware stack levels required when called: 3
   337 ;; This function calls:
   338 ;;		_Clock_Init
   339 ;;		_GPIO_Init
   340 ;;		_UART1_Init
   341 ;;		_UART1_Write_String
   342 ;; This function is called by:
   343 ;;		Startup code after reset
   344 ;; This function uses a non-reentrant model
   345 ;;
   346                           
   347                           	psect	text0
   348   003548                     __ptext0:
   349                           	callstack 0
   350   003548                     _main:
   351                           	callstack 124
   352   003548                     
   353                           ;main.c: 16: 
   354   003548  ECF0  F01A         	call	_Clock_Init	;wreg free
   355   00354C                     
   356                           ;main.c: 17: void GPIO_Init(void)
   357   00354C  EC6E  F01A         	call	_GPIO_Init	;wreg free
   358   003550                     
   359                           ;main.c: 18: {
   360   003550  0E80               	movlw	128
   361   003552  6E0E               	movwf	UART1_Init@baud^(0+1280),c
   362   003554  0E25               	movlw	37
   363   003556  6E0F               	movwf	(UART1_Init@baud+1)^(0+1280),c
   364   003558  0E00               	movlw	0
   365   00355A  6E10               	movwf	(UART1_Init@baud+2)^(0+1280),c
   366   00355C  0E00               	movlw	0
   367   00355E  6E11               	movwf	(UART1_Init@baud+3)^(0+1280),c
   368   003560  EC20  F01A         	call	_UART1_Init	;wreg free
   369   003564                     l2093:
   370                           
   371                           ;main.c: 21:     (LATFbits.LATF3 = 1);;main.c: 22: 
   372   003564  0E01               	movlw	low STR_1
   373   003566  6E02               	movwf	UART1_Write_String@str^(0+1280),c
   374   003568  ECC6  F01A         	call	_UART1_Write_String	;wreg free
   375   00356C                     
   376                           ;main.c: 23: 
   377   00356C  0E52               	movlw	82
   378   00356E  6E18               	movwf	(??_main+1)^(0+1280),c
   379   003570  0E2B               	movlw	43
   380   003572  6E17               	movwf	??_main^(0+1280),c
   381   003574  0E00               	movlw	0
   382   003576                     u1847:
   383   003576  2EE8               	decfsz	wreg,f,c
   384   003578  D7FE               	bra	u1847
   385   00357A  2E17               	decfsz	??_main^(0+1280),f,c
   386   00357C  D7FC               	bra	u1847
   387   00357E  2E18               	decfsz	(??_main+1)^(0+1280),f,c
   388   003580  D7FA               	bra	u1847
   389   003582  D000               	nop2	
   390   003584  EFB2  F01A         	goto	l2093
   391   003588  EFFE  F0FF         	goto	start
   392   00358C                     __end_of_main:
   393                           	callstack 0
   394                           
   395 ;; *************** function _UART1_Write_String *****************
   396 ;; Defined at:
   397 ;;		line 32 in file "uart.c"
   398 ;; Parameters:    Size  Location     Type
   399 ;;  str             1    1[COMRAM] PTR unsigned char 
   400 ;;		 -> STR_1(13), 
   401 ;; Auto vars:     Size  Location     Type
   402 ;;		None
   403 ;; Return value:  Size  Location     Type
   404 ;;                  1    wreg      void 
   405 ;; Registers used:
   406 ;;		wreg, status,2, status,0, tblptrl, tblptrh, tblptru, cstack
   407 ;; Tracked objects:
   408 ;;		On entry : 0/0
   409 ;;		On exit  : 0/0
   410 ;;		Unchanged: 0/0
   411 ;; Data sizes:     COMRAM   BANK5   BANK6   BANK7   BANK8   BANK9  BANK10  BANK11  BANK12  BANK13  BANK14  BANK15  BANK1
      +6  BANK17  BANK18  BANK19  BANK20  BANK21  BANK22  BANK23  BANK24  BANK25  BANK26  BANK27  BANK28  BANK29  BANK30  BANK3
      +1  BANK32  BANK33  BANK34  BANK35  BANK36
   412 ;;      Params:         1       0       0       0       0       0       0       0       0       0       0       0       
      +0       0       0       0       0       0       0       0       0       0       0       0       0       0       0       
      +0       0       0       0       0       0
   413 ;;      Locals:         0       0       0       0       0       0       0       0       0       0       0       0       
      +0       0       0       0       0       0       0       0       0       0       0       0       0       0       0       
      +0       0       0       0       0       0
   414 ;;      Temps:          0       0       0       0       0       0       0       0       0       0       0       0       
      +0       0       0       0       0       0       0       0       0       0       0       0       0       0       0       
      +0       0       0       0       0       0
   415 ;;      Totals:         1       0       0       0       0       0       0       0       0       0       0       0       
      +0       0       0       0       0       0       0       0       0       0       0       0       0       0       0       
      +0       0       0       0       0       0
   416 ;;Total ram usage:        1 bytes
   417 ;; Hardware stack levels used: 1
   418 ;; Hardware stack levels required when called: 1
   419 ;; This function calls:
   420 ;;		_UART1_Write_Char
   421 ;; This function is called by:
   422 ;;		_main
   423 ;; This function uses a non-reentrant model
   424 ;;
   425                           
   426                           	psect	text1
   427   00358C                     __ptext1:
   428                           	callstack 0
   429   00358C                     _UART1_Write_String:
   430                           	callstack 125
   431   00358C                     
   432                           ;uart.c: 32: void UART1_Write_String(char* str);uart.c: 33: {;uart.c: 34:     while(*str
      +                           != '\0')
   433   00358C  EFD3  F01A         	goto	l2085
   434   003590                     l2081:
   435                           
   436                           ;uart.c: 35:     {;uart.c: 36:         UART1_Write_Char(*str++);
   437   003590  C502  F4F6         	movff	UART1_Write_String@str,tblptrl
   438   003594                     	if	1	;There is more than 1 active tblptr byte
   439   003594  0E25               	movlw	high __smallconst
   440   003596  6EF7               	movwf	tblptrh,c
   441   003598                     	endif
   442   003598                     	if	0	;tblptru may be non-zero
   443   003598                     	endif
   444   003598                     	if	1	;Program memory is > 0xFFFF, there are 3 active tblptr bytes
   445   003598  0E00               	movlw	low (__smallconst shr (0+16))
   446   00359A  6EF8               	movwf	tblptru,c
   447   00359C                     	endif
   448   00359C  0008               	tblrd		*
   449   00359E  50F5               	movf	tablat,w,c
   450   0035A0  ECE4  F01A         	call	_UART1_Write_Char
   451   0035A4  2A02               	incf	UART1_Write_String@str^(0+1280),f,c
   452   0035A6                     l2085:
   453                           
   454                           ;uart.c: 34:     while(*str != '\0')
   455   0035A6  C502  F4F6         	movff	UART1_Write_String@str,tblptrl
   456   0035AA                     	if	1	;There is more than 1 active tblptr byte
   457   0035AA  0E25               	movlw	high __smallconst
   458   0035AC  6EF7               	movwf	tblptrh,c
   459   0035AE                     	endif
   460   0035AE                     	if	0	;tblptru may be non-zero
   461   0035AE                     	endif
   462   0035AE                     	if	1	;Program memory is > 0xFFFF, there are 3 active tblptr bytes
   463   0035AE  0E00               	movlw	low (__smallconst shr (0+16))
   464   0035B0  6EF8               	movwf	tblptru,c
   465   0035B2                     	endif
   466   0035B2  0008               	tblrd		*
   467   0035B4  50F5               	movf	tablat,w,c
   468   0035B6  0900               	iorlw	0
   469   0035B8  A4D8               	btfss	status,2,c
   470   0035BA  EFE1  F01A         	goto	u1831
   471   0035BE  EFE3  F01A         	goto	u1830
   472   0035C2                     u1831:
   473   0035C2  EFC8  F01A         	goto	l2081
   474   0035C6                     u1830:
   475   0035C6  0012               	return		;funcret
   476   0035C8                     __end_of_UART1_Write_String:
   477                           	callstack 0
   478                           
   479 ;; *************** function _UART1_Write_Char *****************
   480 ;; Defined at:
   481 ;;		line 26 in file "uart.c"
   482 ;; Parameters:    Size  Location     Type
   483 ;;  ch              1    wreg     unsigned char 
   484 ;; Auto vars:     Size  Location     Type
   485 ;;  ch              1    0[COMRAM] unsigned char 
   486 ;; Return value:  Size  Location     Type
   487 ;;                  1    wreg      void 
   488 ;; Registers used:
   489 ;;		wreg
   490 ;; Tracked objects:
   491 ;;		On entry : 0/0
   492 ;;		On exit  : 0/0
   493 ;;		Unchanged: 0/0
   494 ;; Data sizes:     COMRAM   BANK5   BANK6   BANK7   BANK8   BANK9  BANK10  BANK11  BANK12  BANK13  BANK14  BANK15  BANK1
      +6  BANK17  BANK18  BANK19  BANK20  BANK21  BANK22  BANK23  BANK24  BANK25  BANK26  BANK27  BANK28  BANK29  BANK30  BANK3
      +1  BANK32  BANK33  BANK34  BANK35  BANK36
   495 ;;      Params:         0       0       0       0       0       0       0       0       0       0       0       0       
      +0       0       0       0       0       0       0       0       0       0       0       0       0       0       0       
      +0       0       0       0       0       0
   496 ;;      Locals:         1       0       0       0       0       0       0       0       0       0       0       0       
      +0       0       0       0       0       0       0       0       0       0       0       0       0       0       0       
      +0       0       0       0       0       0
   497 ;;      Temps:          0       0       0       0       0       0       0       0       0       0       0       0       
      +0       0       0       0       0       0       0       0       0       0       0       0       0       0       0       
      +0       0       0       0       0       0
   498 ;;      Totals:         1       0       0       0       0       0       0       0       0       0       0       0       
      +0       0       0       0       0       0       0       0       0       0       0       0       0       0       0       
      +0       0       0       0       0       0
   499 ;;Total ram usage:        1 bytes
   500 ;; Hardware stack levels used: 1
   501 ;; This function calls:
   502 ;;		Nothing
   503 ;; This function is called by:
   504 ;;		_UART1_Write_String
   505 ;;		_putch
   506 ;; This function uses a non-reentrant model
   507 ;;
   508                           
   509                           	psect	text2
   510   0035C8                     __ptext2:
   511                           	callstack 0
   512   0035C8                     _UART1_Write_Char:
   513                           	callstack 125
   514                           
   515                           ;incstack = 0
   516                           ;UART1_Write_Char@ch stored from wreg
   517   0035C8  6E01               	movwf	UART1_Write_Char@ch^(0+1280),c
   518   0035CA                     l357:
   519   0035CA  0102               	movlb	2	; () banked
   520   0035CC  AFB2               	btfss	178,7,b	;volatile
   521   0035CE  EFEB  F01A         	goto	u791
   522   0035D2  EFED  F01A         	goto	u790
   523   0035D6                     u791:
   524   0035D6  EFE5  F01A         	goto	l357
   525   0035DA                     u790:
   526   0035DA                     
   527                           ; BSR set to: 2
   528                           ;uart.c: 29:     U1TXB = ch;
   529   0035DA  C501  F2A3         	movff	UART1_Write_Char@ch,675	;volatile
   530   0035DE                     
   531                           ; BSR set to: 2
   532   0035DE  0012               	return		;funcret
   533   0035E0                     __end_of_UART1_Write_Char:
   534                           	callstack 0
   535                           
   536 ;; *************** function _UART1_Init *****************
   537 ;; Defined at:
   538 ;;		line 4 in file "uart.c"
   539 ;; Parameters:    Size  Location     Type
   540 ;;  baud            4   13[COMRAM] unsigned long 
   541 ;; Auto vars:     Size  Location     Type
   542 ;;		None
   543 ;; Return value:  Size  Location     Type
   544 ;;                  1    wreg      void 
   545 ;; Registers used:
   546 ;;		wreg, status,2, status,0, cstack
   547 ;; Tracked objects:
   548 ;;		On entry : 0/0
   549 ;;		On exit  : 0/0
   550 ;;		Unchanged: 0/0
   551 ;; Data sizes:     COMRAM   BANK5   BANK6   BANK7   BANK8   BANK9  BANK10  BANK11  BANK12  BANK13  BANK14  BANK15  BANK1
      +6  BANK17  BANK18  BANK19  BANK20  BANK21  BANK22  BANK23  BANK24  BANK25  BANK26  BANK27  BANK28  BANK29  BANK30  BANK3
      +1  BANK32  BANK33  BANK34  BANK35  BANK36
   552 ;;      Params:         4       0       0       0       0       0       0       0       0       0       0       0       
      +0       0       0       0       0       0       0       0       0       0       0       0       0       0       0       
      +0       0       0       0       0       0
   553 ;;      Locals:         0       0       0       0       0       0       0       0       0       0       0       0       
      +0       0       0       0       0       0       0       0       0       0       0       0       0       0       0       
      +0       0       0       0       0       0
   554 ;;      Temps:          0       0       0       0       0       0       0       0       0       0       0       0       
      +0       0       0       0       0       0       0       0       0       0       0       0       0       0       0       
      +0       0       0       0       0       0
   555 ;;      Totals:         4       0       0       0       0       0       0       0       0       0       0       0       
      +0       0       0       0       0       0       0       0       0       0       0       0       0       0       0       
      +0       0       0       0       0       0
   556 ;;Total ram usage:        4 bytes
   557 ;; Hardware stack levels used: 1
   558 ;; Hardware stack levels required when called: 2
   559 ;; This function calls:
   560 ;;		___lldiv
   561 ;;		_configure_pin
   562 ;; This function is called by:
   563 ;;		_main
   564 ;; This function uses a non-reentrant model
   565 ;;
   566                           
   567                           	psect	text3
   568   003440                     __ptext3:
   569                           	callstack 0
   570   003440                     _UART1_Init:
   571                           	callstack 124
   572   003440                     
   573                           ;uart.c: 4: void UART1_Init(uint32_t baud);uart.c: 5: {;uart.c: 8:     U1CON0bits.BRGS =
      +                           0;
   574   003440  0102               	movlb	2	; () banked
   575   003442  9FAB               	bcf	171,7,b	;volatile
   576   003444                     
   577                           ; BSR set to: 2
   578                           ;uart.c: 9:     U1BRG = (uint16_t)((64000000UL/4UL/baud) - 1UL);
   579   003444  0E00               	movlw	0
   580   003446  6E01               	movwf	___lldiv@dividend^(0+1280),c
   581   003448  0E24               	movlw	36
   582   00344A  6E02               	movwf	(___lldiv@dividend+1)^(0+1280),c
   583   00344C  0EF4               	movlw	244
   584   00344E  6E03               	movwf	(___lldiv@dividend+2)^(0+1280),c
   585   003450  0E00               	movlw	0
   586   003452  6E04               	movwf	(___lldiv@dividend+3)^(0+1280),c
   587   003454  C50E  F505         	movff	UART1_Init@baud,___lldiv@divisor
   588   003458  C50F  F506         	movff	UART1_Init@baud+1,___lldiv@divisor+1
   589   00345C  C510  F507         	movff	UART1_Init@baud+2,___lldiv@divisor+2
   590   003460  C511  F508         	movff	UART1_Init@baud+3,___lldiv@divisor+3
   591   003464  ECCE  F019         	call	___lldiv	;wreg free
   592   003468  0EFF               	movlw	255
   593   00346A  2401               	addwf	?___lldiv^(0+1280),w,c
   594   00346C  0102               	movlb	2	; () banked
   595   00346E  6FAE               	movwf	174,b	;volatile
   596   003470  0EFF               	movlw	255
   597   003472  2002               	addwfc	(?___lldiv+1)^(0+1280),w,c
   598   003474  6FAF               	movwf	175,b	;volatile
   599   003476                     
   600                           ; BSR set to: 2
   601                           ;uart.c: 10:     U1CON0bits.MODE = 0b0000;
   602   003476  0EF0               	movlw	-16
   603   003478  17AB               	andwf	171,f,b	;volatile
   604   00347A                     
   605                           ; BSR set to: 2
   606                           ;uart.c: 11:     U1CON2bits.TXPOL = 0;
   607   00347A  95AD               	bcf	173,2,b	;volatile
   608   00347C                     
   609                           ; BSR set to: 2
   610                           ;uart.c: 12:     U1CON1bits.ON = 1;
   611   00347C  8FAC               	bsf	172,7,b	;volatile
   612   00347E                     
   613                           ; BSR set to: 2
   614                           ;uart.c: 13:     U1CON0bits.TXEN = 1;
   615   00347E  8BAB               	bsf	171,5,b	;volatile
   616   003480                     
   617                           ; BSR set to: 2
   618                           ;uart.c: 17:     RF0PPS = 0x20;
   619   003480  0E20               	movlw	32
   620   003482  6F29               	movwf	41,b	;volatile
   621                           
   622                           ;uart.c: 18:     configure_pin(PORT_F, 0, 0, 1, 0, 1, 1, 1);
   623   003484  0E00               	movlw	0
   624   003486  6E05               	movwf	configure_pin@pin_number^(0+1280),c
   625   003488  0E00               	movlw	0
   626   00348A  6E06               	movwf	configure_pin@is_input^(0+1280),c
   627   00348C  0E01               	movlw	1
   628   00348E  6E07               	movwf	configure_pin@is_digital^(0+1280),c
   629   003490  0E00               	movlw	0
   630   003492  6E08               	movwf	configure_pin@enable_pullup^(0+1280),c
   631   003494  0E01               	movlw	1
   632   003496  6E09               	movwf	configure_pin@use_ttl^(0+1280),c
   633   003498  0E01               	movlw	1
   634   00349A  6E0A               	movwf	configure_pin@slew_rate_limited^(0+1280),c
   635   00349C  0E01               	movlw	1
   636   00349E  6E0B               	movwf	configure_pin@use_push_pull^(0+1280),c
   637   0034A0  0E46               	movlw	70
   638   0034A2  EC54  F019         	call	_configure_pin
   639   0034A6                     
   640                           ;uart.c: 21:     U1RXPPSbits.PORT = 0b101;
   641   0034A6  0102               	movlb	2	; () banked
   642   0034A8  5172               	movf	114,w,b	;volatile
   643   0034AA  0BC7               	andlw	-57
   644   0034AC  0928               	iorlw	40
   645   0034AE  6F72               	movwf	114,b	;volatile
   646   0034B0                     
   647                           ; BSR set to: 2
   648                           ;uart.c: 22:     U1RXPPSbits.PIN = 0b001;
   649   0034B0  5172               	movf	114,w,b	;volatile
   650   0034B2  0BF8               	andlw	-8
   651   0034B4  0901               	iorlw	1
   652   0034B6  6F72               	movwf	114,b	;volatile
   653                           
   654                           ;uart.c: 23:     configure_pin(PORT_F, 1, 1, 1, 0, 1, 1, 1);
   655   0034B8  0E01               	movlw	1
   656   0034BA  6E05               	movwf	configure_pin@pin_number^(0+1280),c
   657   0034BC  0E01               	movlw	1
   658   0034BE  6E06               	movwf	configure_pin@is_input^(0+1280),c
   659   0034C0  0E01               	movlw	1
   660   0034C2  6E07               	movwf	configure_pin@is_digital^(0+1280),c
   661   0034C4  0E00               	movlw	0
   662   0034C6  6E08               	movwf	configure_pin@enable_pullup^(0+1280),c
   663   0034C8  0E01               	movlw	1
   664   0034CA  6E09               	movwf	configure_pin@use_ttl^(0+1280),c
   665   0034CC  0E01               	movlw	1
   666   0034CE  6E0A               	movwf	configure_pin@slew_rate_limited^(0+1280),c
   667   0034D0  0E01               	movlw	1
   668   0034D2  6E0B               	movwf	configure_pin@use_push_pull^(0+1280),c
   669   0034D4  0E46               	movlw	70
   670   0034D6  EC54  F019         	call	_configure_pin
   671   0034DA  0012               	return		;funcret
   672   0034DC                     __end_of_UART1_Init:
   673                           	callstack 0
   674                           
   675 ;; *************** function ___lldiv *****************
   676 ;; Defined at:
   677 ;;		line 7 in file "C:\Program Files\Microchip\xc8\v2.46\pic\sources\c99\common\__lldiv.c"
   678 ;; Parameters:    Size  Location     Type
   679 ;;  dividend        4    0[COMRAM] unsigned long 
   680 ;;  divisor         4    4[COMRAM] unsigned long 
   681 ;; Auto vars:     Size  Location     Type
   682 ;;  quotient        4    8[COMRAM] unsigned long 
   683 ;;  counter         1   12[COMRAM] unsigned char 
   684 ;; Return value:  Size  Location     Type
   685 ;;                  4    0[COMRAM] unsigned long 
   686 ;; Registers used:
   687 ;;		wreg, status,2, status,0
   688 ;; Tracked objects:
   689 ;;		On entry : 0/0
   690 ;;		On exit  : 0/0
   691 ;;		Unchanged: 0/0
   692 ;; Data sizes:     COMRAM   BANK5   BANK6   BANK7   BANK8   BANK9  BANK10  BANK11  BANK12  BANK13  BANK14  BANK15  BANK1
      +6  BANK17  BANK18  BANK19  BANK20  BANK21  BANK22  BANK23  BANK24  BANK25  BANK26  BANK27  BANK28  BANK29  BANK30  BANK3
      +1  BANK32  BANK33  BANK34  BANK35  BANK36
   693 ;;      Params:         8       0       0       0       0       0       0       0       0       0       0       0       
      +0       0       0       0       0       0       0       0       0       0       0       0       0       0       0       
      +0       0       0       0       0       0
   694 ;;      Locals:         5       0       0       0       0       0       0       0       0       0       0       0       
      +0       0       0       0       0       0       0       0       0       0       0       0       0       0       0       
      +0       0       0       0       0       0
   695 ;;      Temps:          0       0       0       0       0       0       0       0       0       0       0       0       
      +0       0       0       0       0       0       0       0       0       0       0       0       0       0       0       
      +0       0       0       0       0       0
   696 ;;      Totals:        13       0       0       0       0       0       0       0       0       0       0       0       
      +0       0       0       0       0       0       0       0       0       0       0       0       0       0       0       
      +0       0       0       0       0       0
   697 ;;Total ram usage:       13 bytes
   698 ;; Hardware stack levels used: 1
   699 ;; This function calls:
   700 ;;		Nothing
   701 ;; This function is called by:
   702 ;;		_UART1_Init
   703 ;; This function uses a non-reentrant model
   704 ;;
   705                           
   706                           	psect	text4
   707   00339C                     __ptext4:
   708                           	callstack 0
   709   00339C                     ___lldiv:
   710                           	callstack 125
   711   00339C  0E00               	movlw	0
   712   00339E  6E09               	movwf	___lldiv@quotient^(0+1280),c
   713   0033A0  0E00               	movlw	0
   714   0033A2  6E0A               	movwf	(___lldiv@quotient+1)^(0+1280),c
   715   0033A4  0E00               	movlw	0
   716   0033A6  6E0B               	movwf	(___lldiv@quotient+2)^(0+1280),c
   717   0033A8  0E00               	movlw	0
   718   0033AA  6E0C               	movwf	(___lldiv@quotient+3)^(0+1280),c
   719   0033AC  5005               	movf	___lldiv@divisor^(0+1280),w,c
   720   0033AE  1006               	iorwf	(___lldiv@divisor+1)^(0+1280),w,c
   721   0033B0  1007               	iorwf	(___lldiv@divisor+2)^(0+1280),w,c
   722   0033B2  1008               	iorwf	(___lldiv@divisor+3)^(0+1280),w,c
   723   0033B4  B4D8               	btfsc	status,2,c
   724   0033B6  EFDF  F019         	goto	u1801
   725   0033BA  EFE1  F019         	goto	u1800
   726   0033BE                     u1801:
   727   0033BE  EF17  F01A         	goto	l399
   728   0033C2                     u1800:
   729   0033C2  0E01               	movlw	1
   730   0033C4  6E0D               	movwf	___lldiv@counter^(0+1280),c
   731   0033C6  EFEB  F019         	goto	l2041
   732   0033CA                     l2039:
   733   0033CA  90D8               	bcf	status,0,c
   734   0033CC  3605               	rlcf	___lldiv@divisor^(0+1280),f,c
   735   0033CE  3606               	rlcf	(___lldiv@divisor+1)^(0+1280),f,c
   736   0033D0  3607               	rlcf	(___lldiv@divisor+2)^(0+1280),f,c
   737   0033D2  3608               	rlcf	(___lldiv@divisor+3)^(0+1280),f,c
   738   0033D4  2A0D               	incf	___lldiv@counter^(0+1280),f,c
   739   0033D6                     l2041:
   740   0033D6  AE08               	btfss	(___lldiv@divisor+3)^(0+1280),7,c
   741   0033D8  EFF0  F019         	goto	u1811
   742   0033DC  EFF2  F019         	goto	u1810
   743   0033E0                     u1811:
   744   0033E0  EFE5  F019         	goto	l2039
   745   0033E4                     u1810:
   746   0033E4                     l2043:
   747   0033E4  90D8               	bcf	status,0,c
   748   0033E6  3609               	rlcf	___lldiv@quotient^(0+1280),f,c
   749   0033E8  360A               	rlcf	(___lldiv@quotient+1)^(0+1280),f,c
   750   0033EA  360B               	rlcf	(___lldiv@quotient+2)^(0+1280),f,c
   751   0033EC  360C               	rlcf	(___lldiv@quotient+3)^(0+1280),f,c
   752   0033EE  5005               	movf	___lldiv@divisor^(0+1280),w,c
   753   0033F0  5C01               	subwf	___lldiv@dividend^(0+1280),w,c
   754   0033F2  5006               	movf	(___lldiv@divisor+1)^(0+1280),w,c
   755   0033F4  5802               	subwfb	(___lldiv@dividend+1)^(0+1280),w,c
   756   0033F6  5007               	movf	(___lldiv@divisor+2)^(0+1280),w,c
   757   0033F8  5803               	subwfb	(___lldiv@dividend+2)^(0+1280),w,c
   758   0033FA  5008               	movf	(___lldiv@divisor+3)^(0+1280),w,c
   759   0033FC  5804               	subwfb	(___lldiv@dividend+3)^(0+1280),w,c
   760   0033FE  A0D8               	btfss	status,0,c
   761   003400  EF04  F01A         	goto	u1821
   762   003404  EF06  F01A         	goto	u1820
   763   003408                     u1821:
   764   003408  EF0F  F01A         	goto	l2051
   765   00340C                     u1820:
   766   00340C  5005               	movf	___lldiv@divisor^(0+1280),w,c
   767   00340E  5E01               	subwf	___lldiv@dividend^(0+1280),f,c
   768   003410  5006               	movf	(___lldiv@divisor+1)^(0+1280),w,c
   769   003412  5A02               	subwfb	(___lldiv@dividend+1)^(0+1280),f,c
   770   003414  5007               	movf	(___lldiv@divisor+2)^(0+1280),w,c
   771   003416  5A03               	subwfb	(___lldiv@dividend+2)^(0+1280),f,c
   772   003418  5008               	movf	(___lldiv@divisor+3)^(0+1280),w,c
   773   00341A  5A04               	subwfb	(___lldiv@dividend+3)^(0+1280),f,c
   774   00341C  8009               	bsf	___lldiv@quotient^(0+1280),0,c
   775   00341E                     l2051:
   776   00341E  90D8               	bcf	status,0,c
   777   003420  3208               	rrcf	(___lldiv@divisor+3)^(0+1280),f,c
   778   003422  3207               	rrcf	(___lldiv@divisor+2)^(0+1280),f,c
   779   003424  3206               	rrcf	(___lldiv@divisor+1)^(0+1280),f,c
   780   003426  3205               	rrcf	___lldiv@divisor^(0+1280),f,c
   781   003428  2E0D               	decfsz	___lldiv@counter^(0+1280),f,c
   782   00342A  EFF2  F019         	goto	l2043
   783   00342E                     l399:
   784   00342E  C509  F501         	movff	___lldiv@quotient,?___lldiv
   785   003432  C50A  F502         	movff	___lldiv@quotient+1,?___lldiv+1
   786   003436  C50B  F503         	movff	___lldiv@quotient+2,?___lldiv+2
   787   00343A  C50C  F504         	movff	___lldiv@quotient+3,?___lldiv+3
   788   00343E  0012               	return		;funcret
   789   003440                     __end_of___lldiv:
   790                           	callstack 0
   791                           
   792 ;; *************** function _GPIO_Init *****************
   793 ;; Defined at:
   794 ;;		line 29 in file "main.c"
   795 ;; Parameters:    Size  Location     Type
   796 ;;		None
   797 ;; Auto vars:     Size  Location     Type
   798 ;;		None
   799 ;; Return value:  Size  Location     Type
   800 ;;                  1    wreg      void 
   801 ;; Registers used:
   802 ;;		wreg, status,2, status,0, cstack
   803 ;; Tracked objects:
   804 ;;		On entry : 0/0
   805 ;;		On exit  : 0/0
   806 ;;		Unchanged: 0/0
   807 ;; Data sizes:     COMRAM   BANK5   BANK6   BANK7   BANK8   BANK9  BANK10  BANK11  BANK12  BANK13  BANK14  BANK15  BANK1
      +6  BANK17  BANK18  BANK19  BANK20  BANK21  BANK22  BANK23  BANK24  BANK25  BANK26  BANK27  BANK28  BANK29  BANK30  BANK3
      +1  BANK32  BANK33  BANK34  BANK35  BANK36
   808 ;;      Params:         0       0       0       0       0       0       0       0       0       0       0       0       
      +0       0       0       0       0       0       0       0       0       0       0       0       0       0       0       
      +0       0       0       0       0       0
   809 ;;      Locals:         0       0       0       0       0       0       0       0       0       0       0       0       
      +0       0       0       0       0       0       0       0       0       0       0       0       0       0       0       
      +0       0       0       0       0       0
   810 ;;      Temps:          0       0       0       0       0       0       0       0       0       0       0       0       
      +0       0       0       0       0       0       0       0       0       0       0       0       0       0       0       
      +0       0       0       0       0       0
   811 ;;      Totals:         0       0       0       0       0       0       0       0       0       0       0       0       
      +0       0       0       0       0       0       0       0       0       0       0       0       0       0       0       
      +0       0       0       0       0       0
   812 ;;Total ram usage:        0 bytes
   813 ;; Hardware stack levels used: 1
   814 ;; Hardware stack levels required when called: 2
   815 ;; This function calls:
   816 ;;		_configure_pin
   817 ;; This function is called by:
   818 ;;		_main
   819 ;; This function uses a non-reentrant model
   820 ;;
   821                           
   822                           	psect	text5
   823   0034DC                     __ptext5:
   824                           	callstack 0
   825   0034DC                     _GPIO_Init:
   826                           	callstack 124
   827   0034DC  0E03               	movlw	3
   828   0034DE  6E05               	movwf	configure_pin@pin_number^(0+1280),c
   829   0034E0  0E00               	movlw	0
   830   0034E2  6E06               	movwf	configure_pin@is_input^(0+1280),c
   831   0034E4  0E01               	movlw	1
   832   0034E6  6E07               	movwf	configure_pin@is_digital^(0+1280),c
   833   0034E8  0E00               	movlw	0
   834   0034EA  6E08               	movwf	configure_pin@enable_pullup^(0+1280),c
   835   0034EC  0E01               	movlw	1
   836   0034EE  6E09               	movwf	configure_pin@use_ttl^(0+1280),c
   837   0034F0  0E01               	movlw	1
   838   0034F2  6E0A               	movwf	configure_pin@slew_rate_limited^(0+1280),c
   839   0034F4  0E01               	movlw	1
   840   0034F6  6E0B               	movwf	configure_pin@use_push_pull^(0+1280),c
   841   0034F8  0E46               	movlw	70
   842   0034FA  EC54  F019         	call	_configure_pin
   843   0034FE  86C3               	bsf	195,3,c	;volatile
   844   003500  0E00               	movlw	0
   845   003502  6E05               	movwf	configure_pin@pin_number^(0+1280),c
   846   003504  0E00               	movlw	0
   847   003506  6E06               	movwf	configure_pin@is_input^(0+1280),c
   848   003508  0E01               	movlw	1
   849   00350A  6E07               	movwf	configure_pin@is_digital^(0+1280),c
   850   00350C  0E00               	movlw	0
   851   00350E  6E08               	movwf	configure_pin@enable_pullup^(0+1280),c
   852   003510  0E01               	movlw	1
   853   003512  6E09               	movwf	configure_pin@use_ttl^(0+1280),c
   854   003514  0E01               	movlw	1
   855   003516  6E0A               	movwf	configure_pin@slew_rate_limited^(0+1280),c
   856   003518  0E01               	movlw	1
   857   00351A  6E0B               	movwf	configure_pin@use_push_pull^(0+1280),c
   858   00351C  0E44               	movlw	68
   859   00351E  EC54  F019         	call	_configure_pin
   860   003522  94C3               	bcf	195,2,c	;volatile
   861   003524  0E00               	movlw	0
   862   003526  6E05               	movwf	configure_pin@pin_number^(0+1280),c
   863   003528  0E01               	movlw	1
   864   00352A  6E06               	movwf	configure_pin@is_input^(0+1280),c
   865   00352C  0E01               	movlw	1
   866   00352E  6E07               	movwf	configure_pin@is_digital^(0+1280),c
   867   003530  0E01               	movlw	1
   868   003532  6E08               	movwf	configure_pin@enable_pullup^(0+1280),c
   869   003534  0E01               	movlw	1
   870   003536  6E09               	movwf	configure_pin@use_ttl^(0+1280),c
   871   003538  0E01               	movlw	1
   872   00353A  6E0A               	movwf	configure_pin@slew_rate_limited^(0+1280),c
   873   00353C  0E01               	movlw	1
   874   00353E  6E0B               	movwf	configure_pin@use_push_pull^(0+1280),c
   875   003540  0E42               	movlw	66
   876   003542  EC54  F019         	call	_configure_pin
   877   003546  0012               	return		;funcret
   878   003548                     __end_of_GPIO_Init:
   879                           	callstack 0
   880                           
   881 ;; *************** function _configure_pin *****************
   882 ;; Defined at:
   883 ;;		line 325 in file "gpio.c"
   884 ;; Parameters:    Size  Location     Type
   885 ;;  port_name       1    wreg     enum E17440
   886 ;;  pin_number      1    4[COMRAM] unsigned char 
   887 ;;  is_input        1    5[COMRAM] _Bool 
   888 ;;  is_digital      1    6[COMRAM] _Bool 
   889 ;;  enable_pullu    1    7[COMRAM] _Bool 
   890 ;;  use_ttl         1    8[COMRAM] _Bool 
   891 ;;  slew_rate_li    1    9[COMRAM] _Bool 
   892 ;;  use_push_pul    1   10[COMRAM] _Bool 
   893 ;; Auto vars:     Size  Location     Type
   894 ;;  port_name       1   11[COMRAM] enum E17440
   895 ;; Return value:  Size  Location     Type
   896 ;;                  1    wreg      void 
   897 ;; Registers used:
   898 ;;		wreg, status,2, status,0, cstack
   899 ;; Tracked objects:
   900 ;;		On entry : 0/0
   901 ;;		On exit  : 0/0
   902 ;;		Unchanged: 0/0
   903 ;; Data sizes:     COMRAM   BANK5   BANK6   BANK7   BANK8   BANK9  BANK10  BANK11  BANK12  BANK13  BANK14  BANK15  BANK1
      +6  BANK17  BANK18  BANK19  BANK20  BANK21  BANK22  BANK23  BANK24  BANK25  BANK26  BANK27  BANK28  BANK29  BANK30  BANK3
      +1  BANK32  BANK33  BANK34  BANK35  BANK36
   904 ;;      Params:         7       0       0       0       0       0       0       0       0       0       0       0       
      +0       0       0       0       0       0       0       0       0       0       0       0       0       0       0       
      +0       0       0       0       0       0
   905 ;;      Locals:         1       0       0       0       0       0       0       0       0       0       0       0       
      +0       0       0       0       0       0       0       0       0       0       0       0       0       0       0       
      +0       0       0       0       0       0
   906 ;;      Temps:          0       0       0       0       0       0       0       0       0       0       0       0       
      +0       0       0       0       0       0       0       0       0       0       0       0       0       0       0       
      +0       0       0       0       0       0
   907 ;;      Totals:         8       0       0       0       0       0       0       0       0       0       0       0       
      +0       0       0       0       0       0       0       0       0       0       0       0       0       0       0       
      +0       0       0       0       0       0
   908 ;;Total ram usage:        8 bytes
   909 ;; Hardware stack levels used: 1
   910 ;; Hardware stack levels required when called: 1
   911 ;; This function calls:
   912 ;;		_reset_pin_pullup
   913 ;;		_set_pin_analog_mode
   914 ;;		_set_pin_digital_mode
   915 ;;		_set_pin_input
   916 ;;		_set_pin_open_drain
   917 ;;		_set_pin_output
   918 ;;		_set_pin_pullup
   919 ;;		_set_pin_push_pull
   920 ;;		_set_pin_sr_limited
   921 ;;		_set_pin_sr_maximum
   922 ;;		_set_pin_st
   923 ;;		_set_pin_ttl
   924 ;; This function is called by:
   925 ;;		_GPIO_Init
   926 ;;		_UART1_Init
   927 ;; This function uses a non-reentrant model
   928 ;;
   929                           
   930                           	psect	text6
   931   0032A8                     __ptext6:
   932                           	callstack 0
   933   0032A8                     _configure_pin:
   934                           	callstack 124
   935                           
   936                           ;incstack = 0
   937                           ;configure_pin@port_name stored from wreg
   938   0032A8  6E0C               	movwf	configure_pin@port_name^(0+1280),c
   939   0032AA                     
   940                           ;gpio.c: 325: void configure_pin(PortName_t port_name, uint8_t pin_number, _Bool is_inpu
      +                          t,;gpio.c: 326:                    _Bool is_digital, _Bool enable_pullup, _Bool use_ttl,
      +                           _Bool slew_rate_limited,;gpio.c: 327:                    _Bool use_push_pull);gpio.c: 3
      +                          28: {;gpio.c: 329:     if(is_input)
   941   0032AA  5006               	movf	configure_pin@is_input^(0+1280),w,c
   942   0032AC  B4D8               	btfsc	status,2,c
   943   0032AE  EF5B  F019         	goto	u1741
   944   0032B2  EF5D  F019         	goto	u1740
   945   0032B6                     u1741:
   946   0032B6  EF64  F019         	goto	l2001
   947   0032BA                     u1740:
   948   0032BA                     
   949                           ;gpio.c: 330:         set_pin_input(port_name, pin_number);
   950   0032BA  C505  F501         	movff	configure_pin@pin_number,set_pin_input@pin_number
   951   0032BE  500C               	movf	configure_pin@port_name^(0+1280),w,c
   952   0032C0  ECCB  F018         	call	_set_pin_input
   953   0032C4  EF69  F019         	goto	l2003
   954   0032C8                     l2001:
   955                           
   956                           ;gpio.c: 332:         set_pin_output(port_name, pin_number);
   957   0032C8  C505  F501         	movff	configure_pin@pin_number,set_pin_output@pin_number
   958   0032CC  500C               	movf	configure_pin@port_name^(0+1280),w,c
   959   0032CE  EC1E  F017         	call	_set_pin_output
   960   0032D2                     l2003:
   961                           
   962                           ;gpio.c: 334:     if(is_digital)
   963   0032D2  5007               	movf	configure_pin@is_digital^(0+1280),w,c
   964   0032D4  B4D8               	btfsc	status,2,c
   965   0032D6  EF6F  F019         	goto	u1751
   966   0032DA  EF71  F019         	goto	u1750
   967   0032DE                     u1751:
   968   0032DE  EF78  F019         	goto	l2007
   969   0032E2                     u1750:
   970   0032E2                     
   971                           ;gpio.c: 335:         set_pin_digital_mode(port_name, pin_number);
   972   0032E2  C505  F501         	movff	configure_pin@pin_number,set_pin_digital_mode@pin_number
   973   0032E6  500C               	movf	configure_pin@port_name^(0+1280),w,c
   974   0032E8  EC47  F014         	call	_set_pin_digital_mode
   975   0032EC  EF7D  F019         	goto	l2009
   976   0032F0                     l2007:
   977                           
   978                           ;gpio.c: 337:         set_pin_analog_mode(port_name, pin_number);
   979   0032F0  C505  F501         	movff	configure_pin@pin_number,set_pin_analog_mode@pin_number
   980   0032F4  500C               	movf	configure_pin@port_name^(0+1280),w,c
   981   0032F6  EC3C  F018         	call	_set_pin_analog_mode
   982   0032FA                     l2009:
   983                           
   984                           ;gpio.c: 339:     if(enable_pullup)
   985   0032FA  5008               	movf	configure_pin@enable_pullup^(0+1280),w,c
   986   0032FC  B4D8               	btfsc	status,2,c
   987   0032FE  EF83  F019         	goto	u1761
   988   003302  EF85  F019         	goto	u1760
   989   003306                     u1761:
   990   003306  EF8C  F019         	goto	l2013
   991   00330A                     u1760:
   992   00330A                     
   993                           ;gpio.c: 340:         set_pin_pullup(port_name, pin_number);
   994   00330A  C505  F501         	movff	configure_pin@pin_number,set_pin_pullup@pin_number
   995   00330E  500C               	movf	configure_pin@port_name^(0+1280),w,c
   996   003310  EC8F  F016         	call	_set_pin_pullup
   997   003314  EF91  F019         	goto	l2015
   998   003318                     l2013:
   999                           
  1000                           ;gpio.c: 342:         reset_pin_pullup(port_name, pin_number);
  1001   003318  C505  F501         	movff	configure_pin@pin_number,reset_pin_pullup@pin_number
  1002   00331C  500C               	movf	configure_pin@port_name^(0+1280),w,c
  1003   00331E  ECDC  F014         	call	_reset_pin_pullup
  1004   003322                     l2015:
  1005                           
  1006                           ;gpio.c: 344:     if(use_ttl)
  1007   003322  5009               	movf	configure_pin@use_ttl^(0+1280),w,c
  1008   003324  B4D8               	btfsc	status,2,c
  1009   003326  EF97  F019         	goto	u1771
  1010   00332A  EF99  F019         	goto	u1770
  1011   00332E                     u1771:
  1012   00332E  EFA0  F019         	goto	l2019
  1013   003332                     u1770:
  1014   003332                     
  1015                           ;gpio.c: 345:         set_pin_ttl(port_name, pin_number);
  1016   003332  C505  F501         	movff	configure_pin@pin_number,set_pin_ttl@pin_number
  1017   003336  500C               	movf	configure_pin@port_name^(0+1280),w,c
  1018   003338  EC88  F012         	call	_set_pin_ttl
  1019   00333C  EFA5  F019         	goto	l2021
  1020   003340                     l2019:
  1021                           
  1022                           ;gpio.c: 347:         set_pin_st(port_name, pin_number);
  1023   003340  C505  F501         	movff	configure_pin@pin_number,set_pin_st@pin_number
  1024   003344  500C               	movf	configure_pin@port_name^(0+1280),w,c
  1025   003346  EC71  F015         	call	_set_pin_st
  1026   00334A                     l2021:
  1027                           
  1028                           ;gpio.c: 349:     if(slew_rate_limited)
  1029   00334A  500A               	movf	configure_pin@slew_rate_limited^(0+1280),w,c
  1030   00334C  B4D8               	btfsc	status,2,c
  1031   00334E  EFAB  F019         	goto	u1781
  1032   003352  EFAD  F019         	goto	u1780
  1033   003356                     u1781:
  1034   003356  EFB4  F019         	goto	l2025
  1035   00335A                     u1780:
  1036   00335A                     
  1037                           ;gpio.c: 350:         set_pin_sr_limited(port_name, pin_number);
  1038   00335A  C505  F501         	movff	configure_pin@pin_number,set_pin_sr_limited@pin_number
  1039   00335E  500C               	movf	configure_pin@port_name^(0+1280),w,c
  1040   003360  EC00  F016         	call	_set_pin_sr_limited
  1041   003364  EFB9  F019         	goto	l2027
  1042   003368                     l2025:
  1043                           
  1044                           ;gpio.c: 352:         set_pin_sr_maximum(port_name, pin_number);
  1045   003368  C505  F501         	movff	configure_pin@pin_number,set_pin_sr_maximum@pin_number
  1046   00336C  500C               	movf	configure_pin@port_name^(0+1280),w,c
  1047   00336E  EC1D  F013         	call	_set_pin_sr_maximum
  1048   003372                     l2027:
  1049                           
  1050                           ;gpio.c: 354:     if(use_push_pull)
  1051   003372  500B               	movf	configure_pin@use_push_pull^(0+1280),w,c
  1052   003374  B4D8               	btfsc	status,2,c
  1053   003376  EFBF  F019         	goto	u1791
  1054   00337A  EFC1  F019         	goto	u1790
  1055   00337E                     u1791:
  1056   00337E  EFC8  F019         	goto	l2031
  1057   003382                     u1790:
  1058   003382                     
  1059                           ;gpio.c: 355:         set_pin_push_pull(port_name, pin_number);
  1060   003382  C505  F501         	movff	configure_pin@pin_number,set_pin_push_pull@pin_number
  1061   003386  500C               	movf	configure_pin@port_name^(0+1280),w,c
  1062   003388  ECB2  F013         	call	_set_pin_push_pull
  1063   00338C  EFCD  F019         	goto	l260
  1064   003390                     l2031:
  1065                           
  1066                           ;gpio.c: 357:         set_pin_open_drain(port_name, pin_number);
  1067   003390  C505  F501         	movff	configure_pin@pin_number,set_pin_open_drain@pin_number
  1068   003394  500C               	movf	configure_pin@port_name^(0+1280),w,c
  1069   003396  ECAD  F017         	call	_set_pin_open_drain
  1070   00339A                     l260:
  1071   00339A  0012               	return		;funcret
  1072   00339C                     __end_of_configure_pin:
  1073                           	callstack 0
  1074                           
  1075 ;; *************** function _set_pin_ttl *****************
  1076 ;; Defined at:
  1077 ;;		line 191 in file "gpio.c"
  1078 ;; Parameters:    Size  Location     Type
  1079 ;;  port_name       1    wreg     enum E17440
  1080 ;;  pin_number      1    0[COMRAM] unsigned char 
  1081 ;; Auto vars:     Size  Location     Type
  1082 ;;  port_name       1    3[COMRAM] enum E17440
  1083 ;; Return value:  Size  Location     Type
  1084 ;;                  1    wreg      void 
  1085 ;; Registers used:
  1086 ;;		wreg, status,2, status,0
  1087 ;; Tracked objects:
  1088 ;;		On entry : 0/0
  1089 ;;		On exit  : 0/0
  1090 ;;		Unchanged: 0/0
  1091 ;; Data sizes:     COMRAM   BANK5   BANK6   BANK7   BANK8   BANK9  BANK10  BANK11  BANK12  BANK13  BANK14  BANK15  BANK1
      +6  BANK17  BANK18  BANK19  BANK20  BANK21  BANK22  BANK23  BANK24  BANK25  BANK26  BANK27  BANK28  BANK29  BANK30  BANK3
      +1  BANK32  BANK33  BANK34  BANK35  BANK36
  1092 ;;      Params:         1       0       0       0       0       0       0       0       0       0       0       0       
      +0       0       0       0       0       0       0       0       0       0       0       0       0       0       0       
      +0       0       0       0       0       0
  1093 ;;      Locals:         1       0       0       0       0       0       0       0       0       0       0       0       
      +0       0       0       0       0       0       0       0       0       0       0       0       0       0       0       
      +0       0       0       0       0       0
  1094 ;;      Temps:          2       0       0       0       0       0       0       0       0       0       0       0       
      +0       0       0       0       0       0       0       0       0       0       0       0       0       0       0       
      +0       0       0       0       0       0
  1095 ;;      Totals:         4       0       0       0       0       0       0       0       0       0       0       0       
      +0       0       0       0       0       0       0       0       0       0       0       0       0       0       0       
      +0       0       0       0       0       0
  1096 ;;Total ram usage:        4 bytes
  1097 ;; Hardware stack levels used: 1
  1098 ;; This function calls:
  1099 ;;		Nothing
  1100 ;; This function is called by:
  1101 ;;		_configure_pin
  1102 ;; This function uses a non-reentrant model
  1103 ;;
  1104                           
  1105                           	psect	text7
  1106   002510                     __ptext7:
  1107                           	callstack 0
  1108   002510                     _set_pin_ttl:
  1109                           	callstack 124
  1110                           
  1111                           ;incstack = 0
  1112                           ;set_pin_ttl@port_name stored from wreg
  1113   002510  6E04               	movwf	set_pin_ttl@port_name^(0+1280),c
  1114   002512                     
  1115                           ;gpio.c: 191: void set_pin_ttl(PortName_t port_name, uint8_t pin_number);gpio.c: 192: {;
      +                          gpio.c: 193:     switch(port_name)
  1116   002512  EFF7  F012         	goto	l1903
  1117   002516                     l1889:
  1118                           
  1119                           ;gpio.c: 196:             INLVLA &= ~(1 << pin_number);
  1120   002516  C501  F502         	movff	set_pin_ttl@pin_number,??_set_pin_ttl
  1121   00251A  0E01               	movlw	1
  1122   00251C  6E03               	movwf	(??_set_pin_ttl+1)^(0+1280),c
  1123   00251E  2A02               	incf	??_set_pin_ttl^(0+1280),f,c
  1124   002520  EF94  F012         	goto	u1444
  1125   002524                     u1445:
  1126   002524  90D8               	bcf	status,0,c
  1127   002526  3603               	rlcf	(??_set_pin_ttl+1)^(0+1280),f,c
  1128   002528                     u1444:
  1129   002528  2E02               	decfsz	??_set_pin_ttl^(0+1280),f,c
  1130   00252A  EF92  F012         	goto	u1445
  1131   00252E  5003               	movf	(??_set_pin_ttl+1)^(0+1280),w,c
  1132   002530  0AFF               	xorlw	255
  1133   002532  0104               	movlb	4	; () banked
  1134   002534  1704               	andwf	4,f,b	;volatile
  1135                           
  1136                           ;gpio.c: 197:             break;
  1137   002536  EF1C  F013         	goto	l197
  1138   00253A                     l1891:
  1139                           
  1140                           ;gpio.c: 199:             INLVLB &= ~(1 << pin_number);
  1141   00253A  C501  F502         	movff	set_pin_ttl@pin_number,??_set_pin_ttl
  1142   00253E  0E01               	movlw	1
  1143   002540  6E03               	movwf	(??_set_pin_ttl+1)^(0+1280),c
  1144   002542  2A02               	incf	??_set_pin_ttl^(0+1280),f,c
  1145   002544  EFA6  F012         	goto	u1454
  1146   002548                     u1455:
  1147   002548  90D8               	bcf	status,0,c
  1148   00254A  3603               	rlcf	(??_set_pin_ttl+1)^(0+1280),f,c
  1149   00254C                     u1454:
  1150   00254C  2E02               	decfsz	??_set_pin_ttl^(0+1280),f,c
  1151   00254E  EFA4  F012         	goto	u1455
  1152   002552  5003               	movf	(??_set_pin_ttl+1)^(0+1280),w,c
  1153   002554  0AFF               	xorlw	255
  1154   002556  0104               	movlb	4	; () banked
  1155   002558  170C               	andwf	12,f,b	;volatile
  1156                           
  1157                           ;gpio.c: 200:             break;
  1158   00255A  EF1C  F013         	goto	l197
  1159   00255E                     l1893:
  1160                           
  1161                           ;gpio.c: 202:             INLVLC &= ~(1 << pin_number);
  1162   00255E  C501  F502         	movff	set_pin_ttl@pin_number,??_set_pin_ttl
  1163   002562  0E01               	movlw	1
  1164   002564  6E03               	movwf	(??_set_pin_ttl+1)^(0+1280),c
  1165   002566  2A02               	incf	??_set_pin_ttl^(0+1280),f,c
  1166   002568  EFB8  F012         	goto	u1464
  1167   00256C                     u1465:
  1168   00256C  90D8               	bcf	status,0,c
  1169   00256E  3603               	rlcf	(??_set_pin_ttl+1)^(0+1280),f,c
  1170   002570                     u1464:
  1171   002570  2E02               	decfsz	??_set_pin_ttl^(0+1280),f,c
  1172   002572  EFB6  F012         	goto	u1465
  1173   002576  5003               	movf	(??_set_pin_ttl+1)^(0+1280),w,c
  1174   002578  0AFF               	xorlw	255
  1175   00257A  0104               	movlb	4	; () banked
  1176   00257C  1714               	andwf	20,f,b	;volatile
  1177                           
  1178                           ;gpio.c: 203:             break;
  1179   00257E  EF1C  F013         	goto	l197
  1180   002582                     l1895:
  1181                           
  1182                           ;gpio.c: 205:             INLVLD &= ~(1 << pin_number);
  1183   002582  C501  F502         	movff	set_pin_ttl@pin_number,??_set_pin_ttl
  1184   002586  0E01               	movlw	1
  1185   002588  6E03               	movwf	(??_set_pin_ttl+1)^(0+1280),c
  1186   00258A  2A02               	incf	??_set_pin_ttl^(0+1280),f,c
  1187   00258C  EFCA  F012         	goto	u1474
  1188   002590                     u1475:
  1189   002590  90D8               	bcf	status,0,c
  1190   002592  3603               	rlcf	(??_set_pin_ttl+1)^(0+1280),f,c
  1191   002594                     u1474:
  1192   002594  2E02               	decfsz	??_set_pin_ttl^(0+1280),f,c
  1193   002596  EFC8  F012         	goto	u1475
  1194   00259A  5003               	movf	(??_set_pin_ttl+1)^(0+1280),w,c
  1195   00259C  0AFF               	xorlw	255
  1196   00259E  0104               	movlb	4	; () banked
  1197   0025A0  171C               	andwf	28,f,b	;volatile
  1198                           
  1199                           ;gpio.c: 206:             break;
  1200   0025A2  EF1C  F013         	goto	l197
  1201   0025A6                     l1897:
  1202                           
  1203                           ;gpio.c: 208:             INLVLE &= ~(1 << pin_number);
  1204   0025A6  C501  F502         	movff	set_pin_ttl@pin_number,??_set_pin_ttl
  1205   0025AA  0E01               	movlw	1
  1206   0025AC  6E03               	movwf	(??_set_pin_ttl+1)^(0+1280),c
  1207   0025AE  2A02               	incf	??_set_pin_ttl^(0+1280),f,c
  1208   0025B0  EFDC  F012         	goto	u1484
  1209   0025B4                     u1485:
  1210   0025B4  90D8               	bcf	status,0,c
  1211   0025B6  3603               	rlcf	(??_set_pin_ttl+1)^(0+1280),f,c
  1212   0025B8                     u1484:
  1213   0025B8  2E02               	decfsz	??_set_pin_ttl^(0+1280),f,c
  1214   0025BA  EFDA  F012         	goto	u1485
  1215   0025BE  5003               	movf	(??_set_pin_ttl+1)^(0+1280),w,c
  1216   0025C0  0AFF               	xorlw	255
  1217   0025C2  0104               	movlb	4	; () banked
  1218   0025C4  1724               	andwf	36,f,b	;volatile
  1219                           
  1220                           ;gpio.c: 209:             break;
  1221   0025C6  EF1C  F013         	goto	l197
  1222   0025CA                     l1899:
  1223                           
  1224                           ;gpio.c: 211:             INLVLF &= ~(1 << pin_number);
  1225   0025CA  C501  F502         	movff	set_pin_ttl@pin_number,??_set_pin_ttl
  1226   0025CE  0E01               	movlw	1
  1227   0025D0  6E03               	movwf	(??_set_pin_ttl+1)^(0+1280),c
  1228   0025D2  2A02               	incf	??_set_pin_ttl^(0+1280),f,c
  1229   0025D4  EFEE  F012         	goto	u1494
  1230   0025D8                     u1495:
  1231   0025D8  90D8               	bcf	status,0,c
  1232   0025DA  3603               	rlcf	(??_set_pin_ttl+1)^(0+1280),f,c
  1233   0025DC                     u1494:
  1234   0025DC  2E02               	decfsz	??_set_pin_ttl^(0+1280),f,c
  1235   0025DE  EFEC  F012         	goto	u1495
  1236   0025E2  5003               	movf	(??_set_pin_ttl+1)^(0+1280),w,c
  1237   0025E4  0AFF               	xorlw	255
  1238   0025E6  0104               	movlb	4	; () banked
  1239   0025E8  172C               	andwf	44,f,b	;volatile
  1240                           
  1241                           ;gpio.c: 212:             break;
  1242   0025EA  EF1C  F013         	goto	l197
  1243   0025EE                     l1903:
  1244   0025EE  5004               	movf	set_pin_ttl@port_name^(0+1280),w,c
  1245   0025F0  6E02               	movwf	??_set_pin_ttl^(0+1280),c
  1246   0025F2  6A03               	clrf	(??_set_pin_ttl+1)^(0+1280),c
  1247                           
  1248                           ; Switch on 2 bytes has been partitioned into a top level switch of size 1, and 1 sub-sw
      +                          itches
  1249                           ; Switch size 1, requested type "simple"
  1250                           ; Number of cases is 1, Range of values is 0 to 0
  1251                           ; switch strategies available:
  1252                           ; Name         Instructions Cycles
  1253                           ; simple_byte            4     3 (average)
  1254                           ;	Chosen strategy is simple_byte
  1255   0025F4  5003               	movf	(??_set_pin_ttl+1)^(0+1280),w,c
  1256   0025F6  0A00               	xorlw	0	; case 0
  1257   0025F8  B4D8               	btfsc	status,2,c
  1258   0025FA  EF01  F013         	goto	l2337
  1259   0025FE  EF1C  F013         	goto	l197
  1260   002602                     l2337:
  1261                           
  1262                           ; Switch size 1, requested type "simple"
  1263                           ; Number of cases is 6, Range of values is 65 to 70
  1264                           ; switch strategies available:
  1265                           ; Name         Instructions Cycles
  1266                           ; simple_byte           19    10 (average)
  1267                           ;	Chosen strategy is simple_byte
  1268   002602  5002               	movf	??_set_pin_ttl^(0+1280),w,c
  1269   002604  0A41               	xorlw	65	; case 65
  1270   002606  B4D8               	btfsc	status,2,c
  1271   002608  EF8B  F012         	goto	l1889
  1272   00260C  0A03               	xorlw	3	; case 66
  1273   00260E  B4D8               	btfsc	status,2,c
  1274   002610  EF9D  F012         	goto	l1891
  1275   002614  0A01               	xorlw	1	; case 67
  1276   002616  B4D8               	btfsc	status,2,c
  1277   002618  EFAF  F012         	goto	l1893
  1278   00261C  0A07               	xorlw	7	; case 68
  1279   00261E  B4D8               	btfsc	status,2,c
  1280   002620  EFC1  F012         	goto	l1895
  1281   002624  0A01               	xorlw	1	; case 69
  1282   002626  B4D8               	btfsc	status,2,c
  1283   002628  EFD3  F012         	goto	l1897
  1284   00262C  0A03               	xorlw	3	; case 70
  1285   00262E  B4D8               	btfsc	status,2,c
  1286   002630  EFE5  F012         	goto	l1899
  1287   002634  EF1C  F013         	goto	l197
  1288   002638                     l197:
  1289   002638  0012               	return		;funcret
  1290   00263A                     __end_of_set_pin_ttl:
  1291                           	callstack 0
  1292                           
  1293 ;; *************** function _set_pin_st *****************
  1294 ;; Defined at:
  1295 ;;		line 164 in file "gpio.c"
  1296 ;; Parameters:    Size  Location     Type
  1297 ;;  port_name       1    wreg     enum E17440
  1298 ;;  pin_number      1    0[COMRAM] unsigned char 
  1299 ;; Auto vars:     Size  Location     Type
  1300 ;;  port_name       1    3[COMRAM] enum E17440
  1301 ;; Return value:  Size  Location     Type
  1302 ;;                  1    wreg      void 
  1303 ;; Registers used:
  1304 ;;		wreg, status,2, status,0
  1305 ;; Tracked objects:
  1306 ;;		On entry : 0/0
  1307 ;;		On exit  : 0/0
  1308 ;;		Unchanged: 0/0
  1309 ;; Data sizes:     COMRAM   BANK5   BANK6   BANK7   BANK8   BANK9  BANK10  BANK11  BANK12  BANK13  BANK14  BANK15  BANK1
      +6  BANK17  BANK18  BANK19  BANK20  BANK21  BANK22  BANK23  BANK24  BANK25  BANK26  BANK27  BANK28  BANK29  BANK30  BANK3
      +1  BANK32  BANK33  BANK34  BANK35  BANK36
  1310 ;;      Params:         1       0       0       0       0       0       0       0       0       0       0       0       
      +0       0       0       0       0       0       0       0       0       0       0       0       0       0       0       
      +0       0       0       0       0       0
  1311 ;;      Locals:         1       0       0       0       0       0       0       0       0       0       0       0       
      +0       0       0       0       0       0       0       0       0       0       0       0       0       0       0       
      +0       0       0       0       0       0
  1312 ;;      Temps:          2       0       0       0       0       0       0       0       0       0       0       0       
      +0       0       0       0       0       0       0       0       0       0       0       0       0       0       0       
      +0       0       0       0       0       0
  1313 ;;      Totals:         4       0       0       0       0       0       0       0       0       0       0       0       
      +0       0       0       0       0       0       0       0       0       0       0       0       0       0       0       
      +0       0       0       0       0       0
  1314 ;;Total ram usage:        4 bytes
  1315 ;; Hardware stack levels used: 1
  1316 ;; This function calls:
  1317 ;;		Nothing
  1318 ;; This function is called by:
  1319 ;;		_configure_pin
  1320 ;; This function uses a non-reentrant model
  1321 ;;
  1322                           
  1323                           	psect	text8
  1324   002AE2                     __ptext8:
  1325                           	callstack 0
  1326   002AE2                     _set_pin_st:
  1327                           	callstack 124
  1328                           
  1329                           ;incstack = 0
  1330                           ;set_pin_st@port_name stored from wreg
  1331   002AE2  6E04               	movwf	set_pin_st@port_name^(0+1280),c
  1332   002AE4                     
  1333                           ;gpio.c: 164: void set_pin_st(PortName_t port_name, uint8_t pin_number);gpio.c: 165: {;g
      +                          pio.c: 166:     switch(port_name)
  1334   002AE4  EFDA  F015         	goto	l1881
  1335   002AE8                     l1867:
  1336                           
  1337                           ;gpio.c: 169:             INLVLA |= (1 << pin_number);
  1338   002AE8  C501  F502         	movff	set_pin_st@pin_number,??_set_pin_st
  1339   002AEC  0E01               	movlw	1
  1340   002AEE  6E03               	movwf	(??_set_pin_st+1)^(0+1280),c
  1341   002AF0  2A02               	incf	??_set_pin_st^(0+1280),f,c
  1342   002AF2  EF7D  F015         	goto	u1384
  1343   002AF6                     u1385:
  1344   002AF6  90D8               	bcf	status,0,c
  1345   002AF8  3603               	rlcf	(??_set_pin_st+1)^(0+1280),f,c
  1346   002AFA                     u1384:
  1347   002AFA  2E02               	decfsz	??_set_pin_st^(0+1280),f,c
  1348   002AFC  EF7B  F015         	goto	u1385
  1349   002B00  5003               	movf	(??_set_pin_st+1)^(0+1280),w,c
  1350   002B02  0104               	movlb	4	; () banked
  1351   002B04  1304               	iorwf	4,f,b	;volatile
  1352                           
  1353                           ;gpio.c: 170:             break;
  1354   002B06  EFFF  F015         	goto	l185
  1355   002B0A                     l1869:
  1356                           
  1357                           ;gpio.c: 172:             INLVLB |= (1 << pin_number);
  1358   002B0A  C501  F502         	movff	set_pin_st@pin_number,??_set_pin_st
  1359   002B0E  0E01               	movlw	1
  1360   002B10  6E03               	movwf	(??_set_pin_st+1)^(0+1280),c
  1361   002B12  2A02               	incf	??_set_pin_st^(0+1280),f,c
  1362   002B14  EF8E  F015         	goto	u1394
  1363   002B18                     u1395:
  1364   002B18  90D8               	bcf	status,0,c
  1365   002B1A  3603               	rlcf	(??_set_pin_st+1)^(0+1280),f,c
  1366   002B1C                     u1394:
  1367   002B1C  2E02               	decfsz	??_set_pin_st^(0+1280),f,c
  1368   002B1E  EF8C  F015         	goto	u1395
  1369   002B22  5003               	movf	(??_set_pin_st+1)^(0+1280),w,c
  1370   002B24  0104               	movlb	4	; () banked
  1371   002B26  130C               	iorwf	12,f,b	;volatile
  1372                           
  1373                           ;gpio.c: 173:             break;
  1374   002B28  EFFF  F015         	goto	l185
  1375   002B2C                     l1871:
  1376                           
  1377                           ;gpio.c: 175:             INLVLC |= (1 << pin_number);
  1378   002B2C  C501  F502         	movff	set_pin_st@pin_number,??_set_pin_st
  1379   002B30  0E01               	movlw	1
  1380   002B32  6E03               	movwf	(??_set_pin_st+1)^(0+1280),c
  1381   002B34  2A02               	incf	??_set_pin_st^(0+1280),f,c
  1382   002B36  EF9F  F015         	goto	u1404
  1383   002B3A                     u1405:
  1384   002B3A  90D8               	bcf	status,0,c
  1385   002B3C  3603               	rlcf	(??_set_pin_st+1)^(0+1280),f,c
  1386   002B3E                     u1404:
  1387   002B3E  2E02               	decfsz	??_set_pin_st^(0+1280),f,c
  1388   002B40  EF9D  F015         	goto	u1405
  1389   002B44  5003               	movf	(??_set_pin_st+1)^(0+1280),w,c
  1390   002B46  0104               	movlb	4	; () banked
  1391   002B48  1314               	iorwf	20,f,b	;volatile
  1392                           
  1393                           ;gpio.c: 176:             break;
  1394   002B4A  EFFF  F015         	goto	l185
  1395   002B4E                     l1873:
  1396                           
  1397                           ;gpio.c: 178:             INLVLD |= (1 << pin_number);
  1398   002B4E  C501  F502         	movff	set_pin_st@pin_number,??_set_pin_st
  1399   002B52  0E01               	movlw	1
  1400   002B54  6E03               	movwf	(??_set_pin_st+1)^(0+1280),c
  1401   002B56  2A02               	incf	??_set_pin_st^(0+1280),f,c
  1402   002B58  EFB0  F015         	goto	u1414
  1403   002B5C                     u1415:
  1404   002B5C  90D8               	bcf	status,0,c
  1405   002B5E  3603               	rlcf	(??_set_pin_st+1)^(0+1280),f,c
  1406   002B60                     u1414:
  1407   002B60  2E02               	decfsz	??_set_pin_st^(0+1280),f,c
  1408   002B62  EFAE  F015         	goto	u1415
  1409   002B66  5003               	movf	(??_set_pin_st+1)^(0+1280),w,c
  1410   002B68  0104               	movlb	4	; () banked
  1411   002B6A  131C               	iorwf	28,f,b	;volatile
  1412                           
  1413                           ;gpio.c: 179:             break;
  1414   002B6C  EFFF  F015         	goto	l185
  1415   002B70                     l1875:
  1416                           
  1417                           ;gpio.c: 181:             INLVLE |= (1 << pin_number);
  1418   002B70  C501  F502         	movff	set_pin_st@pin_number,??_set_pin_st
  1419   002B74  0E01               	movlw	1
  1420   002B76  6E03               	movwf	(??_set_pin_st+1)^(0+1280),c
  1421   002B78  2A02               	incf	??_set_pin_st^(0+1280),f,c
  1422   002B7A  EFC1  F015         	goto	u1424
  1423   002B7E                     u1425:
  1424   002B7E  90D8               	bcf	status,0,c
  1425   002B80  3603               	rlcf	(??_set_pin_st+1)^(0+1280),f,c
  1426   002B82                     u1424:
  1427   002B82  2E02               	decfsz	??_set_pin_st^(0+1280),f,c
  1428   002B84  EFBF  F015         	goto	u1425
  1429   002B88  5003               	movf	(??_set_pin_st+1)^(0+1280),w,c
  1430   002B8A  0104               	movlb	4	; () banked
  1431   002B8C  1324               	iorwf	36,f,b	;volatile
  1432                           
  1433                           ;gpio.c: 182:             break;
  1434   002B8E  EFFF  F015         	goto	l185
  1435   002B92                     l1877:
  1436                           
  1437                           ;gpio.c: 184:             INLVLF |= (1 << pin_number);
  1438   002B92  C501  F502         	movff	set_pin_st@pin_number,??_set_pin_st
  1439   002B96  0E01               	movlw	1
  1440   002B98  6E03               	movwf	(??_set_pin_st+1)^(0+1280),c
  1441   002B9A  2A02               	incf	??_set_pin_st^(0+1280),f,c
  1442   002B9C  EFD2  F015         	goto	u1434
  1443   002BA0                     u1435:
  1444   002BA0  90D8               	bcf	status,0,c
  1445   002BA2  3603               	rlcf	(??_set_pin_st+1)^(0+1280),f,c
  1446   002BA4                     u1434:
  1447   002BA4  2E02               	decfsz	??_set_pin_st^(0+1280),f,c
  1448   002BA6  EFD0  F015         	goto	u1435
  1449   002BAA  5003               	movf	(??_set_pin_st+1)^(0+1280),w,c
  1450   002BAC  0104               	movlb	4	; () banked
  1451   002BAE  132C               	iorwf	44,f,b	;volatile
  1452                           
  1453                           ;gpio.c: 185:             break;
  1454   002BB0  EFFF  F015         	goto	l185
  1455   002BB4                     l1881:
  1456   002BB4  5004               	movf	set_pin_st@port_name^(0+1280),w,c
  1457   002BB6  6E02               	movwf	??_set_pin_st^(0+1280),c
  1458   002BB8  6A03               	clrf	(??_set_pin_st+1)^(0+1280),c
  1459                           
  1460                           ; Switch on 2 bytes has been partitioned into a top level switch of size 1, and 1 sub-sw
      +                          itches
  1461                           ; Switch size 1, requested type "simple"
  1462                           ; Number of cases is 1, Range of values is 0 to 0
  1463                           ; switch strategies available:
  1464                           ; Name         Instructions Cycles
  1465                           ; simple_byte            4     3 (average)
  1466                           ;	Chosen strategy is simple_byte
  1467   002BBA  5003               	movf	(??_set_pin_st+1)^(0+1280),w,c
  1468   002BBC  0A00               	xorlw	0	; case 0
  1469   002BBE  B4D8               	btfsc	status,2,c
  1470   002BC0  EFE4  F015         	goto	l2339
  1471   002BC4  EFFF  F015         	goto	l185
  1472   002BC8                     l2339:
  1473                           
  1474                           ; Switch size 1, requested type "simple"
  1475                           ; Number of cases is 6, Range of values is 65 to 70
  1476                           ; switch strategies available:
  1477                           ; Name         Instructions Cycles
  1478                           ; simple_byte           19    10 (average)
  1479                           ;	Chosen strategy is simple_byte
  1480   002BC8  5002               	movf	??_set_pin_st^(0+1280),w,c
  1481   002BCA  0A41               	xorlw	65	; case 65
  1482   002BCC  B4D8               	btfsc	status,2,c
  1483   002BCE  EF74  F015         	goto	l1867
  1484   002BD2  0A03               	xorlw	3	; case 66
  1485   002BD4  B4D8               	btfsc	status,2,c
  1486   002BD6  EF85  F015         	goto	l1869
  1487   002BDA  0A01               	xorlw	1	; case 67
  1488   002BDC  B4D8               	btfsc	status,2,c
  1489   002BDE  EF96  F015         	goto	l1871
  1490   002BE2  0A07               	xorlw	7	; case 68
  1491   002BE4  B4D8               	btfsc	status,2,c
  1492   002BE6  EFA7  F015         	goto	l1873
  1493   002BEA  0A01               	xorlw	1	; case 69
  1494   002BEC  B4D8               	btfsc	status,2,c
  1495   002BEE  EFB8  F015         	goto	l1875
  1496   002BF2  0A03               	xorlw	3	; case 70
  1497   002BF4  B4D8               	btfsc	status,2,c
  1498   002BF6  EFC9  F015         	goto	l1877
  1499   002BFA  EFFF  F015         	goto	l185
  1500   002BFE                     l185:
  1501   002BFE  0012               	return		;funcret
  1502   002C00                     __end_of_set_pin_st:
  1503                           	callstack 0
  1504                           
  1505 ;; *************** function _set_pin_sr_maximum *****************
  1506 ;; Defined at:
  1507 ;;		line 244 in file "gpio.c"
  1508 ;; Parameters:    Size  Location     Type
  1509 ;;  port_name       1    wreg     enum E17440
  1510 ;;  pin_number      1    0[COMRAM] unsigned char 
  1511 ;; Auto vars:     Size  Location     Type
  1512 ;;  port_name       1    3[COMRAM] enum E17440
  1513 ;; Return value:  Size  Location     Type
  1514 ;;                  1    wreg      void 
  1515 ;; Registers used:
  1516 ;;		wreg, status,2, status,0
  1517 ;; Tracked objects:
  1518 ;;		On entry : 0/0
  1519 ;;		On exit  : 0/0
  1520 ;;		Unchanged: 0/0
  1521 ;; Data sizes:     COMRAM   BANK5   BANK6   BANK7   BANK8   BANK9  BANK10  BANK11  BANK12  BANK13  BANK14  BANK15  BANK1
      +6  BANK17  BANK18  BANK19  BANK20  BANK21  BANK22  BANK23  BANK24  BANK25  BANK26  BANK27  BANK28  BANK29  BANK30  BANK3
      +1  BANK32  BANK33  BANK34  BANK35  BANK36
  1522 ;;      Params:         1       0       0       0       0       0       0       0       0       0       0       0       
      +0       0       0       0       0       0       0       0       0       0       0       0       0       0       0       
      +0       0       0       0       0       0
  1523 ;;      Locals:         1       0       0       0       0       0       0       0       0       0       0       0       
      +0       0       0       0       0       0       0       0       0       0       0       0       0       0       0       
      +0       0       0       0       0       0
  1524 ;;      Temps:          2       0       0       0       0       0       0       0       0       0       0       0       
      +0       0       0       0       0       0       0       0       0       0       0       0       0       0       0       
      +0       0       0       0       0       0
  1525 ;;      Totals:         4       0       0       0       0       0       0       0       0       0       0       0       
      +0       0       0       0       0       0       0       0       0       0       0       0       0       0       0       
      +0       0       0       0       0       0
  1526 ;;Total ram usage:        4 bytes
  1527 ;; Hardware stack levels used: 1
  1528 ;; This function calls:
  1529 ;;		Nothing
  1530 ;; This function is called by:
  1531 ;;		_configure_pin
  1532 ;; This function uses a non-reentrant model
  1533 ;;
  1534                           
  1535                           	psect	text9
  1536   00263A                     __ptext9:
  1537                           	callstack 0
  1538   00263A                     _set_pin_sr_maximum:
  1539                           	callstack 124
  1540                           
  1541                           ;incstack = 0
  1542                           ;set_pin_sr_maximum@port_name stored from wreg
  1543   00263A  6E04               	movwf	set_pin_sr_maximum@port_name^(0+1280),c
  1544   00263C                     
  1545                           ;gpio.c: 244: void set_pin_sr_maximum(PortName_t port_name, uint8_t pin_number);gpio.c: 
      +                          245: {;gpio.c: 246:    switch(port_name)
  1546   00263C  EF8C  F013         	goto	l1947
  1547   002640                     l1933:
  1548                           
  1549                           ;gpio.c: 249:             SLRCONA &= ~(1 << pin_number);
  1550   002640  C501  F502         	movff	set_pin_sr_maximum@pin_number,??_set_pin_sr_maximum
  1551   002644  0E01               	movlw	1
  1552   002646  6E03               	movwf	(??_set_pin_sr_maximum+1)^(0+1280),c
  1553   002648  2A02               	incf	??_set_pin_sr_maximum^(0+1280),f,c
  1554   00264A  EF29  F013         	goto	u1564
  1555   00264E                     u1565:
  1556   00264E  90D8               	bcf	status,0,c
  1557   002650  3603               	rlcf	(??_set_pin_sr_maximum+1)^(0+1280),f,c
  1558   002652                     u1564:
  1559   002652  2E02               	decfsz	??_set_pin_sr_maximum^(0+1280),f,c
  1560   002654  EF27  F013         	goto	u1565
  1561   002658  5003               	movf	(??_set_pin_sr_maximum+1)^(0+1280),w,c
  1562   00265A  0AFF               	xorlw	255
  1563   00265C  0104               	movlb	4	; () banked
  1564   00265E  1703               	andwf	3,f,b	;volatile
  1565                           
  1566                           ;gpio.c: 250:             break;
  1567   002660  EFB1  F013         	goto	l221
  1568   002664                     l1935:
  1569                           
  1570                           ;gpio.c: 252:             SLRCONB &= ~(1 << pin_number);
  1571   002664  C501  F502         	movff	set_pin_sr_maximum@pin_number,??_set_pin_sr_maximum
  1572   002668  0E01               	movlw	1
  1573   00266A  6E03               	movwf	(??_set_pin_sr_maximum+1)^(0+1280),c
  1574   00266C  2A02               	incf	??_set_pin_sr_maximum^(0+1280),f,c
  1575   00266E  EF3B  F013         	goto	u1574
  1576   002672                     u1575:
  1577   002672  90D8               	bcf	status,0,c
  1578   002674  3603               	rlcf	(??_set_pin_sr_maximum+1)^(0+1280),f,c
  1579   002676                     u1574:
  1580   002676  2E02               	decfsz	??_set_pin_sr_maximum^(0+1280),f,c
  1581   002678  EF39  F013         	goto	u1575
  1582   00267C  5003               	movf	(??_set_pin_sr_maximum+1)^(0+1280),w,c
  1583   00267E  0AFF               	xorlw	255
  1584   002680  0104               	movlb	4	; () banked
  1585   002682  170B               	andwf	11,f,b	;volatile
  1586                           
  1587                           ;gpio.c: 253:             break;
  1588   002684  EFB1  F013         	goto	l221
  1589   002688                     l1937:
  1590                           
  1591                           ;gpio.c: 255:             SLRCONC &= ~(1 << pin_number);
  1592   002688  C501  F502         	movff	set_pin_sr_maximum@pin_number,??_set_pin_sr_maximum
  1593   00268C  0E01               	movlw	1
  1594   00268E  6E03               	movwf	(??_set_pin_sr_maximum+1)^(0+1280),c
  1595   002690  2A02               	incf	??_set_pin_sr_maximum^(0+1280),f,c
  1596   002692  EF4D  F013         	goto	u1584
  1597   002696                     u1585:
  1598   002696  90D8               	bcf	status,0,c
  1599   002698  3603               	rlcf	(??_set_pin_sr_maximum+1)^(0+1280),f,c
  1600   00269A                     u1584:
  1601   00269A  2E02               	decfsz	??_set_pin_sr_maximum^(0+1280),f,c
  1602   00269C  EF4B  F013         	goto	u1585
  1603   0026A0  5003               	movf	(??_set_pin_sr_maximum+1)^(0+1280),w,c
  1604   0026A2  0AFF               	xorlw	255
  1605   0026A4  0104               	movlb	4	; () banked
  1606   0026A6  1713               	andwf	19,f,b	;volatile
  1607                           
  1608                           ;gpio.c: 256:             break;
  1609   0026A8  EFB1  F013         	goto	l221
  1610   0026AC                     l1939:
  1611                           
  1612                           ;gpio.c: 258:             SLRCOND &= ~(1 << pin_number);
  1613   0026AC  C501  F502         	movff	set_pin_sr_maximum@pin_number,??_set_pin_sr_maximum
  1614   0026B0  0E01               	movlw	1
  1615   0026B2  6E03               	movwf	(??_set_pin_sr_maximum+1)^(0+1280),c
  1616   0026B4  2A02               	incf	??_set_pin_sr_maximum^(0+1280),f,c
  1617   0026B6  EF5F  F013         	goto	u1594
  1618   0026BA                     u1595:
  1619   0026BA  90D8               	bcf	status,0,c
  1620   0026BC  3603               	rlcf	(??_set_pin_sr_maximum+1)^(0+1280),f,c
  1621   0026BE                     u1594:
  1622   0026BE  2E02               	decfsz	??_set_pin_sr_maximum^(0+1280),f,c
  1623   0026C0  EF5D  F013         	goto	u1595
  1624   0026C4  5003               	movf	(??_set_pin_sr_maximum+1)^(0+1280),w,c
  1625   0026C6  0AFF               	xorlw	255
  1626   0026C8  0104               	movlb	4	; () banked
  1627   0026CA  171B               	andwf	27,f,b	;volatile
  1628                           
  1629                           ;gpio.c: 259:             break;
  1630   0026CC  EFB1  F013         	goto	l221
  1631   0026D0                     l1941:
  1632                           
  1633                           ;gpio.c: 261:             SLRCONE &= ~(1 << pin_number);
  1634   0026D0  C501  F502         	movff	set_pin_sr_maximum@pin_number,??_set_pin_sr_maximum
  1635   0026D4  0E01               	movlw	1
  1636   0026D6  6E03               	movwf	(??_set_pin_sr_maximum+1)^(0+1280),c
  1637   0026D8  2A02               	incf	??_set_pin_sr_maximum^(0+1280),f,c
  1638   0026DA  EF71  F013         	goto	u1604
  1639   0026DE                     u1605:
  1640   0026DE  90D8               	bcf	status,0,c
  1641   0026E0  3603               	rlcf	(??_set_pin_sr_maximum+1)^(0+1280),f,c
  1642   0026E2                     u1604:
  1643   0026E2  2E02               	decfsz	??_set_pin_sr_maximum^(0+1280),f,c
  1644   0026E4  EF6F  F013         	goto	u1605
  1645   0026E8  5003               	movf	(??_set_pin_sr_maximum+1)^(0+1280),w,c
  1646   0026EA  0AFF               	xorlw	255
  1647   0026EC  0104               	movlb	4	; () banked
  1648   0026EE  1723               	andwf	35,f,b	;volatile
  1649                           
  1650                           ;gpio.c: 262:             break;
  1651   0026F0  EFB1  F013         	goto	l221
  1652   0026F4                     l1943:
  1653                           
  1654                           ;gpio.c: 264:             SLRCONF &= ~(1 << pin_number);
  1655   0026F4  C501  F502         	movff	set_pin_sr_maximum@pin_number,??_set_pin_sr_maximum
  1656   0026F8  0E01               	movlw	1
  1657   0026FA  6E03               	movwf	(??_set_pin_sr_maximum+1)^(0+1280),c
  1658   0026FC  2A02               	incf	??_set_pin_sr_maximum^(0+1280),f,c
  1659   0026FE  EF83  F013         	goto	u1614
  1660   002702                     u1615:
  1661   002702  90D8               	bcf	status,0,c
  1662   002704  3603               	rlcf	(??_set_pin_sr_maximum+1)^(0+1280),f,c
  1663   002706                     u1614:
  1664   002706  2E02               	decfsz	??_set_pin_sr_maximum^(0+1280),f,c
  1665   002708  EF81  F013         	goto	u1615
  1666   00270C  5003               	movf	(??_set_pin_sr_maximum+1)^(0+1280),w,c
  1667   00270E  0AFF               	xorlw	255
  1668   002710  0104               	movlb	4	; () banked
  1669   002712  172B               	andwf	43,f,b	;volatile
  1670                           
  1671                           ;gpio.c: 265:             break;
  1672   002714  EFB1  F013         	goto	l221
  1673   002718                     l1947:
  1674   002718  5004               	movf	set_pin_sr_maximum@port_name^(0+1280),w,c
  1675   00271A  6E02               	movwf	??_set_pin_sr_maximum^(0+1280),c
  1676   00271C  6A03               	clrf	(??_set_pin_sr_maximum+1)^(0+1280),c
  1677                           
  1678                           ; Switch on 2 bytes has been partitioned into a top level switch of size 1, and 1 sub-sw
      +                          itches
  1679                           ; Switch size 1, requested type "simple"
  1680                           ; Number of cases is 1, Range of values is 0 to 0
  1681                           ; switch strategies available:
  1682                           ; Name         Instructions Cycles
  1683                           ; simple_byte            4     3 (average)
  1684                           ;	Chosen strategy is simple_byte
  1685   00271E  5003               	movf	(??_set_pin_sr_maximum+1)^(0+1280),w,c
  1686   002720  0A00               	xorlw	0	; case 0
  1687   002722  B4D8               	btfsc	status,2,c
  1688   002724  EF96  F013         	goto	l2341
  1689   002728  EFB1  F013         	goto	l221
  1690   00272C                     l2341:
  1691                           
  1692                           ; Switch size 1, requested type "simple"
  1693                           ; Number of cases is 6, Range of values is 65 to 70
  1694                           ; switch strategies available:
  1695                           ; Name         Instructions Cycles
  1696                           ; simple_byte           19    10 (average)
  1697                           ;	Chosen strategy is simple_byte
  1698   00272C  5002               	movf	??_set_pin_sr_maximum^(0+1280),w,c
  1699   00272E  0A41               	xorlw	65	; case 65
  1700   002730  B4D8               	btfsc	status,2,c
  1701   002732  EF20  F013         	goto	l1933
  1702   002736  0A03               	xorlw	3	; case 66
  1703   002738  B4D8               	btfsc	status,2,c
  1704   00273A  EF32  F013         	goto	l1935
  1705   00273E  0A01               	xorlw	1	; case 67
  1706   002740  B4D8               	btfsc	status,2,c
  1707   002742  EF44  F013         	goto	l1937
  1708   002746  0A07               	xorlw	7	; case 68
  1709   002748  B4D8               	btfsc	status,2,c
  1710   00274A  EF56  F013         	goto	l1939
  1711   00274E  0A01               	xorlw	1	; case 69
  1712   002750  B4D8               	btfsc	status,2,c
  1713   002752  EF68  F013         	goto	l1941
  1714   002756  0A03               	xorlw	3	; case 70
  1715   002758  B4D8               	btfsc	status,2,c
  1716   00275A  EF7A  F013         	goto	l1943
  1717   00275E  EFB1  F013         	goto	l221
  1718   002762                     l221:
  1719   002762  0012               	return		;funcret
  1720   002764                     __end_of_set_pin_sr_maximum:
  1721                           	callstack 0
  1722                           
  1723 ;; *************** function _set_pin_sr_limited *****************
  1724 ;; Defined at:
  1725 ;;		line 217 in file "gpio.c"
  1726 ;; Parameters:    Size  Location     Type
  1727 ;;  port_name       1    wreg     enum E17440
  1728 ;;  pin_number      1    0[COMRAM] unsigned char 
  1729 ;; Auto vars:     Size  Location     Type
  1730 ;;  port_name       1    3[COMRAM] enum E17440
  1731 ;; Return value:  Size  Location     Type
  1732 ;;                  1    wreg      void 
  1733 ;; Registers used:
  1734 ;;		wreg, status,2, status,0
  1735 ;; Tracked objects:
  1736 ;;		On entry : 0/0
  1737 ;;		On exit  : 0/0
  1738 ;;		Unchanged: 0/0
  1739 ;; Data sizes:     COMRAM   BANK5   BANK6   BANK7   BANK8   BANK9  BANK10  BANK11  BANK12  BANK13  BANK14  BANK15  BANK1
      +6  BANK17  BANK18  BANK19  BANK20  BANK21  BANK22  BANK23  BANK24  BANK25  BANK26  BANK27  BANK28  BANK29  BANK30  BANK3
      +1  BANK32  BANK33  BANK34  BANK35  BANK36
  1740 ;;      Params:         1       0       0       0       0       0       0       0       0       0       0       0       
      +0       0       0       0       0       0       0       0       0       0       0       0       0       0       0       
      +0       0       0       0       0       0
  1741 ;;      Locals:         1       0       0       0       0       0       0       0       0       0       0       0       
      +0       0       0       0       0       0       0       0       0       0       0       0       0       0       0       
      +0       0       0       0       0       0
  1742 ;;      Temps:          2       0       0       0       0       0       0       0       0       0       0       0       
      +0       0       0       0       0       0       0       0       0       0       0       0       0       0       0       
      +0       0       0       0       0       0
  1743 ;;      Totals:         4       0       0       0       0       0       0       0       0       0       0       0       
      +0       0       0       0       0       0       0       0       0       0       0       0       0       0       0       
      +0       0       0       0       0       0
  1744 ;;Total ram usage:        4 bytes
  1745 ;; Hardware stack levels used: 1
  1746 ;; This function calls:
  1747 ;;		Nothing
  1748 ;; This function is called by:
  1749 ;;		_configure_pin
  1750 ;; This function uses a non-reentrant model
  1751 ;;
  1752                           
  1753                           	psect	text10
  1754   002C00                     __ptext10:
  1755                           	callstack 0
  1756   002C00                     _set_pin_sr_limited:
  1757                           	callstack 124
  1758                           
  1759                           ;incstack = 0
  1760                           ;set_pin_sr_limited@port_name stored from wreg
  1761   002C00  6E04               	movwf	set_pin_sr_limited@port_name^(0+1280),c
  1762   002C02                     
  1763                           ;gpio.c: 217: void set_pin_sr_limited(PortName_t port_name, uint8_t pin_number);gpio.c: 
      +                          218: {;gpio.c: 219:     switch(port_name)
  1764   002C02  EF69  F016         	goto	l1925
  1765   002C06                     l1911:
  1766                           
  1767                           ;gpio.c: 222:             SLRCONA |= (1 << pin_number);
  1768   002C06  C501  F502         	movff	set_pin_sr_limited@pin_number,??_set_pin_sr_limited
  1769   002C0A  0E01               	movlw	1
  1770   002C0C  6E03               	movwf	(??_set_pin_sr_limited+1)^(0+1280),c
  1771   002C0E  2A02               	incf	??_set_pin_sr_limited^(0+1280),f,c
  1772   002C10  EF0C  F016         	goto	u1504
  1773   002C14                     u1505:
  1774   002C14  90D8               	bcf	status,0,c
  1775   002C16  3603               	rlcf	(??_set_pin_sr_limited+1)^(0+1280),f,c
  1776   002C18                     u1504:
  1777   002C18  2E02               	decfsz	??_set_pin_sr_limited^(0+1280),f,c
  1778   002C1A  EF0A  F016         	goto	u1505
  1779   002C1E  5003               	movf	(??_set_pin_sr_limited+1)^(0+1280),w,c
  1780   002C20  0104               	movlb	4	; () banked
  1781   002C22  1303               	iorwf	3,f,b	;volatile
  1782                           
  1783                           ;gpio.c: 223:             break;
  1784   002C24  EF8E  F016         	goto	l209
  1785   002C28                     l1913:
  1786                           
  1787                           ;gpio.c: 225:             SLRCONB |= (1 << pin_number);
  1788   002C28  C501  F502         	movff	set_pin_sr_limited@pin_number,??_set_pin_sr_limited
  1789   002C2C  0E01               	movlw	1
  1790   002C2E  6E03               	movwf	(??_set_pin_sr_limited+1)^(0+1280),c
  1791   002C30  2A02               	incf	??_set_pin_sr_limited^(0+1280),f,c
  1792   002C32  EF1D  F016         	goto	u1514
  1793   002C36                     u1515:
  1794   002C36  90D8               	bcf	status,0,c
  1795   002C38  3603               	rlcf	(??_set_pin_sr_limited+1)^(0+1280),f,c
  1796   002C3A                     u1514:
  1797   002C3A  2E02               	decfsz	??_set_pin_sr_limited^(0+1280),f,c
  1798   002C3C  EF1B  F016         	goto	u1515
  1799   002C40  5003               	movf	(??_set_pin_sr_limited+1)^(0+1280),w,c
  1800   002C42  0104               	movlb	4	; () banked
  1801   002C44  130B               	iorwf	11,f,b	;volatile
  1802                           
  1803                           ;gpio.c: 226:             break;
  1804   002C46  EF8E  F016         	goto	l209
  1805   002C4A                     l1915:
  1806                           
  1807                           ;gpio.c: 228:             SLRCONC |= (1 << pin_number);
  1808   002C4A  C501  F502         	movff	set_pin_sr_limited@pin_number,??_set_pin_sr_limited
  1809   002C4E  0E01               	movlw	1
  1810   002C50  6E03               	movwf	(??_set_pin_sr_limited+1)^(0+1280),c
  1811   002C52  2A02               	incf	??_set_pin_sr_limited^(0+1280),f,c
  1812   002C54  EF2E  F016         	goto	u1524
  1813   002C58                     u1525:
  1814   002C58  90D8               	bcf	status,0,c
  1815   002C5A  3603               	rlcf	(??_set_pin_sr_limited+1)^(0+1280),f,c
  1816   002C5C                     u1524:
  1817   002C5C  2E02               	decfsz	??_set_pin_sr_limited^(0+1280),f,c
  1818   002C5E  EF2C  F016         	goto	u1525
  1819   002C62  5003               	movf	(??_set_pin_sr_limited+1)^(0+1280),w,c
  1820   002C64  0104               	movlb	4	; () banked
  1821   002C66  1313               	iorwf	19,f,b	;volatile
  1822                           
  1823                           ;gpio.c: 229:             break;
  1824   002C68  EF8E  F016         	goto	l209
  1825   002C6C                     l1917:
  1826                           
  1827                           ;gpio.c: 231:             SLRCOND |= (1 << pin_number);
  1828   002C6C  C501  F502         	movff	set_pin_sr_limited@pin_number,??_set_pin_sr_limited
  1829   002C70  0E01               	movlw	1
  1830   002C72  6E03               	movwf	(??_set_pin_sr_limited+1)^(0+1280),c
  1831   002C74  2A02               	incf	??_set_pin_sr_limited^(0+1280),f,c
  1832   002C76  EF3F  F016         	goto	u1534
  1833   002C7A                     u1535:
  1834   002C7A  90D8               	bcf	status,0,c
  1835   002C7C  3603               	rlcf	(??_set_pin_sr_limited+1)^(0+1280),f,c
  1836   002C7E                     u1534:
  1837   002C7E  2E02               	decfsz	??_set_pin_sr_limited^(0+1280),f,c
  1838   002C80  EF3D  F016         	goto	u1535
  1839   002C84  5003               	movf	(??_set_pin_sr_limited+1)^(0+1280),w,c
  1840   002C86  0104               	movlb	4	; () banked
  1841   002C88  131B               	iorwf	27,f,b	;volatile
  1842                           
  1843                           ;gpio.c: 232:             break;
  1844   002C8A  EF8E  F016         	goto	l209
  1845   002C8E                     l1919:
  1846                           
  1847                           ;gpio.c: 234:             SLRCONE |= (1 << pin_number);
  1848   002C8E  C501  F502         	movff	set_pin_sr_limited@pin_number,??_set_pin_sr_limited
  1849   002C92  0E01               	movlw	1
  1850   002C94  6E03               	movwf	(??_set_pin_sr_limited+1)^(0+1280),c
  1851   002C96  2A02               	incf	??_set_pin_sr_limited^(0+1280),f,c
  1852   002C98  EF50  F016         	goto	u1544
  1853   002C9C                     u1545:
  1854   002C9C  90D8               	bcf	status,0,c
  1855   002C9E  3603               	rlcf	(??_set_pin_sr_limited+1)^(0+1280),f,c
  1856   002CA0                     u1544:
  1857   002CA0  2E02               	decfsz	??_set_pin_sr_limited^(0+1280),f,c
  1858   002CA2  EF4E  F016         	goto	u1545
  1859   002CA6  5003               	movf	(??_set_pin_sr_limited+1)^(0+1280),w,c
  1860   002CA8  0104               	movlb	4	; () banked
  1861   002CAA  1323               	iorwf	35,f,b	;volatile
  1862                           
  1863                           ;gpio.c: 235:             break;
  1864   002CAC  EF8E  F016         	goto	l209
  1865   002CB0                     l1921:
  1866                           
  1867                           ;gpio.c: 237:             SLRCONF |= (1 << pin_number);
  1868   002CB0  C501  F502         	movff	set_pin_sr_limited@pin_number,??_set_pin_sr_limited
  1869   002CB4  0E01               	movlw	1
  1870   002CB6  6E03               	movwf	(??_set_pin_sr_limited+1)^(0+1280),c
  1871   002CB8  2A02               	incf	??_set_pin_sr_limited^(0+1280),f,c
  1872   002CBA  EF61  F016         	goto	u1554
  1873   002CBE                     u1555:
  1874   002CBE  90D8               	bcf	status,0,c
  1875   002CC0  3603               	rlcf	(??_set_pin_sr_limited+1)^(0+1280),f,c
  1876   002CC2                     u1554:
  1877   002CC2  2E02               	decfsz	??_set_pin_sr_limited^(0+1280),f,c
  1878   002CC4  EF5F  F016         	goto	u1555
  1879   002CC8  5003               	movf	(??_set_pin_sr_limited+1)^(0+1280),w,c
  1880   002CCA  0104               	movlb	4	; () banked
  1881   002CCC  132B               	iorwf	43,f,b	;volatile
  1882                           
  1883                           ;gpio.c: 238:             break;
  1884   002CCE  EF8E  F016         	goto	l209
  1885   002CD2                     l1925:
  1886   002CD2  5004               	movf	set_pin_sr_limited@port_name^(0+1280),w,c
  1887   002CD4  6E02               	movwf	??_set_pin_sr_limited^(0+1280),c
  1888   002CD6  6A03               	clrf	(??_set_pin_sr_limited+1)^(0+1280),c
  1889                           
  1890                           ; Switch on 2 bytes has been partitioned into a top level switch of size 1, and 1 sub-sw
      +                          itches
  1891                           ; Switch size 1, requested type "simple"
  1892                           ; Number of cases is 1, Range of values is 0 to 0
  1893                           ; switch strategies available:
  1894                           ; Name         Instructions Cycles
  1895                           ; simple_byte            4     3 (average)
  1896                           ;	Chosen strategy is simple_byte
  1897   002CD8  5003               	movf	(??_set_pin_sr_limited+1)^(0+1280),w,c
  1898   002CDA  0A00               	xorlw	0	; case 0
  1899   002CDC  B4D8               	btfsc	status,2,c
  1900   002CDE  EF73  F016         	goto	l2343
  1901   002CE2  EF8E  F016         	goto	l209
  1902   002CE6                     l2343:
  1903                           
  1904                           ; Switch size 1, requested type "simple"
  1905                           ; Number of cases is 6, Range of values is 65 to 70
  1906                           ; switch strategies available:
  1907                           ; Name         Instructions Cycles
  1908                           ; simple_byte           19    10 (average)
  1909                           ;	Chosen strategy is simple_byte
  1910   002CE6  5002               	movf	??_set_pin_sr_limited^(0+1280),w,c
  1911   002CE8  0A41               	xorlw	65	; case 65
  1912   002CEA  B4D8               	btfsc	status,2,c
  1913   002CEC  EF03  F016         	goto	l1911
  1914   002CF0  0A03               	xorlw	3	; case 66
  1915   002CF2  B4D8               	btfsc	status,2,c
  1916   002CF4  EF14  F016         	goto	l1913
  1917   002CF8  0A01               	xorlw	1	; case 67
  1918   002CFA  B4D8               	btfsc	status,2,c
  1919   002CFC  EF25  F016         	goto	l1915
  1920   002D00  0A07               	xorlw	7	; case 68
  1921   002D02  B4D8               	btfsc	status,2,c
  1922   002D04  EF36  F016         	goto	l1917
  1923   002D08  0A01               	xorlw	1	; case 69
  1924   002D0A  B4D8               	btfsc	status,2,c
  1925   002D0C  EF47  F016         	goto	l1919
  1926   002D10  0A03               	xorlw	3	; case 70
  1927   002D12  B4D8               	btfsc	status,2,c
  1928   002D14  EF58  F016         	goto	l1921
  1929   002D18  EF8E  F016         	goto	l209
  1930   002D1C                     l209:
  1931   002D1C  0012               	return		;funcret
  1932   002D1E                     __end_of_set_pin_sr_limited:
  1933                           	callstack 0
  1934                           
  1935 ;; *************** function _set_pin_push_pull *****************
  1936 ;; Defined at:
  1937 ;;		line 271 in file "gpio.c"
  1938 ;; Parameters:    Size  Location     Type
  1939 ;;  port_name       1    wreg     enum E17440
  1940 ;;  pin_number      1    0[COMRAM] unsigned char 
  1941 ;; Auto vars:     Size  Location     Type
  1942 ;;  port_name       1    3[COMRAM] enum E17440
  1943 ;; Return value:  Size  Location     Type
  1944 ;;                  1    wreg      void 
  1945 ;; Registers used:
  1946 ;;		wreg, status,2, status,0
  1947 ;; Tracked objects:
  1948 ;;		On entry : 0/0
  1949 ;;		On exit  : 0/0
  1950 ;;		Unchanged: 0/0
  1951 ;; Data sizes:     COMRAM   BANK5   BANK6   BANK7   BANK8   BANK9  BANK10  BANK11  BANK12  BANK13  BANK14  BANK15  BANK1
      +6  BANK17  BANK18  BANK19  BANK20  BANK21  BANK22  BANK23  BANK24  BANK25  BANK26  BANK27  BANK28  BANK29  BANK30  BANK3
      +1  BANK32  BANK33  BANK34  BANK35  BANK36
  1952 ;;      Params:         1       0       0       0       0       0       0       0       0       0       0       0       
      +0       0       0       0       0       0       0       0       0       0       0       0       0       0       0       
      +0       0       0       0       0       0
  1953 ;;      Locals:         1       0       0       0       0       0       0       0       0       0       0       0       
      +0       0       0       0       0       0       0       0       0       0       0       0       0       0       0       
      +0       0       0       0       0       0
  1954 ;;      Temps:          2       0       0       0       0       0       0       0       0       0       0       0       
      +0       0       0       0       0       0       0       0       0       0       0       0       0       0       0       
      +0       0       0       0       0       0
  1955 ;;      Totals:         4       0       0       0       0       0       0       0       0       0       0       0       
      +0       0       0       0       0       0       0       0       0       0       0       0       0       0       0       
      +0       0       0       0       0       0
  1956 ;;Total ram usage:        4 bytes
  1957 ;; Hardware stack levels used: 1
  1958 ;; This function calls:
  1959 ;;		Nothing
  1960 ;; This function is called by:
  1961 ;;		_configure_pin
  1962 ;; This function uses a non-reentrant model
  1963 ;;
  1964                           
  1965                           	psect	text11
  1966   002764                     __ptext11:
  1967                           	callstack 0
  1968   002764                     _set_pin_push_pull:
  1969                           	callstack 124
  1970                           
  1971                           ;incstack = 0
  1972                           ;set_pin_push_pull@port_name stored from wreg
  1973   002764  6E04               	movwf	set_pin_push_pull@port_name^(0+1280),c
  1974   002766                     
  1975                           ;gpio.c: 271: void set_pin_push_pull(PortName_t port_name, uint8_t pin_number);gpio.c: 2
      +                          72: {;gpio.c: 273:     switch(port_name)
  1976   002766  EF21  F014         	goto	l1969
  1977   00276A                     l1955:
  1978                           
  1979                           ;gpio.c: 276:             ODCONA &= ~(1 << pin_number);
  1980   00276A  C501  F502         	movff	set_pin_push_pull@pin_number,??_set_pin_push_pull
  1981   00276E  0E01               	movlw	1
  1982   002770  6E03               	movwf	(??_set_pin_push_pull+1)^(0+1280),c
  1983   002772  2A02               	incf	??_set_pin_push_pull^(0+1280),f,c
  1984   002774  EFBE  F013         	goto	u1624
  1985   002778                     u1625:
  1986   002778  90D8               	bcf	status,0,c
  1987   00277A  3603               	rlcf	(??_set_pin_push_pull+1)^(0+1280),f,c
  1988   00277C                     u1624:
  1989   00277C  2E02               	decfsz	??_set_pin_push_pull^(0+1280),f,c
  1990   00277E  EFBC  F013         	goto	u1625
  1991   002782  5003               	movf	(??_set_pin_push_pull+1)^(0+1280),w,c
  1992   002784  0AFF               	xorlw	255
  1993   002786  0104               	movlb	4	; () banked
  1994   002788  1702               	andwf	2,f,b	;volatile
  1995                           
  1996                           ;gpio.c: 277:             break;
  1997   00278A  EF46  F014         	goto	l233
  1998   00278E                     l1957:
  1999                           
  2000                           ;gpio.c: 279:             ODCONB &= ~(1 << pin_number);
  2001   00278E  C501  F502         	movff	set_pin_push_pull@pin_number,??_set_pin_push_pull
  2002   002792  0E01               	movlw	1
  2003   002794  6E03               	movwf	(??_set_pin_push_pull+1)^(0+1280),c
  2004   002796  2A02               	incf	??_set_pin_push_pull^(0+1280),f,c
  2005   002798  EFD0  F013         	goto	u1634
  2006   00279C                     u1635:
  2007   00279C  90D8               	bcf	status,0,c
  2008   00279E  3603               	rlcf	(??_set_pin_push_pull+1)^(0+1280),f,c
  2009   0027A0                     u1634:
  2010   0027A0  2E02               	decfsz	??_set_pin_push_pull^(0+1280),f,c
  2011   0027A2  EFCE  F013         	goto	u1635
  2012   0027A6  5003               	movf	(??_set_pin_push_pull+1)^(0+1280),w,c
  2013   0027A8  0AFF               	xorlw	255
  2014   0027AA  0104               	movlb	4	; () banked
  2015   0027AC  170A               	andwf	10,f,b	;volatile
  2016                           
  2017                           ;gpio.c: 280:             break;
  2018   0027AE  EF46  F014         	goto	l233
  2019   0027B2                     l1959:
  2020                           
  2021                           ;gpio.c: 282:             ODCONC &= ~(1 << pin_number);
  2022   0027B2  C501  F502         	movff	set_pin_push_pull@pin_number,??_set_pin_push_pull
  2023   0027B6  0E01               	movlw	1
  2024   0027B8  6E03               	movwf	(??_set_pin_push_pull+1)^(0+1280),c
  2025   0027BA  2A02               	incf	??_set_pin_push_pull^(0+1280),f,c
  2026   0027BC  EFE2  F013         	goto	u1644
  2027   0027C0                     u1645:
  2028   0027C0  90D8               	bcf	status,0,c
  2029   0027C2  3603               	rlcf	(??_set_pin_push_pull+1)^(0+1280),f,c
  2030   0027C4                     u1644:
  2031   0027C4  2E02               	decfsz	??_set_pin_push_pull^(0+1280),f,c
  2032   0027C6  EFE0  F013         	goto	u1645
  2033   0027CA  5003               	movf	(??_set_pin_push_pull+1)^(0+1280),w,c
  2034   0027CC  0AFF               	xorlw	255
  2035   0027CE  0104               	movlb	4	; () banked
  2036   0027D0  1712               	andwf	18,f,b	;volatile
  2037                           
  2038                           ;gpio.c: 283:             break;
  2039   0027D2  EF46  F014         	goto	l233
  2040   0027D6                     l1961:
  2041                           
  2042                           ;gpio.c: 285:             ODCOND &= ~(1 << pin_number);
  2043   0027D6  C501  F502         	movff	set_pin_push_pull@pin_number,??_set_pin_push_pull
  2044   0027DA  0E01               	movlw	1
  2045   0027DC  6E03               	movwf	(??_set_pin_push_pull+1)^(0+1280),c
  2046   0027DE  2A02               	incf	??_set_pin_push_pull^(0+1280),f,c
  2047   0027E0  EFF4  F013         	goto	u1654
  2048   0027E4                     u1655:
  2049   0027E4  90D8               	bcf	status,0,c
  2050   0027E6  3603               	rlcf	(??_set_pin_push_pull+1)^(0+1280),f,c
  2051   0027E8                     u1654:
  2052   0027E8  2E02               	decfsz	??_set_pin_push_pull^(0+1280),f,c
  2053   0027EA  EFF2  F013         	goto	u1655
  2054   0027EE  5003               	movf	(??_set_pin_push_pull+1)^(0+1280),w,c
  2055   0027F0  0AFF               	xorlw	255
  2056   0027F2  0104               	movlb	4	; () banked
  2057   0027F4  171A               	andwf	26,f,b	;volatile
  2058                           
  2059                           ;gpio.c: 286:             break;
  2060   0027F6  EF46  F014         	goto	l233
  2061   0027FA                     l1963:
  2062                           
  2063                           ;gpio.c: 288:             ODCONE &= ~(1 << pin_number);
  2064   0027FA  C501  F502         	movff	set_pin_push_pull@pin_number,??_set_pin_push_pull
  2065   0027FE  0E01               	movlw	1
  2066   002800  6E03               	movwf	(??_set_pin_push_pull+1)^(0+1280),c
  2067   002802  2A02               	incf	??_set_pin_push_pull^(0+1280),f,c
  2068   002804  EF06  F014         	goto	u1664
  2069   002808                     u1665:
  2070   002808  90D8               	bcf	status,0,c
  2071   00280A  3603               	rlcf	(??_set_pin_push_pull+1)^(0+1280),f,c
  2072   00280C                     u1664:
  2073   00280C  2E02               	decfsz	??_set_pin_push_pull^(0+1280),f,c
  2074   00280E  EF04  F014         	goto	u1665
  2075   002812  5003               	movf	(??_set_pin_push_pull+1)^(0+1280),w,c
  2076   002814  0AFF               	xorlw	255
  2077   002816  0104               	movlb	4	; () banked
  2078   002818  1722               	andwf	34,f,b	;volatile
  2079                           
  2080                           ;gpio.c: 289:             break;
  2081   00281A  EF46  F014         	goto	l233
  2082   00281E                     l1965:
  2083                           
  2084                           ;gpio.c: 291:             ODCONF &= ~(1 << pin_number);
  2085   00281E  C501  F502         	movff	set_pin_push_pull@pin_number,??_set_pin_push_pull
  2086   002822  0E01               	movlw	1
  2087   002824  6E03               	movwf	(??_set_pin_push_pull+1)^(0+1280),c
  2088   002826  2A02               	incf	??_set_pin_push_pull^(0+1280),f,c
  2089   002828  EF18  F014         	goto	u1674
  2090   00282C                     u1675:
  2091   00282C  90D8               	bcf	status,0,c
  2092   00282E  3603               	rlcf	(??_set_pin_push_pull+1)^(0+1280),f,c
  2093   002830                     u1674:
  2094   002830  2E02               	decfsz	??_set_pin_push_pull^(0+1280),f,c
  2095   002832  EF16  F014         	goto	u1675
  2096   002836  5003               	movf	(??_set_pin_push_pull+1)^(0+1280),w,c
  2097   002838  0AFF               	xorlw	255
  2098   00283A  0104               	movlb	4	; () banked
  2099   00283C  172A               	andwf	42,f,b	;volatile
  2100                           
  2101                           ;gpio.c: 292:             break;
  2102   00283E  EF46  F014         	goto	l233
  2103   002842                     l1969:
  2104   002842  5004               	movf	set_pin_push_pull@port_name^(0+1280),w,c
  2105   002844  6E02               	movwf	??_set_pin_push_pull^(0+1280),c
  2106   002846  6A03               	clrf	(??_set_pin_push_pull+1)^(0+1280),c
  2107                           
  2108                           ; Switch on 2 bytes has been partitioned into a top level switch of size 1, and 1 sub-sw
      +                          itches
  2109                           ; Switch size 1, requested type "simple"
  2110                           ; Number of cases is 1, Range of values is 0 to 0
  2111                           ; switch strategies available:
  2112                           ; Name         Instructions Cycles
  2113                           ; simple_byte            4     3 (average)
  2114                           ;	Chosen strategy is simple_byte
  2115   002848  5003               	movf	(??_set_pin_push_pull+1)^(0+1280),w,c
  2116   00284A  0A00               	xorlw	0	; case 0
  2117   00284C  B4D8               	btfsc	status,2,c
  2118   00284E  EF2B  F014         	goto	l2345
  2119   002852  EF46  F014         	goto	l233
  2120   002856                     l2345:
  2121                           
  2122                           ; Switch size 1, requested type "simple"
  2123                           ; Number of cases is 6, Range of values is 65 to 70
  2124                           ; switch strategies available:
  2125                           ; Name         Instructions Cycles
  2126                           ; simple_byte           19    10 (average)
  2127                           ;	Chosen strategy is simple_byte
  2128   002856  5002               	movf	??_set_pin_push_pull^(0+1280),w,c
  2129   002858  0A41               	xorlw	65	; case 65
  2130   00285A  B4D8               	btfsc	status,2,c
  2131   00285C  EFB5  F013         	goto	l1955
  2132   002860  0A03               	xorlw	3	; case 66
  2133   002862  B4D8               	btfsc	status,2,c
  2134   002864  EFC7  F013         	goto	l1957
  2135   002868  0A01               	xorlw	1	; case 67
  2136   00286A  B4D8               	btfsc	status,2,c
  2137   00286C  EFD9  F013         	goto	l1959
  2138   002870  0A07               	xorlw	7	; case 68
  2139   002872  B4D8               	btfsc	status,2,c
  2140   002874  EFEB  F013         	goto	l1961
  2141   002878  0A01               	xorlw	1	; case 69
  2142   00287A  B4D8               	btfsc	status,2,c
  2143   00287C  EFFD  F013         	goto	l1963
  2144   002880  0A03               	xorlw	3	; case 70
  2145   002882  B4D8               	btfsc	status,2,c
  2146   002884  EF0F  F014         	goto	l1965
  2147   002888  EF46  F014         	goto	l233
  2148   00288C                     l233:
  2149   00288C  0012               	return		;funcret
  2150   00288E                     __end_of_set_pin_push_pull:
  2151                           	callstack 0
  2152                           
  2153 ;; *************** function _set_pin_pullup *****************
  2154 ;; Defined at:
  2155 ;;		line 110 in file "gpio.c"
  2156 ;; Parameters:    Size  Location     Type
  2157 ;;  port_name       1    wreg     enum E17440
  2158 ;;  pin_number      1    0[COMRAM] unsigned char 
  2159 ;; Auto vars:     Size  Location     Type
  2160 ;;  port_name       1    3[COMRAM] enum E17440
  2161 ;; Return value:  Size  Location     Type
  2162 ;;                  1    wreg      void 
  2163 ;; Registers used:
  2164 ;;		wreg, status,2, status,0
  2165 ;; Tracked objects:
  2166 ;;		On entry : 0/0
  2167 ;;		On exit  : 0/0
  2168 ;;		Unchanged: 0/0
  2169 ;; Data sizes:     COMRAM   BANK5   BANK6   BANK7   BANK8   BANK9  BANK10  BANK11  BANK12  BANK13  BANK14  BANK15  BANK1
      +6  BANK17  BANK18  BANK19  BANK20  BANK21  BANK22  BANK23  BANK24  BANK25  BANK26  BANK27  BANK28  BANK29  BANK30  BANK3
      +1  BANK32  BANK33  BANK34  BANK35  BANK36
  2170 ;;      Params:         1       0       0       0       0       0       0       0       0       0       0       0       
      +0       0       0       0       0       0       0       0       0       0       0       0       0       0       0       
      +0       0       0       0       0       0
  2171 ;;      Locals:         1       0       0       0       0       0       0       0       0       0       0       0       
      +0       0       0       0       0       0       0       0       0       0       0       0       0       0       0       
      +0       0       0       0       0       0
  2172 ;;      Temps:          2       0       0       0       0       0       0       0       0       0       0       0       
      +0       0       0       0       0       0       0       0       0       0       0       0       0       0       0       
      +0       0       0       0       0       0
  2173 ;;      Totals:         4       0       0       0       0       0       0       0       0       0       0       0       
      +0       0       0       0       0       0       0       0       0       0       0       0       0       0       0       
      +0       0       0       0       0       0
  2174 ;;Total ram usage:        4 bytes
  2175 ;; Hardware stack levels used: 1
  2176 ;; This function calls:
  2177 ;;		Nothing
  2178 ;; This function is called by:
  2179 ;;		_configure_pin
  2180 ;; This function uses a non-reentrant model
  2181 ;;
  2182                           
  2183                           	psect	text12
  2184   002D1E                     __ptext12:
  2185                           	callstack 0
  2186   002D1E                     _set_pin_pullup:
  2187                           	callstack 124
  2188                           
  2189                           ;incstack = 0
  2190                           ;set_pin_pullup@port_name stored from wreg
  2191   002D1E  6E04               	movwf	set_pin_pullup@port_name^(0+1280),c
  2192   002D20                     
  2193                           ;gpio.c: 110: void set_pin_pullup(PortName_t port_name, uint8_t pin_number);gpio.c: 111:
      +                           {;gpio.c: 112:     switch(port_name)
  2194   002D20  EFF8  F016         	goto	l1837
  2195   002D24                     l1823:
  2196                           
  2197                           ;gpio.c: 115:             WPUA |= (1 << pin_number);
  2198   002D24  C501  F502         	movff	set_pin_pullup@pin_number,??_set_pin_pullup
  2199   002D28  0E01               	movlw	1
  2200   002D2A  6E03               	movwf	(??_set_pin_pullup+1)^(0+1280),c
  2201   002D2C  2A02               	incf	??_set_pin_pullup^(0+1280),f,c
  2202   002D2E  EF9B  F016         	goto	u1264
  2203   002D32                     u1265:
  2204   002D32  90D8               	bcf	status,0,c
  2205   002D34  3603               	rlcf	(??_set_pin_pullup+1)^(0+1280),f,c
  2206   002D36                     u1264:
  2207   002D36  2E02               	decfsz	??_set_pin_pullup^(0+1280),f,c
  2208   002D38  EF99  F016         	goto	u1265
  2209   002D3C  5003               	movf	(??_set_pin_pullup+1)^(0+1280),w,c
  2210   002D3E  0104               	movlb	4	; () banked
  2211   002D40  1301               	iorwf	1,f,b	;volatile
  2212                           
  2213                           ;gpio.c: 116:             break;
  2214   002D42  EF1D  F017         	goto	l161
  2215   002D46                     l1825:
  2216                           
  2217                           ;gpio.c: 118:             WPUB |= (1 << pin_number);
  2218   002D46  C501  F502         	movff	set_pin_pullup@pin_number,??_set_pin_pullup
  2219   002D4A  0E01               	movlw	1
  2220   002D4C  6E03               	movwf	(??_set_pin_pullup+1)^(0+1280),c
  2221   002D4E  2A02               	incf	??_set_pin_pullup^(0+1280),f,c
  2222   002D50  EFAC  F016         	goto	u1274
  2223   002D54                     u1275:
  2224   002D54  90D8               	bcf	status,0,c
  2225   002D56  3603               	rlcf	(??_set_pin_pullup+1)^(0+1280),f,c
  2226   002D58                     u1274:
  2227   002D58  2E02               	decfsz	??_set_pin_pullup^(0+1280),f,c
  2228   002D5A  EFAA  F016         	goto	u1275
  2229   002D5E  5003               	movf	(??_set_pin_pullup+1)^(0+1280),w,c
  2230   002D60  0104               	movlb	4	; () banked
  2231   002D62  1309               	iorwf	9,f,b	;volatile
  2232                           
  2233                           ;gpio.c: 119:             break;
  2234   002D64  EF1D  F017         	goto	l161
  2235   002D68                     l1827:
  2236                           
  2237                           ;gpio.c: 121:             WPUC |= (1 << pin_number);
  2238   002D68  C501  F502         	movff	set_pin_pullup@pin_number,??_set_pin_pullup
  2239   002D6C  0E01               	movlw	1
  2240   002D6E  6E03               	movwf	(??_set_pin_pullup+1)^(0+1280),c
  2241   002D70  2A02               	incf	??_set_pin_pullup^(0+1280),f,c
  2242   002D72  EFBD  F016         	goto	u1284
  2243   002D76                     u1285:
  2244   002D76  90D8               	bcf	status,0,c
  2245   002D78  3603               	rlcf	(??_set_pin_pullup+1)^(0+1280),f,c
  2246   002D7A                     u1284:
  2247   002D7A  2E02               	decfsz	??_set_pin_pullup^(0+1280),f,c
  2248   002D7C  EFBB  F016         	goto	u1285
  2249   002D80  5003               	movf	(??_set_pin_pullup+1)^(0+1280),w,c
  2250   002D82  0104               	movlb	4	; () banked
  2251   002D84  1311               	iorwf	17,f,b	;volatile
  2252                           
  2253                           ;gpio.c: 122:             break;
  2254   002D86  EF1D  F017         	goto	l161
  2255   002D8A                     l1829:
  2256                           
  2257                           ;gpio.c: 124:             WPUD |= (1 << pin_number);
  2258   002D8A  C501  F502         	movff	set_pin_pullup@pin_number,??_set_pin_pullup
  2259   002D8E  0E01               	movlw	1
  2260   002D90  6E03               	movwf	(??_set_pin_pullup+1)^(0+1280),c
  2261   002D92  2A02               	incf	??_set_pin_pullup^(0+1280),f,c
  2262   002D94  EFCE  F016         	goto	u1294
  2263   002D98                     u1295:
  2264   002D98  90D8               	bcf	status,0,c
  2265   002D9A  3603               	rlcf	(??_set_pin_pullup+1)^(0+1280),f,c
  2266   002D9C                     u1294:
  2267   002D9C  2E02               	decfsz	??_set_pin_pullup^(0+1280),f,c
  2268   002D9E  EFCC  F016         	goto	u1295
  2269   002DA2  5003               	movf	(??_set_pin_pullup+1)^(0+1280),w,c
  2270   002DA4  0104               	movlb	4	; () banked
  2271   002DA6  1319               	iorwf	25,f,b	;volatile
  2272                           
  2273                           ;gpio.c: 125:             break;
  2274   002DA8  EF1D  F017         	goto	l161
  2275   002DAC                     l1831:
  2276                           
  2277                           ;gpio.c: 127:             WPUE |= (1 << pin_number);
  2278   002DAC  C501  F502         	movff	set_pin_pullup@pin_number,??_set_pin_pullup
  2279   002DB0  0E01               	movlw	1
  2280   002DB2  6E03               	movwf	(??_set_pin_pullup+1)^(0+1280),c
  2281   002DB4  2A02               	incf	??_set_pin_pullup^(0+1280),f,c
  2282   002DB6  EFDF  F016         	goto	u1304
  2283   002DBA                     u1305:
  2284   002DBA  90D8               	bcf	status,0,c
  2285   002DBC  3603               	rlcf	(??_set_pin_pullup+1)^(0+1280),f,c
  2286   002DBE                     u1304:
  2287   002DBE  2E02               	decfsz	??_set_pin_pullup^(0+1280),f,c
  2288   002DC0  EFDD  F016         	goto	u1305
  2289   002DC4  5003               	movf	(??_set_pin_pullup+1)^(0+1280),w,c
  2290   002DC6  0104               	movlb	4	; () banked
  2291   002DC8  1321               	iorwf	33,f,b	;volatile
  2292                           
  2293                           ;gpio.c: 128:             break;
  2294   002DCA  EF1D  F017         	goto	l161
  2295   002DCE                     l1833:
  2296                           
  2297                           ;gpio.c: 130:             WPUF |= (1 << pin_number);
  2298   002DCE  C501  F502         	movff	set_pin_pullup@pin_number,??_set_pin_pullup
  2299   002DD2  0E01               	movlw	1
  2300   002DD4  6E03               	movwf	(??_set_pin_pullup+1)^(0+1280),c
  2301   002DD6  2A02               	incf	??_set_pin_pullup^(0+1280),f,c
  2302   002DD8  EFF0  F016         	goto	u1314
  2303   002DDC                     u1315:
  2304   002DDC  90D8               	bcf	status,0,c
  2305   002DDE  3603               	rlcf	(??_set_pin_pullup+1)^(0+1280),f,c
  2306   002DE0                     u1314:
  2307   002DE0  2E02               	decfsz	??_set_pin_pullup^(0+1280),f,c
  2308   002DE2  EFEE  F016         	goto	u1315
  2309   002DE6  5003               	movf	(??_set_pin_pullup+1)^(0+1280),w,c
  2310   002DE8  0104               	movlb	4	; () banked
  2311   002DEA  1329               	iorwf	41,f,b	;volatile
  2312                           
  2313                           ;gpio.c: 131:             break;
  2314   002DEC  EF1D  F017         	goto	l161
  2315   002DF0                     l1837:
  2316   002DF0  5004               	movf	set_pin_pullup@port_name^(0+1280),w,c
  2317   002DF2  6E02               	movwf	??_set_pin_pullup^(0+1280),c
  2318   002DF4  6A03               	clrf	(??_set_pin_pullup+1)^(0+1280),c
  2319                           
  2320                           ; Switch on 2 bytes has been partitioned into a top level switch of size 1, and 1 sub-sw
      +                          itches
  2321                           ; Switch size 1, requested type "simple"
  2322                           ; Number of cases is 1, Range of values is 0 to 0
  2323                           ; switch strategies available:
  2324                           ; Name         Instructions Cycles
  2325                           ; simple_byte            4     3 (average)
  2326                           ;	Chosen strategy is simple_byte
  2327   002DF6  5003               	movf	(??_set_pin_pullup+1)^(0+1280),w,c
  2328   002DF8  0A00               	xorlw	0	; case 0
  2329   002DFA  B4D8               	btfsc	status,2,c
  2330   002DFC  EF02  F017         	goto	l2347
  2331   002E00  EF1D  F017         	goto	l161
  2332   002E04                     l2347:
  2333                           
  2334                           ; Switch size 1, requested type "simple"
  2335                           ; Number of cases is 6, Range of values is 65 to 70
  2336                           ; switch strategies available:
  2337                           ; Name         Instructions Cycles
  2338                           ; simple_byte           19    10 (average)
  2339                           ;	Chosen strategy is simple_byte
  2340   002E04  5002               	movf	??_set_pin_pullup^(0+1280),w,c
  2341   002E06  0A41               	xorlw	65	; case 65
  2342   002E08  B4D8               	btfsc	status,2,c
  2343   002E0A  EF92  F016         	goto	l1823
  2344   002E0E  0A03               	xorlw	3	; case 66
  2345   002E10  B4D8               	btfsc	status,2,c
  2346   002E12  EFA3  F016         	goto	l1825
  2347   002E16  0A01               	xorlw	1	; case 67
  2348   002E18  B4D8               	btfsc	status,2,c
  2349   002E1A  EFB4  F016         	goto	l1827
  2350   002E1E  0A07               	xorlw	7	; case 68
  2351   002E20  B4D8               	btfsc	status,2,c
  2352   002E22  EFC5  F016         	goto	l1829
  2353   002E26  0A01               	xorlw	1	; case 69
  2354   002E28  B4D8               	btfsc	status,2,c
  2355   002E2A  EFD6  F016         	goto	l1831
  2356   002E2E  0A03               	xorlw	3	; case 70
  2357   002E30  B4D8               	btfsc	status,2,c
  2358   002E32  EFE7  F016         	goto	l1833
  2359   002E36  EF1D  F017         	goto	l161
  2360   002E3A                     l161:
  2361   002E3A  0012               	return		;funcret
  2362   002E3C                     __end_of_set_pin_pullup:
  2363                           	callstack 0
  2364                           
  2365 ;; *************** function _set_pin_output *****************
  2366 ;; Defined at:
  2367 ;;		line 31 in file "gpio.c"
  2368 ;; Parameters:    Size  Location     Type
  2369 ;;  port_name       1    wreg     enum E17440
  2370 ;;  pin_number      1    0[COMRAM] unsigned char 
  2371 ;; Auto vars:     Size  Location     Type
  2372 ;;  port_name       1    3[COMRAM] enum E17440
  2373 ;; Return value:  Size  Location     Type
  2374 ;;                  1    wreg      void 
  2375 ;; Registers used:
  2376 ;;		wreg, status,2, status,0
  2377 ;; Tracked objects:
  2378 ;;		On entry : 0/0
  2379 ;;		On exit  : 0/0
  2380 ;;		Unchanged: 0/0
  2381 ;; Data sizes:     COMRAM   BANK5   BANK6   BANK7   BANK8   BANK9  BANK10  BANK11  BANK12  BANK13  BANK14  BANK15  BANK1
      +6  BANK17  BANK18  BANK19  BANK20  BANK21  BANK22  BANK23  BANK24  BANK25  BANK26  BANK27  BANK28  BANK29  BANK30  BANK3
      +1  BANK32  BANK33  BANK34  BANK35  BANK36
  2382 ;;      Params:         1       0       0       0       0       0       0       0       0       0       0       0       
      +0       0       0       0       0       0       0       0       0       0       0       0       0       0       0       
      +0       0       0       0       0       0
  2383 ;;      Locals:         1       0       0       0       0       0       0       0       0       0       0       0       
      +0       0       0       0       0       0       0       0       0       0       0       0       0       0       0       
      +0       0       0       0       0       0
  2384 ;;      Temps:          2       0       0       0       0       0       0       0       0       0       0       0       
      +0       0       0       0       0       0       0       0       0       0       0       0       0       0       0       
      +0       0       0       0       0       0
  2385 ;;      Totals:         4       0       0       0       0       0       0       0       0       0       0       0       
      +0       0       0       0       0       0       0       0       0       0       0       0       0       0       0       
      +0       0       0       0       0       0
  2386 ;;Total ram usage:        4 bytes
  2387 ;; Hardware stack levels used: 1
  2388 ;; This function calls:
  2389 ;;		Nothing
  2390 ;; This function is called by:
  2391 ;;		_configure_pin
  2392 ;; This function uses a non-reentrant model
  2393 ;;
  2394                           
  2395                           	psect	text13
  2396   002E3C                     __ptext13:
  2397                           	callstack 0
  2398   002E3C                     _set_pin_output:
  2399                           	callstack 124
  2400                           
  2401                           ;incstack = 0
  2402                           ;set_pin_output@port_name stored from wreg
  2403   002E3C  6E04               	movwf	set_pin_output@port_name^(0+1280),c
  2404   002E3E                     
  2405                           ;gpio.c: 31: void set_pin_output(PortName_t port_name, uint8_t pin_number);gpio.c: 32: {
      +                          ;gpio.c: 33:     switch(port_name)
  2406   002E3E  EF87  F017         	goto	l1771
  2407   002E42                     l1757:
  2408                           
  2409                           ;gpio.c: 36:             TRISA &= ~(1 << pin_number);
  2410   002E42  C501  F502         	movff	set_pin_output@pin_number,??_set_pin_output
  2411   002E46  0E01               	movlw	1
  2412   002E48  6E03               	movwf	(??_set_pin_output+1)^(0+1280),c
  2413   002E4A  2A02               	incf	??_set_pin_output^(0+1280),f,c
  2414   002E4C  EF2A  F017         	goto	u1084
  2415   002E50                     u1085:
  2416   002E50  90D8               	bcf	status,0,c
  2417   002E52  3603               	rlcf	(??_set_pin_output+1)^(0+1280),f,c
  2418   002E54                     u1084:
  2419   002E54  2E02               	decfsz	??_set_pin_output^(0+1280),f,c
  2420   002E56  EF28  F017         	goto	u1085
  2421   002E5A  5003               	movf	(??_set_pin_output+1)^(0+1280),w,c
  2422   002E5C  0AFF               	xorlw	255
  2423   002E5E  16C6               	andwf	198,f,c	;volatile
  2424                           
  2425                           ;gpio.c: 37:             break;
  2426   002E60  EFAC  F017         	goto	l125
  2427   002E64                     l1759:
  2428                           
  2429                           ;gpio.c: 39:             TRISB &= ~(1 << pin_number);
  2430   002E64  C501  F502         	movff	set_pin_output@pin_number,??_set_pin_output
  2431   002E68  0E01               	movlw	1
  2432   002E6A  6E03               	movwf	(??_set_pin_output+1)^(0+1280),c
  2433   002E6C  2A02               	incf	??_set_pin_output^(0+1280),f,c
  2434   002E6E  EF3B  F017         	goto	u1094
  2435   002E72                     u1095:
  2436   002E72  90D8               	bcf	status,0,c
  2437   002E74  3603               	rlcf	(??_set_pin_output+1)^(0+1280),f,c
  2438   002E76                     u1094:
  2439   002E76  2E02               	decfsz	??_set_pin_output^(0+1280),f,c
  2440   002E78  EF39  F017         	goto	u1095
  2441   002E7C  5003               	movf	(??_set_pin_output+1)^(0+1280),w,c
  2442   002E7E  0AFF               	xorlw	255
  2443   002E80  16C7               	andwf	199,f,c	;volatile
  2444                           
  2445                           ;gpio.c: 40:             break;
  2446   002E82  EFAC  F017         	goto	l125
  2447   002E86                     l1761:
  2448                           
  2449                           ;gpio.c: 42:             TRISC &= ~(1 << pin_number);
  2450   002E86  C501  F502         	movff	set_pin_output@pin_number,??_set_pin_output
  2451   002E8A  0E01               	movlw	1
  2452   002E8C  6E03               	movwf	(??_set_pin_output+1)^(0+1280),c
  2453   002E8E  2A02               	incf	??_set_pin_output^(0+1280),f,c
  2454   002E90  EF4C  F017         	goto	u1104
  2455   002E94                     u1105:
  2456   002E94  90D8               	bcf	status,0,c
  2457   002E96  3603               	rlcf	(??_set_pin_output+1)^(0+1280),f,c
  2458   002E98                     u1104:
  2459   002E98  2E02               	decfsz	??_set_pin_output^(0+1280),f,c
  2460   002E9A  EF4A  F017         	goto	u1105
  2461   002E9E  5003               	movf	(??_set_pin_output+1)^(0+1280),w,c
  2462   002EA0  0AFF               	xorlw	255
  2463   002EA2  16C8               	andwf	200,f,c	;volatile
  2464                           
  2465                           ;gpio.c: 43:             break;
  2466   002EA4  EFAC  F017         	goto	l125
  2467   002EA8                     l1763:
  2468                           
  2469                           ;gpio.c: 45:             TRISD &= ~(1 << pin_number);
  2470   002EA8  C501  F502         	movff	set_pin_output@pin_number,??_set_pin_output
  2471   002EAC  0E01               	movlw	1
  2472   002EAE  6E03               	movwf	(??_set_pin_output+1)^(0+1280),c
  2473   002EB0  2A02               	incf	??_set_pin_output^(0+1280),f,c
  2474   002EB2  EF5D  F017         	goto	u1114
  2475   002EB6                     u1115:
  2476   002EB6  90D8               	bcf	status,0,c
  2477   002EB8  3603               	rlcf	(??_set_pin_output+1)^(0+1280),f,c
  2478   002EBA                     u1114:
  2479   002EBA  2E02               	decfsz	??_set_pin_output^(0+1280),f,c
  2480   002EBC  EF5B  F017         	goto	u1115
  2481   002EC0  5003               	movf	(??_set_pin_output+1)^(0+1280),w,c
  2482   002EC2  0AFF               	xorlw	255
  2483   002EC4  16C9               	andwf	201,f,c	;volatile
  2484                           
  2485                           ;gpio.c: 46:             break;
  2486   002EC6  EFAC  F017         	goto	l125
  2487   002ECA                     l1765:
  2488                           
  2489                           ;gpio.c: 48:             TRISE &= ~(1 << pin_number);
  2490   002ECA  C501  F502         	movff	set_pin_output@pin_number,??_set_pin_output
  2491   002ECE  0E01               	movlw	1
  2492   002ED0  6E03               	movwf	(??_set_pin_output+1)^(0+1280),c
  2493   002ED2  2A02               	incf	??_set_pin_output^(0+1280),f,c
  2494   002ED4  EF6E  F017         	goto	u1124
  2495   002ED8                     u1125:
  2496   002ED8  90D8               	bcf	status,0,c
  2497   002EDA  3603               	rlcf	(??_set_pin_output+1)^(0+1280),f,c
  2498   002EDC                     u1124:
  2499   002EDC  2E02               	decfsz	??_set_pin_output^(0+1280),f,c
  2500   002EDE  EF6C  F017         	goto	u1125
  2501   002EE2  5003               	movf	(??_set_pin_output+1)^(0+1280),w,c
  2502   002EE4  0AFF               	xorlw	255
  2503   002EE6  16CA               	andwf	202,f,c	;volatile
  2504                           
  2505                           ;gpio.c: 49:             break;
  2506   002EE8  EFAC  F017         	goto	l125
  2507   002EEC                     l1767:
  2508                           
  2509                           ;gpio.c: 51:             TRISF &= ~(1 << pin_number);
  2510   002EEC  C501  F502         	movff	set_pin_output@pin_number,??_set_pin_output
  2511   002EF0  0E01               	movlw	1
  2512   002EF2  6E03               	movwf	(??_set_pin_output+1)^(0+1280),c
  2513   002EF4  2A02               	incf	??_set_pin_output^(0+1280),f,c
  2514   002EF6  EF7F  F017         	goto	u1134
  2515   002EFA                     u1135:
  2516   002EFA  90D8               	bcf	status,0,c
  2517   002EFC  3603               	rlcf	(??_set_pin_output+1)^(0+1280),f,c
  2518   002EFE                     u1134:
  2519   002EFE  2E02               	decfsz	??_set_pin_output^(0+1280),f,c
  2520   002F00  EF7D  F017         	goto	u1135
  2521   002F04  5003               	movf	(??_set_pin_output+1)^(0+1280),w,c
  2522   002F06  0AFF               	xorlw	255
  2523   002F08  16CB               	andwf	203,f,c	;volatile
  2524                           
  2525                           ;gpio.c: 52:             break;
  2526   002F0A  EFAC  F017         	goto	l125
  2527   002F0E                     l1771:
  2528   002F0E  5004               	movf	set_pin_output@port_name^(0+1280),w,c
  2529   002F10  6E02               	movwf	??_set_pin_output^(0+1280),c
  2530   002F12  6A03               	clrf	(??_set_pin_output+1)^(0+1280),c
  2531                           
  2532                           ; Switch on 2 bytes has been partitioned into a top level switch of size 1, and 1 sub-sw
      +                          itches
  2533                           ; Switch size 1, requested type "simple"
  2534                           ; Number of cases is 1, Range of values is 0 to 0
  2535                           ; switch strategies available:
  2536                           ; Name         Instructions Cycles
  2537                           ; simple_byte            4     3 (average)
  2538                           ;	Chosen strategy is simple_byte
  2539   002F14  5003               	movf	(??_set_pin_output+1)^(0+1280),w,c
  2540   002F16  0A00               	xorlw	0	; case 0
  2541   002F18  B4D8               	btfsc	status,2,c
  2542   002F1A  EF91  F017         	goto	l2349
  2543   002F1E  EFAC  F017         	goto	l125
  2544   002F22                     l2349:
  2545                           
  2546                           ; Switch size 1, requested type "simple"
  2547                           ; Number of cases is 6, Range of values is 65 to 70
  2548                           ; switch strategies available:
  2549                           ; Name         Instructions Cycles
  2550                           ; simple_byte           19    10 (average)
  2551                           ;	Chosen strategy is simple_byte
  2552   002F22  5002               	movf	??_set_pin_output^(0+1280),w,c
  2553   002F24  0A41               	xorlw	65	; case 65
  2554   002F26  B4D8               	btfsc	status,2,c
  2555   002F28  EF21  F017         	goto	l1757
  2556   002F2C  0A03               	xorlw	3	; case 66
  2557   002F2E  B4D8               	btfsc	status,2,c
  2558   002F30  EF32  F017         	goto	l1759
  2559   002F34  0A01               	xorlw	1	; case 67
  2560   002F36  B4D8               	btfsc	status,2,c
  2561   002F38  EF43  F017         	goto	l1761
  2562   002F3C  0A07               	xorlw	7	; case 68
  2563   002F3E  B4D8               	btfsc	status,2,c
  2564   002F40  EF54  F017         	goto	l1763
  2565   002F44  0A01               	xorlw	1	; case 69
  2566   002F46  B4D8               	btfsc	status,2,c
  2567   002F48  EF65  F017         	goto	l1765
  2568   002F4C  0A03               	xorlw	3	; case 70
  2569   002F4E  B4D8               	btfsc	status,2,c
  2570   002F50  EF76  F017         	goto	l1767
  2571   002F54  EFAC  F017         	goto	l125
  2572   002F58                     l125:
  2573   002F58  0012               	return		;funcret
  2574   002F5A                     __end_of_set_pin_output:
  2575                           	callstack 0
  2576                           
  2577 ;; *************** function _set_pin_open_drain *****************
  2578 ;; Defined at:
  2579 ;;		line 298 in file "gpio.c"
  2580 ;; Parameters:    Size  Location     Type
  2581 ;;  port_name       1    wreg     enum E17440
  2582 ;;  pin_number      1    0[COMRAM] unsigned char 
  2583 ;; Auto vars:     Size  Location     Type
  2584 ;;  port_name       1    3[COMRAM] enum E17440
  2585 ;; Return value:  Size  Location     Type
  2586 ;;                  1    wreg      void 
  2587 ;; Registers used:
  2588 ;;		wreg, status,2, status,0
  2589 ;; Tracked objects:
  2590 ;;		On entry : 0/0
  2591 ;;		On exit  : 0/0
  2592 ;;		Unchanged: 0/0
  2593 ;; Data sizes:     COMRAM   BANK5   BANK6   BANK7   BANK8   BANK9  BANK10  BANK11  BANK12  BANK13  BANK14  BANK15  BANK1
      +6  BANK17  BANK18  BANK19  BANK20  BANK21  BANK22  BANK23  BANK24  BANK25  BANK26  BANK27  BANK28  BANK29  BANK30  BANK3
      +1  BANK32  BANK33  BANK34  BANK35  BANK36
  2594 ;;      Params:         1       0       0       0       0       0       0       0       0       0       0       0       
      +0       0       0       0       0       0       0       0       0       0       0       0       0       0       0       
      +0       0       0       0       0       0
  2595 ;;      Locals:         1       0       0       0       0       0       0       0       0       0       0       0       
      +0       0       0       0       0       0       0       0       0       0       0       0       0       0       0       
      +0       0       0       0       0       0
  2596 ;;      Temps:          2       0       0       0       0       0       0       0       0       0       0       0       
      +0       0       0       0       0       0       0       0       0       0       0       0       0       0       0       
      +0       0       0       0       0       0
  2597 ;;      Totals:         4       0       0       0       0       0       0       0       0       0       0       0       
      +0       0       0       0       0       0       0       0       0       0       0       0       0       0       0       
      +0       0       0       0       0       0
  2598 ;;Total ram usage:        4 bytes
  2599 ;; Hardware stack levels used: 1
  2600 ;; This function calls:
  2601 ;;		Nothing
  2602 ;; This function is called by:
  2603 ;;		_configure_pin
  2604 ;; This function uses a non-reentrant model
  2605 ;;
  2606                           
  2607                           	psect	text14
  2608   002F5A                     __ptext14:
  2609                           	callstack 0
  2610   002F5A                     _set_pin_open_drain:
  2611                           	callstack 124
  2612                           
  2613                           ;incstack = 0
  2614                           ;set_pin_open_drain@port_name stored from wreg
  2615   002F5A  6E04               	movwf	set_pin_open_drain@port_name^(0+1280),c
  2616   002F5C                     
  2617                           ;gpio.c: 298: void set_pin_open_drain(PortName_t port_name, uint8_t pin_number);gpio.c: 
      +                          299: {;gpio.c: 300:     switch(port_name)
  2618   002F5C  EF16  F018         	goto	l1991
  2619   002F60                     l1977:
  2620                           
  2621                           ;gpio.c: 303:             ODCONA |= (1 << pin_number);
  2622   002F60  C501  F502         	movff	set_pin_open_drain@pin_number,??_set_pin_open_drain
  2623   002F64  0E01               	movlw	1
  2624   002F66  6E03               	movwf	(??_set_pin_open_drain+1)^(0+1280),c
  2625   002F68  2A02               	incf	??_set_pin_open_drain^(0+1280),f,c
  2626   002F6A  EFB9  F017         	goto	u1684
  2627   002F6E                     u1685:
  2628   002F6E  90D8               	bcf	status,0,c
  2629   002F70  3603               	rlcf	(??_set_pin_open_drain+1)^(0+1280),f,c
  2630   002F72                     u1684:
  2631   002F72  2E02               	decfsz	??_set_pin_open_drain^(0+1280),f,c
  2632   002F74  EFB7  F017         	goto	u1685
  2633   002F78  5003               	movf	(??_set_pin_open_drain+1)^(0+1280),w,c
  2634   002F7A  0104               	movlb	4	; () banked
  2635   002F7C  1302               	iorwf	2,f,b	;volatile
  2636                           
  2637                           ;gpio.c: 304:             break;
  2638   002F7E  EF3B  F018         	goto	l245
  2639   002F82                     l1979:
  2640                           
  2641                           ;gpio.c: 306:             ODCONB |= (1 << pin_number);
  2642   002F82  C501  F502         	movff	set_pin_open_drain@pin_number,??_set_pin_open_drain
  2643   002F86  0E01               	movlw	1
  2644   002F88  6E03               	movwf	(??_set_pin_open_drain+1)^(0+1280),c
  2645   002F8A  2A02               	incf	??_set_pin_open_drain^(0+1280),f,c
  2646   002F8C  EFCA  F017         	goto	u1694
  2647   002F90                     u1695:
  2648   002F90  90D8               	bcf	status,0,c
  2649   002F92  3603               	rlcf	(??_set_pin_open_drain+1)^(0+1280),f,c
  2650   002F94                     u1694:
  2651   002F94  2E02               	decfsz	??_set_pin_open_drain^(0+1280),f,c
  2652   002F96  EFC8  F017         	goto	u1695
  2653   002F9A  5003               	movf	(??_set_pin_open_drain+1)^(0+1280),w,c
  2654   002F9C  0104               	movlb	4	; () banked
  2655   002F9E  130A               	iorwf	10,f,b	;volatile
  2656                           
  2657                           ;gpio.c: 307:             break;
  2658   002FA0  EF3B  F018         	goto	l245
  2659   002FA4                     l1981:
  2660                           
  2661                           ;gpio.c: 309:             ODCONC |= (1 << pin_number);
  2662   002FA4  C501  F502         	movff	set_pin_open_drain@pin_number,??_set_pin_open_drain
  2663   002FA8  0E01               	movlw	1
  2664   002FAA  6E03               	movwf	(??_set_pin_open_drain+1)^(0+1280),c
  2665   002FAC  2A02               	incf	??_set_pin_open_drain^(0+1280),f,c
  2666   002FAE  EFDB  F017         	goto	u1704
  2667   002FB2                     u1705:
  2668   002FB2  90D8               	bcf	status,0,c
  2669   002FB4  3603               	rlcf	(??_set_pin_open_drain+1)^(0+1280),f,c
  2670   002FB6                     u1704:
  2671   002FB6  2E02               	decfsz	??_set_pin_open_drain^(0+1280),f,c
  2672   002FB8  EFD9  F017         	goto	u1705
  2673   002FBC  5003               	movf	(??_set_pin_open_drain+1)^(0+1280),w,c
  2674   002FBE  0104               	movlb	4	; () banked
  2675   002FC0  1312               	iorwf	18,f,b	;volatile
  2676                           
  2677                           ;gpio.c: 310:             break;
  2678   002FC2  EF3B  F018         	goto	l245
  2679   002FC6                     l1983:
  2680                           
  2681                           ;gpio.c: 312:             ODCOND |= (1 << pin_number);
  2682   002FC6  C501  F502         	movff	set_pin_open_drain@pin_number,??_set_pin_open_drain
  2683   002FCA  0E01               	movlw	1
  2684   002FCC  6E03               	movwf	(??_set_pin_open_drain+1)^(0+1280),c
  2685   002FCE  2A02               	incf	??_set_pin_open_drain^(0+1280),f,c
  2686   002FD0  EFEC  F017         	goto	u1714
  2687   002FD4                     u1715:
  2688   002FD4  90D8               	bcf	status,0,c
  2689   002FD6  3603               	rlcf	(??_set_pin_open_drain+1)^(0+1280),f,c
  2690   002FD8                     u1714:
  2691   002FD8  2E02               	decfsz	??_set_pin_open_drain^(0+1280),f,c
  2692   002FDA  EFEA  F017         	goto	u1715
  2693   002FDE  5003               	movf	(??_set_pin_open_drain+1)^(0+1280),w,c
  2694   002FE0  0104               	movlb	4	; () banked
  2695   002FE2  131A               	iorwf	26,f,b	;volatile
  2696                           
  2697                           ;gpio.c: 313:             break;
  2698   002FE4  EF3B  F018         	goto	l245
  2699   002FE8                     l1985:
  2700                           
  2701                           ;gpio.c: 315:             ODCONE |= (1 << pin_number);
  2702   002FE8  C501  F502         	movff	set_pin_open_drain@pin_number,??_set_pin_open_drain
  2703   002FEC  0E01               	movlw	1
  2704   002FEE  6E03               	movwf	(??_set_pin_open_drain+1)^(0+1280),c
  2705   002FF0  2A02               	incf	??_set_pin_open_drain^(0+1280),f,c
  2706   002FF2  EFFD  F017         	goto	u1724
  2707   002FF6                     u1725:
  2708   002FF6  90D8               	bcf	status,0,c
  2709   002FF8  3603               	rlcf	(??_set_pin_open_drain+1)^(0+1280),f,c
  2710   002FFA                     u1724:
  2711   002FFA  2E02               	decfsz	??_set_pin_open_drain^(0+1280),f,c
  2712   002FFC  EFFB  F017         	goto	u1725
  2713   003000  5003               	movf	(??_set_pin_open_drain+1)^(0+1280),w,c
  2714   003002  0104               	movlb	4	; () banked
  2715   003004  1322               	iorwf	34,f,b	;volatile
  2716                           
  2717                           ;gpio.c: 316:             break;
  2718   003006  EF3B  F018         	goto	l245
  2719   00300A                     l1987:
  2720                           
  2721                           ;gpio.c: 318:             ODCONF |= (1 << pin_number);
  2722   00300A  C501  F502         	movff	set_pin_open_drain@pin_number,??_set_pin_open_drain
  2723   00300E  0E01               	movlw	1
  2724   003010  6E03               	movwf	(??_set_pin_open_drain+1)^(0+1280),c
  2725   003012  2A02               	incf	??_set_pin_open_drain^(0+1280),f,c
  2726   003014  EF0E  F018         	goto	u1734
  2727   003018                     u1735:
  2728   003018  90D8               	bcf	status,0,c
  2729   00301A  3603               	rlcf	(??_set_pin_open_drain+1)^(0+1280),f,c
  2730   00301C                     u1734:
  2731   00301C  2E02               	decfsz	??_set_pin_open_drain^(0+1280),f,c
  2732   00301E  EF0C  F018         	goto	u1735
  2733   003022  5003               	movf	(??_set_pin_open_drain+1)^(0+1280),w,c
  2734   003024  0104               	movlb	4	; () banked
  2735   003026  132A               	iorwf	42,f,b	;volatile
  2736                           
  2737                           ;gpio.c: 319:             break;
  2738   003028  EF3B  F018         	goto	l245
  2739   00302C                     l1991:
  2740   00302C  5004               	movf	set_pin_open_drain@port_name^(0+1280),w,c
  2741   00302E  6E02               	movwf	??_set_pin_open_drain^(0+1280),c
  2742   003030  6A03               	clrf	(??_set_pin_open_drain+1)^(0+1280),c
  2743                           
  2744                           ; Switch on 2 bytes has been partitioned into a top level switch of size 1, and 1 sub-sw
      +                          itches
  2745                           ; Switch size 1, requested type "simple"
  2746                           ; Number of cases is 1, Range of values is 0 to 0
  2747                           ; switch strategies available:
  2748                           ; Name         Instructions Cycles
  2749                           ; simple_byte            4     3 (average)
  2750                           ;	Chosen strategy is simple_byte
  2751   003032  5003               	movf	(??_set_pin_open_drain+1)^(0+1280),w,c
  2752   003034  0A00               	xorlw	0	; case 0
  2753   003036  B4D8               	btfsc	status,2,c
  2754   003038  EF20  F018         	goto	l2351
  2755   00303C  EF3B  F018         	goto	l245
  2756   003040                     l2351:
  2757                           
  2758                           ; Switch size 1, requested type "simple"
  2759                           ; Number of cases is 6, Range of values is 65 to 70
  2760                           ; switch strategies available:
  2761                           ; Name         Instructions Cycles
  2762                           ; simple_byte           19    10 (average)
  2763                           ;	Chosen strategy is simple_byte
  2764   003040  5002               	movf	??_set_pin_open_drain^(0+1280),w,c
  2765   003042  0A41               	xorlw	65	; case 65
  2766   003044  B4D8               	btfsc	status,2,c
  2767   003046  EFB0  F017         	goto	l1977
  2768   00304A  0A03               	xorlw	3	; case 66
  2769   00304C  B4D8               	btfsc	status,2,c
  2770   00304E  EFC1  F017         	goto	l1979
  2771   003052  0A01               	xorlw	1	; case 67
  2772   003054  B4D8               	btfsc	status,2,c
  2773   003056  EFD2  F017         	goto	l1981
  2774   00305A  0A07               	xorlw	7	; case 68
  2775   00305C  B4D8               	btfsc	status,2,c
  2776   00305E  EFE3  F017         	goto	l1983
  2777   003062  0A01               	xorlw	1	; case 69
  2778   003064  B4D8               	btfsc	status,2,c
  2779   003066  EFF4  F017         	goto	l1985
  2780   00306A  0A03               	xorlw	3	; case 70
  2781   00306C  B4D8               	btfsc	status,2,c
  2782   00306E  EF05  F018         	goto	l1987
  2783   003072  EF3B  F018         	goto	l245
  2784   003076                     l245:
  2785   003076  0012               	return		;funcret
  2786   003078                     __end_of_set_pin_open_drain:
  2787                           	callstack 0
  2788                           
  2789 ;; *************** function _set_pin_input *****************
  2790 ;; Defined at:
  2791 ;;		line 3 in file "gpio.c"
  2792 ;; Parameters:    Size  Location     Type
  2793 ;;  port_name       1    wreg     enum E17440
  2794 ;;  pin_number      1    0[COMRAM] unsigned char 
  2795 ;; Auto vars:     Size  Location     Type
  2796 ;;  port_name       1    3[COMRAM] enum E17440
  2797 ;; Return value:  Size  Location     Type
  2798 ;;                  1    wreg      void 
  2799 ;; Registers used:
  2800 ;;		wreg, status,2, status,0
  2801 ;; Tracked objects:
  2802 ;;		On entry : 0/0
  2803 ;;		On exit  : 0/0
  2804 ;;		Unchanged: 0/0
  2805 ;; Data sizes:     COMRAM   BANK5   BANK6   BANK7   BANK8   BANK9  BANK10  BANK11  BANK12  BANK13  BANK14  BANK15  BANK1
      +6  BANK17  BANK18  BANK19  BANK20  BANK21  BANK22  BANK23  BANK24  BANK25  BANK26  BANK27  BANK28  BANK29  BANK30  BANK3
      +1  BANK32  BANK33  BANK34  BANK35  BANK36
  2806 ;;      Params:         1       0       0       0       0       0       0       0       0       0       0       0       
      +0       0       0       0       0       0       0       0       0       0       0       0       0       0       0       
      +0       0       0       0       0       0
  2807 ;;      Locals:         1       0       0       0       0       0       0       0       0       0       0       0       
      +0       0       0       0       0       0       0       0       0       0       0       0       0       0       0       
      +0       0       0       0       0       0
  2808 ;;      Temps:          2       0       0       0       0       0       0       0       0       0       0       0       
      +0       0       0       0       0       0       0       0       0       0       0       0       0       0       0       
      +0       0       0       0       0       0
  2809 ;;      Totals:         4       0       0       0       0       0       0       0       0       0       0       0       
      +0       0       0       0       0       0       0       0       0       0       0       0       0       0       0       
      +0       0       0       0       0       0
  2810 ;;Total ram usage:        4 bytes
  2811 ;; Hardware stack levels used: 1
  2812 ;; This function calls:
  2813 ;;		Nothing
  2814 ;; This function is called by:
  2815 ;;		_configure_pin
  2816 ;; This function uses a non-reentrant model
  2817 ;;
  2818                           
  2819                           	psect	text15
  2820   003196                     __ptext15:
  2821                           	callstack 0
  2822   003196                     _set_pin_input:
  2823                           	callstack 124
  2824                           
  2825                           ;incstack = 0
  2826                           ;set_pin_input@port_name stored from wreg
  2827   003196  6E04               	movwf	set_pin_input@port_name^(0+1280),c
  2828   003198                     
  2829                           ;gpio.c: 3: void set_pin_input(PortName_t port_name, uint8_t pin_number);gpio.c: 4: {;gp
      +                          io.c: 5:     switch(port_name)
  2830   003198  EF2E  F019         	goto	l1749
  2831   00319C                     l1735:
  2832                           
  2833                           ;gpio.c: 8:             TRISA |= (1 << pin_number);
  2834   00319C  C501  F502         	movff	set_pin_input@pin_number,??_set_pin_input
  2835   0031A0  0E01               	movlw	1
  2836   0031A2  6E03               	movwf	(??_set_pin_input+1)^(0+1280),c
  2837   0031A4  2A02               	incf	??_set_pin_input^(0+1280),f,c
  2838   0031A6  EFD7  F018         	goto	u1024
  2839   0031AA                     u1025:
  2840   0031AA  90D8               	bcf	status,0,c
  2841   0031AC  3603               	rlcf	(??_set_pin_input+1)^(0+1280),f,c
  2842   0031AE                     u1024:
  2843   0031AE  2E02               	decfsz	??_set_pin_input^(0+1280),f,c
  2844   0031B0  EFD5  F018         	goto	u1025
  2845   0031B4  5003               	movf	(??_set_pin_input+1)^(0+1280),w,c
  2846   0031B6  12C6               	iorwf	198,f,c	;volatile
  2847                           
  2848                           ;gpio.c: 9:             break;
  2849   0031B8  EF53  F019         	goto	l113
  2850   0031BC                     l1737:
  2851                           
  2852                           ;gpio.c: 11:             TRISB |= (1 << pin_number);
  2853   0031BC  C501  F502         	movff	set_pin_input@pin_number,??_set_pin_input
  2854   0031C0  0E01               	movlw	1
  2855   0031C2  6E03               	movwf	(??_set_pin_input+1)^(0+1280),c
  2856   0031C4  2A02               	incf	??_set_pin_input^(0+1280),f,c
  2857   0031C6  EFE7  F018         	goto	u1034
  2858   0031CA                     u1035:
  2859   0031CA  90D8               	bcf	status,0,c
  2860   0031CC  3603               	rlcf	(??_set_pin_input+1)^(0+1280),f,c
  2861   0031CE                     u1034:
  2862   0031CE  2E02               	decfsz	??_set_pin_input^(0+1280),f,c
  2863   0031D0  EFE5  F018         	goto	u1035
  2864   0031D4  5003               	movf	(??_set_pin_input+1)^(0+1280),w,c
  2865   0031D6  12C7               	iorwf	199,f,c	;volatile
  2866                           
  2867                           ;gpio.c: 12:             break;
  2868   0031D8  EF53  F019         	goto	l113
  2869   0031DC                     l1739:
  2870                           
  2871                           ;gpio.c: 14:             TRISC |= (1 << pin_number);
  2872   0031DC  C501  F502         	movff	set_pin_input@pin_number,??_set_pin_input
  2873   0031E0  0E01               	movlw	1
  2874   0031E2  6E03               	movwf	(??_set_pin_input+1)^(0+1280),c
  2875   0031E4  2A02               	incf	??_set_pin_input^(0+1280),f,c
  2876   0031E6  EFF7  F018         	goto	u1044
  2877   0031EA                     u1045:
  2878   0031EA  90D8               	bcf	status,0,c
  2879   0031EC  3603               	rlcf	(??_set_pin_input+1)^(0+1280),f,c
  2880   0031EE                     u1044:
  2881   0031EE  2E02               	decfsz	??_set_pin_input^(0+1280),f,c
  2882   0031F0  EFF5  F018         	goto	u1045
  2883   0031F4  5003               	movf	(??_set_pin_input+1)^(0+1280),w,c
  2884   0031F6  12C8               	iorwf	200,f,c	;volatile
  2885                           
  2886                           ;gpio.c: 15:             break;
  2887   0031F8  EF53  F019         	goto	l113
  2888   0031FC                     l1741:
  2889                           
  2890                           ;gpio.c: 17:             TRISD |= (1 << pin_number);
  2891   0031FC  C501  F502         	movff	set_pin_input@pin_number,??_set_pin_input
  2892   003200  0E01               	movlw	1
  2893   003202  6E03               	movwf	(??_set_pin_input+1)^(0+1280),c
  2894   003204  2A02               	incf	??_set_pin_input^(0+1280),f,c
  2895   003206  EF07  F019         	goto	u1054
  2896   00320A                     u1055:
  2897   00320A  90D8               	bcf	status,0,c
  2898   00320C  3603               	rlcf	(??_set_pin_input+1)^(0+1280),f,c
  2899   00320E                     u1054:
  2900   00320E  2E02               	decfsz	??_set_pin_input^(0+1280),f,c
  2901   003210  EF05  F019         	goto	u1055
  2902   003214  5003               	movf	(??_set_pin_input+1)^(0+1280),w,c
  2903   003216  12C9               	iorwf	201,f,c	;volatile
  2904                           
  2905                           ;gpio.c: 18:             break;
  2906   003218  EF53  F019         	goto	l113
  2907   00321C                     l1743:
  2908                           
  2909                           ;gpio.c: 20:             TRISE |= (1 << pin_number);
  2910   00321C  C501  F502         	movff	set_pin_input@pin_number,??_set_pin_input
  2911   003220  0E01               	movlw	1
  2912   003222  6E03               	movwf	(??_set_pin_input+1)^(0+1280),c
  2913   003224  2A02               	incf	??_set_pin_input^(0+1280),f,c
  2914   003226  EF17  F019         	goto	u1064
  2915   00322A                     u1065:
  2916   00322A  90D8               	bcf	status,0,c
  2917   00322C  3603               	rlcf	(??_set_pin_input+1)^(0+1280),f,c
  2918   00322E                     u1064:
  2919   00322E  2E02               	decfsz	??_set_pin_input^(0+1280),f,c
  2920   003230  EF15  F019         	goto	u1065
  2921   003234  5003               	movf	(??_set_pin_input+1)^(0+1280),w,c
  2922   003236  12CA               	iorwf	202,f,c	;volatile
  2923                           
  2924                           ;gpio.c: 21:             break;
  2925   003238  EF53  F019         	goto	l113
  2926   00323C                     l1745:
  2927                           
  2928                           ;gpio.c: 23:             TRISF |= (1 << pin_number);
  2929   00323C  C501  F502         	movff	set_pin_input@pin_number,??_set_pin_input
  2930   003240  0E01               	movlw	1
  2931   003242  6E03               	movwf	(??_set_pin_input+1)^(0+1280),c
  2932   003244  2A02               	incf	??_set_pin_input^(0+1280),f,c
  2933   003246  EF27  F019         	goto	u1074
  2934   00324A                     u1075:
  2935   00324A  90D8               	bcf	status,0,c
  2936   00324C  3603               	rlcf	(??_set_pin_input+1)^(0+1280),f,c
  2937   00324E                     u1074:
  2938   00324E  2E02               	decfsz	??_set_pin_input^(0+1280),f,c
  2939   003250  EF25  F019         	goto	u1075
  2940   003254  5003               	movf	(??_set_pin_input+1)^(0+1280),w,c
  2941   003256  12CB               	iorwf	203,f,c	;volatile
  2942                           
  2943                           ;gpio.c: 24:             break;
  2944   003258  EF53  F019         	goto	l113
  2945   00325C                     l1749:
  2946   00325C  5004               	movf	set_pin_input@port_name^(0+1280),w,c
  2947   00325E  6E02               	movwf	??_set_pin_input^(0+1280),c
  2948   003260  6A03               	clrf	(??_set_pin_input+1)^(0+1280),c
  2949                           
  2950                           ; Switch on 2 bytes has been partitioned into a top level switch of size 1, and 1 sub-sw
      +                          itches
  2951                           ; Switch size 1, requested type "simple"
  2952                           ; Number of cases is 1, Range of values is 0 to 0
  2953                           ; switch strategies available:
  2954                           ; Name         Instructions Cycles
  2955                           ; simple_byte            4     3 (average)
  2956                           ;	Chosen strategy is simple_byte
  2957   003262  5003               	movf	(??_set_pin_input+1)^(0+1280),w,c
  2958   003264  0A00               	xorlw	0	; case 0
  2959   003266  B4D8               	btfsc	status,2,c
  2960   003268  EF38  F019         	goto	l2353
  2961   00326C  EF53  F019         	goto	l113
  2962   003270                     l2353:
  2963                           
  2964                           ; Switch size 1, requested type "simple"
  2965                           ; Number of cases is 6, Range of values is 65 to 70
  2966                           ; switch strategies available:
  2967                           ; Name         Instructions Cycles
  2968                           ; simple_byte           19    10 (average)
  2969                           ;	Chosen strategy is simple_byte
  2970   003270  5002               	movf	??_set_pin_input^(0+1280),w,c
  2971   003272  0A41               	xorlw	65	; case 65
  2972   003274  B4D8               	btfsc	status,2,c
  2973   003276  EFCE  F018         	goto	l1735
  2974   00327A  0A03               	xorlw	3	; case 66
  2975   00327C  B4D8               	btfsc	status,2,c
  2976   00327E  EFDE  F018         	goto	l1737
  2977   003282  0A01               	xorlw	1	; case 67
  2978   003284  B4D8               	btfsc	status,2,c
  2979   003286  EFEE  F018         	goto	l1739
  2980   00328A  0A07               	xorlw	7	; case 68
  2981   00328C  B4D8               	btfsc	status,2,c
  2982   00328E  EFFE  F018         	goto	l1741
  2983   003292  0A01               	xorlw	1	; case 69
  2984   003294  B4D8               	btfsc	status,2,c
  2985   003296  EF0E  F019         	goto	l1743
  2986   00329A  0A03               	xorlw	3	; case 70
  2987   00329C  B4D8               	btfsc	status,2,c
  2988   00329E  EF1E  F019         	goto	l1745
  2989   0032A2  EF53  F019         	goto	l113
  2990   0032A6                     l113:
  2991   0032A6  0012               	return		;funcret
  2992   0032A8                     __end_of_set_pin_input:
  2993                           	callstack 0
  2994                           
  2995 ;; *************** function _set_pin_digital_mode *****************
  2996 ;; Defined at:
  2997 ;;		line 57 in file "gpio.c"
  2998 ;; Parameters:    Size  Location     Type
  2999 ;;  port_name       1    wreg     enum E17440
  3000 ;;  pin_number      1    0[COMRAM] unsigned char 
  3001 ;; Auto vars:     Size  Location     Type
  3002 ;;  port_name       1    3[COMRAM] enum E17440
  3003 ;; Return value:  Size  Location     Type
  3004 ;;                  1    wreg      void 
  3005 ;; Registers used:
  3006 ;;		wreg, status,2, status,0
  3007 ;; Tracked objects:
  3008 ;;		On entry : 0/0
  3009 ;;		On exit  : 0/0
  3010 ;;		Unchanged: 0/0
  3011 ;; Data sizes:     COMRAM   BANK5   BANK6   BANK7   BANK8   BANK9  BANK10  BANK11  BANK12  BANK13  BANK14  BANK15  BANK1
      +6  BANK17  BANK18  BANK19  BANK20  BANK21  BANK22  BANK23  BANK24  BANK25  BANK26  BANK27  BANK28  BANK29  BANK30  BANK3
      +1  BANK32  BANK33  BANK34  BANK35  BANK36
  3012 ;;      Params:         1       0       0       0       0       0       0       0       0       0       0       0       
      +0       0       0       0       0       0       0       0       0       0       0       0       0       0       0       
      +0       0       0       0       0       0
  3013 ;;      Locals:         1       0       0       0       0       0       0       0       0       0       0       0       
      +0       0       0       0       0       0       0       0       0       0       0       0       0       0       0       
      +0       0       0       0       0       0
  3014 ;;      Temps:          2       0       0       0       0       0       0       0       0       0       0       0       
      +0       0       0       0       0       0       0       0       0       0       0       0       0       0       0       
      +0       0       0       0       0       0
  3015 ;;      Totals:         4       0       0       0       0       0       0       0       0       0       0       0       
      +0       0       0       0       0       0       0       0       0       0       0       0       0       0       0       
      +0       0       0       0       0       0
  3016 ;;Total ram usage:        4 bytes
  3017 ;; Hardware stack levels used: 1
  3018 ;; This function calls:
  3019 ;;		Nothing
  3020 ;; This function is called by:
  3021 ;;		_configure_pin
  3022 ;; This function uses a non-reentrant model
  3023 ;;
  3024                           
  3025                           	psect	text16
  3026   00288E                     __ptext16:
  3027                           	callstack 0
  3028   00288E                     _set_pin_digital_mode:
  3029                           	callstack 124
  3030                           
  3031                           ;incstack = 0
  3032                           ;set_pin_digital_mode@port_name stored from wreg
  3033   00288E  6E04               	movwf	set_pin_digital_mode@port_name^(0+1280),c
  3034   002890                     
  3035                           ;gpio.c: 57: void set_pin_digital_mode(PortName_t port_name, uint8_t pin_number);gpio.c:
      +                           58: {;gpio.c: 59:     switch(port_name)
  3036   002890  EFB6  F014         	goto	l1793
  3037   002894                     l1779:
  3038                           
  3039                           ;gpio.c: 62:             ANSELA &= ~(1 << pin_number);
  3040   002894  C501  F502         	movff	set_pin_digital_mode@pin_number,??_set_pin_digital_mode
  3041   002898  0E01               	movlw	1
  3042   00289A  6E03               	movwf	(??_set_pin_digital_mode+1)^(0+1280),c
  3043   00289C  2A02               	incf	??_set_pin_digital_mode^(0+1280),f,c
  3044   00289E  EF53  F014         	goto	u1144
  3045   0028A2                     u1145:
  3046   0028A2  90D8               	bcf	status,0,c
  3047   0028A4  3603               	rlcf	(??_set_pin_digital_mode+1)^(0+1280),f,c
  3048   0028A6                     u1144:
  3049   0028A6  2E02               	decfsz	??_set_pin_digital_mode^(0+1280),f,c
  3050   0028A8  EF51  F014         	goto	u1145
  3051   0028AC  5003               	movf	(??_set_pin_digital_mode+1)^(0+1280),w,c
  3052   0028AE  0AFF               	xorlw	255
  3053   0028B0  0104               	movlb	4	; () banked
  3054   0028B2  1700               	andwf	0,f,b	;volatile
  3055                           
  3056                           ;gpio.c: 63:             break;
  3057   0028B4  EFDB  F014         	goto	l137
  3058   0028B8                     l1781:
  3059                           
  3060                           ;gpio.c: 65:             ANSELB &= ~(1 << pin_number);
  3061   0028B8  C501  F502         	movff	set_pin_digital_mode@pin_number,??_set_pin_digital_mode
  3062   0028BC  0E01               	movlw	1
  3063   0028BE  6E03               	movwf	(??_set_pin_digital_mode+1)^(0+1280),c
  3064   0028C0  2A02               	incf	??_set_pin_digital_mode^(0+1280),f,c
  3065   0028C2  EF65  F014         	goto	u1154
  3066   0028C6                     u1155:
  3067   0028C6  90D8               	bcf	status,0,c
  3068   0028C8  3603               	rlcf	(??_set_pin_digital_mode+1)^(0+1280),f,c
  3069   0028CA                     u1154:
  3070   0028CA  2E02               	decfsz	??_set_pin_digital_mode^(0+1280),f,c
  3071   0028CC  EF63  F014         	goto	u1155
  3072   0028D0  5003               	movf	(??_set_pin_digital_mode+1)^(0+1280),w,c
  3073   0028D2  0AFF               	xorlw	255
  3074   0028D4  0104               	movlb	4	; () banked
  3075   0028D6  1708               	andwf	8,f,b	;volatile
  3076                           
  3077                           ;gpio.c: 66:             break;
  3078   0028D8  EFDB  F014         	goto	l137
  3079   0028DC                     l1783:
  3080                           
  3081                           ;gpio.c: 68:             ANSELC &= ~(1 << pin_number);
  3082   0028DC  C501  F502         	movff	set_pin_digital_mode@pin_number,??_set_pin_digital_mode
  3083   0028E0  0E01               	movlw	1
  3084   0028E2  6E03               	movwf	(??_set_pin_digital_mode+1)^(0+1280),c
  3085   0028E4  2A02               	incf	??_set_pin_digital_mode^(0+1280),f,c
  3086   0028E6  EF77  F014         	goto	u1164
  3087   0028EA                     u1165:
  3088   0028EA  90D8               	bcf	status,0,c
  3089   0028EC  3603               	rlcf	(??_set_pin_digital_mode+1)^(0+1280),f,c
  3090   0028EE                     u1164:
  3091   0028EE  2E02               	decfsz	??_set_pin_digital_mode^(0+1280),f,c
  3092   0028F0  EF75  F014         	goto	u1165
  3093   0028F4  5003               	movf	(??_set_pin_digital_mode+1)^(0+1280),w,c
  3094   0028F6  0AFF               	xorlw	255
  3095   0028F8  0104               	movlb	4	; () banked
  3096   0028FA  1710               	andwf	16,f,b	;volatile
  3097                           
  3098                           ;gpio.c: 69:             break;
  3099   0028FC  EFDB  F014         	goto	l137
  3100   002900                     l1785:
  3101                           
  3102                           ;gpio.c: 71:             ANSELD &= ~(1 << pin_number);
  3103   002900  C501  F502         	movff	set_pin_digital_mode@pin_number,??_set_pin_digital_mode
  3104   002904  0E01               	movlw	1
  3105   002906  6E03               	movwf	(??_set_pin_digital_mode+1)^(0+1280),c
  3106   002908  2A02               	incf	??_set_pin_digital_mode^(0+1280),f,c
  3107   00290A  EF89  F014         	goto	u1174
  3108   00290E                     u1175:
  3109   00290E  90D8               	bcf	status,0,c
  3110   002910  3603               	rlcf	(??_set_pin_digital_mode+1)^(0+1280),f,c
  3111   002912                     u1174:
  3112   002912  2E02               	decfsz	??_set_pin_digital_mode^(0+1280),f,c
  3113   002914  EF87  F014         	goto	u1175
  3114   002918  5003               	movf	(??_set_pin_digital_mode+1)^(0+1280),w,c
  3115   00291A  0AFF               	xorlw	255
  3116   00291C  0104               	movlb	4	; () banked
  3117   00291E  1718               	andwf	24,f,b	;volatile
  3118                           
  3119                           ;gpio.c: 72:             break;
  3120   002920  EFDB  F014         	goto	l137
  3121   002924                     l1787:
  3122                           
  3123                           ;gpio.c: 74:             ANSELE &= ~(1 << pin_number);
  3124   002924  C501  F502         	movff	set_pin_digital_mode@pin_number,??_set_pin_digital_mode
  3125   002928  0E01               	movlw	1
  3126   00292A  6E03               	movwf	(??_set_pin_digital_mode+1)^(0+1280),c
  3127   00292C  2A02               	incf	??_set_pin_digital_mode^(0+1280),f,c
  3128   00292E  EF9B  F014         	goto	u1184
  3129   002932                     u1185:
  3130   002932  90D8               	bcf	status,0,c
  3131   002934  3603               	rlcf	(??_set_pin_digital_mode+1)^(0+1280),f,c
  3132   002936                     u1184:
  3133   002936  2E02               	decfsz	??_set_pin_digital_mode^(0+1280),f,c
  3134   002938  EF99  F014         	goto	u1185
  3135   00293C  5003               	movf	(??_set_pin_digital_mode+1)^(0+1280),w,c
  3136   00293E  0AFF               	xorlw	255
  3137   002940  0104               	movlb	4	; () banked
  3138   002942  1720               	andwf	32,f,b	;volatile
  3139                           
  3140                           ;gpio.c: 75:             break;
  3141   002944  EFDB  F014         	goto	l137
  3142   002948                     l1789:
  3143                           
  3144                           ;gpio.c: 77:             ANSELF &= ~(1 << pin_number);
  3145   002948  C501  F502         	movff	set_pin_digital_mode@pin_number,??_set_pin_digital_mode
  3146   00294C  0E01               	movlw	1
  3147   00294E  6E03               	movwf	(??_set_pin_digital_mode+1)^(0+1280),c
  3148   002950  2A02               	incf	??_set_pin_digital_mode^(0+1280),f,c
  3149   002952  EFAD  F014         	goto	u1194
  3150   002956                     u1195:
  3151   002956  90D8               	bcf	status,0,c
  3152   002958  3603               	rlcf	(??_set_pin_digital_mode+1)^(0+1280),f,c
  3153   00295A                     u1194:
  3154   00295A  2E02               	decfsz	??_set_pin_digital_mode^(0+1280),f,c
  3155   00295C  EFAB  F014         	goto	u1195
  3156   002960  5003               	movf	(??_set_pin_digital_mode+1)^(0+1280),w,c
  3157   002962  0AFF               	xorlw	255
  3158   002964  0104               	movlb	4	; () banked
  3159   002966  1728               	andwf	40,f,b	;volatile
  3160                           
  3161                           ;gpio.c: 78:             break;
  3162   002968  EFDB  F014         	goto	l137
  3163   00296C                     l1793:
  3164   00296C  5004               	movf	set_pin_digital_mode@port_name^(0+1280),w,c
  3165   00296E  6E02               	movwf	??_set_pin_digital_mode^(0+1280),c
  3166   002970  6A03               	clrf	(??_set_pin_digital_mode+1)^(0+1280),c
  3167                           
  3168                           ; Switch on 2 bytes has been partitioned into a top level switch of size 1, and 1 sub-sw
      +                          itches
  3169                           ; Switch size 1, requested type "simple"
  3170                           ; Number of cases is 1, Range of values is 0 to 0
  3171                           ; switch strategies available:
  3172                           ; Name         Instructions Cycles
  3173                           ; simple_byte            4     3 (average)
  3174                           ;	Chosen strategy is simple_byte
  3175   002972  5003               	movf	(??_set_pin_digital_mode+1)^(0+1280),w,c
  3176   002974  0A00               	xorlw	0	; case 0
  3177   002976  B4D8               	btfsc	status,2,c
  3178   002978  EFC0  F014         	goto	l2355
  3179   00297C  EFDB  F014         	goto	l137
  3180   002980                     l2355:
  3181                           
  3182                           ; Switch size 1, requested type "simple"
  3183                           ; Number of cases is 6, Range of values is 65 to 70
  3184                           ; switch strategies available:
  3185                           ; Name         Instructions Cycles
  3186                           ; simple_byte           19    10 (average)
  3187                           ;	Chosen strategy is simple_byte
  3188   002980  5002               	movf	??_set_pin_digital_mode^(0+1280),w,c
  3189   002982  0A41               	xorlw	65	; case 65
  3190   002984  B4D8               	btfsc	status,2,c
  3191   002986  EF4A  F014         	goto	l1779
  3192   00298A  0A03               	xorlw	3	; case 66
  3193   00298C  B4D8               	btfsc	status,2,c
  3194   00298E  EF5C  F014         	goto	l1781
  3195   002992  0A01               	xorlw	1	; case 67
  3196   002994  B4D8               	btfsc	status,2,c
  3197   002996  EF6E  F014         	goto	l1783
  3198   00299A  0A07               	xorlw	7	; case 68
  3199   00299C  B4D8               	btfsc	status,2,c
  3200   00299E  EF80  F014         	goto	l1785
  3201   0029A2  0A01               	xorlw	1	; case 69
  3202   0029A4  B4D8               	btfsc	status,2,c
  3203   0029A6  EF92  F014         	goto	l1787
  3204   0029AA  0A03               	xorlw	3	; case 70
  3205   0029AC  B4D8               	btfsc	status,2,c
  3206   0029AE  EFA4  F014         	goto	l1789
  3207   0029B2  EFDB  F014         	goto	l137
  3208   0029B6                     l137:
  3209   0029B6  0012               	return		;funcret
  3210   0029B8                     __end_of_set_pin_digital_mode:
  3211                           	callstack 0
  3212                           
  3213 ;; *************** function _set_pin_analog_mode *****************
  3214 ;; Defined at:
  3215 ;;		line 83 in file "gpio.c"
  3216 ;; Parameters:    Size  Location     Type
  3217 ;;  port_name       1    wreg     enum E17440
  3218 ;;  pin_number      1    0[COMRAM] unsigned char 
  3219 ;; Auto vars:     Size  Location     Type
  3220 ;;  port_name       1    3[COMRAM] enum E17440
  3221 ;; Return value:  Size  Location     Type
  3222 ;;                  1    wreg      void 
  3223 ;; Registers used:
  3224 ;;		wreg, status,2, status,0
  3225 ;; Tracked objects:
  3226 ;;		On entry : 0/0
  3227 ;;		On exit  : 0/0
  3228 ;;		Unchanged: 0/0
  3229 ;; Data sizes:     COMRAM   BANK5   BANK6   BANK7   BANK8   BANK9  BANK10  BANK11  BANK12  BANK13  BANK14  BANK15  BANK1
      +6  BANK17  BANK18  BANK19  BANK20  BANK21  BANK22  BANK23  BANK24  BANK25  BANK26  BANK27  BANK28  BANK29  BANK30  BANK3
      +1  BANK32  BANK33  BANK34  BANK35  BANK36
  3230 ;;      Params:         1       0       0       0       0       0       0       0       0       0       0       0       
      +0       0       0       0       0       0       0       0       0       0       0       0       0       0       0       
      +0       0       0       0       0       0
  3231 ;;      Locals:         1       0       0       0       0       0       0       0       0       0       0       0       
      +0       0       0       0       0       0       0       0       0       0       0       0       0       0       0       
      +0       0       0       0       0       0
  3232 ;;      Temps:          2       0       0       0       0       0       0       0       0       0       0       0       
      +0       0       0       0       0       0       0       0       0       0       0       0       0       0       0       
      +0       0       0       0       0       0
  3233 ;;      Totals:         4       0       0       0       0       0       0       0       0       0       0       0       
      +0       0       0       0       0       0       0       0       0       0       0       0       0       0       0       
      +0       0       0       0       0       0
  3234 ;;Total ram usage:        4 bytes
  3235 ;; Hardware stack levels used: 1
  3236 ;; This function calls:
  3237 ;;		Nothing
  3238 ;; This function is called by:
  3239 ;;		_configure_pin
  3240 ;; This function uses a non-reentrant model
  3241 ;;
  3242                           
  3243                           	psect	text17
  3244   003078                     __ptext17:
  3245                           	callstack 0
  3246   003078                     _set_pin_analog_mode:
  3247                           	callstack 124
  3248                           
  3249                           ;incstack = 0
  3250                           ;set_pin_analog_mode@port_name stored from wreg
  3251   003078  6E04               	movwf	set_pin_analog_mode@port_name^(0+1280),c
  3252   00307A                     
  3253                           ;gpio.c: 83: void set_pin_analog_mode(PortName_t port_name, uint8_t pin_number);gpio.c: 
      +                          84: {;gpio.c: 85:     switch(port_name)
  3254   00307A  EFA5  F018         	goto	l1815
  3255   00307E                     l1801:
  3256                           
  3257                           ;gpio.c: 88:             ANSELA |= (1 << pin_number);
  3258   00307E  C501  F502         	movff	set_pin_analog_mode@pin_number,??_set_pin_analog_mode
  3259   003082  0E01               	movlw	1
  3260   003084  6E03               	movwf	(??_set_pin_analog_mode+1)^(0+1280),c
  3261   003086  2A02               	incf	??_set_pin_analog_mode^(0+1280),f,c
  3262   003088  EF48  F018         	goto	u1204
  3263   00308C                     u1205:
  3264   00308C  90D8               	bcf	status,0,c
  3265   00308E  3603               	rlcf	(??_set_pin_analog_mode+1)^(0+1280),f,c
  3266   003090                     u1204:
  3267   003090  2E02               	decfsz	??_set_pin_analog_mode^(0+1280),f,c
  3268   003092  EF46  F018         	goto	u1205
  3269   003096  5003               	movf	(??_set_pin_analog_mode+1)^(0+1280),w,c
  3270   003098  0104               	movlb	4	; () banked
  3271   00309A  1300               	iorwf	0,f,b	;volatile
  3272                           
  3273                           ;gpio.c: 89:             break;
  3274   00309C  EFCA  F018         	goto	l149
  3275   0030A0                     l1803:
  3276                           
  3277                           ;gpio.c: 91:             ANSELB |= (1 << pin_number);
  3278   0030A0  C501  F502         	movff	set_pin_analog_mode@pin_number,??_set_pin_analog_mode
  3279   0030A4  0E01               	movlw	1
  3280   0030A6  6E03               	movwf	(??_set_pin_analog_mode+1)^(0+1280),c
  3281   0030A8  2A02               	incf	??_set_pin_analog_mode^(0+1280),f,c
  3282   0030AA  EF59  F018         	goto	u1214
  3283   0030AE                     u1215:
  3284   0030AE  90D8               	bcf	status,0,c
  3285   0030B0  3603               	rlcf	(??_set_pin_analog_mode+1)^(0+1280),f,c
  3286   0030B2                     u1214:
  3287   0030B2  2E02               	decfsz	??_set_pin_analog_mode^(0+1280),f,c
  3288   0030B4  EF57  F018         	goto	u1215
  3289   0030B8  5003               	movf	(??_set_pin_analog_mode+1)^(0+1280),w,c
  3290   0030BA  0104               	movlb	4	; () banked
  3291   0030BC  1308               	iorwf	8,f,b	;volatile
  3292                           
  3293                           ;gpio.c: 92:             break;
  3294   0030BE  EFCA  F018         	goto	l149
  3295   0030C2                     l1805:
  3296                           
  3297                           ;gpio.c: 94:             ANSELC |= (1 << pin_number);
  3298   0030C2  C501  F502         	movff	set_pin_analog_mode@pin_number,??_set_pin_analog_mode
  3299   0030C6  0E01               	movlw	1
  3300   0030C8  6E03               	movwf	(??_set_pin_analog_mode+1)^(0+1280),c
  3301   0030CA  2A02               	incf	??_set_pin_analog_mode^(0+1280),f,c
  3302   0030CC  EF6A  F018         	goto	u1224
  3303   0030D0                     u1225:
  3304   0030D0  90D8               	bcf	status,0,c
  3305   0030D2  3603               	rlcf	(??_set_pin_analog_mode+1)^(0+1280),f,c
  3306   0030D4                     u1224:
  3307   0030D4  2E02               	decfsz	??_set_pin_analog_mode^(0+1280),f,c
  3308   0030D6  EF68  F018         	goto	u1225
  3309   0030DA  5003               	movf	(??_set_pin_analog_mode+1)^(0+1280),w,c
  3310   0030DC  0104               	movlb	4	; () banked
  3311   0030DE  1310               	iorwf	16,f,b	;volatile
  3312                           
  3313                           ;gpio.c: 95:             break;
  3314   0030E0  EFCA  F018         	goto	l149
  3315   0030E4                     l1807:
  3316                           
  3317                           ;gpio.c: 97:             ANSELD |= (1 << pin_number);
  3318   0030E4  C501  F502         	movff	set_pin_analog_mode@pin_number,??_set_pin_analog_mode
  3319   0030E8  0E01               	movlw	1
  3320   0030EA  6E03               	movwf	(??_set_pin_analog_mode+1)^(0+1280),c
  3321   0030EC  2A02               	incf	??_set_pin_analog_mode^(0+1280),f,c
  3322   0030EE  EF7B  F018         	goto	u1234
  3323   0030F2                     u1235:
  3324   0030F2  90D8               	bcf	status,0,c
  3325   0030F4  3603               	rlcf	(??_set_pin_analog_mode+1)^(0+1280),f,c
  3326   0030F6                     u1234:
  3327   0030F6  2E02               	decfsz	??_set_pin_analog_mode^(0+1280),f,c
  3328   0030F8  EF79  F018         	goto	u1235
  3329   0030FC  5003               	movf	(??_set_pin_analog_mode+1)^(0+1280),w,c
  3330   0030FE  0104               	movlb	4	; () banked
  3331   003100  1318               	iorwf	24,f,b	;volatile
  3332                           
  3333                           ;gpio.c: 98:             break;
  3334   003102  EFCA  F018         	goto	l149
  3335   003106                     l1809:
  3336                           
  3337                           ;gpio.c: 100:             ANSELE |= (1 << pin_number);
  3338   003106  C501  F502         	movff	set_pin_analog_mode@pin_number,??_set_pin_analog_mode
  3339   00310A  0E01               	movlw	1
  3340   00310C  6E03               	movwf	(??_set_pin_analog_mode+1)^(0+1280),c
  3341   00310E  2A02               	incf	??_set_pin_analog_mode^(0+1280),f,c
  3342   003110  EF8C  F018         	goto	u1244
  3343   003114                     u1245:
  3344   003114  90D8               	bcf	status,0,c
  3345   003116  3603               	rlcf	(??_set_pin_analog_mode+1)^(0+1280),f,c
  3346   003118                     u1244:
  3347   003118  2E02               	decfsz	??_set_pin_analog_mode^(0+1280),f,c
  3348   00311A  EF8A  F018         	goto	u1245
  3349   00311E  5003               	movf	(??_set_pin_analog_mode+1)^(0+1280),w,c
  3350   003120  0104               	movlb	4	; () banked
  3351   003122  1320               	iorwf	32,f,b	;volatile
  3352                           
  3353                           ;gpio.c: 101:             break;
  3354   003124  EFCA  F018         	goto	l149
  3355   003128                     l1811:
  3356                           
  3357                           ;gpio.c: 103:             ANSELF |= (1 << pin_number);
  3358   003128  C501  F502         	movff	set_pin_analog_mode@pin_number,??_set_pin_analog_mode
  3359   00312C  0E01               	movlw	1
  3360   00312E  6E03               	movwf	(??_set_pin_analog_mode+1)^(0+1280),c
  3361   003130  2A02               	incf	??_set_pin_analog_mode^(0+1280),f,c
  3362   003132  EF9D  F018         	goto	u1254
  3363   003136                     u1255:
  3364   003136  90D8               	bcf	status,0,c
  3365   003138  3603               	rlcf	(??_set_pin_analog_mode+1)^(0+1280),f,c
  3366   00313A                     u1254:
  3367   00313A  2E02               	decfsz	??_set_pin_analog_mode^(0+1280),f,c
  3368   00313C  EF9B  F018         	goto	u1255
  3369   003140  5003               	movf	(??_set_pin_analog_mode+1)^(0+1280),w,c
  3370   003142  0104               	movlb	4	; () banked
  3371   003144  1328               	iorwf	40,f,b	;volatile
  3372                           
  3373                           ;gpio.c: 104:             break;
  3374   003146  EFCA  F018         	goto	l149
  3375   00314A                     l1815:
  3376   00314A  5004               	movf	set_pin_analog_mode@port_name^(0+1280),w,c
  3377   00314C  6E02               	movwf	??_set_pin_analog_mode^(0+1280),c
  3378   00314E  6A03               	clrf	(??_set_pin_analog_mode+1)^(0+1280),c
  3379                           
  3380                           ; Switch on 2 bytes has been partitioned into a top level switch of size 1, and 1 sub-sw
      +                          itches
  3381                           ; Switch size 1, requested type "simple"
  3382                           ; Number of cases is 1, Range of values is 0 to 0
  3383                           ; switch strategies available:
  3384                           ; Name         Instructions Cycles
  3385                           ; simple_byte            4     3 (average)
  3386                           ;	Chosen strategy is simple_byte
  3387   003150  5003               	movf	(??_set_pin_analog_mode+1)^(0+1280),w,c
  3388   003152  0A00               	xorlw	0	; case 0
  3389   003154  B4D8               	btfsc	status,2,c
  3390   003156  EFAF  F018         	goto	l2357
  3391   00315A  EFCA  F018         	goto	l149
  3392   00315E                     l2357:
  3393                           
  3394                           ; Switch size 1, requested type "simple"
  3395                           ; Number of cases is 6, Range of values is 65 to 70
  3396                           ; switch strategies available:
  3397                           ; Name         Instructions Cycles
  3398                           ; simple_byte           19    10 (average)
  3399                           ;	Chosen strategy is simple_byte
  3400   00315E  5002               	movf	??_set_pin_analog_mode^(0+1280),w,c
  3401   003160  0A41               	xorlw	65	; case 65
  3402   003162  B4D8               	btfsc	status,2,c
  3403   003164  EF3F  F018         	goto	l1801
  3404   003168  0A03               	xorlw	3	; case 66
  3405   00316A  B4D8               	btfsc	status,2,c
  3406   00316C  EF50  F018         	goto	l1803
  3407   003170  0A01               	xorlw	1	; case 67
  3408   003172  B4D8               	btfsc	status,2,c
  3409   003174  EF61  F018         	goto	l1805
  3410   003178  0A07               	xorlw	7	; case 68
  3411   00317A  B4D8               	btfsc	status,2,c
  3412   00317C  EF72  F018         	goto	l1807
  3413   003180  0A01               	xorlw	1	; case 69
  3414   003182  B4D8               	btfsc	status,2,c
  3415   003184  EF83  F018         	goto	l1809
  3416   003188  0A03               	xorlw	3	; case 70
  3417   00318A  B4D8               	btfsc	status,2,c
  3418   00318C  EF94  F018         	goto	l1811
  3419   003190  EFCA  F018         	goto	l149
  3420   003194                     l149:
  3421   003194  0012               	return		;funcret
  3422   003196                     __end_of_set_pin_analog_mode:
  3423                           	callstack 0
  3424                           
  3425 ;; *************** function _reset_pin_pullup *****************
  3426 ;; Defined at:
  3427 ;;		line 137 in file "gpio.c"
  3428 ;; Parameters:    Size  Location     Type
  3429 ;;  port_name       1    wreg     enum E17440
  3430 ;;  pin_number      1    0[COMRAM] unsigned char 
  3431 ;; Auto vars:     Size  Location     Type
  3432 ;;  port_name       1    3[COMRAM] enum E17440
  3433 ;; Return value:  Size  Location     Type
  3434 ;;                  1    wreg      void 
  3435 ;; Registers used:
  3436 ;;		wreg, status,2, status,0
  3437 ;; Tracked objects:
  3438 ;;		On entry : 0/0
  3439 ;;		On exit  : 0/0
  3440 ;;		Unchanged: 0/0
  3441 ;; Data sizes:     COMRAM   BANK5   BANK6   BANK7   BANK8   BANK9  BANK10  BANK11  BANK12  BANK13  BANK14  BANK15  BANK1
      +6  BANK17  BANK18  BANK19  BANK20  BANK21  BANK22  BANK23  BANK24  BANK25  BANK26  BANK27  BANK28  BANK29  BANK30  BANK3
      +1  BANK32  BANK33  BANK34  BANK35  BANK36
  3442 ;;      Params:         1       0       0       0       0       0       0       0       0       0       0       0       
      +0       0       0       0       0       0       0       0       0       0       0       0       0       0       0       
      +0       0       0       0       0       0
  3443 ;;      Locals:         1       0       0       0       0       0       0       0       0       0       0       0       
      +0       0       0       0       0       0       0       0       0       0       0       0       0       0       0       
      +0       0       0       0       0       0
  3444 ;;      Temps:          2       0       0       0       0       0       0       0       0       0       0       0       
      +0       0       0       0       0       0       0       0       0       0       0       0       0       0       0       
      +0       0       0       0       0       0
  3445 ;;      Totals:         4       0       0       0       0       0       0       0       0       0       0       0       
      +0       0       0       0       0       0       0       0       0       0       0       0       0       0       0       
      +0       0       0       0       0       0
  3446 ;;Total ram usage:        4 bytes
  3447 ;; Hardware stack levels used: 1
  3448 ;; This function calls:
  3449 ;;		Nothing
  3450 ;; This function is called by:
  3451 ;;		_configure_pin
  3452 ;; This function uses a non-reentrant model
  3453 ;;
  3454                           
  3455                           	psect	text18
  3456   0029B8                     __ptext18:
  3457                           	callstack 0
  3458   0029B8                     _reset_pin_pullup:
  3459                           	callstack 124
  3460                           
  3461                           ;incstack = 0
  3462                           ;reset_pin_pullup@port_name stored from wreg
  3463   0029B8  6E04               	movwf	reset_pin_pullup@port_name^(0+1280),c
  3464   0029BA                     
  3465                           ;gpio.c: 137: void reset_pin_pullup(PortName_t port_name, uint8_t pin_number);gpio.c: 13
      +                          8: {;gpio.c: 139:     switch(port_name)
  3466   0029BA  EF4B  F015         	goto	l1859
  3467   0029BE                     l1845:
  3468                           
  3469                           ;gpio.c: 142:             WPUA &= ~(1 << pin_number);
  3470   0029BE  C501  F502         	movff	reset_pin_pullup@pin_number,??_reset_pin_pullup
  3471   0029C2  0E01               	movlw	1
  3472   0029C4  6E03               	movwf	(??_reset_pin_pullup+1)^(0+1280),c
  3473   0029C6  2A02               	incf	??_reset_pin_pullup^(0+1280),f,c
  3474   0029C8  EFE8  F014         	goto	u1324
  3475   0029CC                     u1325:
  3476   0029CC  90D8               	bcf	status,0,c
  3477   0029CE  3603               	rlcf	(??_reset_pin_pullup+1)^(0+1280),f,c
  3478   0029D0                     u1324:
  3479   0029D0  2E02               	decfsz	??_reset_pin_pullup^(0+1280),f,c
  3480   0029D2  EFE6  F014         	goto	u1325
  3481   0029D6  5003               	movf	(??_reset_pin_pullup+1)^(0+1280),w,c
  3482   0029D8  0AFF               	xorlw	255
  3483   0029DA  0104               	movlb	4	; () banked
  3484   0029DC  1701               	andwf	1,f,b	;volatile
  3485                           
  3486                           ;gpio.c: 143:             break;
  3487   0029DE  EF70  F015         	goto	l173
  3488   0029E2                     l1847:
  3489                           
  3490                           ;gpio.c: 145:             WPUB &= ~(1 << pin_number);
  3491   0029E2  C501  F502         	movff	reset_pin_pullup@pin_number,??_reset_pin_pullup
  3492   0029E6  0E01               	movlw	1
  3493   0029E8  6E03               	movwf	(??_reset_pin_pullup+1)^(0+1280),c
  3494   0029EA  2A02               	incf	??_reset_pin_pullup^(0+1280),f,c
  3495   0029EC  EFFA  F014         	goto	u1334
  3496   0029F0                     u1335:
  3497   0029F0  90D8               	bcf	status,0,c
  3498   0029F2  3603               	rlcf	(??_reset_pin_pullup+1)^(0+1280),f,c
  3499   0029F4                     u1334:
  3500   0029F4  2E02               	decfsz	??_reset_pin_pullup^(0+1280),f,c
  3501   0029F6  EFF8  F014         	goto	u1335
  3502   0029FA  5003               	movf	(??_reset_pin_pullup+1)^(0+1280),w,c
  3503   0029FC  0AFF               	xorlw	255
  3504   0029FE  0104               	movlb	4	; () banked
  3505   002A00  1709               	andwf	9,f,b	;volatile
  3506                           
  3507                           ;gpio.c: 146:             break;
  3508   002A02  EF70  F015         	goto	l173
  3509   002A06                     l1849:
  3510                           
  3511                           ;gpio.c: 148:             WPUC &= ~(1 << pin_number);
  3512   002A06  C501  F502         	movff	reset_pin_pullup@pin_number,??_reset_pin_pullup
  3513   002A0A  0E01               	movlw	1
  3514   002A0C  6E03               	movwf	(??_reset_pin_pullup+1)^(0+1280),c
  3515   002A0E  2A02               	incf	??_reset_pin_pullup^(0+1280),f,c
  3516   002A10  EF0C  F015         	goto	u1344
  3517   002A14                     u1345:
  3518   002A14  90D8               	bcf	status,0,c
  3519   002A16  3603               	rlcf	(??_reset_pin_pullup+1)^(0+1280),f,c
  3520   002A18                     u1344:
  3521   002A18  2E02               	decfsz	??_reset_pin_pullup^(0+1280),f,c
  3522   002A1A  EF0A  F015         	goto	u1345
  3523   002A1E  5003               	movf	(??_reset_pin_pullup+1)^(0+1280),w,c
  3524   002A20  0AFF               	xorlw	255
  3525   002A22  0104               	movlb	4	; () banked
  3526   002A24  1711               	andwf	17,f,b	;volatile
  3527                           
  3528                           ;gpio.c: 149:             break;
  3529   002A26  EF70  F015         	goto	l173
  3530   002A2A                     l1851:
  3531                           
  3532                           ;gpio.c: 151:             WPUD &= ~(1 << pin_number);
  3533   002A2A  C501  F502         	movff	reset_pin_pullup@pin_number,??_reset_pin_pullup
  3534   002A2E  0E01               	movlw	1
  3535   002A30  6E03               	movwf	(??_reset_pin_pullup+1)^(0+1280),c
  3536   002A32  2A02               	incf	??_reset_pin_pullup^(0+1280),f,c
  3537   002A34  EF1E  F015         	goto	u1354
  3538   002A38                     u1355:
  3539   002A38  90D8               	bcf	status,0,c
  3540   002A3A  3603               	rlcf	(??_reset_pin_pullup+1)^(0+1280),f,c
  3541   002A3C                     u1354:
  3542   002A3C  2E02               	decfsz	??_reset_pin_pullup^(0+1280),f,c
  3543   002A3E  EF1C  F015         	goto	u1355
  3544   002A42  5003               	movf	(??_reset_pin_pullup+1)^(0+1280),w,c
  3545   002A44  0AFF               	xorlw	255
  3546   002A46  0104               	movlb	4	; () banked
  3547   002A48  1719               	andwf	25,f,b	;volatile
  3548                           
  3549                           ;gpio.c: 152:             break;
  3550   002A4A  EF70  F015         	goto	l173
  3551   002A4E                     l1853:
  3552                           
  3553                           ;gpio.c: 154:             WPUE &= ~(1 << pin_number);
  3554   002A4E  C501  F502         	movff	reset_pin_pullup@pin_number,??_reset_pin_pullup
  3555   002A52  0E01               	movlw	1
  3556   002A54  6E03               	movwf	(??_reset_pin_pullup+1)^(0+1280),c
  3557   002A56  2A02               	incf	??_reset_pin_pullup^(0+1280),f,c
  3558   002A58  EF30  F015         	goto	u1364
  3559   002A5C                     u1365:
  3560   002A5C  90D8               	bcf	status,0,c
  3561   002A5E  3603               	rlcf	(??_reset_pin_pullup+1)^(0+1280),f,c
  3562   002A60                     u1364:
  3563   002A60  2E02               	decfsz	??_reset_pin_pullup^(0+1280),f,c
  3564   002A62  EF2E  F015         	goto	u1365
  3565   002A66  5003               	movf	(??_reset_pin_pullup+1)^(0+1280),w,c
  3566   002A68  0AFF               	xorlw	255
  3567   002A6A  0104               	movlb	4	; () banked
  3568   002A6C  1721               	andwf	33,f,b	;volatile
  3569                           
  3570                           ;gpio.c: 155:             break;
  3571   002A6E  EF70  F015         	goto	l173
  3572   002A72                     l1855:
  3573                           
  3574                           ;gpio.c: 157:             WPUF &= ~(1 << pin_number);
  3575   002A72  C501  F502         	movff	reset_pin_pullup@pin_number,??_reset_pin_pullup
  3576   002A76  0E01               	movlw	1
  3577   002A78  6E03               	movwf	(??_reset_pin_pullup+1)^(0+1280),c
  3578   002A7A  2A02               	incf	??_reset_pin_pullup^(0+1280),f,c
  3579   002A7C  EF42  F015         	goto	u1374
  3580   002A80                     u1375:
  3581   002A80  90D8               	bcf	status,0,c
  3582   002A82  3603               	rlcf	(??_reset_pin_pullup+1)^(0+1280),f,c
  3583   002A84                     u1374:
  3584   002A84  2E02               	decfsz	??_reset_pin_pullup^(0+1280),f,c
  3585   002A86  EF40  F015         	goto	u1375
  3586   002A8A  5003               	movf	(??_reset_pin_pullup+1)^(0+1280),w,c
  3587   002A8C  0AFF               	xorlw	255
  3588   002A8E  0104               	movlb	4	; () banked
  3589   002A90  1729               	andwf	41,f,b	;volatile
  3590                           
  3591                           ;gpio.c: 158:             break;
  3592   002A92  EF70  F015         	goto	l173
  3593   002A96                     l1859:
  3594   002A96  5004               	movf	reset_pin_pullup@port_name^(0+1280),w,c
  3595   002A98  6E02               	movwf	??_reset_pin_pullup^(0+1280),c
  3596   002A9A  6A03               	clrf	(??_reset_pin_pullup+1)^(0+1280),c
  3597                           
  3598                           ; Switch on 2 bytes has been partitioned into a top level switch of size 1, and 1 sub-sw
      +                          itches
  3599                           ; Switch size 1, requested type "simple"
  3600                           ; Number of cases is 1, Range of values is 0 to 0
  3601                           ; switch strategies available:
  3602                           ; Name         Instructions Cycles
  3603                           ; simple_byte            4     3 (average)
  3604                           ;	Chosen strategy is simple_byte
  3605   002A9C  5003               	movf	(??_reset_pin_pullup+1)^(0+1280),w,c
  3606   002A9E  0A00               	xorlw	0	; case 0
  3607   002AA0  B4D8               	btfsc	status,2,c
  3608   002AA2  EF55  F015         	goto	l2359
  3609   002AA6  EF70  F015         	goto	l173
  3610   002AAA                     l2359:
  3611                           
  3612                           ; Switch size 1, requested type "simple"
  3613                           ; Number of cases is 6, Range of values is 65 to 70
  3614                           ; switch strategies available:
  3615                           ; Name         Instructions Cycles
  3616                           ; simple_byte           19    10 (average)
  3617                           ;	Chosen strategy is simple_byte
  3618   002AAA  5002               	movf	??_reset_pin_pullup^(0+1280),w,c
  3619   002AAC  0A41               	xorlw	65	; case 65
  3620   002AAE  B4D8               	btfsc	status,2,c
  3621   002AB0  EFDF  F014         	goto	l1845
  3622   002AB4  0A03               	xorlw	3	; case 66
  3623   002AB6  B4D8               	btfsc	status,2,c
  3624   002AB8  EFF1  F014         	goto	l1847
  3625   002ABC  0A01               	xorlw	1	; case 67
  3626   002ABE  B4D8               	btfsc	status,2,c
  3627   002AC0  EF03  F015         	goto	l1849
  3628   002AC4  0A07               	xorlw	7	; case 68
  3629   002AC6  B4D8               	btfsc	status,2,c
  3630   002AC8  EF15  F015         	goto	l1851
  3631   002ACC  0A01               	xorlw	1	; case 69
  3632   002ACE  B4D8               	btfsc	status,2,c
  3633   002AD0  EF27  F015         	goto	l1853
  3634   002AD4  0A03               	xorlw	3	; case 70
  3635   002AD6  B4D8               	btfsc	status,2,c
  3636   002AD8  EF39  F015         	goto	l1855
  3637   002ADC  EF70  F015         	goto	l173
  3638   002AE0                     l173:
  3639   002AE0  0012               	return		;funcret
  3640   002AE2                     __end_of_reset_pin_pullup:
  3641                           	callstack 0
  3642                           
  3643 ;; *************** function _Clock_Init *****************
  3644 ;; Defined at:
  3645 ;;		line 57 in file "config.c"
  3646 ;; Parameters:    Size  Location     Type
  3647 ;;		None
  3648 ;; Auto vars:     Size  Location     Type
  3649 ;;		None
  3650 ;; Return value:  Size  Location     Type
  3651 ;;                  1    wreg      void 
  3652 ;; Registers used:
  3653 ;;		wreg, status,2
  3654 ;; Tracked objects:
  3655 ;;		On entry : 0/0
  3656 ;;		On exit  : 0/0
  3657 ;;		Unchanged: 0/0
  3658 ;; Data sizes:     COMRAM   BANK5   BANK6   BANK7   BANK8   BANK9  BANK10  BANK11  BANK12  BANK13  BANK14  BANK15  BANK1
      +6  BANK17  BANK18  BANK19  BANK20  BANK21  BANK22  BANK23  BANK24  BANK25  BANK26  BANK27  BANK28  BANK29  BANK30  BANK3
      +1  BANK32  BANK33  BANK34  BANK35  BANK36
  3659 ;;      Params:         0       0       0       0       0       0       0       0       0       0       0       0       
      +0       0       0       0       0       0       0       0       0       0       0       0       0       0       0       
      +0       0       0       0       0       0
  3660 ;;      Locals:         0       0       0       0       0       0       0       0       0       0       0       0       
      +0       0       0       0       0       0       0       0       0       0       0       0       0       0       0       
      +0       0       0       0       0       0
  3661 ;;      Temps:          0       0       0       0       0       0       0       0       0       0       0       0       
      +0       0       0       0       0       0       0       0       0       0       0       0       0       0       0       
      +0       0       0       0       0       0
  3662 ;;      Totals:         0       0       0       0       0       0       0       0       0       0       0       0       
      +0       0       0       0       0       0       0       0       0       0       0       0       0       0       0       
      +0       0       0       0       0       0
  3663 ;;Total ram usage:        0 bytes
  3664 ;; Hardware stack levels used: 1
  3665 ;; This function calls:
  3666 ;;		Nothing
  3667 ;; This function is called by:
  3668 ;;		_main
  3669 ;; This function uses a non-reentrant model
  3670 ;;
  3671                           
  3672                           	psect	text19
  3673   0035E0                     __ptext19:
  3674                           	callstack 0
  3675   0035E0                     _Clock_Init:
  3676                           	callstack 126
  3677   0035E0                     
  3678                           ;config.c: 59:     OSCCON1 = 0b0110000;
  3679   0035E0  0E30               	movlw	48
  3680   0035E2  0100               	movlb	0	; () banked
  3681   0035E4  6FAD               	movwf	173,b	;volatile
  3682   0035E6                     
  3683                           ; BSR set to: 0
  3684   0035E6  0012               	return		;funcret
  3685   0035E8                     __end_of_Clock_Init:
  3686                           	callstack 0
  3687                           
  3688                           	psect	rparam
  3689   000000                     
  3690                           	psect	config
  3691                           
  3692                           ;Config register CONFIG1 @ 0x300000
  3693                           ;	External Oscillator Selection
  3694                           ;	FEXTOSC = OFF, Oscillator not enabled
  3695                           ;	Reset Oscillator Selection
  3696                           ;	RSTOSC = HFINTOSC_64MHZ, HFINTOSC with HFFRQ = 64 MHz and CDIV = 1:1
  3697   300000                     	org	3145728
  3698   300000  8C                 	db	140
  3699                           
  3700                           ;Config register CONFIG2 @ 0x300001
  3701                           ;	Clock out Enable bit
  3702                           ;	CLKOUTEN = OFF, CLKOUT function is disabled
  3703                           ;	PRLOCKED One-Way Set Enable bit
  3704                           ;	PR1WAY = OFF, PRLOCKED bit can be set and cleared repeatedly
  3705                           ;	Clock Switch Enable bit
  3706                           ;	CSWEN = ON, Writing to NOSC and NDIV is allowed
  3707                           ;	Fail-Safe Clock Monitor Enable bit
  3708                           ;	FCMEN = ON, Fail-Safe Clock Monitor enabled
  3709   300001                     	org	3145729
  3710   300001  FD                 	db	253
  3711                           
  3712                           ;Config register CONFIG3 @ 0x300002
  3713                           ;	MCLR Enable bit
  3714                           ;	MCLRE = EXTMCLR, If LVP = 0, MCLR pin is MCLR; If LVP = 1, RE3 pin function is MCLR
  3715                           ;	Power-up timer selection bits
  3716                           ;	PWRTS = PWRT_OFF, PWRT is disabled
  3717                           ;	Multi-vector enable bit
  3718                           ;	MVECEN = ON, Multi-vector enabled, Vector table used for interrupts
  3719                           ;	IVTLOCK bit One-way set enable bit
  3720                           ;	IVT1WAY = ON, IVTLOCKED bit can be cleared and set only once
  3721                           ;	Low Power BOR Enable bit
  3722                           ;	LPBOREN = OFF, Low-Power BOR disabled
  3723                           ;	Brown-out Reset Enable bits
  3724                           ;	BOREN = OFF, Brown-out Reset disabled
  3725   300002                     	org	3145730
  3726   300002  3F                 	db	63
  3727                           
  3728                           ;Config register CONFIG4 @ 0x300003
  3729                           ;	Brown-out Reset Voltage Selection bits
  3730                           ;	BORV = VBOR_1P9, Brown-out Reset Voltage (VBOR) set to 1.9V
  3731                           ;	ZCD Disable bit
  3732                           ;	ZCD = OFF, ZCD module is disabled. ZCD can be enabled by setting the ZCDSEN bit of ZCD
      +                          CON
  3733                           ;	PPSLOCK bit One-Way Set Enable bit
  3734                           ;	PPS1WAY = ON, PPSLOCKED bit can be cleared and set only once; PPS registers remain loc
      +                          ked after one clear/set cycle
  3735                           ;	Stack Full/Underflow Reset Enable bit
  3736                           ;	STVREN = ON, Stack full/underflow will cause Reset
  3737                           ;	Low Voltage Programming Enable bit
  3738                           ;	LVP = ON, Low voltage programming enabled. MCLR/VPP pin function is MCLR. MCLRE config
      +                          uration bit is ignored
  3739                           ;	Extended Instruction Set Enable bit
  3740                           ;	XINST = OFF, Extended Instruction Set and Indexed Addressing Mode disabled
  3741   300003                     	org	3145731
  3742   300003  FF                 	db	255
  3743                           
  3744                           ;Config register CONFIG5 @ 0x300004
  3745                           ;	WDT Period selection bits
  3746                           ;	WDTCPS = WDTCPS_31, Divider ratio 1:65536; software control of WDTPS
  3747                           ;	WDT operating mode
  3748                           ;	WDTE = OFF, WDT Disabled; SWDTEN is ignored
  3749   300004                     	org	3145732
  3750   300004  9F                 	db	159
  3751                           
  3752                           ;Config register CONFIG6 @ 0x300005
  3753                           ;	WDT Window Select bits
  3754                           ;	WDTCWS = WDTCWS_7, window always open (100%); software control; keyed access not requi
      +                          red
  3755                           ;	WDT input clock selector
  3756                           ;	WDTCCS = SC, Software Control
  3757   300005                     	org	3145733
  3758   300005  FF                 	db	255
  3759                           
  3760                           ;Config register CONFIG7 @ 0x300006
  3761                           ;	Boot Block Size selection bits
  3762                           ;	BBSIZE = BBSIZE_512, Boot Block size is 512 words
  3763                           ;	Boot Block enable bit
  3764                           ;	BBEN = OFF, Boot block disabled
  3765                           ;	Storage Area Flash enable bit
  3766                           ;	SAFEN = OFF, SAF disabled
  3767                           ;	Background Debugger
  3768                           ;	DEBUG = ON, Background Debugger enabled
  3769   300006                     	org	3145734
  3770   300006  DF                 	db	223
  3771                           
  3772                           ;Config register CONFIG8 @ 0x300007
  3773                           ;	Boot Block Write Protection bit
  3774                           ;	WRTB = OFF, Boot Block not Write protected
  3775                           ;	Configuration Register Write Protection bit
  3776                           ;	WRTC = OFF, Configuration registers not Write protected
  3777                           ;	Data EEPROM Write Protection bit
  3778                           ;	WRTD = OFF, Data EEPROM not Write protected
  3779                           ;	SAF Write protection bit
  3780                           ;	WRTSAF = OFF, SAF not Write Protected
  3781                           ;	Application Block write protection bit
  3782                           ;	WRTAPP = OFF, Application Block not write protected
  3783   300007                     	org	3145735
  3784   300007  FF                 	db	255
  3785                           
  3786                           ;Config register CONFIG10 @ 0x300009
  3787                           ;	PFM and Data EEPROM Code Protection bit
  3788                           ;	CP = OFF, PFM and Data EEPROM code protection disabled
  3789   300009                     	org	3145737
  3790   300009  FF                 	db	255
  3791                           tosu	equ	0x4FF
  3792                           tosh	equ	0x4FE
  3793                           tosl	equ	0x4FD
  3794                           stkptr	equ	0x4FC
  3795                           pclatu	equ	0x4FB
  3796                           pclath	equ	0x4FA
  3797                           pcl	equ	0x4F9
  3798                           tblptru	equ	0x4F8
  3799                           tblptrh	equ	0x4F7
  3800                           tblptrl	equ	0x4F6
  3801                           tablat	equ	0x4F5
  3802                           prodh	equ	0x4F4
  3803                           prodl	equ	0x4F3
  3804                           indf0	equ	0x4EF
  3805                           postinc0	equ	0x4EE
  3806                           postdec0	equ	0x4ED
  3807                           preinc0	equ	0x4EC
  3808                           plusw0	equ	0x4EB
  3809                           fsr0h	equ	0x4EA
  3810                           fsr0l	equ	0x4E9
  3811                           wreg	equ	0x4E8
  3812                           indf1	equ	0x4E7
  3813                           postinc1	equ	0x4E6
  3814                           postdec1	equ	0x4E5
  3815                           preinc1	equ	0x4E4
  3816                           plusw1	equ	0x4E3
  3817                           fsr1h	equ	0x4E2
  3818                           fsr1l	equ	0x4E1
  3819                           bsr	equ	0x4E0
  3820                           indf2	equ	0x4DF
  3821                           postinc2	equ	0x4DE
  3822                           postdec2	equ	0x4DD
  3823                           preinc2	equ	0x4DC
  3824                           plusw2	equ	0x4DB
  3825                           fsr2h	equ	0x4DA
  3826                           fsr2l	equ	0x4D9
  3827                           status	equ	0x4D8

Data Sizes:
    Strings     13
    Constant    0
    Data        0
    BSS         0
    Persistent  0
    Stack       0

Auto Spaces:
    Space          Size  Autos    Used
    COMRAM           95     24      24
    BANK5           160      0       0
    BANK6           256      0       0
    BANK7           256      0       0
    BANK8           256      0       0
    BANK9           256      0       0
    BANK10          256      0       0
    BANK11          256      0       0
    BANK12          256      0       0
    BANK13          256      0       0
    BANK14          256      0       0
    BANK15          256      0       0
    BANK16          256      0       0
    BANK17          256      0       0
    BANK18          256      0       0
    BANK19          256      0       0
    BANK20          256      0       0
    BANK21          256      0       0
    BANK22          256      0       0
    BANK23          256      0       0
    BANK24          256      0       0
    BANK25          256      0       0
    BANK26          256      0       0
    BANK27          256      0       0
    BANK28          256      0       0
    BANK29          256      0       0
    BANK30          256      0       0
    BANK31          256      0       0
    BANK32          256      0       0
    BANK33          256      0       0
    BANK34          256      0       0
    BANK35          256      0       0
    BANK36          256      0       0

Pointer List with Targets:

    UART1_Write_String@str	PTR unsigned char  size(1) Largest target is 13
		 -> STR_1(CODE[13]), 


Critical Paths under _main in COMRAM

    _main->_UART1_Init
    _UART1_Write_String->_UART1_Write_Char
    _UART1_Init->___lldiv
    _GPIO_Init->_configure_pin
    _configure_pin->_reset_pin_pullup
    _configure_pin->_set_pin_analog_mode
    _configure_pin->_set_pin_digital_mode
    _configure_pin->_set_pin_input
    _configure_pin->_set_pin_open_drain
    _configure_pin->_set_pin_output
    _configure_pin->_set_pin_pullup
    _configure_pin->_set_pin_push_pull
    _configure_pin->_set_pin_sr_limited
    _configure_pin->_set_pin_sr_maximum
    _configure_pin->_set_pin_st
    _configure_pin->_set_pin_ttl

Critical Paths under _main in BANK5

    None.

Critical Paths under _main in BANK6

    None.

Critical Paths under _main in BANK7

    None.

Critical Paths under _main in BANK8

    None.

Critical Paths under _main in BANK9

    None.

Critical Paths under _main in BANK10

    None.

Critical Paths under _main in BANK11

    None.

Critical Paths under _main in BANK12

    None.

Critical Paths under _main in BANK13

    None.

Critical Paths under _main in BANK14

    None.

Critical Paths under _main in BANK15

    None.

Critical Paths under _main in BANK16

    None.

Critical Paths under _main in BANK17

    None.

Critical Paths under _main in BANK18

    None.

Critical Paths under _main in BANK19

    None.

Critical Paths under _main in BANK20

    None.

Critical Paths under _main in BANK21

    None.

Critical Paths under _main in BANK22

    None.

Critical Paths under _main in BANK23

    None.

Critical Paths under _main in BANK24

    None.

Critical Paths under _main in BANK25

    None.

Critical Paths under _main in BANK26

    None.

Critical Paths under _main in BANK27

    None.

Critical Paths under _main in BANK28

    None.

Critical Paths under _main in BANK29

    None.

Critical Paths under _main in BANK30

    None.

Critical Paths under _main in BANK31

    None.

Critical Paths under _main in BANK32

    None.

Critical Paths under _main in BANK33

    None.

Critical Paths under _main in BANK34

    None.

Critical Paths under _main in BANK35

    None.

Critical Paths under _main in BANK36

    None.

Call Graph Tables:

 ---------------------------------------------------------------------------------
 (Depth) Function   	        Calls       Base Space   Used Autos Params    Refs
 ---------------------------------------------------------------------------------
 (0) _main                                                 7     2      5   12708
                                             17 COMRAM     7     2      5
                         _Clock_Init
                          _GPIO_Init
                         _UART1_Init
                 _UART1_Write_String
 ---------------------------------------------------------------------------------
 (1) _UART1_Write_String                                   1     0      1     136
                                              1 COMRAM     1     0      1
                   _UART1_Write_Char
 ---------------------------------------------------------------------------------
 (2) _UART1_Write_Char                                     1     1      0      15
                                              0 COMRAM     1     1      0
 ---------------------------------------------------------------------------------
 (1) _UART1_Init                                           4     0      4    6492
                                             13 COMRAM     4     0      4
                            ___lldiv
                      _configure_pin
 ---------------------------------------------------------------------------------
 (2) ___lldiv                                             13     5      8     314
                                              0 COMRAM    13     5      8
 ---------------------------------------------------------------------------------
 (1) _GPIO_Init                                            0     0      0    6080
                      _configure_pin
 ---------------------------------------------------------------------------------
 (2) _configure_pin                                        8     1      7    6080
                                              4 COMRAM     8     1      7
                   _reset_pin_pullup
                _set_pin_analog_mode
               _set_pin_digital_mode
                      _set_pin_input
                 _set_pin_open_drain
                     _set_pin_output
                     _set_pin_pullup
                  _set_pin_push_pull
                 _set_pin_sr_limited
                 _set_pin_sr_maximum
                         _set_pin_st
                        _set_pin_ttl
 ---------------------------------------------------------------------------------
 (3) _set_pin_ttl                                          4     3      1     230
                                              0 COMRAM     4     3      1
 ---------------------------------------------------------------------------------
 (3) _set_pin_st                                           4     3      1     230
                                              0 COMRAM     4     3      1
 ---------------------------------------------------------------------------------
 (3) _set_pin_sr_maximum                                   4     3      1     230
                                              0 COMRAM     4     3      1
 ---------------------------------------------------------------------------------
 (3) _set_pin_sr_limited                                   4     3      1     230
                                              0 COMRAM     4     3      1
 ---------------------------------------------------------------------------------
 (3) _set_pin_push_pull                                    4     3      1     230
                                              0 COMRAM     4     3      1
 ---------------------------------------------------------------------------------
 (3) _set_pin_pullup                                       4     3      1     230
                                              0 COMRAM     4     3      1
 ---------------------------------------------------------------------------------
 (3) _set_pin_output                                       4     3      1     230
                                              0 COMRAM     4     3      1
 ---------------------------------------------------------------------------------
 (3) _set_pin_open_drain                                   4     3      1     230
                                              0 COMRAM     4     3      1
 ---------------------------------------------------------------------------------
 (3) _set_pin_input                                        4     3      1     230
                                              0 COMRAM     4     3      1
 ---------------------------------------------------------------------------------
 (3) _set_pin_digital_mode                                 4     3      1     230
                                              0 COMRAM     4     3      1
 ---------------------------------------------------------------------------------
 (3) _set_pin_analog_mode                                  4     3      1     230
                                              0 COMRAM     4     3      1
 ---------------------------------------------------------------------------------
 (3) _reset_pin_pullup                                     4     3      1     230
                                              0 COMRAM     4     3      1
 ---------------------------------------------------------------------------------
 (1) _Clock_Init                                           0     0      0       0
 ---------------------------------------------------------------------------------
 Estimated maximum stack depth 3
 ---------------------------------------------------------------------------------

 Call Graph Graphs:

 _main (ROOT)
   _Clock_Init
   _GPIO_Init
     _configure_pin
       _reset_pin_pullup
       _set_pin_analog_mode
       _set_pin_digital_mode
       _set_pin_input
       _set_pin_open_drain
       _set_pin_output
       _set_pin_pullup
       _set_pin_push_pull
       _set_pin_sr_limited
       _set_pin_sr_maximum
       _set_pin_st
       _set_pin_ttl
   _UART1_Init
     ___lldiv
     _configure_pin
   _UART1_Write_String
     _UART1_Write_Char

 Address spaces:
Name               Size   Autos  Total    Cost      Usage
BITCOMRAM           5F      0       0       0        0.0%
EEDATA             400      0       0       0        0.0%
NULL                 0      0       0       0        0.0%
CODE                 0      0       0       0        0.0%
COMRAM              5F     18      18       1       25.3%
STACK                0      0       0       2        0.0%
DATA                 0      0       0       3        0.0%
BITBANK5            A0      0       0       4        0.0%
BANK5               A0      0       0       5        0.0%
BITBANK6           100      0       0       6        0.0%
BANK6              100      0       0       7        0.0%
BITBANK7           100      0       0       8        0.0%
BANK7              100      0       0       9        0.0%
BITBANK8           100      0       0      10        0.0%
BANK8              100      0       0      11        0.0%
BITBANK9           100      0       0      12        0.0%
BANK9              100      0       0      13        0.0%
BITBANK10          100      0       0      14        0.0%
BANK10             100      0       0      15        0.0%
BITBANK11          100      0       0      16        0.0%
BANK11             100      0       0      17        0.0%
BITBANK12          100      0       0      18        0.0%
BANK12             100      0       0      19        0.0%
BITBANK13          100      0       0      20        0.0%
BANK13             100      0       0      21        0.0%
BITBANK14          100      0       0      22        0.0%
BANK14             100      0       0      23        0.0%
BITBANK15          100      0       0      24        0.0%
BANK15             100      0       0      25        0.0%
BITBANK16          100      0       0      26        0.0%
BANK16             100      0       0      27        0.0%
BITBANK17          100      0       0      28        0.0%
BANK17             100      0       0      29        0.0%
BITBANK18          100      0       0      30        0.0%
BANK18             100      0       0      31        0.0%
BITBANK19          100      0       0      32        0.0%
BANK19             100      0       0      33        0.0%
BITBANK20          100      0       0      34        0.0%
BANK20             100      0       0      35        0.0%
BITBANK21          100      0       0      36        0.0%
BANK21             100      0       0      37        0.0%
BITBANK22          100      0       0      38        0.0%
BANK22             100      0       0      39        0.0%
BITBANK23          100      0       0      40        0.0%
BANK23             100      0       0      41        0.0%
BITBANK24          100      0       0      42        0.0%
BANK24             100      0       0      43        0.0%
BITBANK25          100      0       0      44        0.0%
BANK25             100      0       0      45        0.0%
BITBANK26          100      0       0      46        0.0%
BANK26             100      0       0      47        0.0%
BITBANK27          100      0       0      48        0.0%
BANK27             100      0       0      49        0.0%
BITBANK28          100      0       0      50        0.0%
BANK28             100      0       0      51        0.0%
BITBANK29          100      0       0      52        0.0%
BANK29             100      0       0      53        0.0%
BITBANK30          100      0       0      54        0.0%
BANK30             100      0       0      55        0.0%
BITBANK31          100      0       0      56        0.0%
BANK31             100      0       0      57        0.0%
BITBANK32          100      0       0      58        0.0%
BANK32             100      0       0      59        0.0%
BITBANK33          100      0       0      60        0.0%
BANK33             100      0       0      61        0.0%
BITBANK34          100      0       0      62        0.0%
BANK34             100      0       0      63        0.0%
BITBANK35          100      0       0      64        0.0%
BANK35             100      0       0      65        0.0%
BITBANK36          100      0       0      66        0.0%
BANK36             100      0       0      67        0.0%
BITBIGSFR_1        100      0       0      68        0.0%
BIGRAM            1FFF      0       0      69        0.0%
BITBIGSFRhhh        2C      0       0      70        0.0%
BITBIGSFRhhl         2      0       0      71        0.0%
BITBIGSFRhlhhhh      2      0       0      72        0.0%
BITBIGSFRhlhhhh     91      0       0      73        0.0%
BITBIGSFRhlhhhh      3      0       0      74        0.0%
BITBIGSFRhlhhhh      3      0       0      75        0.0%
BITBIGSFRhlhhhl      3      0       0      76        0.0%
BITBIGSFRhlhhlh      3      0       0      77        0.0%
BITBIGSFRhlhlh       3      0       0      78        0.0%
BITBIGSFRhllhhh    14D      0       0      79        0.0%
BITBIGSFRhllhhl      2      0       0      80        0.0%
BITBIGSFRhlllhh      7      0       0      81        0.0%
BITBIGSFRhlllhh     30      0       0      82        0.0%
BITBIGSFRhlllhl     48      0       0      83        0.0%
BITBIGSFRhllll     17B      0       0      84        0.0%
BITBIGSFRl          AD      0       0      85        0.0%
ABS                  0      0       0      86        0.0%
BIGSFR_1             0      0       0     200        0.0%
BIGSFR               0      0       0     200        0.0%
BITSFR_6             0      0       0     200        0.0%
SFR_6                0      0       0     200        0.0%
BITSFR_5             0      0       0     200        0.0%
SFR_5                0      0       0     200        0.0%
BITSFR_4             0      0       0     200        0.0%
SFR_4                0      0       0     200        0.0%
BITSFR_3             0      0       0     200        0.0%
SFR_3                0      0       0     200        0.0%
BITSFR_2             0      0       0     200        0.0%
SFR_2                0      0       0     200        0.0%
BITSFR_1             0      0       0     200        0.0%
SFR_1                0      0       0     200        0.0%
BITSFR               0      0       0     200        0.0%
SFR                  0      0       0     200        0.0%


Microchip Technology PIC18 Macro Assembler V2.46 build 20240104201356 
Symbol Table                                                                                   Mon Oct 28 23:32:04 2024

    __end_of_set_pin_open_drain 3078                               l5 35E6  configure_pin@slew_rate_limited 050A  
                ?_configure_pin 0505                             l113 32A6                             l125 2F58  
                           l221 2762                             l137 29B6                             l161 2E3A  
                           l233 288C                             l209 2D1C                             l260 339A  
                           l173 2AE0                             l149 3194                             l245 3076  
                           l333 3546                             l406 343E                             l360 35DE  
                           l185 2BFE                             l354 34DA                             l197 2638  
                           l357 35CA                             l366 35C6                             l399 342E  
                           u790 35DA                             u791 35D6                             wreg 04E8  
    __end_of_set_pin_sr_maximum 2764      __end_of_set_pin_sr_limited 2D1E                            l2001 32C8  
                          l2011 330A                            l2003 32D2                            l2021 334A  
                          l2013 3318                            l2005 32E2                            l2031 3390  
                          l2023 335A                            l2015 3322                            l2007 32F0  
                          l2025 3368                            l2017 3332                            l2009 32FA  
                          l2041 33D6                            l2033 339C                            l2027 3372  
                          l2019 3340                            l2051 341E                            l2043 33E4  
                          l2035 33AC                            l2029 3382                            l2053 3428  
                          l2045 33EE                            l2037 33C2                            l2061 3440  
                          l2055 34DC                            l2047 340C                            l2039 33CA  
                          l2071 347E                            l2063 3444                            l2057 34FE  
                          l2049 341C                            l2073 3480                            l2065 3476  
                          l1345 35CA                            l2081 3590                            l1371 35E0  
                          l2059 3522                            l2075 34A6                            l2067 347A  
                          l1347 35DA                            l2083 35A4                            l2091 3550  
                          l2341 272C                            l2077 34B0                            l2069 347C  
                          l2085 35A6                            l2093 3564                            l2351 3040  
                          l2343 2CE6                            l2079 358C                            l2095 356C  
                          l2087 3548                            l1801 307E                            l2353 3270  
                          l2345 2856                            l2337 2602                            l2089 354C  
                          l1811 3128                            l1803 30A0                            l2355 2980  
                          l2347 2E04                            l2339 2BC8                            l2357 315E  
                          l1805 30C2                            l1741 31FC                            l1733 3198  
                          l2349 2F22                            l1821 2D20                            l2359 2AAA  
                          l1807 30E4                            l1815 314A                            l1743 321C  
                          l1735 319C                            l1831 2DAC                            l1823 2D24  
                          l1911 2C06                            l1903 25EE                            l1809 3106  
                          l1745 323C                            l1737 31BC                            l1761 2E86  
                          l1833 2DCE                            l1825 2D46                            l1921 2CB0  
                          l1913 2C28                            l1851 2A2A                            l1843 29BA  
                          l1739 31DC                            l1763 2EA8                            l1771 2F0E  
                          l1755 2E3E                            l1827 2D68                            l1915 2C4A  
                          l1931 263C                            l1853 2A4E                            l1845 29BE  
                          l1781 28B8                            l1749 325C                            l1765 2ECA  
                          l1757 2E42                            l1829 2D8A                            l1837 2DF0  
                          l1917 2C6C                            l1925 2CD2                            l1909 2C02  
                          l1941 26D0                            l1933 2640                            l1855 2A72  
                          l1847 29E2                            l1783 28DC                            l1767 2EEC  
                          l1759 2E64                            l1919 2C8E                            l1943 26F4  
                          l1935 2664                            l1871 2B2C                            l1849 2A06  
                          l1785 2900                            l1793 296C                            l1777 2890  
                          l1961 27D6                            l1953 2766                            l1937 2688  
                          l1873 2B4E                            l1881 2BB4                            l1865 2AE4  
                          l1859 2A96                            l1787 2924                            l1779 2894  
                          l1963 27FA                            l1955 276A                            l1939 26AC  
                          l1947 2718                            l1875 2B70                            l1867 2AE8  
                          l1891 253A                            l1789 2948                            l1981 2FA4  
                          l1965 281E                            l1957 278E                            l1877 2B92  
                          l1869 2B0A                            l1893 255E                            l1799 307A  
                          l1983 2FC6                            l1991 302C                            l1975 2F5C  
                          l1959 27B2                            l1895 2582                            l1887 2512  
                          l1985 2FE8                            l1977 2F60                            l1969 2842  
                          l1897 25A6                            l1889 2516                            l1987 300A  
                          l1979 2F82                            l1899 25CA                            l1997 32AA  
                          l1999 32BA                            STR_1 2501                            u1024 31AE  
                          u1104 2E98                            u1025 31AA                            u1105 2E94  
                          u1034 31CE                            u1114 2EBA                            u1035 31CA  
                          u1115 2EB6                            u1204 3090                            u1044 31EE  
                          u1124 2EDC                            u1205 308C                            u1045 31EA  
                          u1125 2ED8                            u1214 30B2                            u1054 320E  
                          u1134 2EFE                            u1215 30AE                            u1055 320A  
                          u1135 2EFA                            u1224 30D4                            u1144 28A6  
                          u1064 322E                            u1304 2DBE                            u1225 30D0  
                          u1145 28A2                            u1065 322A                            u1305 2DBA  
                          u1234 30F6                            u1154 28CA                            u1074 324E  
                          u1314 2DE0                            u1235 30F2                            u1155 28C6  
                          u1075 324A                            u1315 2DDC                            u1324 29D0  
                          u1244 3118                            u1164 28EE                            u1084 2E54  
                          u1404 2B3E                            u1325 29CC                            u1245 3114  
                          u1165 28EA                            u1085 2E50                            u1405 2B3A  
                          _LATA 04BE                            u1334 29F4                            u1254 313A  
                          u1174 2912                            u1094 2E76                            u1414 2B60  
                          _LATB 04BF                            u1335 29F0                            u1255 3136  
                          u1175 290E                            u1095 2E72                            u1415 2B5C  
                          _LATC 04C0                            u1344 2A18                            u1184 2936  
                          u1264 2D36                            u1504 2C18                            u1424 2B82  
                          _LATD 04C1                            u1345 2A14                            u1185 2932  
                          u1265 2D32                            u1505 2C14                            u1425 2B7E  
                          _LATE 04C2                            u1354 2A3C                            u1194 295A  
                          u1274 2D58                            u1514 2C3A                            u1434 2BA4  
                          _LATF 04C3                            u1355 2A38                            u1195 2956  
                          u1275 2D54                            u1515 2C36                            u1435 2BA0  
                          u1364 2A60                            u1284 2D7A                            u1524 2C5C  
                          u1604 26E2                            u1444 2528                            u1365 2A5C  
                          u1285 2D76                            u1525 2C58                            u1605 26DE  
                          u1445 2524                            u1374 2A84                            u1294 2D9C  
                          u1534 2C7E                            u1614 2706                            u1454 254C  
                          u1375 2A80                            u1295 2D98                            u1535 2C7A  
                          u1615 2702                            u1455 2548                            u1704 2FB6  
                          u1624 277C                            u1544 2CA0                            u1384 2AFA  
                          u1464 2570                            u1800 33C2                            u1705 2FB2  
                          u1625 2778                            u1545 2C9C                            u1385 2AF6  
                          u1465 256C                            u1801 33BE                            u1714 2FD8  
                          u1634 27A0                            u1554 2CC2                            u1394 2B1C  
                          u1474 2594                            u1810 33E4                            u1715 2FD4  
                          u1635 279C                            u1555 2CBE                            u1395 2B18  
                          u1475 2590                            u1811 33E0                            u1724 2FFA  
                          u1644 27C4                            u1564 2652                            u1484 25B8  
                          u1740 32BA                            u1820 340C                            u1725 2FF6  
                          u1645 27C0                            u1565 264E                            u1485 25B4  
                          u1741 32B6                            u1821 3408                            u1734 301C  
                          u1654 27E8                            u1574 2676                            u1494 25DC  
                          u1750 32E2                            u1830 35C6                            u1735 3018  
                          u1655 27E4                            u1575 2672                            u1495 25D8  
                          u1751 32DE                            u1831 35C2                            u1664 280C  
                          u1584 269A                            u1760 330A                            u1665 2808  
                          u1585 2696                            u1761 3306                            u1674 2830  
                          u1594 26BE                            u1770 3332                            u1675 282C  
                          u1595 26BA                            u1771 332E                            u1684 2F72  
                          u1780 335A                            u1685 2F6E                            u1781 3356  
                          u1694 2F94                            u1790 3382                            u1695 2F90  
                          u1791 337E                            u1847 3576                            _WPUA 0401  
                          _WPUB 0409                            _WPUC 0411                            _WPUD 0419  
                          _WPUE 0421                            _WPUF 0429        __end_of_reset_pin_pullup 2AE2  
                          _main 3548                            start FFFC                    ___param_bank 0000  
                   ?_UART1_Init 050E                      _Clock_Init 35E0                           ?_main 0512  
               __end_of___lldiv 3440                           _U1BRG 02AE                           _U1TXB 02A3  
                         _PORTA 04CE                           _PORTB 04CF                           _PORTC 04D0  
                         _PORTD 04D1                           _PORTE 04D2                           _PORTF 04D3  
                         _TRISA 04C6                           _TRISB 04C7                           _TRISC 04C8  
                         _TRISD 04C9                           _TRISE 04CA                           _TRISF 04CB  
                         tablat 04F5            configure_pin@use_ttl 0509                           status 04D8  
               __initialization 35E8                    __end_of_main 358C                 ??_configure_pin 050C  
                        ??_main 0517                   __activetblptr 0003               __end_of_GPIO_Init 3548  
             _set_pin_push_pull 2764                          _ANSELA 0400                          _ANSELB 0408  
                        _ANSELC 0410                          _ANSELD 0418                          _ANSELE 0420  
                        _ANSELF 0428              _UART1_Write_String 358C                          _ODCONA 0402  
                        _ODCONB 040A                          _RF0PPS 0229                          _ODCONC 0412  
                        _ODCOND 041A                          _ODCONE 0422                          _ODCONF 042A  
                        _INLVLA 0404                          _INLVLB 040C                          _INLVLC 0414  
                        _INLVLD 041C                          _INLVLE 0424                          _INLVLF 042C  
            ?_set_pin_push_pull 0501             ?_UART1_Write_String 0502             ??_set_pin_push_pull 0502  
                  ?_set_pin_ttl 0501    set_pin_sr_maximum@pin_number 0501                       ??___lldiv 0509  
         configure_pin@is_input 0506                     ?_Clock_Init 0501                          isa$std 0001  
 set_pin_analog_mode@pin_number 0501            ??_UART1_Write_String 0503                    __mediumconst 0000  
                        tblptrh 04F7                          tblptrl 04F6                          tblptru 04F8  
     __end_of_set_pin_push_pull 288E            set_pin_ttl@port_name 0504                      __accesstop 0560  
       __end_of__initialization 35E8                   ___rparam_used 0001        set_pin_output@pin_number 0501  
                __pcstackCOMRAM 0501           __end_of_set_pin_input 32A8                _UART1_Write_Char 35C8  
            _set_pin_open_drain 2F5A      configure_pin@use_push_pull 050B    set_pin_sr_limited@pin_number 0501  
           ?_set_pin_open_drain 0501               ?_reset_pin_pullup 0501              _set_pin_sr_maximum 263A  
            _set_pin_sr_limited 2C00              ??_reset_pin_pullup 0502             _set_pin_analog_mode 3078  
   set_pin_sr_maximum@port_name 0504                    ??_UART1_Init 0512            ??_set_pin_open_drain 0502  
           ?_set_pin_sr_maximum 0501             ?_set_pin_sr_limited 0501            ?_set_pin_analog_mode 0501  
                       _OSCCON1 00AD                         _SLRCONA 0403                         _SLRCONB 040B  
                       _SLRCONC 0413                         _SLRCOND 041B                         _SLRCONE 0423  
                       _SLRCONF 042B            ??_set_pin_sr_maximum 0502            ??_set_pin_sr_limited 0502  
            __end_of_UART1_Init 34DC     set_pin_sr_limited@port_name 0504                         __Hparam 0000  
                       __Lparam 0000                         ___lldiv 339C                    __psmallconst 2500  
           set_pin_st@port_name 0504                         __pcinit 35E8                         __ramtop 2500  
                       __ptext0 3548                         __ptext1 358C                         __ptext2 35C8  
                       __ptext3 3440                         __ptext4 339C                         __ptext5 34DC  
                       __ptext6 32A8                         __ptext7 2510                         __ptext8 2AE2  
                       __ptext9 263A           ??_set_pin_analog_mode 0502           set_pin_ttl@pin_number 0501  
                     _GPIO_Init 34DC            end_of_initialization 35E8      set_pin_push_pull@port_name 0504  
        configure_pin@port_name 050C                 ___lldiv@divisor 0505                 ___lldiv@counter 050D  
                    _set_pin_st 2AE2                    ??_Clock_Init 0501           __end_of_configure_pin 339C  
      set_pin_pullup@pin_number 0501                      ?_GPIO_Init 0501              __end_of_Clock_Init 35E8  
                _set_pin_pullup 2D1E                  _set_pin_output 2E3C        __end_of_UART1_Write_Char 35E0  
  __end_of_set_pin_digital_mode 29B8             start_initialization 35E8          __end_of_set_pin_pullup 2E3C  
        __end_of_set_pin_output 2F5A     set_pin_open_drain@port_name 0504                     ?_set_pin_st 0501  
                UART1_Init@baud 050E                     ??_GPIO_Init 050D                 ?_set_pin_pullup 0501  
               ?_set_pin_output 0501         set_pin_output@port_name 0504  set_pin_digital_mode@pin_number 0501  
                      ?___lldiv 0501                     __smallconst 2500       reset_pin_pullup@port_name 0504  
                   _U1ERRIRbits 02B2                        _LATFbits 04C3            _set_pin_digital_mode 288E  
                 ??_set_pin_ttl 0502    set_pin_open_drain@pin_number 0501     __end_of_set_pin_analog_mode 3196  
       set_pin_input@pin_number 0501                   _set_pin_input 3196         set_pin_pullup@port_name 0504  
                   _U1RXPPSbits 0272            set_pin_st@pin_number 0501           ?_set_pin_digital_mode 0501  
             ?_UART1_Write_Char 0501                        __Hrparam 0000                        __Lrparam 0000  
            ??_UART1_Write_Char 0501                _reset_pin_pullup 29B8                  ?_set_pin_input 0501  
           __end_of_set_pin_ttl 263A         configure_pin@is_digital 0507                        __ptext10 2C00  
                      __ptext11 2764                        __ptext12 2D1E                        __ptext13 2E3C  
                      __ptext14 2F5A                        __ptext15 3196                        __ptext16 288E  
                      __ptext17 3078                        __ptext18 29B8                        __ptext19 35E0  
  set_pin_analog_mode@port_name 0504                      _U1CON0bits 02AB                      _U1CON1bits 02AC  
                    _U1CON2bits 02AD     set_pin_push_pull@pin_number 0501   set_pin_digital_mode@port_name 0504  
                  ??_set_pin_st 0502                        isa$xinst 0000         configure_pin@pin_number 0505  
                      main@argc 0512                        main@argv 0514      __end_of_UART1_Write_String 35C8  
        set_pin_input@port_name 0504                ??_set_pin_pullup 0502                ??_set_pin_output 0502  
            __end_of_set_pin_st 2C00          ??_set_pin_digital_mode 0502                ___lldiv@dividend 0501  
                    _UART1_Init 3440                     _set_pin_ttl 2510      configure_pin@enable_pullup 0508  
               ??_set_pin_input 0502      reset_pin_pullup@pin_number 0501                   _configure_pin 32A8  
              ___lldiv@quotient 0509              UART1_Write_Char@ch 0501           UART1_Write_String@str 0502  
