

Microchip MPLAB XC8 Assembler V2.46 build 20240104201356 
                                                                                               Thu Oct 24 21:40:17 2024

Microchip MPLAB XC8 C Compiler v2.46 (Free license) build 20240104201356 Og1 
     1                           	processor	18F57Q43
     2                           	fnconf	rparam,??,?,0
     3                           	pagewidth 120
     4                           	opt	flic
     5                           	psect	idataCOMRAM,global,class=CODE,delta=1,noexec
     6                           	psect	smallconst,global,reloc=2,class=SMALLCONST,delta=1,noexec
     7                           	psect	cinit,global,reloc=2,class=CODE,delta=1
     8                           	psect	bssCOMRAM,global,class=COMRAM,space=1,delta=1,lowdata,noexec
     9                           	psect	dataCOMRAM,global,class=COMRAM,space=1,delta=1,lowdata,noexec
    10                           	psect	cstackCOMRAM,global,class=COMRAM,space=1,delta=1,lowdata,noexec
    11                           	psect	text0,global,reloc=2,class=CODE,delta=1
    12                           	psect	text1,global,reloc=2,class=CODE,delta=1
    13                           	psect	text2,global,reloc=2,class=CODE,delta=1
    14                           	psect	text3,global,reloc=2,class=CODE,delta=1
    15                           	psect	text4,global,reloc=2,class=CODE,delta=1
    16                           	psect	text5,global,reloc=2,class=CODE,delta=1
    17                           	psect	text6,global,reloc=2,class=CODE,delta=1
    18                           	psect	text7,global,reloc=2,class=CODE,delta=1
    19                           	psect	text8,global,reloc=2,class=CODE,delta=1
    20                           	psect	text9,global,reloc=2,class=CODE,delta=1
    21                           	psect	text10,global,reloc=2,class=CODE,delta=1
    22                           	psect	text11,global,reloc=2,class=CODE,delta=1
    23                           	psect	text12,global,reloc=2,class=CODE,delta=1
    24                           	psect	text13,global,reloc=2,class=CODE,delta=1
    25                           	psect	text14,global,reloc=2,class=CODE,delta=1
    26                           	psect	text15,global,reloc=2,class=CODE,delta=1
    27                           	psect	text16,global,reloc=2,class=CODE,delta=1
    28                           	psect	text17,global,reloc=2,class=CODE,delta=1
    29                           	psect	text18,global,reloc=2,class=CODE,delta=1
    30                           	psect	text19,global,reloc=2,class=CODE,delta=1
    31                           	psect	text20,global,reloc=2,class=CODE,delta=1
    32                           	psect	text21,global,reloc=2,class=CODE,delta=1
    33                           	psect	text22,global,reloc=2,class=CODE,delta=1
    34                           	psect	text23,global,reloc=2,class=CODE,delta=1
    35                           	psect	text24,global,reloc=2,class=CODE,delta=1
    36                           	psect	text25,global,reloc=2,class=CODE,delta=1
    37                           	psect	text26,global,reloc=2,class=CODE,delta=1
    38                           	psect	text27,global,reloc=2,class=CODE,delta=1
    39                           	psect	text28,global,reloc=2,class=CODE,delta=1
    40                           	psect	text29,global,reloc=2,class=CODE,delta=1
    41                           	psect	text30,global,reloc=2,class=CODE,delta=1
    42                           	psect	text31,global,reloc=2,class=CODE,delta=1
    43                           	psect	text32,global,reloc=2,class=CODE,delta=1
    44                           	psect	text33,global,reloc=4,class=CODE,delta=1
    45                           	psect	ivt0x3008,global,reloc=2,class=CODE,delta=1,noexec,keep,optim=
    46                           	psect	intsave_regs,global,class=BIGRAM,space=1,delta=1,noexec
    47                           	psect	rparam,global,class=COMRAM,space=1,delta=1,noexec
    48                           	psect	config,global,abs,ovrld,class=CONFIG,space=4,delta=1,noexec
    49   000000                     
    50                           ; Generated 18/12/2023 GMT
    51                           ; 
    52                           ; Copyright © 2023, Microchip Technology Inc. and its subsidiaries ("Microchip")
    53                           ; All rights reserved.
    54                           ; 
    55                           ; This software is developed by Microchip Technology Inc. and its subsidiaries ("Microch
      +                          ip").
    56                           ; 
    57                           ; Redistribution and use in source and binary forms, with or without modification, are
    58                           ; permitted provided that the following conditions are met:
    59                           ; 
    60                           ;     1. Redistributions of source code must retain the above copyright notice, this lis
      +                          t of
    61                           ;        conditions and the following disclaimer.
    62                           ; 
    63                           ;     2. Redistributions in binary form must reproduce the above copyright notice, this 
      +                          list
    64                           ;        of conditions and the following disclaimer in the documentation and/or other
    65                           ;        materials provided with the distribution. Publication is not required when
    66                           ;        this file is used in an embedded application.
    67                           ; 
    68                           ;     3. Microchip's name may not be used to endorse or promote products derived from th
      +                          is
    69                           ;        software without specific prior written permission.
    70                           ; 
    71                           ; THIS SOFTWARE IS PROVIDED BY MICROCHIP "AS IS" AND ANY EXPRESS OR IMPLIED WARRANTIES,
    72                           ; INCLUDING, BUT NOT LIMITED TO, THE IMPLIED WARRANTIES OF MERCHANTABILITY AND FITNESS F
      +                          OR
    73                           ; PURPOSE ARE DISCLAIMED.  IN NO EVENT SHALL MICROCHIP BE LIABLE FOR ANY DIRECT, INDIREC
      +                          T,
    74                           ; INCIDENTAL, SPECIAL, EXEMPLARY, OR CONSEQUENTIAL DAMAGES (INCLUDING BUT NOT LIMITED TO
    75                           ; PROCUREMENT OF SUBSTITUTE GOODS OR SERVICES; LOSS OF USE, DATA OR PROFITS; OR BUSINESS
    76                           ; INTERRUPTION) HOWSOEVER CAUSED AND ON ANY THEORY OF LIABILITY, WHETHER IN CONTRACT, ST
      +                          RICT
    77                           ; LIABILITY, OR TORT (INCLUDING NEGLIGENCE OR OTHERWISE) ARISING IN ANY WAY OUT OF THE U
      +                          SE OF
    78                           ; THIS SOFTWARE, EVEN IF ADVISED OF THE POSSIBILITY OF SUCH DAMAGE.
    79                           ; 
    80                           ; 
    81                           ; Code-generator required, PIC18F57Q43 Definitions
    82                           ; 
    83                           ; SFR Addresses
    84   000000                     
    85                           	psect	idataCOMRAM
    86   004A20                     __pidataCOMRAM:
    87                           	callstack 0
    88                           
    89                           ;initializer for _LCD_entry_mode
    90   004A20  06                 	db	6
    91                           
    92                           ;initializer for _LCD_display_control
    93   004A21  0C                 	db	12
    94                           
    95                           ;initializer for _high_state
    96   004A22  1F                 	db	31
    97   004A23  1F                 	db	31
    98   004A24  1F                 	db	31
    99   004A25  1F                 	db	31
   100   004A26  1F                 	db	31
   101   004A27  1F                 	db	31
   102   004A28  1F                 	db	31
   103   004A29  1F                 	db	31
   104                           
   105                           ;initializer for _low_state
   106   004A2A  1F                 	db	31
   107   004A2B  11                 	db	17
   108   004A2C  11                 	db	17
   109   004A2D  11                 	db	17
   110   004A2E  11                 	db	17
   111   004A2F  11                 	db	17
   112   004A30  11                 	db	17
   113   004A31  1F                 	db	31
   114   000000                     _T0CON0bits	set	794
   115   000000                     _T0CON1bits	set	795
   116   000000                     _ODCONF	set	1066
   117   000000                     _ODCONE	set	1058
   118   000000                     _ODCOND	set	1050
   119   000000                     _ODCONC	set	1042
   120   000000                     _ODCONB	set	1034
   121   000000                     _ODCONA	set	1026
   122   000000                     _SLRCONF	set	1067
   123   000000                     _SLRCONE	set	1059
   124   000000                     _SLRCOND	set	1051
   125   000000                     _SLRCONC	set	1043
   126   000000                     _SLRCONB	set	1035
   127   000000                     _SLRCONA	set	1027
   128   000000                     _INLVLF	set	1068
   129   000000                     _INLVLE	set	1060
   130   000000                     _INLVLD	set	1052
   131   000000                     _INLVLC	set	1044
   132   000000                     _INLVLB	set	1036
   133   000000                     _INLVLA	set	1028
   134   000000                     _WPUF	set	1065
   135   000000                     _WPUE	set	1057
   136   000000                     _WPUD	set	1049
   137   000000                     _WPUC	set	1041
   138   000000                     _WPUB	set	1033
   139   000000                     _WPUA	set	1025
   140   000000                     _ANSELF	set	1064
   141   000000                     _ANSELE	set	1056
   142   000000                     _ANSELD	set	1048
   143   000000                     _ANSELC	set	1040
   144   000000                     _ANSELB	set	1032
   145   000000                     _TRISFbits	set	1227
   146   000000                     _TRISCbits	set	1224
   147   000000                     _LATCbits	set	1216
   148   000000                     _LATFbits	set	1219
   149   000000                     _PORTBbits	set	1231
   150   000000                     _OSCCON1	set	173
   151   000000                     _INT1PPSbits	set	575
   152   000000                     _IPR1bits	set	867
   153   000000                     _IPR3bits	set	869
   154   000000                     _ANSELA	set	1024
   155   000000                     _TRISA	set	1222
   156   000000                     _PORTA	set	1230
   157   000000                     _TRISF	set	1227
   158   000000                     _TRISE	set	1226
   159   000000                     _TRISD	set	1225
   160   000000                     _TRISC	set	1224
   161   000000                     _TRISB	set	1223
   162   000000                     _IVTBASEL	set	1117
   163   000000                     _IVTBASEH	set	1118
   164   000000                     _IVTBASEU	set	1119
   165   000000                     _PIE1bits	set	1183
   166   000000                     _PIE3bits	set	1185
   167   000000                     _PIR3bits	set	1201
   168   000000                     _LATA	set	1214
   169   000000                     _LATF	set	1219
   170   000000                     _LATE	set	1218
   171   000000                     _LATD	set	1217
   172   000000                     _LATC	set	1216
   173   000000                     _LATB	set	1215
   174   000000                     _INTCON0bits	set	1238
   175   000000                     _PORTF	set	1235
   176   000000                     _PORTE	set	1234
   177   000000                     _PORTD	set	1233
   178   000000                     _PORTC	set	1232
   179   000000                     _PORTB	set	1231
   180   000000                     _PIR6bits	set	1204
   181   000000                     _PIE6bits	set	1188
   182   000000                     _PIR1bits	set	1199
   183   000000                     _IPR6bits	set	872
   184   000000                     _TMR0L	set	792
   185   000000                     _TMR0H	set	793
   186                           
   187                           	psect	smallconst
   188   002500                     __psmallconst:
   189                           	callstack 0
   190   002500  00                 	db	0
   191   002501                     STR_2:
   192   002501  53                 	db	83	;'S'
   193   002502  61                 	db	97	;'a'
   194   002503  6C                 	db	108	;'l'
   195   002504  69                 	db	105	;'i'
   196   002505  64                 	db	100	;'d'
   197   002506  61                 	db	97	;'a'
   198   002507  73                 	db	115	;'s'
   199   002508  3A                 	db	58	;':'
   200   002509  20                 	db	32
   201   00250A  20                 	db	32
   202   00250B  00                 	db	0
   203   00250C                     STR_1:
   204   00250C  45                 	db	69	;'E'
   205   00250D  6E                 	db	110	;'n'
   206   00250E  74                 	db	116	;'t'
   207   00250F  72                 	db	114	;'r'
   208   002510  61                 	db	97	;'a'
   209   002511  64                 	db	100	;'d'
   210   002512  61                 	db	97	;'a'
   211   002513  73                 	db	115	;'s'
   212   002514  3A                 	db	58	;':'
   213   002515  20                 	db	32
   214   002516  00                 	db	0
   215   002517  00                 	db	0	; dummy byte at the end
   216   000000                     
   217                           ; #config settings
   218                           
   219                           	psect	cinit
   220   004944                     __pcinit:
   221                           	callstack 0
   222   004944                     start_initialization:
   223                           	callstack 0
   224   004944                     __initialization:
   225                           	callstack 0
   226                           
   227                           ; Initialize objects allocated to COMRAM (18 bytes)
   228                           ; load TBLPTR registers with __pidataCOMRAM
   229   004944  0E20               	movlw	low __pidataCOMRAM
   230   004946  6EF6               	movwf	tblptrl,c
   231   004948  0E4A               	movlw	high __pidataCOMRAM
   232   00494A  6EF7               	movwf	tblptrh,c
   233   00494C  0E00               	movlw	low (__pidataCOMRAM shr (0+16))
   234   00494E  6EF8               	movwf	tblptru,c
   235   004950  EE01  F11D         	lfsr	0,__pdataCOMRAM
   236   004954  EE10 F012          	lfsr	1,18
   237   004958                     copy_data0:
   238   004958  0009               	tblrd		*+
   239   00495A  C4F5 F4EE          	movff	tablat,postinc0
   240   00495E  50E5               	movf	postdec1,w,c
   241   004960  50E1               	movf	fsr1l,w,c
   242   004962  E1FA               	bnz	copy_data0
   243                           
   244                           ; Clear objects allocated to COMRAM (14 bytes)
   245   004964  EE01  F12F         	lfsr	0,__pbssCOMRAM
   246   004968  0E0E               	movlw	14
   247   00496A                     clear_0:
   248   00496A  6AEE               	clrf	postinc0,c
   249   00496C  06E8               	decf	wreg,f,c
   250   00496E  E1FD               	bnz	clear_0
   251                           
   252                           ;
   253                           ; Setup IVTBASE
   254                           ;
   255   004970  0104               	movlb	4
   256   004972  0E08               	movlw	(ivt0x3008_base shr 0)& (0+255)
   257   004974  6F5D               	movwf	93,b
   258   004976  0E30               	movlw	(ivt0x3008_base shr (0+8))& (0+255)
   259   004978  6F5E               	movwf	94,b
   260   00497A  0E00               	movlw	(ivt0x3008_base shr (0+16))& (0+255)
   261   00497C  6F5F               	movwf	95,b
   262   00497E                     end_of_initialization:
   263                           	callstack 0
   264   00497E                     __end_of__initialization:
   265                           	callstack 0
   266   00497E  0100               	movlb	0
   267   004980  EFB3  F022         	goto	_main	;jump to C main() function
   268                           
   269                           	psect	bssCOMRAM
   270   00052F                     __pbssCOMRAM:
   271                           	callstack 0
   272   00052F                     	ds	4
   273   000533                     	ds	2
   274   000535                     	ds	2
   275   000537                     _button_press_counter:
   276                           	callstack 0
   277   000537                     	ds	2
   278   000539                     _x:
   279                           	callstack 0
   280   000539                     	ds	2
   281   00053B                     _button_flag:
   282                           	callstack 0
   283   00053B                     	ds	2
   284                           
   285                           	psect	dataCOMRAM
   286   00051D                     __pdataCOMRAM:
   287                           	callstack 0
   288   00051D                     _LCD_entry_mode:
   289                           	callstack 0
   290   00051D                     	ds	1
   291   00051E                     _LCD_display_control:
   292                           	callstack 0
   293   00051E                     	ds	1
   294   00051F                     _high_state:
   295                           	callstack 0
   296   00051F                     	ds	8
   297   000527                     _low_state:
   298                           	callstack 0
   299   000527                     	ds	8
   300                           
   301                           	psect	cstackCOMRAM
   302   000501                     __pcstackCOMRAM:
   303                           	callstack 0
   304   000501                     ??_INT_ISR:
   305                           
   306                           ; 1 bytes @ 0x0
   307   000501                     	ds	2
   308   000503                     INT_ISR@i:
   309                           	callstack 0
   310                           
   311                           ; 2 bytes @ 0x2
   312   000503                     	ds	2
   313   000505                     ??_LCD_write_command:
   314   000505                     ??_LCD_write_data:
   315   000505                     set_pin_input@pin_number:
   316                           	callstack 0
   317   000505                     set_pin_output@pin_number:
   318                           	callstack 0
   319   000505                     set_pin_digital_mode@pin_number:
   320                           	callstack 0
   321   000505                     set_pin_analog_mode@pin_number:
   322                           	callstack 0
   323   000505                     set_pin_pullup@pin_number:
   324                           	callstack 0
   325   000505                     reset_pin_pullup@pin_number:
   326                           	callstack 0
   327   000505                     set_pin_st@pin_number:
   328                           	callstack 0
   329   000505                     set_pin_ttl@pin_number:
   330                           	callstack 0
   331   000505                     set_pin_sr_limited@pin_number:
   332                           	callstack 0
   333   000505                     set_pin_sr_maximum@pin_number:
   334                           	callstack 0
   335   000505                     set_pin_push_pull@pin_number:
   336                           	callstack 0
   337   000505                     set_pin_open_drain@pin_number:
   338                           	callstack 0
   339   000505                     set_pin_low@pin_number:
   340                           	callstack 0
   341   000505                     get_pin_value@pin_number:
   342                           	callstack 0
   343   000505                     TIMER0_Init@timer_mode:
   344                           	callstack 0
   345   000505                     TIMER0_Write@TMR0L_value:
   346                           	callstack 0
   347                           
   348                           ; 1 bytes @ 0x4
   349   000505                     	ds	1
   350   000506                     ??_set_pin_input:
   351   000506                     ??_set_pin_output:
   352   000506                     ??_set_pin_digital_mode:
   353   000506                     ??_set_pin_analog_mode:
   354   000506                     ??_set_pin_pullup:
   355   000506                     ??_reset_pin_pullup:
   356   000506                     ??_set_pin_st:
   357   000506                     ??_set_pin_ttl:
   358   000506                     ??_set_pin_sr_limited:
   359   000506                     ??_set_pin_sr_maximum:
   360   000506                     ??_set_pin_push_pull:
   361   000506                     ??_set_pin_open_drain:
   362   000506                     ??_set_pin_low:
   363   000506                     ??_get_pin_value:
   364   000506                     TIMER0_Init@timer_async:
   365                           	callstack 0
   366   000506                     TIMER0_Write@TMR0H_value:
   367                           	callstack 0
   368                           
   369                           ; 1 bytes @ 0x5
   370   000506                     	ds	1
   371   000507                     LCD_write_command@command:
   372                           	callstack 0
   373   000507                     LCD_write_data@data:
   374                           	callstack 0
   375   000507                     TIMER0_Init@timer_prescaler:
   376                           	callstack 0
   377                           
   378                           ; 1 bytes @ 0x6
   379   000507                     	ds	1
   380   000508                     ??_TIMER0_Init:
   381   000508                     ??_LCD_Clear:
   382   000508                     set_pin_input@port_name:
   383                           	callstack 0
   384   000508                     set_pin_output@port_name:
   385                           	callstack 0
   386   000508                     set_pin_digital_mode@port_name:
   387                           	callstack 0
   388   000508                     set_pin_analog_mode@port_name:
   389                           	callstack 0
   390   000508                     set_pin_pullup@port_name:
   391                           	callstack 0
   392   000508                     reset_pin_pullup@port_name:
   393                           	callstack 0
   394   000508                     set_pin_st@port_name:
   395                           	callstack 0
   396   000508                     set_pin_ttl@port_name:
   397                           	callstack 0
   398   000508                     set_pin_sr_limited@port_name:
   399                           	callstack 0
   400   000508                     set_pin_sr_maximum@port_name:
   401                           	callstack 0
   402   000508                     set_pin_push_pull@port_name:
   403                           	callstack 0
   404   000508                     set_pin_open_drain@port_name:
   405                           	callstack 0
   406   000508                     set_pin_low@port_name:
   407                           	callstack 0
   408   000508                     get_pin_value@port_name:
   409                           	callstack 0
   410   000508                     LCD_Cursor_Set@column:
   411                           	callstack 0
   412   000508                     LCD_Write_String@string:
   413                           	callstack 0
   414   000508                     LCD_Write_Char@character:
   415                           	callstack 0
   416                           
   417                           ; 1 bytes @ 0x7
   418   000508                     	ds	1
   419   000509                     ??_LCD_Init:
   420   000509                     ??_LCD_Write_String:
   421   000509                     configure_pin@pin_number:
   422                           	callstack 0
   423   000509                     LCD_Cursor_Set@row:
   424                           	callstack 0
   425   000509                     TIMER0_Init@timer_clock_source:
   426                           	callstack 0
   427                           
   428                           ; 1 bytes @ 0x8
   429   000509                     	ds	1
   430   00050A                     configure_pin@is_input:
   431                           	callstack 0
   432   00050A                     LCD_Write_String@i:
   433                           	callstack 0
   434   00050A                     LCD_Update_Screen@input:
   435                           	callstack 0
   436   00050A                     LCD_Add_Character@pattern:
   437                           	callstack 0
   438                           
   439                           ; 2 bytes @ 0x9
   440   00050A                     	ds	1
   441   00050B                     configure_pin@is_digital:
   442                           	callstack 0
   443                           
   444                           ; 1 bytes @ 0xA
   445   00050B                     	ds	1
   446   00050C                     configure_pin@enable_pullup:
   447                           	callstack 0
   448   00050C                     LCD_Update_Screen@input_size:
   449                           	callstack 0
   450   00050C                     LCD_Add_Character@address:
   451                           	callstack 0
   452                           
   453                           ; 1 bytes @ 0xB
   454   00050C                     	ds	1
   455   00050D                     configure_pin@use_ttl:
   456                           	callstack 0
   457   00050D                     LCD_Add_Character@i:
   458                           	callstack 0
   459   00050D                     LCD_Update_Screen@output:
   460                           	callstack 0
   461                           
   462                           ; 2 bytes @ 0xC
   463   00050D                     	ds	1
   464   00050E                     configure_pin@slew_rate_limited:
   465                           	callstack 0
   466                           
   467                           ; 1 bytes @ 0xD
   468   00050E                     	ds	1
   469   00050F                     configure_pin@use_push_pull:
   470                           	callstack 0
   471   00050F                     LCD_Update_Screen@output_size:
   472                           	callstack 0
   473                           
   474                           ; 1 bytes @ 0xE
   475   00050F                     	ds	1
   476   000510                     configure_pin@port_name:
   477                           	callstack 0
   478   000510                     LCD_Update_Screen@i:
   479                           	callstack 0
   480                           
   481                           ; 1 bytes @ 0xF
   482   000510                     	ds	1
   483   000511                     LCD_Update_Screen@i_351:
   484                           	callstack 0
   485                           
   486                           ; 1 bytes @ 0x10
   487   000511                     	ds	1
   488   000512                     
   489                           ; 2 bytes @ 0x11
   490   000512                     	ds	2
   491   000514                     
   492                           ; 3 bytes @ 0x13
   493   000514                     	ds	3
   494   000517                     ??_main:
   495                           
   496                           ; 1 bytes @ 0x16
   497   000517                     	ds	2
   498   000519                     main@input:
   499                           	callstack 0
   500                           
   501                           ; 2 bytes @ 0x18
   502   000519                     	ds	2
   503   00051B                     main@output:
   504                           	callstack 0
   505                           
   506                           ; 2 bytes @ 0x1A
   507   00051B                     	ds	2
   508                           
   509 ;;
   510 ;;Main: autosize = 0, tempsize = 2, incstack = 0, save=0
   511 ;;
   512 ;; *************** function _main *****************
   513 ;; Defined at:
   514 ;;		line 46 in file "main.c"
   515 ;; Parameters:    Size  Location     Type
   516 ;;  argc            2   17[COMRAM] int 
   517 ;;  argv            3   19[COMRAM] PTR PTR unsigned char 
   518 ;; Auto vars:     Size  Location     Type
   519 ;;  output          2   26[COMRAM] unsigned char [2]
   520 ;;  input           2   24[COMRAM] unsigned char [2]
   521 ;; Return value:  Size  Location     Type
   522 ;;                  2   17[COMRAM] int 
   523 ;; Registers used:
   524 ;;		wreg, fsr2l, fsr2h, status,2, status,0, tblptrl, tblptrh, tblptru, prodl, prodh, cstack
   525 ;; Tracked objects:
   526 ;;		On entry : 0/0
   527 ;;		On exit  : 0/0
   528 ;;		Unchanged: 0/0
   529 ;; Data sizes:     COMRAM   BANK5   BANK6   BANK7   BANK8   BANK9  BANK10  BANK11  BANK12  BANK13  BANK14  BANK15  BANK1
      +6  BANK17  BANK18  BANK19  BANK20  BANK21  BANK22  BANK23  BANK24  BANK25  BANK26  BANK27  BANK28  BANK29  BANK30  BANK3
      +1  BANK32  BANK33  BANK34  BANK35  BANK36
   530 ;;      Params:         5       0       0       0       0       0       0       0       0       0       0       0       
      +0       0       0       0       0       0       0       0       0       0       0       0       0       0       0       
      +0       0       0       0       0       0
   531 ;;      Locals:         4       0       0       0       0       0       0       0       0       0       0       0       
      +0       0       0       0       0       0       0       0       0       0       0       0       0       0       0       
      +0       0       0       0       0       0
   532 ;;      Temps:          2       0       0       0       0       0       0       0       0       0       0       0       
      +0       0       0       0       0       0       0       0       0       0       0       0       0       0       0       
      +0       0       0       0       0       0
   533 ;;      Totals:        11       0       0       0       0       0       0       0       0       0       0       0       
      +0       0       0       0       0       0       0       0       0       0       0       0       0       0       0       
      +0       0       0       0       0       0
   534 ;;Total ram usage:       11 bytes
   535 ;; Hardware stack levels required when called: 6
   536 ;; This function calls:
   537 ;;		_Clock_Init
   538 ;;		_GPIO_Init
   539 ;;		_INTERRUPT_Init
   540 ;;		_LCD_Init
   541 ;;		_LCD_Initial_Screen
   542 ;;		_LCD_Update_Screen
   543 ;;		_TIMER0_Init
   544 ;;		_TIMER0_Write
   545 ;;		_get_pin_value
   546 ;; This function is called by:
   547 ;;		Startup code after reset
   548 ;; This function uses a non-reentrant model
   549 ;;
   550                           
   551                           	psect	text0
   552   004566                     __ptext0:
   553                           	callstack 0
   554   004566                     _main:
   555                           	callstack 121
   556   004566                     
   557                           ;main.c: 48:         output[1] = get_pin_value(PORT_F, 2);
   558   004566  EC31  F025         	call	_Clock_Init	;wreg free
   559   00456A                     
   560                           ;main.c: 49: 
   561   00456A  EC69  F023         	call	_GPIO_Init	;wreg free
   562   00456E                     
   563                           ;main.c: 50:         LCD_Update_Screen(input, 2, output, 2);
   564   00456E  ECB4  F023         	call	_LCD_Init	;wreg free
   565   004572                     
   566                           ;main.c: 51:         _delay((unsigned long)((100)*(64000000UL/4000.0)));
   567   004572  ECF6  F023         	call	_LCD_Initial_Screen	;wreg free
   568   004576                     
   569                           ;main.c: 52:     }
   570   004576  0E01               	movlw	1
   571   004578  6E05               	movwf	TIMER0_Init@timer_mode^(0+1280),c
   572   00457A  0E00               	movlw	0
   573   00457C  6E06               	movwf	TIMER0_Init@timer_async^(0+1280),c
   574   00457E  0E00               	movlw	0
   575   004580  6E07               	movwf	TIMER0_Init@timer_prescaler^(0+1280),c
   576   004582  0E02               	movlw	2
   577   004584  ECE2  F024         	call	_TIMER0_Init
   578   004588                     
   579                           ;main.c: 53: 
   580   004588  0E7F               	movlw	127
   581   00458A  6E05               	movwf	TIMER0_Write@TMR0L_value^(0+1280),c
   582   00458C  0EC1               	movlw	193
   583   00458E  EC19  F025         	call	_TIMER0_Write
   584   004592                     
   585                           ;main.c: 54:     return (0);
   586   004592  EC7F  F024         	call	_INTERRUPT_Init	;wreg free
   587   004596                     
   588                           ;main.c: 56: 
   589   004596  0E00               	movlw	0
   590   004598  6E1A               	movwf	(main@input+1)^(0+1280),c
   591   00459A  0E00               	movlw	0
   592   00459C  6E19               	movwf	main@input^(0+1280),c
   593   00459E                     
   594                           ;main.c: 57: void GPIO_Init()
   595   00459E  0E00               	movlw	0
   596   0045A0  6E1C               	movwf	(main@output+1)^(0+1280),c
   597   0045A2  0E00               	movlw	0
   598   0045A4  6E1B               	movwf	main@output^(0+1280),c
   599   0045A6                     l2920:
   600                           
   601                           ;main.c: 60:     configure_pin(PORT_F, 3, 0, 1, 0, 1, 1, 1);;main.c: 61:     (LATFbits.L
      +                          ATF3 = 1);
   602   0045A6  A8CF               	btfss	207,4,c	;volatile
   603   0045A8  EFD8  F022         	goto	u2521
   604   0045AC  EFDB  F022         	goto	u2520
   605   0045B0                     u2521:
   606   0045B0  0E01               	movlw	1
   607   0045B2  EFDC  F022         	goto	u2530
   608   0045B6                     u2520:
   609   0045B6  0E00               	movlw	0
   610   0045B8                     u2530:
   611   0045B8  6E19               	movwf	main@input^(0+1280),c
   612   0045BA                     
   613                           ;main.c: 62: 
   614   0045BA  A0CF               	btfss	207,0,c	;volatile
   615   0045BC  EFE2  F022         	goto	u2541
   616   0045C0  EFE5  F022         	goto	u2540
   617   0045C4                     u2541:
   618   0045C4  0E01               	movlw	1
   619   0045C6  EFE6  F022         	goto	u2550
   620   0045CA                     u2540:
   621   0045CA  0E00               	movlw	0
   622   0045CC                     u2550:
   623   0045CC  6E1A               	movwf	(main@input+1)^(0+1280),c
   624   0045CE                     
   625                           ;main.c: 63: 
   626   0045CE  0E03               	movlw	3
   627   0045D0  6E05               	movwf	get_pin_value@pin_number^(0+1280),c
   628   0045D2  0E46               	movlw	70
   629   0045D4  EC2B  F020         	call	_get_pin_value
   630   0045D8  0AFF               	xorlw	255
   631   0045DA  6E1B               	movwf	main@output^(0+1280),c
   632   0045DC                     
   633                           ;main.c: 64:     configure_pin(PORT_B, 4, 1, 1, 1, 1, 1, 1);
   634   0045DC  0E02               	movlw	2
   635   0045DE  6E05               	movwf	get_pin_value@pin_number^(0+1280),c
   636   0045E0  0E46               	movlw	70
   637   0045E2  EC2B  F020         	call	_get_pin_value
   638   0045E6  6E1C               	movwf	(main@output+1)^(0+1280),c
   639   0045E8                     
   640                           ;main.c: 66: 
   641   0045E8  0E19               	movlw	low main@input
   642   0045EA  6E0A               	movwf	LCD_Update_Screen@input^(0+1280),c
   643   0045EC  0E05               	movlw	high main@input
   644   0045EE  6E0B               	movwf	(LCD_Update_Screen@input+1)^(0+1280),c
   645   0045F0  0E02               	movlw	2
   646   0045F2  6E0C               	movwf	LCD_Update_Screen@input_size^(0+1280),c
   647   0045F4  0E1B               	movlw	low main@output
   648   0045F6  6E0D               	movwf	LCD_Update_Screen@output^(0+1280),c
   649   0045F8  0E05               	movlw	high main@output
   650   0045FA  6E0E               	movwf	(LCD_Update_Screen@output+1)^(0+1280),c
   651   0045FC  0E02               	movlw	2
   652   0045FE  6E0F               	movwf	LCD_Update_Screen@output_size^(0+1280),c
   653   004600  EC12  F023         	call	_LCD_Update_Screen	;wreg free
   654   004604                     
   655                           ;main.c: 67:     configure_pin(PORT_F, 2, 0, 1, 0, 1, 1, 1);
   656   004604  0E09               	movlw	9
   657   004606  6E18               	movwf	(??_main+1)^(0+1280),c
   658   004608  0E1E               	movlw	30
   659   00460A  6E17               	movwf	??_main^(0+1280),c
   660   00460C  0EE4               	movlw	228
   661   00460E                     u2567:
   662   00460E  2EE8               	decfsz	wreg,f,c
   663   004610  D7FE               	bra	u2567
   664   004612  2E17               	decfsz	??_main^(0+1280),f,c
   665   004614  D7FC               	bra	u2567
   666   004616  2E18               	decfsz	(??_main+1)^(0+1280),f,c
   667   004618  D7FA               	bra	u2567
   668   00461A  D000               	nop2	
   669   00461C  EFD3  F022         	goto	l2920
   670   004620  EF81  F018         	goto	start
   671   004624                     __end_of_main:
   672                           	callstack 0
   673                           
   674 ;; *************** function _get_pin_value *****************
   675 ;; Defined at:
   676 ;;		line 442 in file "gpio.c"
   677 ;; Parameters:    Size  Location     Type
   678 ;;  port_name       1    wreg     enum E17440
   679 ;;  pin_number      1    4[COMRAM] unsigned char 
   680 ;; Auto vars:     Size  Location     Type
   681 ;;  port_name       1    7[COMRAM] enum E17440
   682 ;; Return value:  Size  Location     Type
   683 ;;                  1    wreg      _Bool 
   684 ;; Registers used:
   685 ;;		wreg, status,2, status,0
   686 ;; Tracked objects:
   687 ;;		On entry : 0/0
   688 ;;		On exit  : 0/0
   689 ;;		Unchanged: 0/0
   690 ;; Data sizes:     COMRAM   BANK5   BANK6   BANK7   BANK8   BANK9  BANK10  BANK11  BANK12  BANK13  BANK14  BANK15  BANK1
      +6  BANK17  BANK18  BANK19  BANK20  BANK21  BANK22  BANK23  BANK24  BANK25  BANK26  BANK27  BANK28  BANK29  BANK30  BANK3
      +1  BANK32  BANK33  BANK34  BANK35  BANK36
   691 ;;      Params:         1       0       0       0       0       0       0       0       0       0       0       0       
      +0       0       0       0       0       0       0       0       0       0       0       0       0       0       0       
      +0       0       0       0       0       0
   692 ;;      Locals:         1       0       0       0       0       0       0       0       0       0       0       0       
      +0       0       0       0       0       0       0       0       0       0       0       0       0       0       0       
      +0       0       0       0       0       0
   693 ;;      Temps:          2       0       0       0       0       0       0       0       0       0       0       0       
      +0       0       0       0       0       0       0       0       0       0       0       0       0       0       0       
      +0       0       0       0       0       0
   694 ;;      Totals:         4       0       0       0       0       0       0       0       0       0       0       0       
      +0       0       0       0       0       0       0       0       0       0       0       0       0       0       0       
      +0       0       0       0       0       0
   695 ;;Total ram usage:        4 bytes
   696 ;; Hardware stack levels used: 1
   697 ;; Hardware stack levels required when called: 1
   698 ;; This function calls:
   699 ;;		Nothing
   700 ;; This function is called by:
   701 ;;		_main
   702 ;; This function uses a non-reentrant model
   703 ;;
   704                           
   705                           	psect	text1
   706   004056                     __ptext1:
   707                           	callstack 0
   708   004056                     _get_pin_value:
   709                           	callstack 125
   710                           
   711                           ;incstack = 0
   712                           ;get_pin_value@port_name stored from wreg
   713   004056  6E08               	movwf	get_pin_value@port_name^(0+1280),c
   714   004058                     
   715                           ;gpio.c: 442: _Bool get_pin_value(PortName_t port_name, uint8_t pin_number);gpio.c: 443:
      +                           {;gpio.c: 444:     switch(port_name)
   716   004058  EF8E  F020         	goto	l2828
   717   00405C                     l2802:
   718                           
   719                           ;gpio.c: 447:             return PORTA & (1 << pin_number);
   720   00405C  C505  F506         	movff	get_pin_value@pin_number,??_get_pin_value
   721   004060  0E01               	movlw	1
   722   004062  6E07               	movwf	(??_get_pin_value+1)^(0+1280),c
   723   004064  2A06               	incf	??_get_pin_value^(0+1280),f,c
   724   004066  EF37  F020         	goto	u2404
   725   00406A                     u2405:
   726   00406A  90D8               	bcf	status,0,c
   727   00406C  3607               	rlcf	(??_get_pin_value+1)^(0+1280),f,c
   728   00406E                     u2404:
   729   00406E  2E06               	decfsz	??_get_pin_value^(0+1280),f,c
   730   004070  EF35  F020         	goto	u2405
   731   004074  5007               	movf	(??_get_pin_value+1)^(0+1280),w,c
   732   004076  14CE               	andwf	206,w,c	;volatile
   733   004078  EFB3  F020         	goto	l301
   734   00407C                     l2806:
   735                           
   736                           ;gpio.c: 449:             return PORTB & (1 << pin_number);
   737   00407C  C505  F506         	movff	get_pin_value@pin_number,??_get_pin_value
   738   004080  0E01               	movlw	1
   739   004082  6E07               	movwf	(??_get_pin_value+1)^(0+1280),c
   740   004084  2A06               	incf	??_get_pin_value^(0+1280),f,c
   741   004086  EF47  F020         	goto	u2414
   742   00408A                     u2415:
   743   00408A  90D8               	bcf	status,0,c
   744   00408C  3607               	rlcf	(??_get_pin_value+1)^(0+1280),f,c
   745   00408E                     u2414:
   746   00408E  2E06               	decfsz	??_get_pin_value^(0+1280),f,c
   747   004090  EF45  F020         	goto	u2415
   748   004094  5007               	movf	(??_get_pin_value+1)^(0+1280),w,c
   749   004096  14CF               	andwf	207,w,c	;volatile
   750   004098  EFB3  F020         	goto	l301
   751   00409C                     l2810:
   752                           
   753                           ;gpio.c: 451:             return PORTC & (1 << pin_number);
   754   00409C  C505  F506         	movff	get_pin_value@pin_number,??_get_pin_value
   755   0040A0  0E01               	movlw	1
   756   0040A2  6E07               	movwf	(??_get_pin_value+1)^(0+1280),c
   757   0040A4  2A06               	incf	??_get_pin_value^(0+1280),f,c
   758   0040A6  EF57  F020         	goto	u2424
   759   0040AA                     u2425:
   760   0040AA  90D8               	bcf	status,0,c
   761   0040AC  3607               	rlcf	(??_get_pin_value+1)^(0+1280),f,c
   762   0040AE                     u2424:
   763   0040AE  2E06               	decfsz	??_get_pin_value^(0+1280),f,c
   764   0040B0  EF55  F020         	goto	u2425
   765   0040B4  5007               	movf	(??_get_pin_value+1)^(0+1280),w,c
   766   0040B6  14D0               	andwf	208,w,c	;volatile
   767   0040B8  EFB3  F020         	goto	l301
   768   0040BC                     l2814:
   769                           
   770                           ;gpio.c: 453:             return PORTD & (1 << pin_number);
   771   0040BC  C505  F506         	movff	get_pin_value@pin_number,??_get_pin_value
   772   0040C0  0E01               	movlw	1
   773   0040C2  6E07               	movwf	(??_get_pin_value+1)^(0+1280),c
   774   0040C4  2A06               	incf	??_get_pin_value^(0+1280),f,c
   775   0040C6  EF67  F020         	goto	u2434
   776   0040CA                     u2435:
   777   0040CA  90D8               	bcf	status,0,c
   778   0040CC  3607               	rlcf	(??_get_pin_value+1)^(0+1280),f,c
   779   0040CE                     u2434:
   780   0040CE  2E06               	decfsz	??_get_pin_value^(0+1280),f,c
   781   0040D0  EF65  F020         	goto	u2435
   782   0040D4  5007               	movf	(??_get_pin_value+1)^(0+1280),w,c
   783   0040D6  14D1               	andwf	209,w,c	;volatile
   784   0040D8  EFB3  F020         	goto	l301
   785   0040DC                     l2818:
   786                           
   787                           ;gpio.c: 455:             return PORTE & (1 << pin_number);
   788   0040DC  C505  F506         	movff	get_pin_value@pin_number,??_get_pin_value
   789   0040E0  0E01               	movlw	1
   790   0040E2  6E07               	movwf	(??_get_pin_value+1)^(0+1280),c
   791   0040E4  2A06               	incf	??_get_pin_value^(0+1280),f,c
   792   0040E6  EF77  F020         	goto	u2444
   793   0040EA                     u2445:
   794   0040EA  90D8               	bcf	status,0,c
   795   0040EC  3607               	rlcf	(??_get_pin_value+1)^(0+1280),f,c
   796   0040EE                     u2444:
   797   0040EE  2E06               	decfsz	??_get_pin_value^(0+1280),f,c
   798   0040F0  EF75  F020         	goto	u2445
   799   0040F4  5007               	movf	(??_get_pin_value+1)^(0+1280),w,c
   800   0040F6  14D2               	andwf	210,w,c	;volatile
   801   0040F8  EFB3  F020         	goto	l301
   802   0040FC                     l2822:
   803                           
   804                           ;gpio.c: 457:             return PORTF & (1 << pin_number);
   805   0040FC  C505  F506         	movff	get_pin_value@pin_number,??_get_pin_value
   806   004100  0E01               	movlw	1
   807   004102  6E07               	movwf	(??_get_pin_value+1)^(0+1280),c
   808   004104  2A06               	incf	??_get_pin_value^(0+1280),f,c
   809   004106  EF87  F020         	goto	u2454
   810   00410A                     u2455:
   811   00410A  90D8               	bcf	status,0,c
   812   00410C  3607               	rlcf	(??_get_pin_value+1)^(0+1280),f,c
   813   00410E                     u2454:
   814   00410E  2E06               	decfsz	??_get_pin_value^(0+1280),f,c
   815   004110  EF85  F020         	goto	u2455
   816   004114  5007               	movf	(??_get_pin_value+1)^(0+1280),w,c
   817   004116  14D3               	andwf	211,w,c	;volatile
   818   004118  EFB3  F020         	goto	l301
   819   00411C                     l2828:
   820   00411C  5008               	movf	get_pin_value@port_name^(0+1280),w,c
   821   00411E  6E06               	movwf	??_get_pin_value^(0+1280),c
   822   004120  6A07               	clrf	(??_get_pin_value+1)^(0+1280),c
   823                           
   824                           ; Switch on 2 bytes has been partitioned into a top level switch of size 1, and 1 sub-sw
      +                          itches
   825                           ; Switch size 1, requested type "simple"
   826                           ; Number of cases is 1, Range of values is 0 to 0
   827                           ; switch strategies available:
   828                           ; Name         Instructions Cycles
   829                           ; simple_byte            4     3 (average)
   830                           ;	Chosen strategy is simple_byte
   831   004122  5007               	movf	(??_get_pin_value+1)^(0+1280),w,c
   832   004124  0A00               	xorlw	0	; case 0
   833   004126  B4D8               	btfsc	status,2,c
   834   004128  EF98  F020         	goto	l3272
   835   00412C  EFB3  F020         	goto	l301
   836   004130                     l3272:
   837                           
   838                           ; Switch size 1, requested type "simple"
   839                           ; Number of cases is 6, Range of values is 65 to 70
   840                           ; switch strategies available:
   841                           ; Name         Instructions Cycles
   842                           ; simple_byte           19    10 (average)
   843                           ;	Chosen strategy is simple_byte
   844   004130  5006               	movf	??_get_pin_value^(0+1280),w,c
   845   004132  0A41               	xorlw	65	; case 65
   846   004134  B4D8               	btfsc	status,2,c
   847   004136  EF2E  F020         	goto	l2802
   848   00413A  0A03               	xorlw	3	; case 66
   849   00413C  B4D8               	btfsc	status,2,c
   850   00413E  EF3E  F020         	goto	l2806
   851   004142  0A01               	xorlw	1	; case 67
   852   004144  B4D8               	btfsc	status,2,c
   853   004146  EF4E  F020         	goto	l2810
   854   00414A  0A07               	xorlw	7	; case 68
   855   00414C  B4D8               	btfsc	status,2,c
   856   00414E  EF5E  F020         	goto	l2814
   857   004152  0A01               	xorlw	1	; case 69
   858   004154  B4D8               	btfsc	status,2,c
   859   004156  EF6E  F020         	goto	l2818
   860   00415A  0A03               	xorlw	3	; case 70
   861   00415C  B4D8               	btfsc	status,2,c
   862   00415E  EF7E  F020         	goto	l2822
   863   004162  EFB3  F020         	goto	l301
   864   004166                     l301:
   865   004166  0012               	return		;funcret
   866   004168                     __end_of_get_pin_value:
   867                           	callstack 0
   868                           
   869 ;; *************** function _TIMER0_Write *****************
   870 ;; Defined at:
   871 ;;		line 12 in file "timers.c"
   872 ;; Parameters:    Size  Location     Type
   873 ;;  TMR0H_value     1    wreg     unsigned char 
   874 ;;  TMR0L_value     1    4[COMRAM] unsigned char 
   875 ;; Auto vars:     Size  Location     Type
   876 ;;  TMR0H_value     1    5[COMRAM] unsigned char 
   877 ;; Return value:  Size  Location     Type
   878 ;;                  1    wreg      void 
   879 ;; Registers used:
   880 ;;		wreg
   881 ;; Tracked objects:
   882 ;;		On entry : 0/0
   883 ;;		On exit  : 0/0
   884 ;;		Unchanged: 0/0
   885 ;; Data sizes:     COMRAM   BANK5   BANK6   BANK7   BANK8   BANK9  BANK10  BANK11  BANK12  BANK13  BANK14  BANK15  BANK1
      +6  BANK17  BANK18  BANK19  BANK20  BANK21  BANK22  BANK23  BANK24  BANK25  BANK26  BANK27  BANK28  BANK29  BANK30  BANK3
      +1  BANK32  BANK33  BANK34  BANK35  BANK36
   886 ;;      Params:         1       0       0       0       0       0       0       0       0       0       0       0       
      +0       0       0       0       0       0       0       0       0       0       0       0       0       0       0       
      +0       0       0       0       0       0
   887 ;;      Locals:         1       0       0       0       0       0       0       0       0       0       0       0       
      +0       0       0       0       0       0       0       0       0       0       0       0       0       0       0       
      +0       0       0       0       0       0
   888 ;;      Temps:          0       0       0       0       0       0       0       0       0       0       0       0       
      +0       0       0       0       0       0       0       0       0       0       0       0       0       0       0       
      +0       0       0       0       0       0
   889 ;;      Totals:         2       0       0       0       0       0       0       0       0       0       0       0       
      +0       0       0       0       0       0       0       0       0       0       0       0       0       0       0       
      +0       0       0       0       0       0
   890 ;;Total ram usage:        2 bytes
   891 ;; Hardware stack levels used: 1
   892 ;; Hardware stack levels required when called: 1
   893 ;; This function calls:
   894 ;;		Nothing
   895 ;; This function is called by:
   896 ;;		_main
   897 ;; This function uses a non-reentrant model
   898 ;;
   899                           
   900                           	psect	text2
   901   004A32                     __ptext2:
   902                           	callstack 0
   903   004A32                     _TIMER0_Write:
   904                           	callstack 125
   905                           
   906                           ;incstack = 0
   907                           ;TIMER0_Write@TMR0H_value stored from wreg
   908   004A32  6E06               	movwf	TIMER0_Write@TMR0H_value^(0+1280),c
   909   004A34                     
   910                           ;timers.c: 12: void TIMER0_Write(uint8_t TMR0H_value, uint8_t TMR0L_value);timers.c: 13:
      +                           {;timers.c: 14:     TMR0H = TMR0H_value;
   911   004A34  C506  F319         	movff	TIMER0_Write@TMR0H_value,793	;volatile
   912   004A38                     
   913                           ;timers.c: 15:     TMR0L = TMR0L_value;
   914   004A38  C505  F318         	movff	TIMER0_Write@TMR0L_value,792	;volatile
   915   004A3C                     
   916                           ;timers.c: 16:     T0CON0bits.EN = 1;
   917   004A3C  0103               	movlb	3	; () banked
   918   004A3E  8F1A               	bsf	26,7,b	;volatile
   919   004A40                     
   920                           ; BSR set to: 3
   921   004A40  0012               	return		;funcret
   922   004A42                     __end_of_TIMER0_Write:
   923                           	callstack 0
   924                           
   925 ;; *************** function _TIMER0_Init *****************
   926 ;; Defined at:
   927 ;;		line 3 in file "timers.c"
   928 ;; Parameters:    Size  Location     Type
   929 ;;  timer_clock_    1    wreg     enum E17115
   930 ;;  timer_mode      1    4[COMRAM] enum E17125
   931 ;;  timer_async     1    5[COMRAM] enum E17129
   932 ;;  timer_presca    1    6[COMRAM] enum E17133
   933 ;; Auto vars:     Size  Location     Type
   934 ;;  timer_clock_    1    8[COMRAM] enum E17115
   935 ;; Return value:  Size  Location     Type
   936 ;;                  1    wreg      void 
   937 ;; Registers used:
   938 ;;		wreg, status,2, status,0
   939 ;; Tracked objects:
   940 ;;		On entry : 0/0
   941 ;;		On exit  : 0/0
   942 ;;		Unchanged: 0/0
   943 ;; Data sizes:     COMRAM   BANK5   BANK6   BANK7   BANK8   BANK9  BANK10  BANK11  BANK12  BANK13  BANK14  BANK15  BANK1
      +6  BANK17  BANK18  BANK19  BANK20  BANK21  BANK22  BANK23  BANK24  BANK25  BANK26  BANK27  BANK28  BANK29  BANK30  BANK3
      +1  BANK32  BANK33  BANK34  BANK35  BANK36
   944 ;;      Params:         3       0       0       0       0       0       0       0       0       0       0       0       
      +0       0       0       0       0       0       0       0       0       0       0       0       0       0       0       
      +0       0       0       0       0       0
   945 ;;      Locals:         1       0       0       0       0       0       0       0       0       0       0       0       
      +0       0       0       0       0       0       0       0       0       0       0       0       0       0       0       
      +0       0       0       0       0       0
   946 ;;      Temps:          1       0       0       0       0       0       0       0       0       0       0       0       
      +0       0       0       0       0       0       0       0       0       0       0       0       0       0       0       
      +0       0       0       0       0       0
   947 ;;      Totals:         5       0       0       0       0       0       0       0       0       0       0       0       
      +0       0       0       0       0       0       0       0       0       0       0       0       0       0       0       
      +0       0       0       0       0       0
   948 ;;Total ram usage:        5 bytes
   949 ;; Hardware stack levels used: 1
   950 ;; Hardware stack levels required when called: 1
   951 ;; This function calls:
   952 ;;		Nothing
   953 ;; This function is called by:
   954 ;;		_main
   955 ;; This function uses a non-reentrant model
   956 ;;
   957                           
   958                           	psect	text3
   959   0049C4                     __ptext3:
   960                           	callstack 0
   961   0049C4                     _TIMER0_Init:
   962                           	callstack 125
   963                           
   964                           ; BSR set to: 3
   965                           ;incstack = 0
   966                           ;TIMER0_Init@timer_clock_source stored from wreg
   967   0049C4  6E09               	movwf	TIMER0_Init@timer_clock_source^(0+1280),c
   968   0049C6                     
   969                           ;timers.c: 3: void TIMER0_Init(timerClockSource_t timer_clock_source, timerMode_t timer_
      +                          mode, timerAsync_t timer_async, timerPrescaler_t timer_prescaler);timers.c: 4: {;timers.
      +                          c: 5:     T0CON1bits.CS = timer_clock_source;
   970   0049C6  C509  F508         	movff	TIMER0_Init@timer_clock_source,??_TIMER0_Init
   971   0049CA  3A08               	swapf	??_TIMER0_Init^(0+1280),f,c
   972   0049CC  4608               	rlncf	??_TIMER0_Init^(0+1280),f,c
   973   0049CE  0103               	movlb	3	; () banked
   974   0049D0  511B               	movf	27,w,b	;volatile
   975   0049D2  1808               	xorwf	??_TIMER0_Init^(0+1280),w,c
   976   0049D4  0B1F               	andlw	-225
   977   0049D6  1808               	xorwf	??_TIMER0_Init^(0+1280),w,c
   978   0049D8  6F1B               	movwf	27,b	;volatile
   979   0049DA                     
   980                           ; BSR set to: 3
   981                           ;timers.c: 6:     T0CON0bits.MD16 = timer_mode;
   982   0049DA  B005               	btfsc	TIMER0_Init@timer_mode^(0+1280),0,c
   983   0049DC  D002               	bra	u2465
   984   0049DE  991A               	bcf	26,4,b	;volatile
   985   0049E0  D002               	bra	u2466
   986   0049E2                     u2465:
   987   0049E2  0103               	movlb	3	; () banked
   988   0049E4  891A               	bsf	26,4,b	;volatile
   989   0049E6                     u2466:
   990   0049E6                     
   991                           ; BSR set to: 3
   992                           ;timers.c: 7:     T0CON1bits.ASYNC = timer_async;
   993   0049E6  B006               	btfsc	TIMER0_Init@timer_async^(0+1280),0,c
   994   0049E8  D002               	bra	u2475
   995   0049EA  991B               	bcf	27,4,b	;volatile
   996   0049EC  D002               	bra	u2476
   997   0049EE                     u2475:
   998   0049EE  0103               	movlb	3	; () banked
   999   0049F0  891B               	bsf	27,4,b	;volatile
  1000   0049F2                     u2476:
  1001                           
  1002                           ;timers.c: 8:     T0CON1bits.CKPS = timer_prescaler;
  1003   0049F2  511B               	movf	27,w,b	;volatile
  1004   0049F4  1807               	xorwf	TIMER0_Init@timer_prescaler^(0+1280),w,c
  1005   0049F6  0BF0               	andlw	-16
  1006   0049F8  1807               	xorwf	TIMER0_Init@timer_prescaler^(0+1280),w,c
  1007   0049FA  6F1B               	movwf	27,b	;volatile
  1008   0049FC                     
  1009                           ; BSR set to: 3
  1010                           ;timers.c: 9:     T0CON0bits.OUTPS = 0b0000;
  1011   0049FC  0EF0               	movlw	-16
  1012   0049FE  171A               	andwf	26,f,b	;volatile
  1013   004A00                     
  1014                           ; BSR set to: 3
  1015   004A00  0012               	return		;funcret
  1016   004A02                     __end_of_TIMER0_Init:
  1017                           	callstack 0
  1018                           
  1019 ;; *************** function _LCD_Update_Screen *****************
  1020 ;; Defined at:
  1021 ;;		line 106 in file "main.c"
  1022 ;; Parameters:    Size  Location     Type
  1023 ;;  input           2    9[COMRAM] PTR unsigned char 
  1024 ;;		 -> main@input(2), 
  1025 ;;  input_size      1   11[COMRAM] unsigned char 
  1026 ;;  output          2   12[COMRAM] PTR unsigned char 
  1027 ;;		 -> main@output(2), 
  1028 ;;  output_size     1   14[COMRAM] unsigned char 
  1029 ;; Auto vars:     Size  Location     Type
  1030 ;;  i               1   16[COMRAM] unsigned char 
  1031 ;;  i               1   15[COMRAM] unsigned char 
  1032 ;; Return value:  Size  Location     Type
  1033 ;;                  1    wreg      void 
  1034 ;; Registers used:
  1035 ;;		wreg, fsr2l, fsr2h, status,2, status,0, cstack
  1036 ;; Tracked objects:
  1037 ;;		On entry : 0/0
  1038 ;;		On exit  : 0/0
  1039 ;;		Unchanged: 0/0
  1040 ;; Data sizes:     COMRAM   BANK5   BANK6   BANK7   BANK8   BANK9  BANK10  BANK11  BANK12  BANK13  BANK14  BANK15  BANK1
      +6  BANK17  BANK18  BANK19  BANK20  BANK21  BANK22  BANK23  BANK24  BANK25  BANK26  BANK27  BANK28  BANK29  BANK30  BANK3
      +1  BANK32  BANK33  BANK34  BANK35  BANK36
  1041 ;;      Params:         6       0       0       0       0       0       0       0       0       0       0       0       
      +0       0       0       0       0       0       0       0       0       0       0       0       0       0       0       
      +0       0       0       0       0       0
  1042 ;;      Locals:         2       0       0       0       0       0       0       0       0       0       0       0       
      +0       0       0       0       0       0       0       0       0       0       0       0       0       0       0       
      +0       0       0       0       0       0
  1043 ;;      Temps:          0       0       0       0       0       0       0       0       0       0       0       0       
      +0       0       0       0       0       0       0       0       0       0       0       0       0       0       0       
      +0       0       0       0       0       0
  1044 ;;      Totals:         8       0       0       0       0       0       0       0       0       0       0       0       
      +0       0       0       0       0       0       0       0       0       0       0       0       0       0       0       
      +0       0       0       0       0       0
  1045 ;;Total ram usage:        8 bytes
  1046 ;; Hardware stack levels used: 1
  1047 ;; Hardware stack levels required when called: 4
  1048 ;; This function calls:
  1049 ;;		_LCD_Cursor_Increment
  1050 ;;		_LCD_Cursor_Set
  1051 ;;		_LCD_Write_Char
  1052 ;; This function is called by:
  1053 ;;		_main
  1054 ;; This function uses a non-reentrant model
  1055 ;;
  1056                           
  1057                           	psect	text4
  1058   004624                     __ptext4:
  1059                           	callstack 0
  1060   004624                     _LCD_Update_Screen:
  1061                           	callstack 122
  1062   004624                     
  1063                           ;main.c: 106:     {;main.c: 107:         if(output[i] == 0) LCD_Write_Char(0);;main.c: 1
      +                          09:         LCD_Cursor_Increment();
  1064   004624  0E0B               	movlw	11
  1065   004626  6E08               	movwf	LCD_Cursor_Set@column^(0+1280),c
  1066   004628  0E01               	movlw	1
  1067   00462A  EC29  F024         	call	_LCD_Cursor_Set
  1068   00462E                     
  1069                           ;main.c: 111: }
  1070   00462E  0E00               	movlw	0
  1071   004630  6E10               	movwf	LCD_Update_Screen@i^(0+1280),c
  1072   004632  EF34  F023         	goto	l2886
  1073   004636                     l2878:
  1074   004636  5010               	movf	LCD_Update_Screen@i^(0+1280),w,c
  1075   004638  240A               	addwf	LCD_Update_Screen@input^(0+1280),w,c
  1076   00463A  6ED9               	movwf	fsr2l,c
  1077   00463C  0E00               	movlw	0
  1078   00463E  200B               	addwfc	(LCD_Update_Screen@input+1)^(0+1280),w,c
  1079   004640  6EDA               	movwf	fsr2h,c
  1080   004642  50DF               	movf	indf2,w,c
  1081   004644  A4D8               	btfss	status,2,c
  1082   004646  EF27  F023         	goto	u2481
  1083   00464A  EF29  F023         	goto	u2480
  1084   00464E                     u2481:
  1085   00464E  EF2E  F023         	goto	l2882
  1086   004652                     u2480:
  1087   004652  0E00               	movlw	0
  1088   004654  EC28  F025         	call	_LCD_Write_Char
  1089   004658  EF31  F023         	goto	l380
  1090   00465C                     l2882:
  1091   00465C  0E01               	movlw	1
  1092   00465E  EC28  F025         	call	_LCD_Write_Char
  1093   004662                     l380:
  1094   004662  EC2D  F025         	call	_LCD_Cursor_Increment	;wreg free
  1095   004666  2A10               	incf	LCD_Update_Screen@i^(0+1280),f,c
  1096   004668                     l2886:
  1097   004668  500C               	movf	LCD_Update_Screen@input_size^(0+1280),w,c
  1098   00466A  5C10               	subwf	LCD_Update_Screen@i^(0+1280),w,c
  1099   00466C  A0D8               	btfss	status,0,c
  1100   00466E  EF3B  F023         	goto	u2491
  1101   004672  EF3D  F023         	goto	u2490
  1102   004676                     u2491:
  1103   004676  EF1B  F023         	goto	l2878
  1104   00467A                     u2490:
  1105   00467A  0E0B               	movlw	11
  1106   00467C  6E08               	movwf	LCD_Cursor_Set@column^(0+1280),c
  1107   00467E  0E02               	movlw	2
  1108   004680  EC29  F024         	call	_LCD_Cursor_Set
  1109   004684  0E00               	movlw	0
  1110   004686  6E11               	movwf	LCD_Update_Screen@i_351^(0+1280),c
  1111   004688  EF5F  F023         	goto	l2900
  1112   00468C                     l2892:
  1113   00468C  5011               	movf	LCD_Update_Screen@i_351^(0+1280),w,c
  1114   00468E  240D               	addwf	LCD_Update_Screen@output^(0+1280),w,c
  1115   004690  6ED9               	movwf	fsr2l,c
  1116   004692  0E00               	movlw	0
  1117   004694  200E               	addwfc	(LCD_Update_Screen@output+1)^(0+1280),w,c
  1118   004696  6EDA               	movwf	fsr2h,c
  1119   004698  50DF               	movf	indf2,w,c
  1120   00469A  A4D8               	btfss	status,2,c
  1121   00469C  EF52  F023         	goto	u2501
  1122   0046A0  EF54  F023         	goto	u2500
  1123   0046A4                     u2501:
  1124   0046A4  EF59  F023         	goto	l2896
  1125   0046A8                     u2500:
  1126   0046A8  0E00               	movlw	0
  1127   0046AA  EC28  F025         	call	_LCD_Write_Char
  1128   0046AE  EF5C  F023         	goto	l385
  1129   0046B2                     l2896:
  1130   0046B2  0E01               	movlw	1
  1131   0046B4  EC28  F025         	call	_LCD_Write_Char
  1132   0046B8                     l385:
  1133   0046B8  EC2D  F025         	call	_LCD_Cursor_Increment	;wreg free
  1134   0046BC  2A11               	incf	LCD_Update_Screen@i_351^(0+1280),f,c
  1135   0046BE                     l2900:
  1136   0046BE  500F               	movf	LCD_Update_Screen@output_size^(0+1280),w,c
  1137   0046C0  5C11               	subwf	LCD_Update_Screen@i_351^(0+1280),w,c
  1138   0046C2  A0D8               	btfss	status,0,c
  1139   0046C4  EF66  F023         	goto	u2511
  1140   0046C8  EF68  F023         	goto	u2510
  1141   0046CC                     u2511:
  1142   0046CC  EF46  F023         	goto	l2892
  1143   0046D0                     u2510:
  1144   0046D0  0012               	return		;funcret
  1145   0046D2                     __end_of_LCD_Update_Screen:
  1146                           	callstack 0
  1147                           
  1148 ;; *************** function _LCD_Initial_Screen *****************
  1149 ;; Defined at:
  1150 ;;		line 90 in file "main.c"
  1151 ;; Parameters:    Size  Location     Type
  1152 ;;		None
  1153 ;; Auto vars:     Size  Location     Type
  1154 ;;		None
  1155 ;; Return value:  Size  Location     Type
  1156 ;;                  1    wreg      void 
  1157 ;; Registers used:
  1158 ;;		wreg, fsr2l, fsr2h, status,2, status,0, tblptrl, tblptrh, tblptru, prodl, prodh, cstack
  1159 ;; Tracked objects:
  1160 ;;		On entry : 0/0
  1161 ;;		On exit  : 0/0
  1162 ;;		Unchanged: 0/0
  1163 ;; Data sizes:     COMRAM   BANK5   BANK6   BANK7   BANK8   BANK9  BANK10  BANK11  BANK12  BANK13  BANK14  BANK15  BANK1
      +6  BANK17  BANK18  BANK19  BANK20  BANK21  BANK22  BANK23  BANK24  BANK25  BANK26  BANK27  BANK28  BANK29  BANK30  BANK3
      +1  BANK32  BANK33  BANK34  BANK35  BANK36
  1164 ;;      Params:         0       0       0       0       0       0       0       0       0       0       0       0       
      +0       0       0       0       0       0       0       0       0       0       0       0       0       0       0       
      +0       0       0       0       0       0
  1165 ;;      Locals:         0       0       0       0       0       0       0       0       0       0       0       0       
      +0       0       0       0       0       0       0       0       0       0       0       0       0       0       0       
      +0       0       0       0       0       0
  1166 ;;      Temps:          0       0       0       0       0       0       0       0       0       0       0       0       
      +0       0       0       0       0       0       0       0       0       0       0       0       0       0       0       
      +0       0       0       0       0       0
  1167 ;;      Totals:         0       0       0       0       0       0       0       0       0       0       0       0       
      +0       0       0       0       0       0       0       0       0       0       0       0       0       0       0       
      +0       0       0       0       0       0
  1168 ;;Total ram usage:        0 bytes
  1169 ;; Hardware stack levels used: 1
  1170 ;; Hardware stack levels required when called: 5
  1171 ;; This function calls:
  1172 ;;		_LCD_Add_Character
  1173 ;;		_LCD_Cursor_Increment
  1174 ;;		_LCD_Cursor_Set
  1175 ;;		_LCD_Write_Char
  1176 ;;		_LCD_Write_String
  1177 ;; This function is called by:
  1178 ;;		_main
  1179 ;; This function uses a non-reentrant model
  1180 ;;
  1181                           
  1182                           	psect	text5
  1183   0047EC                     __ptext5:
  1184                           	callstack 0
  1185   0047EC                     _LCD_Initial_Screen:
  1186                           	callstack 121
  1187   0047EC                     
  1188                           ;main.c: 92: 
  1189   0047EC  0E27               	movlw	low _low_state
  1190   0047EE  6E0A               	movwf	LCD_Add_Character@pattern^(0+1280),c
  1191   0047F0  0E05               	movlw	high _low_state
  1192   0047F2  6E0B               	movwf	(LCD_Add_Character@pattern+1)^(0+1280),c
  1193   0047F4  0E00               	movlw	0
  1194   0047F6  6E0C               	movwf	LCD_Add_Character@address^(0+1280),c
  1195   0047F8  ECC2  F024         	call	_LCD_Add_Character	;wreg free
  1196                           
  1197                           ;main.c: 93:     LCD_Cursor_Set(1, 11);
  1198   0047FC  0E1F               	movlw	low _high_state
  1199   0047FE  6E0A               	movwf	LCD_Add_Character@pattern^(0+1280),c
  1200   004800  0E05               	movlw	high _high_state
  1201   004802  6E0B               	movwf	(LCD_Add_Character@pattern+1)^(0+1280),c
  1202   004804  0E01               	movlw	1
  1203   004806  6E0C               	movwf	LCD_Add_Character@address^(0+1280),c
  1204   004808  ECC2  F024         	call	_LCD_Add_Character	;wreg free
  1205   00480C                     
  1206                           ;main.c: 94: 
  1207   00480C  0E01               	movlw	1
  1208   00480E  6E08               	movwf	LCD_Cursor_Set@column^(0+1280),c
  1209   004810  0E01               	movlw	1
  1210   004812  EC29  F024         	call	_LCD_Cursor_Set
  1211   004816                     
  1212                           ;main.c: 95:     for(uint8_t i = 0; i < input_size; ++i)
  1213   004816  0E0C               	movlw	low STR_1
  1214   004818  6E08               	movwf	LCD_Write_String@string^(0+1280),c
  1215   00481A  EC59  F024         	call	_LCD_Write_String	;wreg free
  1216   00481E                     
  1217                           ;main.c: 96:     {
  1218   00481E  0E00               	movlw	0
  1219   004820  EC28  F025         	call	_LCD_Write_Char
  1220   004824                     
  1221                           ;main.c: 97:         if(input[i] == 0) LCD_Write_Char(0);
  1222   004824  EC2D  F025         	call	_LCD_Cursor_Increment	;wreg free
  1223   004828                     
  1224                           ;main.c: 98:         else LCD_Write_Char(1);
  1225   004828  0E00               	movlw	0
  1226   00482A  EC28  F025         	call	_LCD_Write_Char
  1227   00482E                     
  1228                           ;main.c: 99:         LCD_Cursor_Increment();
  1229   00482E  0E01               	movlw	1
  1230   004830  6E08               	movwf	LCD_Cursor_Set@column^(0+1280),c
  1231   004832  0E02               	movlw	2
  1232   004834  EC29  F024         	call	_LCD_Cursor_Set
  1233   004838                     
  1234                           ;main.c: 100:     }
  1235   004838  0E01               	movlw	low STR_2
  1236   00483A  6E08               	movwf	LCD_Write_String@string^(0+1280),c
  1237   00483C  EC59  F024         	call	_LCD_Write_String	;wreg free
  1238   004840                     
  1239                           ;main.c: 101: 
  1240   004840  0E00               	movlw	0
  1241   004842  EC28  F025         	call	_LCD_Write_Char
  1242   004846                     
  1243                           ;main.c: 102: 
  1244   004846  EC2D  F025         	call	_LCD_Cursor_Increment	;wreg free
  1245   00484A                     
  1246                           ;main.c: 103:     LCD_Cursor_Set(2, 11);
  1247   00484A  0E00               	movlw	0
  1248   00484C  EC28  F025         	call	_LCD_Write_Char
  1249   004850  0012               	return		;funcret
  1250   004852                     __end_of_LCD_Initial_Screen:
  1251                           	callstack 0
  1252                           
  1253 ;; *************** function _LCD_Write_String *****************
  1254 ;; Defined at:
  1255 ;;		line 392 in file "lcd.c"
  1256 ;; Parameters:    Size  Location     Type
  1257 ;;  string          1    7[COMRAM] PTR unsigned char 
  1258 ;;		 -> STR_2(11), STR_1(11), 
  1259 ;; Auto vars:     Size  Location     Type
  1260 ;;  i               1    9[COMRAM] unsigned char 
  1261 ;; Return value:  Size  Location     Type
  1262 ;;                  1    wreg      void 
  1263 ;; Registers used:
  1264 ;;		wreg, status,2, status,0, tblptrl, tblptrh, tblptru, cstack
  1265 ;; Tracked objects:
  1266 ;;		On entry : 0/0
  1267 ;;		On exit  : 0/0
  1268 ;;		Unchanged: 0/0
  1269 ;; Data sizes:     COMRAM   BANK5   BANK6   BANK7   BANK8   BANK9  BANK10  BANK11  BANK12  BANK13  BANK14  BANK15  BANK1
      +6  BANK17  BANK18  BANK19  BANK20  BANK21  BANK22  BANK23  BANK24  BANK25  BANK26  BANK27  BANK28  BANK29  BANK30  BANK3
      +1  BANK32  BANK33  BANK34  BANK35  BANK36
  1270 ;;      Params:         1       0       0       0       0       0       0       0       0       0       0       0       
      +0       0       0       0       0       0       0       0       0       0       0       0       0       0       0       
      +0       0       0       0       0       0
  1271 ;;      Locals:         1       0       0       0       0       0       0       0       0       0       0       0       
      +0       0       0       0       0       0       0       0       0       0       0       0       0       0       0       
      +0       0       0       0       0       0
  1272 ;;      Temps:          1       0       0       0       0       0       0       0       0       0       0       0       
      +0       0       0       0       0       0       0       0       0       0       0       0       0       0       0       
      +0       0       0       0       0       0
  1273 ;;      Totals:         3       0       0       0       0       0       0       0       0       0       0       0       
      +0       0       0       0       0       0       0       0       0       0       0       0       0       0       0       
      +0       0       0       0       0       0
  1274 ;;Total ram usage:        3 bytes
  1275 ;; Hardware stack levels used: 1
  1276 ;; Hardware stack levels required when called: 3
  1277 ;; This function calls:
  1278 ;;		_LCD_write_data
  1279 ;; This function is called by:
  1280 ;;		_LCD_Initial_Screen
  1281 ;; This function uses a non-reentrant model
  1282 ;;
  1283                           
  1284                           	psect	text6
  1285   0048B2                     __ptext6:
  1286                           	callstack 0
  1287   0048B2                     _LCD_Write_String:
  1288                           	callstack 122
  1289   0048B2                     
  1290                           ;lcd.c: 395:     for(uint8_t i=0 ; string[i] != '\0' ; i++){
  1291   0048B2  0E00               	movlw	0
  1292   0048B4  6E0A               	movwf	LCD_Write_String@i^(0+1280),c
  1293   0048B6  EF6B  F024         	goto	l2798
  1294   0048BA                     l2794:
  1295                           
  1296                           ;lcd.c: 396:         LCD_write_data(string[i]);
  1297   0048BA  5008               	movf	LCD_Write_String@string^(0+1280),w,c
  1298   0048BC  240A               	addwf	LCD_Write_String@i^(0+1280),w,c
  1299   0048BE  6E09               	movwf	??_LCD_Write_String^(0+1280),c
  1300   0048C0  C509  F4F6         	movff	??_LCD_Write_String,tblptrl
  1301   0048C4                     	if	1	;There is more than 1 active tblptr byte
  1302   0048C4  0E25               	movlw	high __smallconst
  1303   0048C6  6EF7               	movwf	tblptrh,c
  1304   0048C8                     	endif
  1305   0048C8                     	if	0	;tblptru may be non-zero
  1306   0048C8                     	endif
  1307   0048C8                     	if	1	;Program memory is > 0xFFFF, there are 3 active tblptr bytes
  1308   0048C8  0E00               	movlw	low (__smallconst shr (0+16))
  1309   0048CA  6EF8               	movwf	tblptru,c
  1310   0048CC                     	endif
  1311   0048CC  0008               	tblrd		*
  1312   0048CE  50F5               	movf	tablat,w,c
  1313   0048D0  EC3D  F021         	call	_LCD_write_data
  1314   0048D4                     
  1315                           ;lcd.c: 397:     }
  1316   0048D4  2A0A               	incf	LCD_Write_String@i^(0+1280),f,c
  1317   0048D6                     l2798:
  1318   0048D6  5008               	movf	LCD_Write_String@string^(0+1280),w,c
  1319   0048D8  240A               	addwf	LCD_Write_String@i^(0+1280),w,c
  1320   0048DA  6E09               	movwf	??_LCD_Write_String^(0+1280),c
  1321   0048DC  C509  F4F6         	movff	??_LCD_Write_String,tblptrl
  1322   0048E0                     	if	1	;There is more than 1 active tblptr byte
  1323   0048E0  0E25               	movlw	high __smallconst
  1324   0048E2  6EF7               	movwf	tblptrh,c
  1325   0048E4                     	endif
  1326   0048E4                     	if	0	;tblptru may be non-zero
  1327   0048E4                     	endif
  1328   0048E4                     	if	1	;Program memory is > 0xFFFF, there are 3 active tblptr bytes
  1329   0048E4  0E00               	movlw	low (__smallconst shr (0+16))
  1330   0048E6  6EF8               	movwf	tblptru,c
  1331   0048E8                     	endif
  1332   0048E8  0008               	tblrd		*
  1333   0048EA  50F5               	movf	tablat,w,c
  1334   0048EC  0900               	iorlw	0
  1335   0048EE  A4D8               	btfss	status,2,c
  1336   0048F0  EF7C  F024         	goto	u2391
  1337   0048F4  EF7E  F024         	goto	u2390
  1338   0048F8                     u2391:
  1339   0048F8  EF5D  F024         	goto	l2794
  1340   0048FC                     u2390:
  1341   0048FC  0012               	return		;funcret
  1342   0048FE                     __end_of_LCD_Write_String:
  1343                           	callstack 0
  1344                           
  1345 ;; *************** function _LCD_Write_Char *****************
  1346 ;; Defined at:
  1347 ;;		line 404 in file "lcd.c"
  1348 ;; Parameters:    Size  Location     Type
  1349 ;;  character       1    wreg     unsigned char 
  1350 ;; Auto vars:     Size  Location     Type
  1351 ;;  character       1    7[COMRAM] unsigned char 
  1352 ;; Return value:  Size  Location     Type
  1353 ;;                  1    wreg      void 
  1354 ;; Registers used:
  1355 ;;		wreg, status,2, status,0, cstack
  1356 ;; Tracked objects:
  1357 ;;		On entry : 0/0
  1358 ;;		On exit  : 0/0
  1359 ;;		Unchanged: 0/0
  1360 ;; Data sizes:     COMRAM   BANK5   BANK6   BANK7   BANK8   BANK9  BANK10  BANK11  BANK12  BANK13  BANK14  BANK15  BANK1
      +6  BANK17  BANK18  BANK19  BANK20  BANK21  BANK22  BANK23  BANK24  BANK25  BANK26  BANK27  BANK28  BANK29  BANK30  BANK3
      +1  BANK32  BANK33  BANK34  BANK35  BANK36
  1361 ;;      Params:         0       0       0       0       0       0       0       0       0       0       0       0       
      +0       0       0       0       0       0       0       0       0       0       0       0       0       0       0       
      +0       0       0       0       0       0
  1362 ;;      Locals:         1       0       0       0       0       0       0       0       0       0       0       0       
      +0       0       0       0       0       0       0       0       0       0       0       0       0       0       0       
      +0       0       0       0       0       0
  1363 ;;      Temps:          0       0       0       0       0       0       0       0       0       0       0       0       
      +0       0       0       0       0       0       0       0       0       0       0       0       0       0       0       
      +0       0       0       0       0       0
  1364 ;;      Totals:         1       0       0       0       0       0       0       0       0       0       0       0       
      +0       0       0       0       0       0       0       0       0       0       0       0       0       0       0       
      +0       0       0       0       0       0
  1365 ;;Total ram usage:        1 bytes
  1366 ;; Hardware stack levels used: 1
  1367 ;; Hardware stack levels required when called: 3
  1368 ;; This function calls:
  1369 ;;		_LCD_write_data
  1370 ;; This function is called by:
  1371 ;;		_LCD_Initial_Screen
  1372 ;;		_LCD_Update_Screen
  1373 ;;		_LCD_Write_Float
  1374 ;; This function uses a non-reentrant model
  1375 ;;
  1376                           
  1377                           	psect	text7
  1378   004A50                     __ptext7:
  1379                           	callstack 0
  1380   004A50                     _LCD_Write_Char:
  1381                           	callstack 122
  1382                           
  1383                           ;incstack = 0
  1384                           ;LCD_Write_Char@character stored from wreg
  1385   004A50  6E08               	movwf	LCD_Write_Char@character^(0+1280),c
  1386   004A52                     
  1387                           ;lcd.c: 407:     LCD_write_data(character);
  1388   004A52  5008               	movf	LCD_Write_Char@character^(0+1280),w,c
  1389   004A54  EC3D  F021         	call	_LCD_write_data
  1390   004A58  0012               	return		;funcret
  1391   004A5A                     __end_of_LCD_Write_Char:
  1392                           	callstack 0
  1393                           
  1394 ;; *************** function _LCD_Cursor_Increment *****************
  1395 ;; Defined at:
  1396 ;;		line 204 in file "lcd.c"
  1397 ;; Parameters:    Size  Location     Type
  1398 ;;		None
  1399 ;; Auto vars:     Size  Location     Type
  1400 ;;		None
  1401 ;; Return value:  Size  Location     Type
  1402 ;;                  1    wreg      void 
  1403 ;; Registers used:
  1404 ;;		wreg, status,2, status,0, cstack
  1405 ;; Tracked objects:
  1406 ;;		On entry : 0/0
  1407 ;;		On exit  : 0/0
  1408 ;;		Unchanged: 0/0
  1409 ;; Data sizes:     COMRAM   BANK5   BANK6   BANK7   BANK8   BANK9  BANK10  BANK11  BANK12  BANK13  BANK14  BANK15  BANK1
      +6  BANK17  BANK18  BANK19  BANK20  BANK21  BANK22  BANK23  BANK24  BANK25  BANK26  BANK27  BANK28  BANK29  BANK30  BANK3
      +1  BANK32  BANK33  BANK34  BANK35  BANK36
  1410 ;;      Params:         0       0       0       0       0       0       0       0       0       0       0       0       
      +0       0       0       0       0       0       0       0       0       0       0       0       0       0       0       
      +0       0       0       0       0       0
  1411 ;;      Locals:         0       0       0       0       0       0       0       0       0       0       0       0       
      +0       0       0       0       0       0       0       0       0       0       0       0       0       0       0       
      +0       0       0       0       0       0
  1412 ;;      Temps:          0       0       0       0       0       0       0       0       0       0       0       0       
      +0       0       0       0       0       0       0       0       0       0       0       0       0       0       0       
      +0       0       0       0       0       0
  1413 ;;      Totals:         0       0       0       0       0       0       0       0       0       0       0       0       
      +0       0       0       0       0       0       0       0       0       0       0       0       0       0       0       
      +0       0       0       0       0       0
  1414 ;;Total ram usage:        0 bytes
  1415 ;; Hardware stack levels used: 1
  1416 ;; Hardware stack levels required when called: 3
  1417 ;; This function calls:
  1418 ;;		_LCD_write_command
  1419 ;; This function is called by:
  1420 ;;		_LCD_Initial_Screen
  1421 ;;		_LCD_Update_Screen
  1422 ;; This function uses a non-reentrant model
  1423 ;;
  1424                           
  1425                           	psect	text8
  1426   004A5A                     __ptext8:
  1427                           	callstack 0
  1428   004A5A                     _LCD_Cursor_Increment:
  1429                           	callstack 122
  1430   004A5A                     
  1431                           ;lcd.c: 207:     LCD_write_command(0x14);
  1432   004A5A  0E14               	movlw	20
  1433   004A5C  ECBB  F021         	call	_LCD_write_command
  1434   004A60  0012               	return		;funcret
  1435   004A62                     __end_of_LCD_Cursor_Increment:
  1436                           	callstack 0
  1437                           
  1438 ;; *************** function _LCD_Add_Character *****************
  1439 ;; Defined at:
  1440 ;;		line 371 in file "lcd.c"
  1441 ;; Parameters:    Size  Location     Type
  1442 ;;  pattern         2    9[COMRAM] PTR unsigned char 
  1443 ;;		 -> high_state(8), low_state(8), 
  1444 ;;  address         1   11[COMRAM] unsigned char 
  1445 ;; Auto vars:     Size  Location     Type
  1446 ;;  i               1   12[COMRAM] unsigned char 
  1447 ;; Return value:  Size  Location     Type
  1448 ;;                  1    wreg      void 
  1449 ;; Registers used:
  1450 ;;		wreg, fsr2l, fsr2h, status,2, status,0, prodl, prodh, cstack
  1451 ;; Tracked objects:
  1452 ;;		On entry : 0/0
  1453 ;;		On exit  : 0/0
  1454 ;;		Unchanged: 0/0
  1455 ;; Data sizes:     COMRAM   BANK5   BANK6   BANK7   BANK8   BANK9  BANK10  BANK11  BANK12  BANK13  BANK14  BANK15  BANK1
      +6  BANK17  BANK18  BANK19  BANK20  BANK21  BANK22  BANK23  BANK24  BANK25  BANK26  BANK27  BANK28  BANK29  BANK30  BANK3
      +1  BANK32  BANK33  BANK34  BANK35  BANK36
  1456 ;;      Params:         3       0       0       0       0       0       0       0       0       0       0       0       
      +0       0       0       0       0       0       0       0       0       0       0       0       0       0       0       
      +0       0       0       0       0       0
  1457 ;;      Locals:         1       0       0       0       0       0       0       0       0       0       0       0       
      +0       0       0       0       0       0       0       0       0       0       0       0       0       0       0       
      +0       0       0       0       0       0
  1458 ;;      Temps:          0       0       0       0       0       0       0       0       0       0       0       0       
      +0       0       0       0       0       0       0       0       0       0       0       0       0       0       0       
      +0       0       0       0       0       0
  1459 ;;      Totals:         4       0       0       0       0       0       0       0       0       0       0       0       
      +0       0       0       0       0       0       0       0       0       0       0       0       0       0       0       
      +0       0       0       0       0       0
  1460 ;;Total ram usage:        4 bytes
  1461 ;; Hardware stack levels used: 1
  1462 ;; Hardware stack levels required when called: 4
  1463 ;; This function calls:
  1464 ;;		_LCD_Cursor_Set
  1465 ;;		_LCD_write_command
  1466 ;;		_LCD_write_data
  1467 ;; This function is called by:
  1468 ;;		_LCD_Initial_Screen
  1469 ;; This function uses a non-reentrant model
  1470 ;;
  1471                           
  1472                           	psect	text9
  1473   004984                     __ptext9:
  1474                           	callstack 0
  1475   004984                     _LCD_Add_Character:
  1476                           	callstack 121
  1477   004984                     
  1478                           ;lcd.c: 376:     LCD_write_command( 0x40 + (uint8_t)(address<<3) );
  1479   004984  500C               	movf	LCD_Add_Character@address^(0+1280),w,c
  1480   004986  0D08               	mullw	8
  1481   004988  50F3               	movf	243,w,c
  1482   00498A  0F40               	addlw	64
  1483   00498C  ECBB  F021         	call	_LCD_write_command
  1484   004990                     
  1485                           ;lcd.c: 379:     for(uint8_t i=0 ; i < 8 ; i++) {
  1486   004990  0E00               	movlw	0
  1487   004992  6E0D               	movwf	LCD_Add_Character@i^(0+1280),c
  1488   004994                     l2784:
  1489                           
  1490                           ;lcd.c: 380:         LCD_write_data(pattern[i]);
  1491   004994  500D               	movf	LCD_Add_Character@i^(0+1280),w,c
  1492   004996  240A               	addwf	LCD_Add_Character@pattern^(0+1280),w,c
  1493   004998  6ED9               	movwf	fsr2l,c
  1494   00499A  0E00               	movlw	0
  1495   00499C  200B               	addwfc	(LCD_Add_Character@pattern+1)^(0+1280),w,c
  1496   00499E  6EDA               	movwf	fsr2h,c
  1497   0049A0  50DF               	movf	indf2,w,c
  1498   0049A2  EC3D  F021         	call	_LCD_write_data
  1499   0049A6                     
  1500                           ;lcd.c: 381:     }
  1501   0049A6  2A0D               	incf	LCD_Add_Character@i^(0+1280),f,c
  1502   0049A8  0E07               	movlw	7
  1503   0049AA  640D               	cpfsgt	LCD_Add_Character@i^(0+1280),c
  1504   0049AC  EFDA  F024         	goto	u2381
  1505   0049B0  EFDC  F024         	goto	u2380
  1506   0049B4                     u2381:
  1507   0049B4  EFCA  F024         	goto	l2784
  1508   0049B8                     u2380:
  1509   0049B8                     
  1510                           ;lcd.c: 384:     LCD_Cursor_Set(1, 1);
  1511   0049B8  0E01               	movlw	1
  1512   0049BA  6E08               	movwf	LCD_Cursor_Set@column^(0+1280),c
  1513   0049BC  0E01               	movlw	1
  1514   0049BE  EC29  F024         	call	_LCD_Cursor_Set
  1515   0049C2  0012               	return		;funcret
  1516   0049C4                     __end_of_LCD_Add_Character:
  1517                           	callstack 0
  1518                           
  1519 ;; *************** function _LCD_write_data *****************
  1520 ;; Defined at:
  1521 ;;		line 104 in file "lcd.c"
  1522 ;; Parameters:    Size  Location     Type
  1523 ;;  data            1    wreg     unsigned char 
  1524 ;; Auto vars:     Size  Location     Type
  1525 ;;  data            1    6[COMRAM] unsigned char 
  1526 ;; Return value:  Size  Location     Type
  1527 ;;                  1    wreg      void 
  1528 ;; Registers used:
  1529 ;;		wreg, status,2, status,0, cstack
  1530 ;; Tracked objects:
  1531 ;;		On entry : 0/0
  1532 ;;		On exit  : 0/0
  1533 ;;		Unchanged: 0/0
  1534 ;; Data sizes:     COMRAM   BANK5   BANK6   BANK7   BANK8   BANK9  BANK10  BANK11  BANK12  BANK13  BANK14  BANK15  BANK1
      +6  BANK17  BANK18  BANK19  BANK20  BANK21  BANK22  BANK23  BANK24  BANK25  BANK26  BANK27  BANK28  BANK29  BANK30  BANK3
      +1  BANK32  BANK33  BANK34  BANK35  BANK36
  1535 ;;      Params:         0       0       0       0       0       0       0       0       0       0       0       0       
      +0       0       0       0       0       0       0       0       0       0       0       0       0       0       0       
      +0       0       0       0       0       0
  1536 ;;      Locals:         1       0       0       0       0       0       0       0       0       0       0       0       
      +0       0       0       0       0       0       0       0       0       0       0       0       0       0       0       
      +0       0       0       0       0       0
  1537 ;;      Temps:          2       0       0       0       0       0       0       0       0       0       0       0       
      +0       0       0       0       0       0       0       0       0       0       0       0       0       0       0       
      +0       0       0       0       0       0
  1538 ;;      Totals:         3       0       0       0       0       0       0       0       0       0       0       0       
      +0       0       0       0       0       0       0       0       0       0       0       0       0       0       0       
      +0       0       0       0       0       0
  1539 ;;Total ram usage:        3 bytes
  1540 ;; Hardware stack levels used: 1
  1541 ;; Hardware stack levels required when called: 2
  1542 ;; This function calls:
  1543 ;;		_LCD_pulse_clock
  1544 ;; This function is called by:
  1545 ;;		_LCD_Add_Character
  1546 ;;		_LCD_Write_String
  1547 ;;		_LCD_Write_Char
  1548 ;;		_LCD_Write_Variable
  1549 ;;		_LCD_Write_Float
  1550 ;; This function uses a non-reentrant model
  1551 ;;
  1552                           
  1553                           	psect	text10
  1554   00427A                     __ptext10:
  1555                           	callstack 0
  1556   00427A                     _LCD_write_data:
  1557                           	callstack 122
  1558                           
  1559                           ;incstack = 0
  1560                           ;LCD_write_data@data stored from wreg
  1561   00427A  6E07               	movwf	LCD_write_data@data^(0+1280),c
  1562   00427C                     
  1563                           ;lcd.c: 106:     LATCbits.LATC0 = 1;
  1564   00427C  80C0               	bsf	192,0,c	;volatile
  1565   00427E                     
  1566                           ;lcd.c: 109:     LATFbits.LATF7 = (data & 0b10000000) >> 7;
  1567   00427E  6A05               	clrf	??_LCD_write_data^(0+1280),c
  1568   004280  AE07               	btfss	LCD_write_data@data^(0+1280),7,c
  1569   004282  D001               	bra	u805
  1570   004284  2A05               	incf	??_LCD_write_data^(0+1280),f,c
  1571   004286                     u805:
  1572   004286  0E01               	movlw	1
  1573   004288  1605               	andwf	??_LCD_write_data^(0+1280),f,c
  1574   00428A  3205               	rrcf	??_LCD_write_data^(0+1280),f,c
  1575   00428C  3205               	rrcf	??_LCD_write_data^(0+1280),f,c
  1576   00428E  50C3               	movf	195,w,c	;volatile
  1577   004290  1805               	xorwf	??_LCD_write_data^(0+1280),w,c
  1578   004292  0B7F               	andlw	-129
  1579   004294  1805               	xorwf	??_LCD_write_data^(0+1280),w,c
  1580   004296  6EC3               	movwf	195,c	;volatile
  1581                           
  1582                           ;lcd.c: 110:     LATFbits.LATF6 = (data & 0b01000000) >> 6;
  1583   004298  C507  F505         	movff	LCD_write_data@data,??_LCD_write_data
  1584   00429C  0E06               	movlw	6
  1585   00429E  6E06               	movwf	(??_LCD_write_data+1)^(0+1280),c
  1586   0042A0                     u815:
  1587   0042A0  90D8               	bcf	status,0,c
  1588   0042A2  3205               	rrcf	??_LCD_write_data^(0+1280),f,c
  1589   0042A4  2E06               	decfsz	(??_LCD_write_data+1)^(0+1280),f,c
  1590   0042A6  EF50  F021         	goto	u815
  1591   0042AA  0E01               	movlw	1
  1592   0042AC  1605               	andwf	??_LCD_write_data^(0+1280),f,c
  1593   0042AE  3A05               	swapf	??_LCD_write_data^(0+1280),f,c
  1594   0042B0  4605               	rlncf	??_LCD_write_data^(0+1280),f,c
  1595   0042B2  4605               	rlncf	??_LCD_write_data^(0+1280),f,c
  1596   0042B4  50C3               	movf	195,w,c	;volatile
  1597   0042B6  1805               	xorwf	??_LCD_write_data^(0+1280),w,c
  1598   0042B8  0BBF               	andlw	-65
  1599   0042BA  1805               	xorwf	??_LCD_write_data^(0+1280),w,c
  1600   0042BC  6EC3               	movwf	195,c	;volatile
  1601                           
  1602                           ;lcd.c: 111:     LATFbits.LATF5 = (data & 0b00100000) >> 5;
  1603   0042BE  C507  F505         	movff	LCD_write_data@data,??_LCD_write_data
  1604   0042C2  0E05               	movlw	5
  1605   0042C4  6E06               	movwf	(??_LCD_write_data+1)^(0+1280),c
  1606   0042C6                     u825:
  1607   0042C6  90D8               	bcf	status,0,c
  1608   0042C8  3205               	rrcf	??_LCD_write_data^(0+1280),f,c
  1609   0042CA  2E06               	decfsz	(??_LCD_write_data+1)^(0+1280),f,c
  1610   0042CC  EF63  F021         	goto	u825
  1611   0042D0  0E01               	movlw	1
  1612   0042D2  1605               	andwf	??_LCD_write_data^(0+1280),f,c
  1613   0042D4  3A05               	swapf	??_LCD_write_data^(0+1280),f,c
  1614   0042D6  4605               	rlncf	??_LCD_write_data^(0+1280),f,c
  1615   0042D8  50C3               	movf	195,w,c	;volatile
  1616   0042DA  1805               	xorwf	??_LCD_write_data^(0+1280),w,c
  1617   0042DC  0BDF               	andlw	-33
  1618   0042DE  1805               	xorwf	??_LCD_write_data^(0+1280),w,c
  1619   0042E0  6EC3               	movwf	195,c	;volatile
  1620                           
  1621                           ;lcd.c: 112:     LATFbits.LATF4 = (data & 0b00010000) >> 4;
  1622   0042E2  C507  F505         	movff	LCD_write_data@data,??_LCD_write_data
  1623   0042E6  3A05               	swapf	??_LCD_write_data^(0+1280),f,c
  1624   0042E8  0E0F               	movlw	15
  1625   0042EA  1605               	andwf	??_LCD_write_data^(0+1280),f,c
  1626   0042EC  0E01               	movlw	1
  1627   0042EE  1605               	andwf	??_LCD_write_data^(0+1280),f,c
  1628   0042F0  3A05               	swapf	??_LCD_write_data^(0+1280),f,c
  1629   0042F2  50C3               	movf	195,w,c	;volatile
  1630   0042F4  1805               	xorwf	??_LCD_write_data^(0+1280),w,c
  1631   0042F6  0BEF               	andlw	-17
  1632   0042F8  1805               	xorwf	??_LCD_write_data^(0+1280),w,c
  1633   0042FA  6EC3               	movwf	195,c	;volatile
  1634   0042FC                     
  1635                           ;lcd.c: 115:     LCD_pulse_clock();
  1636   0042FC  EC21  F025         	call	_LCD_pulse_clock	;wreg free
  1637   004300                     
  1638                           ;lcd.c: 118:     LATFbits.LATF7 = (data & 0b00001000) >> 3;
  1639   004300  C507  F505         	movff	LCD_write_data@data,??_LCD_write_data
  1640   004304  90D8               	bcf	status,0,c
  1641   004306  3205               	rrcf	??_LCD_write_data^(0+1280),f,c
  1642   004308  90D8               	bcf	status,0,c
  1643   00430A  3205               	rrcf	??_LCD_write_data^(0+1280),f,c
  1644   00430C  90D8               	bcf	status,0,c
  1645   00430E  3205               	rrcf	??_LCD_write_data^(0+1280),f,c
  1646   004310  0E01               	movlw	1
  1647   004312  1605               	andwf	??_LCD_write_data^(0+1280),f,c
  1648   004314  3205               	rrcf	??_LCD_write_data^(0+1280),f,c
  1649   004316  3205               	rrcf	??_LCD_write_data^(0+1280),f,c
  1650   004318  50C3               	movf	195,w,c	;volatile
  1651   00431A  1805               	xorwf	??_LCD_write_data^(0+1280),w,c
  1652   00431C  0B7F               	andlw	-129
  1653   00431E  1805               	xorwf	??_LCD_write_data^(0+1280),w,c
  1654   004320  6EC3               	movwf	195,c	;volatile
  1655   004322                     
  1656                           ;lcd.c: 119:     LATFbits.LATF6 = (data & 0b00000100) >> 2;
  1657   004322  C507  F505         	movff	LCD_write_data@data,??_LCD_write_data
  1658   004326  90D8               	bcf	status,0,c
  1659   004328  3205               	rrcf	??_LCD_write_data^(0+1280),f,c
  1660   00432A  90D8               	bcf	status,0,c
  1661   00432C  3205               	rrcf	??_LCD_write_data^(0+1280),f,c
  1662   00432E  0E01               	movlw	1
  1663   004330  1605               	andwf	??_LCD_write_data^(0+1280),f,c
  1664   004332  3A05               	swapf	??_LCD_write_data^(0+1280),f,c
  1665   004334  4605               	rlncf	??_LCD_write_data^(0+1280),f,c
  1666   004336  4605               	rlncf	??_LCD_write_data^(0+1280),f,c
  1667   004338  50C3               	movf	195,w,c	;volatile
  1668   00433A  1805               	xorwf	??_LCD_write_data^(0+1280),w,c
  1669   00433C  0BBF               	andlw	-65
  1670   00433E  1805               	xorwf	??_LCD_write_data^(0+1280),w,c
  1671   004340  6EC3               	movwf	195,c	;volatile
  1672   004342                     
  1673                           ;lcd.c: 120:     LATFbits.LATF5 = (data & 0b00000010) >> 1;
  1674   004342  C507  F505         	movff	LCD_write_data@data,??_LCD_write_data
  1675   004346  90D8               	bcf	status,0,c
  1676   004348  3205               	rrcf	??_LCD_write_data^(0+1280),f,c
  1677   00434A  0E01               	movlw	1
  1678   00434C  1605               	andwf	??_LCD_write_data^(0+1280),f,c
  1679   00434E  3A05               	swapf	??_LCD_write_data^(0+1280),f,c
  1680   004350  4605               	rlncf	??_LCD_write_data^(0+1280),f,c
  1681   004352  50C3               	movf	195,w,c	;volatile
  1682   004354  1805               	xorwf	??_LCD_write_data^(0+1280),w,c
  1683   004356  0BDF               	andlw	-33
  1684   004358  1805               	xorwf	??_LCD_write_data^(0+1280),w,c
  1685   00435A  6EC3               	movwf	195,c	;volatile
  1686   00435C                     
  1687                           ;lcd.c: 121:     LATFbits.LATF4 = (data & 0b00000001) ;
  1688   00435C  C507  F505         	movff	LCD_write_data@data,??_LCD_write_data
  1689   004360  0E01               	movlw	1
  1690   004362  1605               	andwf	??_LCD_write_data^(0+1280),f,c
  1691   004364  3A05               	swapf	??_LCD_write_data^(0+1280),f,c
  1692   004366  50C3               	movf	195,w,c	;volatile
  1693   004368  1805               	xorwf	??_LCD_write_data^(0+1280),w,c
  1694   00436A  0BEF               	andlw	-17
  1695   00436C  1805               	xorwf	??_LCD_write_data^(0+1280),w,c
  1696   00436E  6EC3               	movwf	195,c	;volatile
  1697   004370                     
  1698                           ;lcd.c: 124:     LCD_pulse_clock();
  1699   004370  EC21  F025         	call	_LCD_pulse_clock	;wreg free
  1700   004374  0012               	return		;funcret
  1701   004376                     __end_of_LCD_write_data:
  1702                           	callstack 0
  1703                           
  1704 ;; *************** function _LCD_Cursor_Set *****************
  1705 ;; Defined at:
  1706 ;;		line 189 in file "lcd.c"
  1707 ;; Parameters:    Size  Location     Type
  1708 ;;  row             1    wreg     unsigned char 
  1709 ;;  column          1    7[COMRAM] unsigned char 
  1710 ;; Auto vars:     Size  Location     Type
  1711 ;;  row             1    8[COMRAM] unsigned char 
  1712 ;; Return value:  Size  Location     Type
  1713 ;;                  1    wreg      void 
  1714 ;; Registers used:
  1715 ;;		wreg, status,2, status,0, cstack
  1716 ;; Tracked objects:
  1717 ;;		On entry : 0/0
  1718 ;;		On exit  : 0/0
  1719 ;;		Unchanged: 0/0
  1720 ;; Data sizes:     COMRAM   BANK5   BANK6   BANK7   BANK8   BANK9  BANK10  BANK11  BANK12  BANK13  BANK14  BANK15  BANK1
      +6  BANK17  BANK18  BANK19  BANK20  BANK21  BANK22  BANK23  BANK24  BANK25  BANK26  BANK27  BANK28  BANK29  BANK30  BANK3
      +1  BANK32  BANK33  BANK34  BANK35  BANK36
  1721 ;;      Params:         1       0       0       0       0       0       0       0       0       0       0       0       
      +0       0       0       0       0       0       0       0       0       0       0       0       0       0       0       
      +0       0       0       0       0       0
  1722 ;;      Locals:         1       0       0       0       0       0       0       0       0       0       0       0       
      +0       0       0       0       0       0       0       0       0       0       0       0       0       0       0       
      +0       0       0       0       0       0
  1723 ;;      Temps:          0       0       0       0       0       0       0       0       0       0       0       0       
      +0       0       0       0       0       0       0       0       0       0       0       0       0       0       0       
      +0       0       0       0       0       0
  1724 ;;      Totals:         2       0       0       0       0       0       0       0       0       0       0       0       
      +0       0       0       0       0       0       0       0       0       0       0       0       0       0       0       
      +0       0       0       0       0       0
  1725 ;;Total ram usage:        2 bytes
  1726 ;; Hardware stack levels used: 1
  1727 ;; Hardware stack levels required when called: 3
  1728 ;; This function calls:
  1729 ;;		_LCD_write_command
  1730 ;; This function is called by:
  1731 ;;		_LCD_Initial_Screen
  1732 ;;		_LCD_Update_Screen
  1733 ;;		_LCD_Add_Character
  1734 ;; This function uses a non-reentrant model
  1735 ;;
  1736                           
  1737                           	psect	text11
  1738   004852                     __ptext11:
  1739                           	callstack 0
  1740   004852                     _LCD_Cursor_Set:
  1741                           	callstack 122
  1742                           
  1743                           ;incstack = 0
  1744                           ;LCD_Cursor_Set@row stored from wreg
  1745   004852  6E09               	movwf	LCD_Cursor_Set@row^(0+1280),c
  1746   004854                     
  1747                           ;lcd.c: 192:     if(row == 1) column += (0x80-1);
  1748   004854  0409               	decf	LCD_Cursor_Set@row^(0+1280),w,c
  1749   004856  A4D8               	btfss	status,2,c
  1750   004858  EF30  F024         	goto	u2221
  1751   00485C  EF32  F024         	goto	u2220
  1752   004860                     u2221:
  1753   004860  EF34  F024         	goto	l420
  1754   004864                     u2220:
  1755   004864  0E7F               	movlw	127
  1756   004866  2608               	addwf	LCD_Cursor_Set@column^(0+1280),f,c
  1757   004868                     l420:
  1758                           
  1759                           ;lcd.c: 193:     if(row == 2) column += (0xC0-1);
  1760   004868  0E02               	movlw	2
  1761   00486A  1809               	xorwf	LCD_Cursor_Set@row^(0+1280),w,c
  1762   00486C  A4D8               	btfss	status,2,c
  1763   00486E  EF3B  F024         	goto	u2231
  1764   004872  EF3D  F024         	goto	u2230
  1765   004876                     u2231:
  1766   004876  EF3F  F024         	goto	l421
  1767   00487A                     u2230:
  1768   00487A  0EBF               	movlw	191
  1769   00487C  2608               	addwf	LCD_Cursor_Set@column^(0+1280),f,c
  1770   00487E                     l421:
  1771                           
  1772                           ;lcd.c: 194:     if(row == 3) column += (0x80+19);
  1773   00487E  0E03               	movlw	3
  1774   004880  1809               	xorwf	LCD_Cursor_Set@row^(0+1280),w,c
  1775   004882  A4D8               	btfss	status,2,c
  1776   004884  EF46  F024         	goto	u2241
  1777   004888  EF48  F024         	goto	u2240
  1778   00488C                     u2241:
  1779   00488C  EF4A  F024         	goto	l422
  1780   004890                     u2240:
  1781   004890  0E93               	movlw	147
  1782   004892  2608               	addwf	LCD_Cursor_Set@column^(0+1280),f,c
  1783   004894                     l422:
  1784                           
  1785                           ;lcd.c: 195:     if(row == 4) column += (0xC0+19);
  1786   004894  0E04               	movlw	4
  1787   004896  1809               	xorwf	LCD_Cursor_Set@row^(0+1280),w,c
  1788   004898  A4D8               	btfss	status,2,c
  1789   00489A  EF51  F024         	goto	u2251
  1790   00489E  EF53  F024         	goto	u2250
  1791   0048A2                     u2251:
  1792   0048A2  EF55  F024         	goto	l2716
  1793   0048A6                     u2250:
  1794   0048A6  0ED3               	movlw	211
  1795   0048A8  2608               	addwf	LCD_Cursor_Set@column^(0+1280),f,c
  1796   0048AA                     l2716:
  1797                           
  1798                           ;lcd.c: 198:    LCD_write_command(column);
  1799   0048AA  5008               	movf	LCD_Cursor_Set@column^(0+1280),w,c
  1800   0048AC  ECBB  F021         	call	_LCD_write_command
  1801   0048B0  0012               	return		;funcret
  1802   0048B2                     __end_of_LCD_Cursor_Set:
  1803                           	callstack 0
  1804                           
  1805 ;; *************** function _LCD_Init *****************
  1806 ;; Defined at:
  1807 ;;		line 136 in file "lcd.c"
  1808 ;; Parameters:    Size  Location     Type
  1809 ;;		None
  1810 ;; Auto vars:     Size  Location     Type
  1811 ;;		None
  1812 ;; Return value:  Size  Location     Type
  1813 ;;                  1    wreg      void 
  1814 ;; Registers used:
  1815 ;;		wreg, status,2, status,0, cstack
  1816 ;; Tracked objects:
  1817 ;;		On entry : 0/0
  1818 ;;		On exit  : 0/0
  1819 ;;		Unchanged: 0/0
  1820 ;; Data sizes:     COMRAM   BANK5   BANK6   BANK7   BANK8   BANK9  BANK10  BANK11  BANK12  BANK13  BANK14  BANK15  BANK1
      +6  BANK17  BANK18  BANK19  BANK20  BANK21  BANK22  BANK23  BANK24  BANK25  BANK26  BANK27  BANK28  BANK29  BANK30  BANK3
      +1  BANK32  BANK33  BANK34  BANK35  BANK36
  1821 ;;      Params:         0       0       0       0       0       0       0       0       0       0       0       0       
      +0       0       0       0       0       0       0       0       0       0       0       0       0       0       0       
      +0       0       0       0       0       0
  1822 ;;      Locals:         0       0       0       0       0       0       0       0       0       0       0       0       
      +0       0       0       0       0       0       0       0       0       0       0       0       0       0       0       
      +0       0       0       0       0       0
  1823 ;;      Temps:          2       0       0       0       0       0       0       0       0       0       0       0       
      +0       0       0       0       0       0       0       0       0       0       0       0       0       0       0       
      +0       0       0       0       0       0
  1824 ;;      Totals:         2       0       0       0       0       0       0       0       0       0       0       0       
      +0       0       0       0       0       0       0       0       0       0       0       0       0       0       0       
      +0       0       0       0       0       0
  1825 ;;Total ram usage:        2 bytes
  1826 ;; Hardware stack levels used: 1
  1827 ;; Hardware stack levels required when called: 4
  1828 ;; This function calls:
  1829 ;;		_LCD_Clear
  1830 ;;		_LCD_pulse_clock
  1831 ;;		_LCD_write_command
  1832 ;; This function is called by:
  1833 ;;		_main
  1834 ;; This function uses a non-reentrant model
  1835 ;;
  1836                           
  1837                           	psect	text12
  1838   004768                     __ptext12:
  1839                           	callstack 0
  1840   004768                     _LCD_Init:
  1841                           	callstack 122
  1842   004768                     
  1843                           ;lcd.c: 139:     TRISCbits.TRISC0 = 0; LATCbits.LATC0 = 0;
  1844   004768  90C8               	bcf	200,0,c	;volatile
  1845   00476A  90C0               	bcf	192,0,c	;volatile
  1846                           
  1847                           ;lcd.c: 140:     TRISCbits.TRISC1 = 0; LATCbits.LATC1 = 0;
  1848   00476C  92C8               	bcf	200,1,c	;volatile
  1849   00476E  92C0               	bcf	192,1,c	;volatile
  1850                           
  1851                           ;lcd.c: 141:     TRISFbits.TRISF4 = 0; LATFbits.LATF4 = 0;
  1852   004770  98CB               	bcf	203,4,c	;volatile
  1853   004772  98C3               	bcf	195,4,c	;volatile
  1854                           
  1855                           ;lcd.c: 142:     TRISFbits.TRISF5 = 0; LATFbits.LATF5 = 0;
  1856   004774  9ACB               	bcf	203,5,c	;volatile
  1857   004776  9AC3               	bcf	195,5,c	;volatile
  1858                           
  1859                           ;lcd.c: 143:     TRISFbits.TRISF6 = 0; LATFbits.LATF6 = 0;
  1860   004778  9CCB               	bcf	203,6,c	;volatile
  1861   00477A  9CC3               	bcf	195,6,c	;volatile
  1862                           
  1863                           ;lcd.c: 144:     TRISFbits.TRISF7 = 0; LATFbits.LATF7 = 0;
  1864   00477C  9ECB               	bcf	203,7,c	;volatile
  1865   00477E  9EC3               	bcf	195,7,c	;volatile
  1866   004780                     
  1867                           ;lcd.c: 151:     _delay((unsigned long)((60)*(64000000UL/4000.0)));
  1868   004780  0E05               	movlw	5
  1869   004782  6E0A               	movwf	(??_LCD_Init+1)^(0+1280),c
  1870   004784  0EDF               	movlw	223
  1871   004786  6E09               	movwf	??_LCD_Init^(0+1280),c
  1872   004788  0EBC               	movlw	188
  1873   00478A                     u2577:
  1874   00478A  2EE8               	decfsz	wreg,f,c
  1875   00478C  D7FE               	bra	u2577
  1876   00478E  2E09               	decfsz	??_LCD_Init^(0+1280),f,c
  1877   004790  D7FC               	bra	u2577
  1878   004792  2E0A               	decfsz	(??_LCD_Init+1)^(0+1280),f,c
  1879   004794  D7FA               	bra	u2577
  1880   004796                     
  1881                           ;lcd.c: 154:     LATFbits.LATF7 = 0; LATFbits.LATF6 = 0; LATFbits.LATF5 = 1; LATFbits.LA
      +                          TF4 = 1;
  1882   004796  9EC3               	bcf	195,7,c	;volatile
  1883   004798  9CC3               	bcf	195,6,c	;volatile
  1884   00479A  8AC3               	bsf	195,5,c	;volatile
  1885   00479C  88C3               	bsf	195,4,c	;volatile
  1886   00479E                     
  1887                           ;lcd.c: 157:     LCD_pulse_clock();
  1888   00479E  EC21  F025         	call	_LCD_pulse_clock	;wreg free
  1889   0047A2                     
  1890                           ;lcd.c: 160:     _delay((unsigned long)((6)*(64000000UL/4000.0)));
  1891   0047A2  0E7D               	movlw	125
  1892   0047A4  6E09               	movwf	??_LCD_Init^(0+1280),c
  1893   0047A6  0EAC               	movlw	172
  1894   0047A8                     u2587:
  1895   0047A8  2EE8               	decfsz	wreg,f,c
  1896   0047AA  D7FE               	bra	u2587
  1897   0047AC  2E09               	decfsz	??_LCD_Init^(0+1280),f,c
  1898   0047AE  D7FC               	bra	u2587
  1899                           
  1900                           ;lcd.c: 163:     LCD_pulse_clock();
  1901   0047B0  EC21  F025         	call	_LCD_pulse_clock	;wreg free
  1902   0047B4                     
  1903                           ;lcd.c: 166:     _delay((unsigned long)((150)*(64000000UL/4000000.0)));
  1904   0047B4  0E04               	movlw	4
  1905   0047B6  6E09               	movwf	??_LCD_Init^(0+1280),c
  1906   0047B8  0E1C               	movlw	28
  1907   0047BA                     u2597:
  1908   0047BA  2EE8               	decfsz	wreg,f,c
  1909   0047BC  D7FE               	bra	u2597
  1910   0047BE  2E09               	decfsz	??_LCD_Init^(0+1280),f,c
  1911   0047C0  D7FC               	bra	u2597
  1912   0047C2  D000               	nop2	
  1913   0047C4                     
  1914                           ;lcd.c: 169:     LCD_pulse_clock();
  1915   0047C4  EC21  F025         	call	_LCD_pulse_clock	;wreg free
  1916   0047C8                     
  1917                           ;lcd.c: 172:     LATFbits.LATF7 = 0; LATFbits.LATF6 = 0; LATFbits.LATF5 = 1; LATFbits.LA
      +                          TF4 = 0;
  1918   0047C8  9EC3               	bcf	195,7,c	;volatile
  1919   0047CA  9CC3               	bcf	195,6,c	;volatile
  1920   0047CC  8AC3               	bsf	195,5,c	;volatile
  1921   0047CE  98C3               	bcf	195,4,c	;volatile
  1922   0047D0                     
  1923                           ;lcd.c: 175:     LCD_pulse_clock();
  1924   0047D0  EC21  F025         	call	_LCD_pulse_clock	;wreg free
  1925   0047D4                     
  1926                           ;lcd.c: 178:     LCD_write_command(0x28);
  1927   0047D4  0E28               	movlw	40
  1928   0047D6  ECBB  F021         	call	_LCD_write_command
  1929   0047DA                     
  1930                           ;lcd.c: 179:     LCD_write_command(LCD_display_control);
  1931   0047DA  501E               	movf	_LCD_display_control^(0+1280),w,c
  1932   0047DC  ECBB  F021         	call	_LCD_write_command
  1933   0047E0                     
  1934                           ;lcd.c: 180:     LCD_write_command(LCD_entry_mode);
  1935   0047E0  501D               	movf	_LCD_entry_mode^(0+1280),w,c
  1936   0047E2  ECBB  F021         	call	_LCD_write_command
  1937   0047E6                     
  1938                           ;lcd.c: 181:     LCD_Clear();
  1939   0047E6  EC01  F025         	call	_LCD_Clear	;wreg free
  1940   0047EA  0012               	return		;funcret
  1941   0047EC                     __end_of_LCD_Init:
  1942                           	callstack 0
  1943                           
  1944 ;; *************** function _LCD_Clear *****************
  1945 ;; Defined at:
  1946 ;;		line 278 in file "lcd.c"
  1947 ;; Parameters:    Size  Location     Type
  1948 ;;		None
  1949 ;; Auto vars:     Size  Location     Type
  1950 ;;		None
  1951 ;; Return value:  Size  Location     Type
  1952 ;;                  1    wreg      void 
  1953 ;; Registers used:
  1954 ;;		wreg, status,2, status,0, cstack
  1955 ;; Tracked objects:
  1956 ;;		On entry : 0/0
  1957 ;;		On exit  : 0/0
  1958 ;;		Unchanged: 0/0
  1959 ;; Data sizes:     COMRAM   BANK5   BANK6   BANK7   BANK8   BANK9  BANK10  BANK11  BANK12  BANK13  BANK14  BANK15  BANK1
      +6  BANK17  BANK18  BANK19  BANK20  BANK21  BANK22  BANK23  BANK24  BANK25  BANK26  BANK27  BANK28  BANK29  BANK30  BANK3
      +1  BANK32  BANK33  BANK34  BANK35  BANK36
  1960 ;;      Params:         0       0       0       0       0       0       0       0       0       0       0       0       
      +0       0       0       0       0       0       0       0       0       0       0       0       0       0       0       
      +0       0       0       0       0       0
  1961 ;;      Locals:         0       0       0       0       0       0       0       0       0       0       0       0       
      +0       0       0       0       0       0       0       0       0       0       0       0       0       0       0       
      +0       0       0       0       0       0
  1962 ;;      Temps:          1       0       0       0       0       0       0       0       0       0       0       0       
      +0       0       0       0       0       0       0       0       0       0       0       0       0       0       0       
      +0       0       0       0       0       0
  1963 ;;      Totals:         1       0       0       0       0       0       0       0       0       0       0       0       
      +0       0       0       0       0       0       0       0       0       0       0       0       0       0       0       
      +0       0       0       0       0       0
  1964 ;;Total ram usage:        1 bytes
  1965 ;; Hardware stack levels used: 1
  1966 ;; Hardware stack levels required when called: 3
  1967 ;; This function calls:
  1968 ;;		_LCD_write_command
  1969 ;; This function is called by:
  1970 ;;		_LCD_Init
  1971 ;; This function uses a non-reentrant model
  1972 ;;
  1973                           
  1974                           	psect	text13
  1975   004A02                     __ptext13:
  1976                           	callstack 0
  1977   004A02                     _LCD_Clear:
  1978                           	callstack 122
  1979   004A02                     
  1980                           ;lcd.c: 281:     LCD_write_command(0x01);
  1981   004A02  0E01               	movlw	1
  1982   004A04  ECBB  F021         	call	_LCD_write_command
  1983   004A08                     
  1984                           ;lcd.c: 284:     _delay((unsigned long)(((2300-60))*(64000000UL/4000000.0)));
  1985   004A08  0E2F               	movlw	47
  1986   004A0A  6E08               	movwf	??_LCD_Clear^(0+1280),c
  1987   004A0C  0E8A               	movlw	138
  1988   004A0E                     u2607:
  1989   004A0E  2EE8               	decfsz	wreg,f,c
  1990   004A10  D7FE               	bra	u2607
  1991   004A12  2E08               	decfsz	??_LCD_Clear^(0+1280),f,c
  1992   004A14  D7FC               	bra	u2607
  1993   004A16  D000               	nop2	
  1994   004A18                     
  1995                           ;lcd.c: 287:     LCD_write_command(LCD_entry_mode);
  1996   004A18  501D               	movf	_LCD_entry_mode^(0+1280),w,c
  1997   004A1A  ECBB  F021         	call	_LCD_write_command
  1998   004A1E  0012               	return		;funcret
  1999   004A20                     __end_of_LCD_Clear:
  2000                           	callstack 0
  2001                           
  2002 ;; *************** function _LCD_write_command *****************
  2003 ;; Defined at:
  2004 ;;		line 76 in file "lcd.c"
  2005 ;; Parameters:    Size  Location     Type
  2006 ;;  command         1    wreg     unsigned char 
  2007 ;; Auto vars:     Size  Location     Type
  2008 ;;  command         1    6[COMRAM] unsigned char 
  2009 ;; Return value:  Size  Location     Type
  2010 ;;                  1    wreg      void 
  2011 ;; Registers used:
  2012 ;;		wreg, status,2, status,0, cstack
  2013 ;; Tracked objects:
  2014 ;;		On entry : 0/0
  2015 ;;		On exit  : 0/0
  2016 ;;		Unchanged: 0/0
  2017 ;; Data sizes:     COMRAM   BANK5   BANK6   BANK7   BANK8   BANK9  BANK10  BANK11  BANK12  BANK13  BANK14  BANK15  BANK1
      +6  BANK17  BANK18  BANK19  BANK20  BANK21  BANK22  BANK23  BANK24  BANK25  BANK26  BANK27  BANK28  BANK29  BANK30  BANK3
      +1  BANK32  BANK33  BANK34  BANK35  BANK36
  2018 ;;      Params:         0       0       0       0       0       0       0       0       0       0       0       0       
      +0       0       0       0       0       0       0       0       0       0       0       0       0       0       0       
      +0       0       0       0       0       0
  2019 ;;      Locals:         1       0       0       0       0       0       0       0       0       0       0       0       
      +0       0       0       0       0       0       0       0       0       0       0       0       0       0       0       
      +0       0       0       0       0       0
  2020 ;;      Temps:          2       0       0       0       0       0       0       0       0       0       0       0       
      +0       0       0       0       0       0       0       0       0       0       0       0       0       0       0       
      +0       0       0       0       0       0
  2021 ;;      Totals:         3       0       0       0       0       0       0       0       0       0       0       0       
      +0       0       0       0       0       0       0       0       0       0       0       0       0       0       0       
      +0       0       0       0       0       0
  2022 ;;Total ram usage:        3 bytes
  2023 ;; Hardware stack levels used: 1
  2024 ;; Hardware stack levels required when called: 2
  2025 ;; This function calls:
  2026 ;;		_LCD_pulse_clock
  2027 ;; This function is called by:
  2028 ;;		_LCD_Init
  2029 ;;		_LCD_Cursor_Set
  2030 ;;		_LCD_Cursor_Increment
  2031 ;;		_LCD_Clear
  2032 ;;		_LCD_Add_Character
  2033 ;;		_LCD_Cursor_Decrement
  2034 ;;		_LCD_Configure_Display
  2035 ;;		_LCD_Configure_Cursor_Display
  2036 ;;		_LCD_Configure_Cursor_Blink
  2037 ;;		_LCD_Shift_Reset
  2038 ;;		_LCD_Shift_Left
  2039 ;;		_LCD_Shift_Right
  2040 ;;		_LCD_Configure_Entry_ID
  2041 ;;		_LCD_Configure_Entry_Shift
  2042 ;; This function uses a non-reentrant model
  2043 ;;
  2044                           
  2045                           	psect	text14
  2046   004376                     __ptext14:
  2047                           	callstack 0
  2048   004376                     _LCD_write_command:
  2049                           	callstack 122
  2050                           
  2051                           ;incstack = 0
  2052                           ;LCD_write_command@command stored from wreg
  2053   004376  6E07               	movwf	LCD_write_command@command^(0+1280),c
  2054   004378                     
  2055                           ;lcd.c: 78:     LATCbits.LATC0 = 0;
  2056   004378  90C0               	bcf	192,0,c	;volatile
  2057   00437A                     
  2058                           ;lcd.c: 81:     LATFbits.LATF7 = (command & 0b10000000) >> 7;
  2059   00437A  6A05               	clrf	??_LCD_write_command^(0+1280),c
  2060   00437C  AE07               	btfss	LCD_write_command@command^(0+1280),7,c
  2061   00437E  D001               	bra	u15
  2062   004380  2A05               	incf	??_LCD_write_command^(0+1280),f,c
  2063   004382                     u15:
  2064   004382  0E01               	movlw	1
  2065   004384  1605               	andwf	??_LCD_write_command^(0+1280),f,c
  2066   004386  3205               	rrcf	??_LCD_write_command^(0+1280),f,c
  2067   004388  3205               	rrcf	??_LCD_write_command^(0+1280),f,c
  2068   00438A  50C3               	movf	195,w,c	;volatile
  2069   00438C  1805               	xorwf	??_LCD_write_command^(0+1280),w,c
  2070   00438E  0B7F               	andlw	-129
  2071   004390  1805               	xorwf	??_LCD_write_command^(0+1280),w,c
  2072   004392  6EC3               	movwf	195,c	;volatile
  2073                           
  2074                           ;lcd.c: 82:     LATFbits.LATF6 = (command & 0b01000000) >> 6;
  2075   004394  C507  F505         	movff	LCD_write_command@command,??_LCD_write_command
  2076   004398  0E06               	movlw	6
  2077   00439A  6E06               	movwf	(??_LCD_write_command+1)^(0+1280),c
  2078   00439C                     u25:
  2079   00439C  90D8               	bcf	status,0,c
  2080   00439E  3205               	rrcf	??_LCD_write_command^(0+1280),f,c
  2081   0043A0  2E06               	decfsz	(??_LCD_write_command+1)^(0+1280),f,c
  2082   0043A2  EFCE  F021         	goto	u25
  2083   0043A6  0E01               	movlw	1
  2084   0043A8  1605               	andwf	??_LCD_write_command^(0+1280),f,c
  2085   0043AA  3A05               	swapf	??_LCD_write_command^(0+1280),f,c
  2086   0043AC  4605               	rlncf	??_LCD_write_command^(0+1280),f,c
  2087   0043AE  4605               	rlncf	??_LCD_write_command^(0+1280),f,c
  2088   0043B0  50C3               	movf	195,w,c	;volatile
  2089   0043B2  1805               	xorwf	??_LCD_write_command^(0+1280),w,c
  2090   0043B4  0BBF               	andlw	-65
  2091   0043B6  1805               	xorwf	??_LCD_write_command^(0+1280),w,c
  2092   0043B8  6EC3               	movwf	195,c	;volatile
  2093                           
  2094                           ;lcd.c: 83:     LATFbits.LATF5 = (command & 0b00100000) >> 5;
  2095   0043BA  C507  F505         	movff	LCD_write_command@command,??_LCD_write_command
  2096   0043BE  0E05               	movlw	5
  2097   0043C0  6E06               	movwf	(??_LCD_write_command+1)^(0+1280),c
  2098   0043C2                     u35:
  2099   0043C2  90D8               	bcf	status,0,c
  2100   0043C4  3205               	rrcf	??_LCD_write_command^(0+1280),f,c
  2101   0043C6  2E06               	decfsz	(??_LCD_write_command+1)^(0+1280),f,c
  2102   0043C8  EFE1  F021         	goto	u35
  2103   0043CC  0E01               	movlw	1
  2104   0043CE  1605               	andwf	??_LCD_write_command^(0+1280),f,c
  2105   0043D0  3A05               	swapf	??_LCD_write_command^(0+1280),f,c
  2106   0043D2  4605               	rlncf	??_LCD_write_command^(0+1280),f,c
  2107   0043D4  50C3               	movf	195,w,c	;volatile
  2108   0043D6  1805               	xorwf	??_LCD_write_command^(0+1280),w,c
  2109   0043D8  0BDF               	andlw	-33
  2110   0043DA  1805               	xorwf	??_LCD_write_command^(0+1280),w,c
  2111   0043DC  6EC3               	movwf	195,c	;volatile
  2112                           
  2113                           ;lcd.c: 84:     LATFbits.LATF4 = (command & 0b00010000) >> 4;
  2114   0043DE  C507  F505         	movff	LCD_write_command@command,??_LCD_write_command
  2115   0043E2  3A05               	swapf	??_LCD_write_command^(0+1280),f,c
  2116   0043E4  0E0F               	movlw	15
  2117   0043E6  1605               	andwf	??_LCD_write_command^(0+1280),f,c
  2118   0043E8  0E01               	movlw	1
  2119   0043EA  1605               	andwf	??_LCD_write_command^(0+1280),f,c
  2120   0043EC  3A05               	swapf	??_LCD_write_command^(0+1280),f,c
  2121   0043EE  50C3               	movf	195,w,c	;volatile
  2122   0043F0  1805               	xorwf	??_LCD_write_command^(0+1280),w,c
  2123   0043F2  0BEF               	andlw	-17
  2124   0043F4  1805               	xorwf	??_LCD_write_command^(0+1280),w,c
  2125   0043F6  6EC3               	movwf	195,c	;volatile
  2126   0043F8                     
  2127                           ;lcd.c: 87:     LCD_pulse_clock();
  2128   0043F8  EC21  F025         	call	_LCD_pulse_clock	;wreg free
  2129   0043FC                     
  2130                           ;lcd.c: 90:     LATFbits.LATF7 = (command & 0b00001000) >> 3;
  2131   0043FC  C507  F505         	movff	LCD_write_command@command,??_LCD_write_command
  2132   004400  90D8               	bcf	status,0,c
  2133   004402  3205               	rrcf	??_LCD_write_command^(0+1280),f,c
  2134   004404  90D8               	bcf	status,0,c
  2135   004406  3205               	rrcf	??_LCD_write_command^(0+1280),f,c
  2136   004408  90D8               	bcf	status,0,c
  2137   00440A  3205               	rrcf	??_LCD_write_command^(0+1280),f,c
  2138   00440C  0E01               	movlw	1
  2139   00440E  1605               	andwf	??_LCD_write_command^(0+1280),f,c
  2140   004410  3205               	rrcf	??_LCD_write_command^(0+1280),f,c
  2141   004412  3205               	rrcf	??_LCD_write_command^(0+1280),f,c
  2142   004414  50C3               	movf	195,w,c	;volatile
  2143   004416  1805               	xorwf	??_LCD_write_command^(0+1280),w,c
  2144   004418  0B7F               	andlw	-129
  2145   00441A  1805               	xorwf	??_LCD_write_command^(0+1280),w,c
  2146   00441C  6EC3               	movwf	195,c	;volatile
  2147   00441E                     
  2148                           ;lcd.c: 91:     LATFbits.LATF6 = (command & 0b00000100) >> 2;
  2149   00441E  C507  F505         	movff	LCD_write_command@command,??_LCD_write_command
  2150   004422  90D8               	bcf	status,0,c
  2151   004424  3205               	rrcf	??_LCD_write_command^(0+1280),f,c
  2152   004426  90D8               	bcf	status,0,c
  2153   004428  3205               	rrcf	??_LCD_write_command^(0+1280),f,c
  2154   00442A  0E01               	movlw	1
  2155   00442C  1605               	andwf	??_LCD_write_command^(0+1280),f,c
  2156   00442E  3A05               	swapf	??_LCD_write_command^(0+1280),f,c
  2157   004430  4605               	rlncf	??_LCD_write_command^(0+1280),f,c
  2158   004432  4605               	rlncf	??_LCD_write_command^(0+1280),f,c
  2159   004434  50C3               	movf	195,w,c	;volatile
  2160   004436  1805               	xorwf	??_LCD_write_command^(0+1280),w,c
  2161   004438  0BBF               	andlw	-65
  2162   00443A  1805               	xorwf	??_LCD_write_command^(0+1280),w,c
  2163   00443C  6EC3               	movwf	195,c	;volatile
  2164   00443E                     
  2165                           ;lcd.c: 92:     LATFbits.LATF5 = (command & 0b00000010) >> 1;
  2166   00443E  C507  F505         	movff	LCD_write_command@command,??_LCD_write_command
  2167   004442  90D8               	bcf	status,0,c
  2168   004444  3205               	rrcf	??_LCD_write_command^(0+1280),f,c
  2169   004446  0E01               	movlw	1
  2170   004448  1605               	andwf	??_LCD_write_command^(0+1280),f,c
  2171   00444A  3A05               	swapf	??_LCD_write_command^(0+1280),f,c
  2172   00444C  4605               	rlncf	??_LCD_write_command^(0+1280),f,c
  2173   00444E  50C3               	movf	195,w,c	;volatile
  2174   004450  1805               	xorwf	??_LCD_write_command^(0+1280),w,c
  2175   004452  0BDF               	andlw	-33
  2176   004454  1805               	xorwf	??_LCD_write_command^(0+1280),w,c
  2177   004456  6EC3               	movwf	195,c	;volatile
  2178   004458                     
  2179                           ;lcd.c: 93:     LATFbits.LATF4 = (command & 0b00000001) ;
  2180   004458  C507  F505         	movff	LCD_write_command@command,??_LCD_write_command
  2181   00445C  0E01               	movlw	1
  2182   00445E  1605               	andwf	??_LCD_write_command^(0+1280),f,c
  2183   004460  3A05               	swapf	??_LCD_write_command^(0+1280),f,c
  2184   004462  50C3               	movf	195,w,c	;volatile
  2185   004464  1805               	xorwf	??_LCD_write_command^(0+1280),w,c
  2186   004466  0BEF               	andlw	-17
  2187   004468  1805               	xorwf	??_LCD_write_command^(0+1280),w,c
  2188   00446A  6EC3               	movwf	195,c	;volatile
  2189   00446C                     
  2190                           ;lcd.c: 96:     LCD_pulse_clock();
  2191   00446C  EC21  F025         	call	_LCD_pulse_clock	;wreg free
  2192   004470  0012               	return		;funcret
  2193   004472                     __end_of_LCD_write_command:
  2194                           	callstack 0
  2195                           
  2196 ;; *************** function _LCD_pulse_clock *****************
  2197 ;; Defined at:
  2198 ;;		line 64 in file "lcd.c"
  2199 ;; Parameters:    Size  Location     Type
  2200 ;;		None
  2201 ;; Auto vars:     Size  Location     Type
  2202 ;;		None
  2203 ;; Return value:  Size  Location     Type
  2204 ;;                  1    wreg      void 
  2205 ;; Registers used:
  2206 ;;		wreg
  2207 ;; Tracked objects:
  2208 ;;		On entry : 0/0
  2209 ;;		On exit  : 0/0
  2210 ;;		Unchanged: 0/0
  2211 ;; Data sizes:     COMRAM   BANK5   BANK6   BANK7   BANK8   BANK9  BANK10  BANK11  BANK12  BANK13  BANK14  BANK15  BANK1
      +6  BANK17  BANK18  BANK19  BANK20  BANK21  BANK22  BANK23  BANK24  BANK25  BANK26  BANK27  BANK28  BANK29  BANK30  BANK3
      +1  BANK32  BANK33  BANK34  BANK35  BANK36
  2212 ;;      Params:         0       0       0       0       0       0       0       0       0       0       0       0       
      +0       0       0       0       0       0       0       0       0       0       0       0       0       0       0       
      +0       0       0       0       0       0
  2213 ;;      Locals:         0       0       0       0       0       0       0       0       0       0       0       0       
      +0       0       0       0       0       0       0       0       0       0       0       0       0       0       0       
      +0       0       0       0       0       0
  2214 ;;      Temps:          0       0       0       0       0       0       0       0       0       0       0       0       
      +0       0       0       0       0       0       0       0       0       0       0       0       0       0       0       
      +0       0       0       0       0       0
  2215 ;;      Totals:         0       0       0       0       0       0       0       0       0       0       0       0       
      +0       0       0       0       0       0       0       0       0       0       0       0       0       0       0       
      +0       0       0       0       0       0
  2216 ;;Total ram usage:        0 bytes
  2217 ;; Hardware stack levels used: 1
  2218 ;; Hardware stack levels required when called: 1
  2219 ;; This function calls:
  2220 ;;		Nothing
  2221 ;; This function is called by:
  2222 ;;		_LCD_write_command
  2223 ;;		_LCD_write_data
  2224 ;;		_LCD_Init
  2225 ;; This function uses a non-reentrant model
  2226 ;;
  2227                           
  2228                           	psect	text15
  2229   004A42                     __ptext15:
  2230                           	callstack 0
  2231   004A42                     _LCD_pulse_clock:
  2232                           	callstack 122
  2233   004A42                     
  2234                           ;lcd.c: 66:   LATCbits.LATC1 = 1;
  2235   004A42  82C0               	bsf	192,1,c	;volatile
  2236   004A44                     
  2237                           ;lcd.c: 67:   _delay((unsigned long)((60)*(64000000UL/4000000.0)));
  2238   004A44  0EC0               	movlw	192
  2239   004A46                     u2617:
  2240   004A46  D000               	nop2	
  2241   004A48  2EE8               	decfsz	wreg,f,c
  2242   004A4A  D7FD               	bra	u2617
  2243   004A4C                     
  2244                           ;lcd.c: 68:   LATCbits.LATC1 = 0;
  2245   004A4C  92C0               	bcf	192,1,c	;volatile
  2246   004A4E  0012               	return		;funcret
  2247   004A50                     __end_of_LCD_pulse_clock:
  2248                           	callstack 0
  2249                           
  2250 ;; *************** function _INTERRUPT_Init *****************
  2251 ;; Defined at:
  2252 ;;		line 4 in file "interrupt.c"
  2253 ;; Parameters:    Size  Location     Type
  2254 ;;		None
  2255 ;; Auto vars:     Size  Location     Type
  2256 ;;		None
  2257 ;; Return value:  Size  Location     Type
  2258 ;;                  1    wreg      void 
  2259 ;; Registers used:
  2260 ;;		wreg, status,2
  2261 ;; Tracked objects:
  2262 ;;		On entry : 0/0
  2263 ;;		On exit  : 0/0
  2264 ;;		Unchanged: 0/0
  2265 ;; Data sizes:     COMRAM   BANK5   BANK6   BANK7   BANK8   BANK9  BANK10  BANK11  BANK12  BANK13  BANK14  BANK15  BANK1
      +6  BANK17  BANK18  BANK19  BANK20  BANK21  BANK22  BANK23  BANK24  BANK25  BANK26  BANK27  BANK28  BANK29  BANK30  BANK3
      +1  BANK32  BANK33  BANK34  BANK35  BANK36
  2266 ;;      Params:         0       0       0       0       0       0       0       0       0       0       0       0       
      +0       0       0       0       0       0       0       0       0       0       0       0       0       0       0       
      +0       0       0       0       0       0
  2267 ;;      Locals:         0       0       0       0       0       0       0       0       0       0       0       0       
      +0       0       0       0       0       0       0       0       0       0       0       0       0       0       0       
      +0       0       0       0       0       0
  2268 ;;      Temps:          0       0       0       0       0       0       0       0       0       0       0       0       
      +0       0       0       0       0       0       0       0       0       0       0       0       0       0       0       
      +0       0       0       0       0       0
  2269 ;;      Totals:         0       0       0       0       0       0       0       0       0       0       0       0       
      +0       0       0       0       0       0       0       0       0       0       0       0       0       0       0       
      +0       0       0       0       0       0
  2270 ;;Total ram usage:        0 bytes
  2271 ;; Hardware stack levels used: 1
  2272 ;; Hardware stack levels required when called: 1
  2273 ;; This function calls:
  2274 ;;		Nothing
  2275 ;; This function is called by:
  2276 ;;		_main
  2277 ;; This function uses a non-reentrant model
  2278 ;;
  2279                           
  2280                           	psect	text16
  2281   0048FE                     __ptext16:
  2282                           	callstack 0
  2283   0048FE                     _INTERRUPT_Init:
  2284                           	callstack 125
  2285   0048FE                     
  2286                           ;interrupt.c: 7:     INTCON0bits.IPEN = 1;
  2287   0048FE  8AD6               	bsf	214,5,c	;volatile
  2288                           
  2289                           ;interrupt.c: 8:     INTCON0bits.GIEH = 1;
  2290   004900  8ED6               	bsf	214,7,c	;volatile
  2291                           
  2292                           ;interrupt.c: 9:     INTCON0bits.GIEL = 1;
  2293   004902  8CD6               	bsf	214,6,c	;volatile
  2294                           
  2295                           ;interrupt.c: 13:     PIR3bits.TMR0IF = 1;
  2296   004904  8EB1               	bsf	177,7,c	;volatile
  2297                           
  2298                           ;interrupt.c: 14:     PIE3bits.TMR0IE = 1;
  2299   004906  8EA1               	bsf	161,7,c	;volatile
  2300                           
  2301                           ;interrupt.c: 15:     IPR3bits.TMR0IP = 0;
  2302   004908  0103               	movlb	3	; () banked
  2303   00490A  9F65               	bcf	101,7,b	;volatile
  2304                           
  2305                           ;interrupt.c: 18:     INTCON0bits.INT0EDG = 0;
  2306   00490C  90D6               	bcf	214,0,c	;volatile
  2307                           
  2308                           ;interrupt.c: 19:     PIR1bits.INT0IF = 0;
  2309   00490E  90AF               	bcf	175,0,c	;volatile
  2310                           
  2311                           ;interrupt.c: 20:     PIE1bits.INT0IE = 1;
  2312   004910  809F               	bsf	159,0,c	;volatile
  2313                           
  2314                           ;interrupt.c: 21:     IPR1bits.INT0IP = 1;
  2315   004912  8163               	bsf	99,0,b	;volatile
  2316   004914                     
  2317                           ; BSR set to: 3
  2318                           ;interrupt.c: 25:     INT1PPSbits.PORT = 0b001;
  2319   004914  0102               	movlb	2	; () banked
  2320   004916  513F               	movf	63,w,b	;volatile
  2321   004918  0BE7               	andlw	-25
  2322   00491A  0908               	iorlw	8
  2323   00491C  6F3F               	movwf	63,b	;volatile
  2324                           
  2325                           ;interrupt.c: 26:     INT1PPSbits.PIN = 0b100;
  2326   00491E  513F               	movf	63,w,b	;volatile
  2327   004920  0BF8               	andlw	-8
  2328   004922  0904               	iorlw	4
  2329   004924  6F3F               	movwf	63,b	;volatile
  2330   004926                     
  2331                           ; BSR set to: 2
  2332                           ;interrupt.c: 27:     INTCON0bits.INT1EDG = 0;
  2333   004926  92D6               	bcf	214,1,c	;volatile
  2334   004928                     
  2335                           ; BSR set to: 2
  2336                           ;interrupt.c: 28:     PIR6bits.INT1IF = 0;
  2337   004928  90B4               	bcf	180,0,c	;volatile
  2338   00492A                     
  2339                           ; BSR set to: 2
  2340                           ;interrupt.c: 29:     PIE6bits.INT1IE = 1;
  2341   00492A  80A4               	bsf	164,0,c	;volatile
  2342   00492C                     
  2343                           ; BSR set to: 2
  2344                           ;interrupt.c: 30:     IPR6bits.INT1IP = 1;
  2345   00492C  0103               	movlb	3	; () banked
  2346   00492E  8168               	bsf	104,0,b	;volatile
  2347   004930                     
  2348                           ; BSR set to: 3
  2349                           ;interrupt.c: 34:     (INTCON0bits.GIE = 0);
  2350   004930  9ED6               	bcf	214,7,c	;volatile
  2351                           
  2352                           ;interrupt.c: 35:     IVTBASEU = 0x00;
  2353   004932  0E00               	movlw	0
  2354   004934  0104               	movlb	4	; () banked
  2355   004936  6F5F               	movwf	95,b	;volatile
  2356                           
  2357                           ;interrupt.c: 36:     IVTBASEH = 0x30;
  2358   004938  0E30               	movlw	48
  2359   00493A  6F5E               	movwf	94,b	;volatile
  2360                           
  2361                           ;interrupt.c: 37:     IVTBASEL = 0x08;
  2362   00493C  0E08               	movlw	8
  2363   00493E  6F5D               	movwf	93,b	;volatile
  2364   004940                     
  2365                           ; BSR set to: 4
  2366                           ;interrupt.c: 38:     (INTCON0bits.GIE = 1);
  2367   004940  8ED6               	bsf	214,7,c	;volatile
  2368   004942                     
  2369                           ; BSR set to: 4
  2370   004942  0012               	return		;funcret
  2371   004944                     __end_of_INTERRUPT_Init:
  2372                           	callstack 0
  2373                           
  2374 ;; *************** function _GPIO_Init *****************
  2375 ;; Defined at:
  2376 ;;		line 73 in file "main.c"
  2377 ;; Parameters:    Size  Location     Type
  2378 ;;		None
  2379 ;; Auto vars:     Size  Location     Type
  2380 ;;		None
  2381 ;; Return value:  Size  Location     Type
  2382 ;;                  1    wreg      void 
  2383 ;; Registers used:
  2384 ;;		wreg, status,2, status,0, cstack
  2385 ;; Tracked objects:
  2386 ;;		On entry : 0/0
  2387 ;;		On exit  : 0/0
  2388 ;;		Unchanged: 0/0
  2389 ;; Data sizes:     COMRAM   BANK5   BANK6   BANK7   BANK8   BANK9  BANK10  BANK11  BANK12  BANK13  BANK14  BANK15  BANK1
      +6  BANK17  BANK18  BANK19  BANK20  BANK21  BANK22  BANK23  BANK24  BANK25  BANK26  BANK27  BANK28  BANK29  BANK30  BANK3
      +1  BANK32  BANK33  BANK34  BANK35  BANK36
  2390 ;;      Params:         0       0       0       0       0       0       0       0       0       0       0       0       
      +0       0       0       0       0       0       0       0       0       0       0       0       0       0       0       
      +0       0       0       0       0       0
  2391 ;;      Locals:         0       0       0       0       0       0       0       0       0       0       0       0       
      +0       0       0       0       0       0       0       0       0       0       0       0       0       0       0       
      +0       0       0       0       0       0
  2392 ;;      Temps:          0       0       0       0       0       0       0       0       0       0       0       0       
      +0       0       0       0       0       0       0       0       0       0       0       0       0       0       0       
      +0       0       0       0       0       0
  2393 ;;      Totals:         0       0       0       0       0       0       0       0       0       0       0       0       
      +0       0       0       0       0       0       0       0       0       0       0       0       0       0       0       
      +0       0       0       0       0       0
  2394 ;;Total ram usage:        0 bytes
  2395 ;; Hardware stack levels used: 1
  2396 ;; Hardware stack levels required when called: 3
  2397 ;; This function calls:
  2398 ;;		_configure_pin
  2399 ;;		_set_pin_low
  2400 ;; This function is called by:
  2401 ;;		_main
  2402 ;; This function uses a non-reentrant model
  2403 ;;
  2404                           
  2405                           	psect	text17
  2406   0046D2                     __ptext17:
  2407                           	callstack 0
  2408   0046D2                     _GPIO_Init:
  2409                           	callstack 123
  2410   0046D2                     
  2411                           ;main.c: 76:     LCD_Add_Character(low_state, 0);
  2412   0046D2  0E03               	movlw	3
  2413   0046D4  6E09               	movwf	configure_pin@pin_number^(0+1280),c
  2414   0046D6  0E00               	movlw	0
  2415   0046D8  6E0A               	movwf	configure_pin@is_input^(0+1280),c
  2416   0046DA  0E01               	movlw	1
  2417   0046DC  6E0B               	movwf	configure_pin@is_digital^(0+1280),c
  2418   0046DE  0E00               	movlw	0
  2419   0046E0  6E0C               	movwf	configure_pin@enable_pullup^(0+1280),c
  2420   0046E2  0E01               	movlw	1
  2421   0046E4  6E0D               	movwf	configure_pin@use_ttl^(0+1280),c
  2422   0046E6  0E01               	movlw	1
  2423   0046E8  6E0E               	movwf	configure_pin@slew_rate_limited^(0+1280),c
  2424   0046EA  0E01               	movlw	1
  2425   0046EC  6E0F               	movwf	configure_pin@use_push_pull^(0+1280),c
  2426   0046EE  0E46               	movlw	70
  2427   0046F0  EC39  F022         	call	_configure_pin
  2428   0046F4                     
  2429                           ;main.c: 77:     LCD_Add_Character(high_state, 1);
  2430   0046F4  86C3               	bsf	195,3,c	;volatile
  2431                           
  2432                           ;main.c: 80:     LCD_Write_Char(0);
  2433   0046F6  0E04               	movlw	4
  2434   0046F8  6E09               	movwf	configure_pin@pin_number^(0+1280),c
  2435   0046FA  0E01               	movlw	1
  2436   0046FC  6E0A               	movwf	configure_pin@is_input^(0+1280),c
  2437   0046FE  0E01               	movlw	1
  2438   004700  6E0B               	movwf	configure_pin@is_digital^(0+1280),c
  2439   004702  0E01               	movlw	1
  2440   004704  6E0C               	movwf	configure_pin@enable_pullup^(0+1280),c
  2441   004706  0E01               	movlw	1
  2442   004708  6E0D               	movwf	configure_pin@use_ttl^(0+1280),c
  2443   00470A  0E01               	movlw	1
  2444   00470C  6E0E               	movwf	configure_pin@slew_rate_limited^(0+1280),c
  2445   00470E  0E01               	movlw	1
  2446   004710  6E0F               	movwf	configure_pin@use_push_pull^(0+1280),c
  2447   004712  0E42               	movlw	66
  2448   004714  EC39  F022         	call	_configure_pin
  2449                           
  2450                           ;main.c: 83:     LCD_Cursor_Set(2, 1);
  2451   004718  0E02               	movlw	2
  2452   00471A  6E09               	movwf	configure_pin@pin_number^(0+1280),c
  2453   00471C  0E00               	movlw	0
  2454   00471E  6E0A               	movwf	configure_pin@is_input^(0+1280),c
  2455   004720  0E01               	movlw	1
  2456   004722  6E0B               	movwf	configure_pin@is_digital^(0+1280),c
  2457   004724  0E00               	movlw	0
  2458   004726  6E0C               	movwf	configure_pin@enable_pullup^(0+1280),c
  2459   004728  0E01               	movlw	1
  2460   00472A  6E0D               	movwf	configure_pin@use_ttl^(0+1280),c
  2461   00472C  0E01               	movlw	1
  2462   00472E  6E0E               	movwf	configure_pin@slew_rate_limited^(0+1280),c
  2463   004730  0E01               	movlw	1
  2464   004732  6E0F               	movwf	configure_pin@use_push_pull^(0+1280),c
  2465   004734  0E46               	movlw	70
  2466   004736  EC39  F022         	call	_configure_pin
  2467                           
  2468                           ;main.c: 84:     LCD_Write_String("Salidas:  ");
  2469   00473A  0E02               	movlw	2
  2470   00473C  6E05               	movwf	set_pin_low@pin_number^(0+1280),c
  2471   00473E  0E46               	movlw	70
  2472   004740  EC42  F01C         	call	_set_pin_low
  2473                           
  2474                           ;main.c: 87:     LCD_Write_Char(0);
  2475   004744  0E00               	movlw	0
  2476   004746  6E09               	movwf	configure_pin@pin_number^(0+1280),c
  2477   004748  0E01               	movlw	1
  2478   00474A  6E0A               	movwf	configure_pin@is_input^(0+1280),c
  2479   00474C  0E01               	movlw	1
  2480   00474E  6E0B               	movwf	configure_pin@is_digital^(0+1280),c
  2481   004750  0E01               	movlw	1
  2482   004752  6E0C               	movwf	configure_pin@enable_pullup^(0+1280),c
  2483   004754  0E01               	movlw	1
  2484   004756  6E0D               	movwf	configure_pin@use_ttl^(0+1280),c
  2485   004758  0E01               	movlw	1
  2486   00475A  6E0E               	movwf	configure_pin@slew_rate_limited^(0+1280),c
  2487   00475C  0E01               	movlw	1
  2488   00475E  6E0F               	movwf	configure_pin@use_push_pull^(0+1280),c
  2489   004760  0E42               	movlw	66
  2490   004762  EC39  F022         	call	_configure_pin
  2491   004766  0012               	return		;funcret
  2492   004768                     __end_of_GPIO_Init:
  2493                           	callstack 0
  2494                           
  2495 ;; *************** function _set_pin_low *****************
  2496 ;; Defined at:
  2497 ;;		line 388 in file "gpio.c"
  2498 ;; Parameters:    Size  Location     Type
  2499 ;;  port_name       1    wreg     enum E17440
  2500 ;;  pin_number      1    4[COMRAM] unsigned char 
  2501 ;; Auto vars:     Size  Location     Type
  2502 ;;  port_name       1    7[COMRAM] enum E17440
  2503 ;; Return value:  Size  Location     Type
  2504 ;;                  1    wreg      void 
  2505 ;; Registers used:
  2506 ;;		wreg, status,2, status,0
  2507 ;; Tracked objects:
  2508 ;;		On entry : 0/0
  2509 ;;		On exit  : 0/0
  2510 ;;		Unchanged: 0/0
  2511 ;; Data sizes:     COMRAM   BANK5   BANK6   BANK7   BANK8   BANK9  BANK10  BANK11  BANK12  BANK13  BANK14  BANK15  BANK1
      +6  BANK17  BANK18  BANK19  BANK20  BANK21  BANK22  BANK23  BANK24  BANK25  BANK26  BANK27  BANK28  BANK29  BANK30  BANK3
      +1  BANK32  BANK33  BANK34  BANK35  BANK36
  2512 ;;      Params:         1       0       0       0       0       0       0       0       0       0       0       0       
      +0       0       0       0       0       0       0       0       0       0       0       0       0       0       0       
      +0       0       0       0       0       0
  2513 ;;      Locals:         1       0       0       0       0       0       0       0       0       0       0       0       
      +0       0       0       0       0       0       0       0       0       0       0       0       0       0       0       
      +0       0       0       0       0       0
  2514 ;;      Temps:          2       0       0       0       0       0       0       0       0       0       0       0       
      +0       0       0       0       0       0       0       0       0       0       0       0       0       0       0       
      +0       0       0       0       0       0
  2515 ;;      Totals:         4       0       0       0       0       0       0       0       0       0       0       0       
      +0       0       0       0       0       0       0       0       0       0       0       0       0       0       0       
      +0       0       0       0       0       0
  2516 ;;Total ram usage:        4 bytes
  2517 ;; Hardware stack levels used: 1
  2518 ;; Hardware stack levels required when called: 1
  2519 ;; This function calls:
  2520 ;;		Nothing
  2521 ;; This function is called by:
  2522 ;;		_GPIO_Init
  2523 ;; This function uses a non-reentrant model
  2524 ;;
  2525                           
  2526                           	psect	text18
  2527   003884                     __ptext18:
  2528                           	callstack 0
  2529   003884                     _set_pin_low:
  2530                           	callstack 124
  2531                           
  2532                           ;incstack = 0
  2533                           ;set_pin_low@port_name stored from wreg
  2534   003884  6E08               	movwf	set_pin_low@port_name^(0+1280),c
  2535   003886                     
  2536                           ;gpio.c: 388: void set_pin_low(PortName_t port_name, uint8_t pin_number);gpio.c: 389: {;
      +                          gpio.c: 390:     switch(port_name)
  2537   003886  EFAB  F01C         	goto	l2770
  2538   00388A                     l2756:
  2539                           
  2540                           ;gpio.c: 393:             LATA &= ~(1 << pin_number);
  2541   00388A  C505  F506         	movff	set_pin_low@pin_number,??_set_pin_low
  2542   00388E  0E01               	movlw	1
  2543   003890  6E07               	movwf	(??_set_pin_low+1)^(0+1280),c
  2544   003892  2A06               	incf	??_set_pin_low^(0+1280),f,c
  2545   003894  EF4E  F01C         	goto	u2324
  2546   003898                     u2325:
  2547   003898  90D8               	bcf	status,0,c
  2548   00389A  3607               	rlcf	(??_set_pin_low+1)^(0+1280),f,c
  2549   00389C                     u2324:
  2550   00389C  2E06               	decfsz	??_set_pin_low^(0+1280),f,c
  2551   00389E  EF4C  F01C         	goto	u2325
  2552   0038A2  5007               	movf	(??_set_pin_low+1)^(0+1280),w,c
  2553   0038A4  0AFF               	xorlw	255
  2554   0038A6  16BE               	andwf	190,f,c	;volatile
  2555                           
  2556                           ;gpio.c: 394:             break;
  2557   0038A8  EFD0  F01C         	goto	l284
  2558   0038AC                     l2758:
  2559                           
  2560                           ;gpio.c: 396:             LATB &= ~(1 << pin_number);
  2561   0038AC  C505  F506         	movff	set_pin_low@pin_number,??_set_pin_low
  2562   0038B0  0E01               	movlw	1
  2563   0038B2  6E07               	movwf	(??_set_pin_low+1)^(0+1280),c
  2564   0038B4  2A06               	incf	??_set_pin_low^(0+1280),f,c
  2565   0038B6  EF5F  F01C         	goto	u2334
  2566   0038BA                     u2335:
  2567   0038BA  90D8               	bcf	status,0,c
  2568   0038BC  3607               	rlcf	(??_set_pin_low+1)^(0+1280),f,c
  2569   0038BE                     u2334:
  2570   0038BE  2E06               	decfsz	??_set_pin_low^(0+1280),f,c
  2571   0038C0  EF5D  F01C         	goto	u2335
  2572   0038C4  5007               	movf	(??_set_pin_low+1)^(0+1280),w,c
  2573   0038C6  0AFF               	xorlw	255
  2574   0038C8  16BF               	andwf	191,f,c	;volatile
  2575                           
  2576                           ;gpio.c: 397:             break;
  2577   0038CA  EFD0  F01C         	goto	l284
  2578   0038CE                     l2760:
  2579                           
  2580                           ;gpio.c: 399:             LATC &= ~(1 << pin_number);
  2581   0038CE  C505  F506         	movff	set_pin_low@pin_number,??_set_pin_low
  2582   0038D2  0E01               	movlw	1
  2583   0038D4  6E07               	movwf	(??_set_pin_low+1)^(0+1280),c
  2584   0038D6  2A06               	incf	??_set_pin_low^(0+1280),f,c
  2585   0038D8  EF70  F01C         	goto	u2344
  2586   0038DC                     u2345:
  2587   0038DC  90D8               	bcf	status,0,c
  2588   0038DE  3607               	rlcf	(??_set_pin_low+1)^(0+1280),f,c
  2589   0038E0                     u2344:
  2590   0038E0  2E06               	decfsz	??_set_pin_low^(0+1280),f,c
  2591   0038E2  EF6E  F01C         	goto	u2345
  2592   0038E6  5007               	movf	(??_set_pin_low+1)^(0+1280),w,c
  2593   0038E8  0AFF               	xorlw	255
  2594   0038EA  16C0               	andwf	192,f,c	;volatile
  2595                           
  2596                           ;gpio.c: 400:             break;
  2597   0038EC  EFD0  F01C         	goto	l284
  2598   0038F0                     l2762:
  2599                           
  2600                           ;gpio.c: 402:             LATD &= ~(1 << pin_number);
  2601   0038F0  C505  F506         	movff	set_pin_low@pin_number,??_set_pin_low
  2602   0038F4  0E01               	movlw	1
  2603   0038F6  6E07               	movwf	(??_set_pin_low+1)^(0+1280),c
  2604   0038F8  2A06               	incf	??_set_pin_low^(0+1280),f,c
  2605   0038FA  EF81  F01C         	goto	u2354
  2606   0038FE                     u2355:
  2607   0038FE  90D8               	bcf	status,0,c
  2608   003900  3607               	rlcf	(??_set_pin_low+1)^(0+1280),f,c
  2609   003902                     u2354:
  2610   003902  2E06               	decfsz	??_set_pin_low^(0+1280),f,c
  2611   003904  EF7F  F01C         	goto	u2355
  2612   003908  5007               	movf	(??_set_pin_low+1)^(0+1280),w,c
  2613   00390A  0AFF               	xorlw	255
  2614   00390C  16C1               	andwf	193,f,c	;volatile
  2615                           
  2616                           ;gpio.c: 403:             break;
  2617   00390E  EFD0  F01C         	goto	l284
  2618   003912                     l2764:
  2619                           
  2620                           ;gpio.c: 405:             LATE &= ~(1 << pin_number);
  2621   003912  C505  F506         	movff	set_pin_low@pin_number,??_set_pin_low
  2622   003916  0E01               	movlw	1
  2623   003918  6E07               	movwf	(??_set_pin_low+1)^(0+1280),c
  2624   00391A  2A06               	incf	??_set_pin_low^(0+1280),f,c
  2625   00391C  EF92  F01C         	goto	u2364
  2626   003920                     u2365:
  2627   003920  90D8               	bcf	status,0,c
  2628   003922  3607               	rlcf	(??_set_pin_low+1)^(0+1280),f,c
  2629   003924                     u2364:
  2630   003924  2E06               	decfsz	??_set_pin_low^(0+1280),f,c
  2631   003926  EF90  F01C         	goto	u2365
  2632   00392A  5007               	movf	(??_set_pin_low+1)^(0+1280),w,c
  2633   00392C  0AFF               	xorlw	255
  2634   00392E  16C2               	andwf	194,f,c	;volatile
  2635                           
  2636                           ;gpio.c: 406:             break;
  2637   003930  EFD0  F01C         	goto	l284
  2638   003934                     l2766:
  2639                           
  2640                           ;gpio.c: 408:             LATF &= ~(1 << pin_number);
  2641   003934  C505  F506         	movff	set_pin_low@pin_number,??_set_pin_low
  2642   003938  0E01               	movlw	1
  2643   00393A  6E07               	movwf	(??_set_pin_low+1)^(0+1280),c
  2644   00393C  2A06               	incf	??_set_pin_low^(0+1280),f,c
  2645   00393E  EFA3  F01C         	goto	u2374
  2646   003942                     u2375:
  2647   003942  90D8               	bcf	status,0,c
  2648   003944  3607               	rlcf	(??_set_pin_low+1)^(0+1280),f,c
  2649   003946                     u2374:
  2650   003946  2E06               	decfsz	??_set_pin_low^(0+1280),f,c
  2651   003948  EFA1  F01C         	goto	u2375
  2652   00394C  5007               	movf	(??_set_pin_low+1)^(0+1280),w,c
  2653   00394E  0AFF               	xorlw	255
  2654   003950  16C3               	andwf	195,f,c	;volatile
  2655                           
  2656                           ;gpio.c: 409:             break;
  2657   003952  EFD0  F01C         	goto	l284
  2658   003956                     l2770:
  2659   003956  5008               	movf	set_pin_low@port_name^(0+1280),w,c
  2660   003958  6E06               	movwf	??_set_pin_low^(0+1280),c
  2661   00395A  6A07               	clrf	(??_set_pin_low+1)^(0+1280),c
  2662                           
  2663                           ; Switch on 2 bytes has been partitioned into a top level switch of size 1, and 1 sub-sw
      +                          itches
  2664                           ; Switch size 1, requested type "simple"
  2665                           ; Number of cases is 1, Range of values is 0 to 0
  2666                           ; switch strategies available:
  2667                           ; Name         Instructions Cycles
  2668                           ; simple_byte            4     3 (average)
  2669                           ;	Chosen strategy is simple_byte
  2670   00395C  5007               	movf	(??_set_pin_low+1)^(0+1280),w,c
  2671   00395E  0A00               	xorlw	0	; case 0
  2672   003960  B4D8               	btfsc	status,2,c
  2673   003962  EFB5  F01C         	goto	l3274
  2674   003966  EFD0  F01C         	goto	l284
  2675   00396A                     l3274:
  2676                           
  2677                           ; Switch size 1, requested type "simple"
  2678                           ; Number of cases is 6, Range of values is 65 to 70
  2679                           ; switch strategies available:
  2680                           ; Name         Instructions Cycles
  2681                           ; simple_byte           19    10 (average)
  2682                           ;	Chosen strategy is simple_byte
  2683   00396A  5006               	movf	??_set_pin_low^(0+1280),w,c
  2684   00396C  0A41               	xorlw	65	; case 65
  2685   00396E  B4D8               	btfsc	status,2,c
  2686   003970  EF45  F01C         	goto	l2756
  2687   003974  0A03               	xorlw	3	; case 66
  2688   003976  B4D8               	btfsc	status,2,c
  2689   003978  EF56  F01C         	goto	l2758
  2690   00397C  0A01               	xorlw	1	; case 67
  2691   00397E  B4D8               	btfsc	status,2,c
  2692   003980  EF67  F01C         	goto	l2760
  2693   003984  0A07               	xorlw	7	; case 68
  2694   003986  B4D8               	btfsc	status,2,c
  2695   003988  EF78  F01C         	goto	l2762
  2696   00398C  0A01               	xorlw	1	; case 69
  2697   00398E  B4D8               	btfsc	status,2,c
  2698   003990  EF89  F01C         	goto	l2764
  2699   003994  0A03               	xorlw	3	; case 70
  2700   003996  B4D8               	btfsc	status,2,c
  2701   003998  EF9A  F01C         	goto	l2766
  2702   00399C  EFD0  F01C         	goto	l284
  2703   0039A0                     l284:
  2704   0039A0  0012               	return		;funcret
  2705   0039A2                     __end_of_set_pin_low:
  2706                           	callstack 0
  2707                           
  2708 ;; *************** function _configure_pin *****************
  2709 ;; Defined at:
  2710 ;;		line 325 in file "gpio.c"
  2711 ;; Parameters:    Size  Location     Type
  2712 ;;  port_name       1    wreg     enum E17440
  2713 ;;  pin_number      1    8[COMRAM] unsigned char 
  2714 ;;  is_input        1    9[COMRAM] _Bool 
  2715 ;;  is_digital      1   10[COMRAM] _Bool 
  2716 ;;  enable_pullu    1   11[COMRAM] _Bool 
  2717 ;;  use_ttl         1   12[COMRAM] _Bool 
  2718 ;;  slew_rate_li    1   13[COMRAM] _Bool 
  2719 ;;  use_push_pul    1   14[COMRAM] _Bool 
  2720 ;; Auto vars:     Size  Location     Type
  2721 ;;  port_name       1   15[COMRAM] enum E17440
  2722 ;; Return value:  Size  Location     Type
  2723 ;;                  1    wreg      void 
  2724 ;; Registers used:
  2725 ;;		wreg, status,2, status,0, cstack
  2726 ;; Tracked objects:
  2727 ;;		On entry : 0/0
  2728 ;;		On exit  : 0/0
  2729 ;;		Unchanged: 0/0
  2730 ;; Data sizes:     COMRAM   BANK5   BANK6   BANK7   BANK8   BANK9  BANK10  BANK11  BANK12  BANK13  BANK14  BANK15  BANK1
      +6  BANK17  BANK18  BANK19  BANK20  BANK21  BANK22  BANK23  BANK24  BANK25  BANK26  BANK27  BANK28  BANK29  BANK30  BANK3
      +1  BANK32  BANK33  BANK34  BANK35  BANK36
  2731 ;;      Params:         7       0       0       0       0       0       0       0       0       0       0       0       
      +0       0       0       0       0       0       0       0       0       0       0       0       0       0       0       
      +0       0       0       0       0       0
  2732 ;;      Locals:         1       0       0       0       0       0       0       0       0       0       0       0       
      +0       0       0       0       0       0       0       0       0       0       0       0       0       0       0       
      +0       0       0       0       0       0
  2733 ;;      Temps:          0       0       0       0       0       0       0       0       0       0       0       0       
      +0       0       0       0       0       0       0       0       0       0       0       0       0       0       0       
      +0       0       0       0       0       0
  2734 ;;      Totals:         8       0       0       0       0       0       0       0       0       0       0       0       
      +0       0       0       0       0       0       0       0       0       0       0       0       0       0       0       
      +0       0       0       0       0       0
  2735 ;;Total ram usage:        8 bytes
  2736 ;; Hardware stack levels used: 1
  2737 ;; Hardware stack levels required when called: 2
  2738 ;; This function calls:
  2739 ;;		_reset_pin_pullup
  2740 ;;		_set_pin_analog_mode
  2741 ;;		_set_pin_digital_mode
  2742 ;;		_set_pin_input
  2743 ;;		_set_pin_open_drain
  2744 ;;		_set_pin_output
  2745 ;;		_set_pin_pullup
  2746 ;;		_set_pin_push_pull
  2747 ;;		_set_pin_sr_limited
  2748 ;;		_set_pin_sr_maximum
  2749 ;;		_set_pin_st
  2750 ;;		_set_pin_ttl
  2751 ;; This function is called by:
  2752 ;;		_GPIO_Init
  2753 ;; This function uses a non-reentrant model
  2754 ;;
  2755                           
  2756                           	psect	text19
  2757   004472                     __ptext19:
  2758                           	callstack 0
  2759   004472                     _configure_pin:
  2760                           	callstack 123
  2761                           
  2762                           ;incstack = 0
  2763                           ;configure_pin@port_name stored from wreg
  2764   004472  6E10               	movwf	configure_pin@port_name^(0+1280),c
  2765   004474                     
  2766                           ;gpio.c: 325: void configure_pin(PortName_t port_name, uint8_t pin_number, _Bool is_inpu
      +                          t,;gpio.c: 326:                    _Bool is_digital, _Bool enable_pullup, _Bool use_ttl,
      +                           _Bool slew_rate_limited,;gpio.c: 327:                    _Bool use_push_pull);gpio.c: 3
      +                          28: {;gpio.c: 329:     if(is_input)
  2767   004474  500A               	movf	configure_pin@is_input^(0+1280),w,c
  2768   004476  B4D8               	btfsc	status,2,c
  2769   004478  EF40  F022         	goto	u2261
  2770   00447C  EF42  F022         	goto	u2260
  2771   004480                     u2261:
  2772   004480  EF49  F022         	goto	l2722
  2773   004484                     u2260:
  2774   004484                     
  2775                           ;gpio.c: 330:         set_pin_input(port_name, pin_number);
  2776   004484  C509  F505         	movff	configure_pin@pin_number,set_pin_input@pin_number
  2777   004488  5010               	movf	configure_pin@port_name^(0+1280),w,c
  2778   00448A  ECB4  F020         	call	_set_pin_input
  2779   00448E  EF4E  F022         	goto	l2724
  2780   004492                     l2722:
  2781                           
  2782                           ;gpio.c: 332:         set_pin_output(port_name, pin_number);
  2783   004492  C509  F505         	movff	configure_pin@pin_number,set_pin_output@pin_number
  2784   004496  5010               	movf	configure_pin@port_name^(0+1280),w,c
  2785   004498  EC7E  F01E         	call	_set_pin_output
  2786   00449C                     l2724:
  2787                           
  2788                           ;gpio.c: 334:     if(is_digital)
  2789   00449C  500B               	movf	configure_pin@is_digital^(0+1280),w,c
  2790   00449E  B4D8               	btfsc	status,2,c
  2791   0044A0  EF54  F022         	goto	u2271
  2792   0044A4  EF56  F022         	goto	u2270
  2793   0044A8                     u2271:
  2794   0044A8  EF5D  F022         	goto	l2728
  2795   0044AC                     u2270:
  2796   0044AC                     
  2797                           ;gpio.c: 335:         set_pin_digital_mode(port_name, pin_number);
  2798   0044AC  C509  F505         	movff	configure_pin@pin_number,set_pin_digital_mode@pin_number
  2799   0044B0  5010               	movf	configure_pin@port_name^(0+1280),w,c
  2800   0044B2  EC18  F01B         	call	_set_pin_digital_mode
  2801   0044B6  EF62  F022         	goto	l2730
  2802   0044BA                     l2728:
  2803                           
  2804                           ;gpio.c: 337:         set_pin_analog_mode(port_name, pin_number);
  2805   0044BA  C509  F505         	movff	configure_pin@pin_number,set_pin_analog_mode@pin_number
  2806   0044BE  5010               	movf	configure_pin@port_name^(0+1280),w,c
  2807   0044C0  EC9C  F01F         	call	_set_pin_analog_mode
  2808   0044C4                     l2730:
  2809                           
  2810                           ;gpio.c: 339:     if(enable_pullup)
  2811   0044C4  500C               	movf	configure_pin@enable_pullup^(0+1280),w,c
  2812   0044C6  B4D8               	btfsc	status,2,c
  2813   0044C8  EF68  F022         	goto	u2281
  2814   0044CC  EF6A  F022         	goto	u2280
  2815   0044D0                     u2281:
  2816   0044D0  EF71  F022         	goto	l2734
  2817   0044D4                     u2280:
  2818   0044D4                     
  2819                           ;gpio.c: 340:         set_pin_pullup(port_name, pin_number);
  2820   0044D4  C509  F505         	movff	configure_pin@pin_number,set_pin_pullup@pin_number
  2821   0044D8  5010               	movf	configure_pin@port_name^(0+1280),w,c
  2822   0044DA  ECEF  F01D         	call	_set_pin_pullup
  2823   0044DE  EF76  F022         	goto	l2736
  2824   0044E2                     l2734:
  2825                           
  2826                           ;gpio.c: 342:         reset_pin_pullup(port_name, pin_number);
  2827   0044E2  C509  F505         	movff	configure_pin@pin_number,reset_pin_pullup@pin_number
  2828   0044E6  5010               	movf	configure_pin@port_name^(0+1280),w,c
  2829   0044E8  ECAD  F01B         	call	_reset_pin_pullup
  2830   0044EC                     l2736:
  2831                           
  2832                           ;gpio.c: 344:     if(use_ttl)
  2833   0044EC  500D               	movf	configure_pin@use_ttl^(0+1280),w,c
  2834   0044EE  B4D8               	btfsc	status,2,c
  2835   0044F0  EF7C  F022         	goto	u2291
  2836   0044F4  EF7E  F022         	goto	u2290
  2837   0044F8                     u2291:
  2838   0044F8  EF85  F022         	goto	l2740
  2839   0044FC                     u2290:
  2840   0044FC                     
  2841                           ;gpio.c: 345:         set_pin_ttl(port_name, pin_number);
  2842   0044FC  C509  F505         	movff	configure_pin@pin_number,set_pin_ttl@pin_number
  2843   004500  5010               	movf	configure_pin@port_name^(0+1280),w,c
  2844   004502  EC59  F019         	call	_set_pin_ttl
  2845   004506  EF8A  F022         	goto	l2742
  2846   00450A                     l2740:
  2847                           
  2848                           ;gpio.c: 347:         set_pin_st(port_name, pin_number);
  2849   00450A  C509  F505         	movff	configure_pin@pin_number,set_pin_st@pin_number
  2850   00450E  5010               	movf	configure_pin@port_name^(0+1280),w,c
  2851   004510  ECD1  F01C         	call	_set_pin_st
  2852   004514                     l2742:
  2853                           
  2854                           ;gpio.c: 349:     if(slew_rate_limited)
  2855   004514  500E               	movf	configure_pin@slew_rate_limited^(0+1280),w,c
  2856   004516  B4D8               	btfsc	status,2,c
  2857   004518  EF90  F022         	goto	u2301
  2858   00451C  EF92  F022         	goto	u2300
  2859   004520                     u2301:
  2860   004520  EF99  F022         	goto	l2746
  2861   004524                     u2300:
  2862   004524                     
  2863                           ;gpio.c: 350:         set_pin_sr_limited(port_name, pin_number);
  2864   004524  C509  F505         	movff	configure_pin@pin_number,set_pin_sr_limited@pin_number
  2865   004528  5010               	movf	configure_pin@port_name^(0+1280),w,c
  2866   00452A  EC60  F01D         	call	_set_pin_sr_limited
  2867   00452E  EF9E  F022         	goto	l2748
  2868   004532                     l2746:
  2869                           
  2870                           ;gpio.c: 352:         set_pin_sr_maximum(port_name, pin_number);
  2871   004532  C509  F505         	movff	configure_pin@pin_number,set_pin_sr_maximum@pin_number
  2872   004536  5010               	movf	configure_pin@port_name^(0+1280),w,c
  2873   004538  ECEE  F019         	call	_set_pin_sr_maximum
  2874   00453C                     l2748:
  2875                           
  2876                           ;gpio.c: 354:     if(use_push_pull)
  2877   00453C  500F               	movf	configure_pin@use_push_pull^(0+1280),w,c
  2878   00453E  B4D8               	btfsc	status,2,c
  2879   004540  EFA4  F022         	goto	u2311
  2880   004544  EFA6  F022         	goto	u2310
  2881   004548                     u2311:
  2882   004548  EFAD  F022         	goto	l2752
  2883   00454C                     u2310:
  2884   00454C                     
  2885                           ;gpio.c: 355:         set_pin_push_pull(port_name, pin_number);
  2886   00454C  C509  F505         	movff	configure_pin@pin_number,set_pin_push_pull@pin_number
  2887   004550  5010               	movf	configure_pin@port_name^(0+1280),w,c
  2888   004552  EC83  F01A         	call	_set_pin_push_pull
  2889   004556  EFB2  F022         	goto	l260
  2890   00455A                     l2752:
  2891                           
  2892                           ;gpio.c: 357:         set_pin_open_drain(port_name, pin_number);
  2893   00455A  C509  F505         	movff	configure_pin@pin_number,set_pin_open_drain@pin_number
  2894   00455E  5010               	movf	configure_pin@port_name^(0+1280),w,c
  2895   004560  EC0D  F01F         	call	_set_pin_open_drain
  2896   004564                     l260:
  2897   004564  0012               	return		;funcret
  2898   004566                     __end_of_configure_pin:
  2899                           	callstack 0
  2900                           
  2901 ;; *************** function _set_pin_ttl *****************
  2902 ;; Defined at:
  2903 ;;		line 191 in file "gpio.c"
  2904 ;; Parameters:    Size  Location     Type
  2905 ;;  port_name       1    wreg     enum E17440
  2906 ;;  pin_number      1    4[COMRAM] unsigned char 
  2907 ;; Auto vars:     Size  Location     Type
  2908 ;;  port_name       1    7[COMRAM] enum E17440
  2909 ;; Return value:  Size  Location     Type
  2910 ;;                  1    wreg      void 
  2911 ;; Registers used:
  2912 ;;		wreg, status,2, status,0
  2913 ;; Tracked objects:
  2914 ;;		On entry : 0/0
  2915 ;;		On exit  : 0/0
  2916 ;;		Unchanged: 0/0
  2917 ;; Data sizes:     COMRAM   BANK5   BANK6   BANK7   BANK8   BANK9  BANK10  BANK11  BANK12  BANK13  BANK14  BANK15  BANK1
      +6  BANK17  BANK18  BANK19  BANK20  BANK21  BANK22  BANK23  BANK24  BANK25  BANK26  BANK27  BANK28  BANK29  BANK30  BANK3
      +1  BANK32  BANK33  BANK34  BANK35  BANK36
  2918 ;;      Params:         1       0       0       0       0       0       0       0       0       0       0       0       
      +0       0       0       0       0       0       0       0       0       0       0       0       0       0       0       
      +0       0       0       0       0       0
  2919 ;;      Locals:         1       0       0       0       0       0       0       0       0       0       0       0       
      +0       0       0       0       0       0       0       0       0       0       0       0       0       0       0       
      +0       0       0       0       0       0
  2920 ;;      Temps:          2       0       0       0       0       0       0       0       0       0       0       0       
      +0       0       0       0       0       0       0       0       0       0       0       0       0       0       0       
      +0       0       0       0       0       0
  2921 ;;      Totals:         4       0       0       0       0       0       0       0       0       0       0       0       
      +0       0       0       0       0       0       0       0       0       0       0       0       0       0       0       
      +0       0       0       0       0       0
  2922 ;;Total ram usage:        4 bytes
  2923 ;; Hardware stack levels used: 1
  2924 ;; Hardware stack levels required when called: 1
  2925 ;; This function calls:
  2926 ;;		Nothing
  2927 ;; This function is called by:
  2928 ;;		_configure_pin
  2929 ;; This function uses a non-reentrant model
  2930 ;;
  2931                           
  2932                           	psect	text20
  2933   0032B2                     __ptext20:
  2934                           	callstack 0
  2935   0032B2                     _set_pin_ttl:
  2936                           	callstack 123
  2937                           
  2938                           ;incstack = 0
  2939                           ;set_pin_ttl@port_name stored from wreg
  2940   0032B2  6E08               	movwf	set_pin_ttl@port_name^(0+1280),c
  2941   0032B4                     
  2942                           ;gpio.c: 191: void set_pin_ttl(PortName_t port_name, uint8_t pin_number);gpio.c: 192: {;
      +                          gpio.c: 193:     switch(port_name)
  2943   0032B4  EFC8  F019         	goto	l2612
  2944   0032B8                     l2598:
  2945                           
  2946                           ;gpio.c: 196:             INLVLA &= ~(1 << pin_number);
  2947   0032B8  C505  F506         	movff	set_pin_ttl@pin_number,??_set_pin_ttl
  2948   0032BC  0E01               	movlw	1
  2949   0032BE  6E07               	movwf	(??_set_pin_ttl+1)^(0+1280),c
  2950   0032C0  2A06               	incf	??_set_pin_ttl^(0+1280),f,c
  2951   0032C2  EF65  F019         	goto	u1924
  2952   0032C6                     u1925:
  2953   0032C6  90D8               	bcf	status,0,c
  2954   0032C8  3607               	rlcf	(??_set_pin_ttl+1)^(0+1280),f,c
  2955   0032CA                     u1924:
  2956   0032CA  2E06               	decfsz	??_set_pin_ttl^(0+1280),f,c
  2957   0032CC  EF63  F019         	goto	u1925
  2958   0032D0  5007               	movf	(??_set_pin_ttl+1)^(0+1280),w,c
  2959   0032D2  0AFF               	xorlw	255
  2960   0032D4  0104               	movlb	4	; () banked
  2961   0032D6  1704               	andwf	4,f,b	;volatile
  2962                           
  2963                           ;gpio.c: 197:             break;
  2964   0032D8  EFED  F019         	goto	l197
  2965   0032DC                     l2600:
  2966                           
  2967                           ;gpio.c: 199:             INLVLB &= ~(1 << pin_number);
  2968   0032DC  C505  F506         	movff	set_pin_ttl@pin_number,??_set_pin_ttl
  2969   0032E0  0E01               	movlw	1
  2970   0032E2  6E07               	movwf	(??_set_pin_ttl+1)^(0+1280),c
  2971   0032E4  2A06               	incf	??_set_pin_ttl^(0+1280),f,c
  2972   0032E6  EF77  F019         	goto	u1934
  2973   0032EA                     u1935:
  2974   0032EA  90D8               	bcf	status,0,c
  2975   0032EC  3607               	rlcf	(??_set_pin_ttl+1)^(0+1280),f,c
  2976   0032EE                     u1934:
  2977   0032EE  2E06               	decfsz	??_set_pin_ttl^(0+1280),f,c
  2978   0032F0  EF75  F019         	goto	u1935
  2979   0032F4  5007               	movf	(??_set_pin_ttl+1)^(0+1280),w,c
  2980   0032F6  0AFF               	xorlw	255
  2981   0032F8  0104               	movlb	4	; () banked
  2982   0032FA  170C               	andwf	12,f,b	;volatile
  2983                           
  2984                           ;gpio.c: 200:             break;
  2985   0032FC  EFED  F019         	goto	l197
  2986   003300                     l2602:
  2987                           
  2988                           ;gpio.c: 202:             INLVLC &= ~(1 << pin_number);
  2989   003300  C505  F506         	movff	set_pin_ttl@pin_number,??_set_pin_ttl
  2990   003304  0E01               	movlw	1
  2991   003306  6E07               	movwf	(??_set_pin_ttl+1)^(0+1280),c
  2992   003308  2A06               	incf	??_set_pin_ttl^(0+1280),f,c
  2993   00330A  EF89  F019         	goto	u1944
  2994   00330E                     u1945:
  2995   00330E  90D8               	bcf	status,0,c
  2996   003310  3607               	rlcf	(??_set_pin_ttl+1)^(0+1280),f,c
  2997   003312                     u1944:
  2998   003312  2E06               	decfsz	??_set_pin_ttl^(0+1280),f,c
  2999   003314  EF87  F019         	goto	u1945
  3000   003318  5007               	movf	(??_set_pin_ttl+1)^(0+1280),w,c
  3001   00331A  0AFF               	xorlw	255
  3002   00331C  0104               	movlb	4	; () banked
  3003   00331E  1714               	andwf	20,f,b	;volatile
  3004                           
  3005                           ;gpio.c: 203:             break;
  3006   003320  EFED  F019         	goto	l197
  3007   003324                     l2604:
  3008                           
  3009                           ;gpio.c: 205:             INLVLD &= ~(1 << pin_number);
  3010   003324  C505  F506         	movff	set_pin_ttl@pin_number,??_set_pin_ttl
  3011   003328  0E01               	movlw	1
  3012   00332A  6E07               	movwf	(??_set_pin_ttl+1)^(0+1280),c
  3013   00332C  2A06               	incf	??_set_pin_ttl^(0+1280),f,c
  3014   00332E  EF9B  F019         	goto	u1954
  3015   003332                     u1955:
  3016   003332  90D8               	bcf	status,0,c
  3017   003334  3607               	rlcf	(??_set_pin_ttl+1)^(0+1280),f,c
  3018   003336                     u1954:
  3019   003336  2E06               	decfsz	??_set_pin_ttl^(0+1280),f,c
  3020   003338  EF99  F019         	goto	u1955
  3021   00333C  5007               	movf	(??_set_pin_ttl+1)^(0+1280),w,c
  3022   00333E  0AFF               	xorlw	255
  3023   003340  0104               	movlb	4	; () banked
  3024   003342  171C               	andwf	28,f,b	;volatile
  3025                           
  3026                           ;gpio.c: 206:             break;
  3027   003344  EFED  F019         	goto	l197
  3028   003348                     l2606:
  3029                           
  3030                           ;gpio.c: 208:             INLVLE &= ~(1 << pin_number);
  3031   003348  C505  F506         	movff	set_pin_ttl@pin_number,??_set_pin_ttl
  3032   00334C  0E01               	movlw	1
  3033   00334E  6E07               	movwf	(??_set_pin_ttl+1)^(0+1280),c
  3034   003350  2A06               	incf	??_set_pin_ttl^(0+1280),f,c
  3035   003352  EFAD  F019         	goto	u1964
  3036   003356                     u1965:
  3037   003356  90D8               	bcf	status,0,c
  3038   003358  3607               	rlcf	(??_set_pin_ttl+1)^(0+1280),f,c
  3039   00335A                     u1964:
  3040   00335A  2E06               	decfsz	??_set_pin_ttl^(0+1280),f,c
  3041   00335C  EFAB  F019         	goto	u1965
  3042   003360  5007               	movf	(??_set_pin_ttl+1)^(0+1280),w,c
  3043   003362  0AFF               	xorlw	255
  3044   003364  0104               	movlb	4	; () banked
  3045   003366  1724               	andwf	36,f,b	;volatile
  3046                           
  3047                           ;gpio.c: 209:             break;
  3048   003368  EFED  F019         	goto	l197
  3049   00336C                     l2608:
  3050                           
  3051                           ;gpio.c: 211:             INLVLF &= ~(1 << pin_number);
  3052   00336C  C505  F506         	movff	set_pin_ttl@pin_number,??_set_pin_ttl
  3053   003370  0E01               	movlw	1
  3054   003372  6E07               	movwf	(??_set_pin_ttl+1)^(0+1280),c
  3055   003374  2A06               	incf	??_set_pin_ttl^(0+1280),f,c
  3056   003376  EFBF  F019         	goto	u1974
  3057   00337A                     u1975:
  3058   00337A  90D8               	bcf	status,0,c
  3059   00337C  3607               	rlcf	(??_set_pin_ttl+1)^(0+1280),f,c
  3060   00337E                     u1974:
  3061   00337E  2E06               	decfsz	??_set_pin_ttl^(0+1280),f,c
  3062   003380  EFBD  F019         	goto	u1975
  3063   003384  5007               	movf	(??_set_pin_ttl+1)^(0+1280),w,c
  3064   003386  0AFF               	xorlw	255
  3065   003388  0104               	movlb	4	; () banked
  3066   00338A  172C               	andwf	44,f,b	;volatile
  3067                           
  3068                           ;gpio.c: 212:             break;
  3069   00338C  EFED  F019         	goto	l197
  3070   003390                     l2612:
  3071   003390  5008               	movf	set_pin_ttl@port_name^(0+1280),w,c
  3072   003392  6E06               	movwf	??_set_pin_ttl^(0+1280),c
  3073   003394  6A07               	clrf	(??_set_pin_ttl+1)^(0+1280),c
  3074                           
  3075                           ; Switch on 2 bytes has been partitioned into a top level switch of size 1, and 1 sub-sw
      +                          itches
  3076                           ; Switch size 1, requested type "simple"
  3077                           ; Number of cases is 1, Range of values is 0 to 0
  3078                           ; switch strategies available:
  3079                           ; Name         Instructions Cycles
  3080                           ; simple_byte            4     3 (average)
  3081                           ;	Chosen strategy is simple_byte
  3082   003396  5007               	movf	(??_set_pin_ttl+1)^(0+1280),w,c
  3083   003398  0A00               	xorlw	0	; case 0
  3084   00339A  B4D8               	btfsc	status,2,c
  3085   00339C  EFD2  F019         	goto	l3276
  3086   0033A0  EFED  F019         	goto	l197
  3087   0033A4                     l3276:
  3088                           
  3089                           ; Switch size 1, requested type "simple"
  3090                           ; Number of cases is 6, Range of values is 65 to 70
  3091                           ; switch strategies available:
  3092                           ; Name         Instructions Cycles
  3093                           ; simple_byte           19    10 (average)
  3094                           ;	Chosen strategy is simple_byte
  3095   0033A4  5006               	movf	??_set_pin_ttl^(0+1280),w,c
  3096   0033A6  0A41               	xorlw	65	; case 65
  3097   0033A8  B4D8               	btfsc	status,2,c
  3098   0033AA  EF5C  F019         	goto	l2598
  3099   0033AE  0A03               	xorlw	3	; case 66
  3100   0033B0  B4D8               	btfsc	status,2,c
  3101   0033B2  EF6E  F019         	goto	l2600
  3102   0033B6  0A01               	xorlw	1	; case 67
  3103   0033B8  B4D8               	btfsc	status,2,c
  3104   0033BA  EF80  F019         	goto	l2602
  3105   0033BE  0A07               	xorlw	7	; case 68
  3106   0033C0  B4D8               	btfsc	status,2,c
  3107   0033C2  EF92  F019         	goto	l2604
  3108   0033C6  0A01               	xorlw	1	; case 69
  3109   0033C8  B4D8               	btfsc	status,2,c
  3110   0033CA  EFA4  F019         	goto	l2606
  3111   0033CE  0A03               	xorlw	3	; case 70
  3112   0033D0  B4D8               	btfsc	status,2,c
  3113   0033D2  EFB6  F019         	goto	l2608
  3114   0033D6  EFED  F019         	goto	l197
  3115   0033DA                     l197:
  3116   0033DA  0012               	return		;funcret
  3117   0033DC                     __end_of_set_pin_ttl:
  3118                           	callstack 0
  3119                           
  3120 ;; *************** function _set_pin_st *****************
  3121 ;; Defined at:
  3122 ;;		line 164 in file "gpio.c"
  3123 ;; Parameters:    Size  Location     Type
  3124 ;;  port_name       1    wreg     enum E17440
  3125 ;;  pin_number      1    4[COMRAM] unsigned char 
  3126 ;; Auto vars:     Size  Location     Type
  3127 ;;  port_name       1    7[COMRAM] enum E17440
  3128 ;; Return value:  Size  Location     Type
  3129 ;;                  1    wreg      void 
  3130 ;; Registers used:
  3131 ;;		wreg, status,2, status,0
  3132 ;; Tracked objects:
  3133 ;;		On entry : 0/0
  3134 ;;		On exit  : 0/0
  3135 ;;		Unchanged: 0/0
  3136 ;; Data sizes:     COMRAM   BANK5   BANK6   BANK7   BANK8   BANK9  BANK10  BANK11  BANK12  BANK13  BANK14  BANK15  BANK1
      +6  BANK17  BANK18  BANK19  BANK20  BANK21  BANK22  BANK23  BANK24  BANK25  BANK26  BANK27  BANK28  BANK29  BANK30  BANK3
      +1  BANK32  BANK33  BANK34  BANK35  BANK36
  3137 ;;      Params:         1       0       0       0       0       0       0       0       0       0       0       0       
      +0       0       0       0       0       0       0       0       0       0       0       0       0       0       0       
      +0       0       0       0       0       0
  3138 ;;      Locals:         1       0       0       0       0       0       0       0       0       0       0       0       
      +0       0       0       0       0       0       0       0       0       0       0       0       0       0       0       
      +0       0       0       0       0       0
  3139 ;;      Temps:          2       0       0       0       0       0       0       0       0       0       0       0       
      +0       0       0       0       0       0       0       0       0       0       0       0       0       0       0       
      +0       0       0       0       0       0
  3140 ;;      Totals:         4       0       0       0       0       0       0       0       0       0       0       0       
      +0       0       0       0       0       0       0       0       0       0       0       0       0       0       0       
      +0       0       0       0       0       0
  3141 ;;Total ram usage:        4 bytes
  3142 ;; Hardware stack levels used: 1
  3143 ;; Hardware stack levels required when called: 1
  3144 ;; This function calls:
  3145 ;;		Nothing
  3146 ;; This function is called by:
  3147 ;;		_configure_pin
  3148 ;; This function uses a non-reentrant model
  3149 ;;
  3150                           
  3151                           	psect	text21
  3152   0039A2                     __ptext21:
  3153                           	callstack 0
  3154   0039A2                     _set_pin_st:
  3155                           	callstack 123
  3156                           
  3157                           ;incstack = 0
  3158                           ;set_pin_st@port_name stored from wreg
  3159   0039A2  6E08               	movwf	set_pin_st@port_name^(0+1280),c
  3160   0039A4                     
  3161                           ;gpio.c: 164: void set_pin_st(PortName_t port_name, uint8_t pin_number);gpio.c: 165: {;g
      +                          pio.c: 166:     switch(port_name)
  3162   0039A4  EF3A  F01D         	goto	l2590
  3163   0039A8                     l2576:
  3164                           
  3165                           ;gpio.c: 169:             INLVLA |= (1 << pin_number);
  3166   0039A8  C505  F506         	movff	set_pin_st@pin_number,??_set_pin_st
  3167   0039AC  0E01               	movlw	1
  3168   0039AE  6E07               	movwf	(??_set_pin_st+1)^(0+1280),c
  3169   0039B0  2A06               	incf	??_set_pin_st^(0+1280),f,c
  3170   0039B2  EFDD  F01C         	goto	u1864
  3171   0039B6                     u1865:
  3172   0039B6  90D8               	bcf	status,0,c
  3173   0039B8  3607               	rlcf	(??_set_pin_st+1)^(0+1280),f,c
  3174   0039BA                     u1864:
  3175   0039BA  2E06               	decfsz	??_set_pin_st^(0+1280),f,c
  3176   0039BC  EFDB  F01C         	goto	u1865
  3177   0039C0  5007               	movf	(??_set_pin_st+1)^(0+1280),w,c
  3178   0039C2  0104               	movlb	4	; () banked
  3179   0039C4  1304               	iorwf	4,f,b	;volatile
  3180                           
  3181                           ;gpio.c: 170:             break;
  3182   0039C6  EF5F  F01D         	goto	l185
  3183   0039CA                     l2578:
  3184                           
  3185                           ;gpio.c: 172:             INLVLB |= (1 << pin_number);
  3186   0039CA  C505  F506         	movff	set_pin_st@pin_number,??_set_pin_st
  3187   0039CE  0E01               	movlw	1
  3188   0039D0  6E07               	movwf	(??_set_pin_st+1)^(0+1280),c
  3189   0039D2  2A06               	incf	??_set_pin_st^(0+1280),f,c
  3190   0039D4  EFEE  F01C         	goto	u1874
  3191   0039D8                     u1875:
  3192   0039D8  90D8               	bcf	status,0,c
  3193   0039DA  3607               	rlcf	(??_set_pin_st+1)^(0+1280),f,c
  3194   0039DC                     u1874:
  3195   0039DC  2E06               	decfsz	??_set_pin_st^(0+1280),f,c
  3196   0039DE  EFEC  F01C         	goto	u1875
  3197   0039E2  5007               	movf	(??_set_pin_st+1)^(0+1280),w,c
  3198   0039E4  0104               	movlb	4	; () banked
  3199   0039E6  130C               	iorwf	12,f,b	;volatile
  3200                           
  3201                           ;gpio.c: 173:             break;
  3202   0039E8  EF5F  F01D         	goto	l185
  3203   0039EC                     l2580:
  3204                           
  3205                           ;gpio.c: 175:             INLVLC |= (1 << pin_number);
  3206   0039EC  C505  F506         	movff	set_pin_st@pin_number,??_set_pin_st
  3207   0039F0  0E01               	movlw	1
  3208   0039F2  6E07               	movwf	(??_set_pin_st+1)^(0+1280),c
  3209   0039F4  2A06               	incf	??_set_pin_st^(0+1280),f,c
  3210   0039F6  EFFF  F01C         	goto	u1884
  3211   0039FA                     u1885:
  3212   0039FA  90D8               	bcf	status,0,c
  3213   0039FC  3607               	rlcf	(??_set_pin_st+1)^(0+1280),f,c
  3214   0039FE                     u1884:
  3215   0039FE  2E06               	decfsz	??_set_pin_st^(0+1280),f,c
  3216   003A00  EFFD  F01C         	goto	u1885
  3217   003A04  5007               	movf	(??_set_pin_st+1)^(0+1280),w,c
  3218   003A06  0104               	movlb	4	; () banked
  3219   003A08  1314               	iorwf	20,f,b	;volatile
  3220                           
  3221                           ;gpio.c: 176:             break;
  3222   003A0A  EF5F  F01D         	goto	l185
  3223   003A0E                     l2582:
  3224                           
  3225                           ;gpio.c: 178:             INLVLD |= (1 << pin_number);
  3226   003A0E  C505  F506         	movff	set_pin_st@pin_number,??_set_pin_st
  3227   003A12  0E01               	movlw	1
  3228   003A14  6E07               	movwf	(??_set_pin_st+1)^(0+1280),c
  3229   003A16  2A06               	incf	??_set_pin_st^(0+1280),f,c
  3230   003A18  EF10  F01D         	goto	u1894
  3231   003A1C                     u1895:
  3232   003A1C  90D8               	bcf	status,0,c
  3233   003A1E  3607               	rlcf	(??_set_pin_st+1)^(0+1280),f,c
  3234   003A20                     u1894:
  3235   003A20  2E06               	decfsz	??_set_pin_st^(0+1280),f,c
  3236   003A22  EF0E  F01D         	goto	u1895
  3237   003A26  5007               	movf	(??_set_pin_st+1)^(0+1280),w,c
  3238   003A28  0104               	movlb	4	; () banked
  3239   003A2A  131C               	iorwf	28,f,b	;volatile
  3240                           
  3241                           ;gpio.c: 179:             break;
  3242   003A2C  EF5F  F01D         	goto	l185
  3243   003A30                     l2584:
  3244                           
  3245                           ;gpio.c: 181:             INLVLE |= (1 << pin_number);
  3246   003A30  C505  F506         	movff	set_pin_st@pin_number,??_set_pin_st
  3247   003A34  0E01               	movlw	1
  3248   003A36  6E07               	movwf	(??_set_pin_st+1)^(0+1280),c
  3249   003A38  2A06               	incf	??_set_pin_st^(0+1280),f,c
  3250   003A3A  EF21  F01D         	goto	u1904
  3251   003A3E                     u1905:
  3252   003A3E  90D8               	bcf	status,0,c
  3253   003A40  3607               	rlcf	(??_set_pin_st+1)^(0+1280),f,c
  3254   003A42                     u1904:
  3255   003A42  2E06               	decfsz	??_set_pin_st^(0+1280),f,c
  3256   003A44  EF1F  F01D         	goto	u1905
  3257   003A48  5007               	movf	(??_set_pin_st+1)^(0+1280),w,c
  3258   003A4A  0104               	movlb	4	; () banked
  3259   003A4C  1324               	iorwf	36,f,b	;volatile
  3260                           
  3261                           ;gpio.c: 182:             break;
  3262   003A4E  EF5F  F01D         	goto	l185
  3263   003A52                     l2586:
  3264                           
  3265                           ;gpio.c: 184:             INLVLF |= (1 << pin_number);
  3266   003A52  C505  F506         	movff	set_pin_st@pin_number,??_set_pin_st
  3267   003A56  0E01               	movlw	1
  3268   003A58  6E07               	movwf	(??_set_pin_st+1)^(0+1280),c
  3269   003A5A  2A06               	incf	??_set_pin_st^(0+1280),f,c
  3270   003A5C  EF32  F01D         	goto	u1914
  3271   003A60                     u1915:
  3272   003A60  90D8               	bcf	status,0,c
  3273   003A62  3607               	rlcf	(??_set_pin_st+1)^(0+1280),f,c
  3274   003A64                     u1914:
  3275   003A64  2E06               	decfsz	??_set_pin_st^(0+1280),f,c
  3276   003A66  EF30  F01D         	goto	u1915
  3277   003A6A  5007               	movf	(??_set_pin_st+1)^(0+1280),w,c
  3278   003A6C  0104               	movlb	4	; () banked
  3279   003A6E  132C               	iorwf	44,f,b	;volatile
  3280                           
  3281                           ;gpio.c: 185:             break;
  3282   003A70  EF5F  F01D         	goto	l185
  3283   003A74                     l2590:
  3284   003A74  5008               	movf	set_pin_st@port_name^(0+1280),w,c
  3285   003A76  6E06               	movwf	??_set_pin_st^(0+1280),c
  3286   003A78  6A07               	clrf	(??_set_pin_st+1)^(0+1280),c
  3287                           
  3288                           ; Switch on 2 bytes has been partitioned into a top level switch of size 1, and 1 sub-sw
      +                          itches
  3289                           ; Switch size 1, requested type "simple"
  3290                           ; Number of cases is 1, Range of values is 0 to 0
  3291                           ; switch strategies available:
  3292                           ; Name         Instructions Cycles
  3293                           ; simple_byte            4     3 (average)
  3294                           ;	Chosen strategy is simple_byte
  3295   003A7A  5007               	movf	(??_set_pin_st+1)^(0+1280),w,c
  3296   003A7C  0A00               	xorlw	0	; case 0
  3297   003A7E  B4D8               	btfsc	status,2,c
  3298   003A80  EF44  F01D         	goto	l3278
  3299   003A84  EF5F  F01D         	goto	l185
  3300   003A88                     l3278:
  3301                           
  3302                           ; Switch size 1, requested type "simple"
  3303                           ; Number of cases is 6, Range of values is 65 to 70
  3304                           ; switch strategies available:
  3305                           ; Name         Instructions Cycles
  3306                           ; simple_byte           19    10 (average)
  3307                           ;	Chosen strategy is simple_byte
  3308   003A88  5006               	movf	??_set_pin_st^(0+1280),w,c
  3309   003A8A  0A41               	xorlw	65	; case 65
  3310   003A8C  B4D8               	btfsc	status,2,c
  3311   003A8E  EFD4  F01C         	goto	l2576
  3312   003A92  0A03               	xorlw	3	; case 66
  3313   003A94  B4D8               	btfsc	status,2,c
  3314   003A96  EFE5  F01C         	goto	l2578
  3315   003A9A  0A01               	xorlw	1	; case 67
  3316   003A9C  B4D8               	btfsc	status,2,c
  3317   003A9E  EFF6  F01C         	goto	l2580
  3318   003AA2  0A07               	xorlw	7	; case 68
  3319   003AA4  B4D8               	btfsc	status,2,c
  3320   003AA6  EF07  F01D         	goto	l2582
  3321   003AAA  0A01               	xorlw	1	; case 69
  3322   003AAC  B4D8               	btfsc	status,2,c
  3323   003AAE  EF18  F01D         	goto	l2584
  3324   003AB2  0A03               	xorlw	3	; case 70
  3325   003AB4  B4D8               	btfsc	status,2,c
  3326   003AB6  EF29  F01D         	goto	l2586
  3327   003ABA  EF5F  F01D         	goto	l185
  3328   003ABE                     l185:
  3329   003ABE  0012               	return		;funcret
  3330   003AC0                     __end_of_set_pin_st:
  3331                           	callstack 0
  3332                           
  3333 ;; *************** function _set_pin_sr_maximum *****************
  3334 ;; Defined at:
  3335 ;;		line 244 in file "gpio.c"
  3336 ;; Parameters:    Size  Location     Type
  3337 ;;  port_name       1    wreg     enum E17440
  3338 ;;  pin_number      1    4[COMRAM] unsigned char 
  3339 ;; Auto vars:     Size  Location     Type
  3340 ;;  port_name       1    7[COMRAM] enum E17440
  3341 ;; Return value:  Size  Location     Type
  3342 ;;                  1    wreg      void 
  3343 ;; Registers used:
  3344 ;;		wreg, status,2, status,0
  3345 ;; Tracked objects:
  3346 ;;		On entry : 0/0
  3347 ;;		On exit  : 0/0
  3348 ;;		Unchanged: 0/0
  3349 ;; Data sizes:     COMRAM   BANK5   BANK6   BANK7   BANK8   BANK9  BANK10  BANK11  BANK12  BANK13  BANK14  BANK15  BANK1
      +6  BANK17  BANK18  BANK19  BANK20  BANK21  BANK22  BANK23  BANK24  BANK25  BANK26  BANK27  BANK28  BANK29  BANK30  BANK3
      +1  BANK32  BANK33  BANK34  BANK35  BANK36
  3350 ;;      Params:         1       0       0       0       0       0       0       0       0       0       0       0       
      +0       0       0       0       0       0       0       0       0       0       0       0       0       0       0       
      +0       0       0       0       0       0
  3351 ;;      Locals:         1       0       0       0       0       0       0       0       0       0       0       0       
      +0       0       0       0       0       0       0       0       0       0       0       0       0       0       0       
      +0       0       0       0       0       0
  3352 ;;      Temps:          2       0       0       0       0       0       0       0       0       0       0       0       
      +0       0       0       0       0       0       0       0       0       0       0       0       0       0       0       
      +0       0       0       0       0       0
  3353 ;;      Totals:         4       0       0       0       0       0       0       0       0       0       0       0       
      +0       0       0       0       0       0       0       0       0       0       0       0       0       0       0       
      +0       0       0       0       0       0
  3354 ;;Total ram usage:        4 bytes
  3355 ;; Hardware stack levels used: 1
  3356 ;; Hardware stack levels required when called: 1
  3357 ;; This function calls:
  3358 ;;		Nothing
  3359 ;; This function is called by:
  3360 ;;		_configure_pin
  3361 ;; This function uses a non-reentrant model
  3362 ;;
  3363                           
  3364                           	psect	text22
  3365   0033DC                     __ptext22:
  3366                           	callstack 0
  3367   0033DC                     _set_pin_sr_maximum:
  3368                           	callstack 123
  3369                           
  3370                           ;incstack = 0
  3371                           ;set_pin_sr_maximum@port_name stored from wreg
  3372   0033DC  6E08               	movwf	set_pin_sr_maximum@port_name^(0+1280),c
  3373   0033DE                     
  3374                           ;gpio.c: 244: void set_pin_sr_maximum(PortName_t port_name, uint8_t pin_number);gpio.c: 
      +                          245: {;gpio.c: 246:    switch(port_name)
  3375   0033DE  EF5D  F01A         	goto	l2656
  3376   0033E2                     l2642:
  3377                           
  3378                           ;gpio.c: 249:             SLRCONA &= ~(1 << pin_number);
  3379   0033E2  C505  F506         	movff	set_pin_sr_maximum@pin_number,??_set_pin_sr_maximum
  3380   0033E6  0E01               	movlw	1
  3381   0033E8  6E07               	movwf	(??_set_pin_sr_maximum+1)^(0+1280),c
  3382   0033EA  2A06               	incf	??_set_pin_sr_maximum^(0+1280),f,c
  3383   0033EC  EFFA  F019         	goto	u2044
  3384   0033F0                     u2045:
  3385   0033F0  90D8               	bcf	status,0,c
  3386   0033F2  3607               	rlcf	(??_set_pin_sr_maximum+1)^(0+1280),f,c
  3387   0033F4                     u2044:
  3388   0033F4  2E06               	decfsz	??_set_pin_sr_maximum^(0+1280),f,c
  3389   0033F6  EFF8  F019         	goto	u2045
  3390   0033FA  5007               	movf	(??_set_pin_sr_maximum+1)^(0+1280),w,c
  3391   0033FC  0AFF               	xorlw	255
  3392   0033FE  0104               	movlb	4	; () banked
  3393   003400  1703               	andwf	3,f,b	;volatile
  3394                           
  3395                           ;gpio.c: 250:             break;
  3396   003402  EF82  F01A         	goto	l221
  3397   003406                     l2644:
  3398                           
  3399                           ;gpio.c: 252:             SLRCONB &= ~(1 << pin_number);
  3400   003406  C505  F506         	movff	set_pin_sr_maximum@pin_number,??_set_pin_sr_maximum
  3401   00340A  0E01               	movlw	1
  3402   00340C  6E07               	movwf	(??_set_pin_sr_maximum+1)^(0+1280),c
  3403   00340E  2A06               	incf	??_set_pin_sr_maximum^(0+1280),f,c
  3404   003410  EF0C  F01A         	goto	u2054
  3405   003414                     u2055:
  3406   003414  90D8               	bcf	status,0,c
  3407   003416  3607               	rlcf	(??_set_pin_sr_maximum+1)^(0+1280),f,c
  3408   003418                     u2054:
  3409   003418  2E06               	decfsz	??_set_pin_sr_maximum^(0+1280),f,c
  3410   00341A  EF0A  F01A         	goto	u2055
  3411   00341E  5007               	movf	(??_set_pin_sr_maximum+1)^(0+1280),w,c
  3412   003420  0AFF               	xorlw	255
  3413   003422  0104               	movlb	4	; () banked
  3414   003424  170B               	andwf	11,f,b	;volatile
  3415                           
  3416                           ;gpio.c: 253:             break;
  3417   003426  EF82  F01A         	goto	l221
  3418   00342A                     l2646:
  3419                           
  3420                           ;gpio.c: 255:             SLRCONC &= ~(1 << pin_number);
  3421   00342A  C505  F506         	movff	set_pin_sr_maximum@pin_number,??_set_pin_sr_maximum
  3422   00342E  0E01               	movlw	1
  3423   003430  6E07               	movwf	(??_set_pin_sr_maximum+1)^(0+1280),c
  3424   003432  2A06               	incf	??_set_pin_sr_maximum^(0+1280),f,c
  3425   003434  EF1E  F01A         	goto	u2064
  3426   003438                     u2065:
  3427   003438  90D8               	bcf	status,0,c
  3428   00343A  3607               	rlcf	(??_set_pin_sr_maximum+1)^(0+1280),f,c
  3429   00343C                     u2064:
  3430   00343C  2E06               	decfsz	??_set_pin_sr_maximum^(0+1280),f,c
  3431   00343E  EF1C  F01A         	goto	u2065
  3432   003442  5007               	movf	(??_set_pin_sr_maximum+1)^(0+1280),w,c
  3433   003444  0AFF               	xorlw	255
  3434   003446  0104               	movlb	4	; () banked
  3435   003448  1713               	andwf	19,f,b	;volatile
  3436                           
  3437                           ;gpio.c: 256:             break;
  3438   00344A  EF82  F01A         	goto	l221
  3439   00344E                     l2648:
  3440                           
  3441                           ;gpio.c: 258:             SLRCOND &= ~(1 << pin_number);
  3442   00344E  C505  F506         	movff	set_pin_sr_maximum@pin_number,??_set_pin_sr_maximum
  3443   003452  0E01               	movlw	1
  3444   003454  6E07               	movwf	(??_set_pin_sr_maximum+1)^(0+1280),c
  3445   003456  2A06               	incf	??_set_pin_sr_maximum^(0+1280),f,c
  3446   003458  EF30  F01A         	goto	u2074
  3447   00345C                     u2075:
  3448   00345C  90D8               	bcf	status,0,c
  3449   00345E  3607               	rlcf	(??_set_pin_sr_maximum+1)^(0+1280),f,c
  3450   003460                     u2074:
  3451   003460  2E06               	decfsz	??_set_pin_sr_maximum^(0+1280),f,c
  3452   003462  EF2E  F01A         	goto	u2075
  3453   003466  5007               	movf	(??_set_pin_sr_maximum+1)^(0+1280),w,c
  3454   003468  0AFF               	xorlw	255
  3455   00346A  0104               	movlb	4	; () banked
  3456   00346C  171B               	andwf	27,f,b	;volatile
  3457                           
  3458                           ;gpio.c: 259:             break;
  3459   00346E  EF82  F01A         	goto	l221
  3460   003472                     l2650:
  3461                           
  3462                           ;gpio.c: 261:             SLRCONE &= ~(1 << pin_number);
  3463   003472  C505  F506         	movff	set_pin_sr_maximum@pin_number,??_set_pin_sr_maximum
  3464   003476  0E01               	movlw	1
  3465   003478  6E07               	movwf	(??_set_pin_sr_maximum+1)^(0+1280),c
  3466   00347A  2A06               	incf	??_set_pin_sr_maximum^(0+1280),f,c
  3467   00347C  EF42  F01A         	goto	u2084
  3468   003480                     u2085:
  3469   003480  90D8               	bcf	status,0,c
  3470   003482  3607               	rlcf	(??_set_pin_sr_maximum+1)^(0+1280),f,c
  3471   003484                     u2084:
  3472   003484  2E06               	decfsz	??_set_pin_sr_maximum^(0+1280),f,c
  3473   003486  EF40  F01A         	goto	u2085
  3474   00348A  5007               	movf	(??_set_pin_sr_maximum+1)^(0+1280),w,c
  3475   00348C  0AFF               	xorlw	255
  3476   00348E  0104               	movlb	4	; () banked
  3477   003490  1723               	andwf	35,f,b	;volatile
  3478                           
  3479                           ;gpio.c: 262:             break;
  3480   003492  EF82  F01A         	goto	l221
  3481   003496                     l2652:
  3482                           
  3483                           ;gpio.c: 264:             SLRCONF &= ~(1 << pin_number);
  3484   003496  C505  F506         	movff	set_pin_sr_maximum@pin_number,??_set_pin_sr_maximum
  3485   00349A  0E01               	movlw	1
  3486   00349C  6E07               	movwf	(??_set_pin_sr_maximum+1)^(0+1280),c
  3487   00349E  2A06               	incf	??_set_pin_sr_maximum^(0+1280),f,c
  3488   0034A0  EF54  F01A         	goto	u2094
  3489   0034A4                     u2095:
  3490   0034A4  90D8               	bcf	status,0,c
  3491   0034A6  3607               	rlcf	(??_set_pin_sr_maximum+1)^(0+1280),f,c
  3492   0034A8                     u2094:
  3493   0034A8  2E06               	decfsz	??_set_pin_sr_maximum^(0+1280),f,c
  3494   0034AA  EF52  F01A         	goto	u2095
  3495   0034AE  5007               	movf	(??_set_pin_sr_maximum+1)^(0+1280),w,c
  3496   0034B0  0AFF               	xorlw	255
  3497   0034B2  0104               	movlb	4	; () banked
  3498   0034B4  172B               	andwf	43,f,b	;volatile
  3499                           
  3500                           ;gpio.c: 265:             break;
  3501   0034B6  EF82  F01A         	goto	l221
  3502   0034BA                     l2656:
  3503   0034BA  5008               	movf	set_pin_sr_maximum@port_name^(0+1280),w,c
  3504   0034BC  6E06               	movwf	??_set_pin_sr_maximum^(0+1280),c
  3505   0034BE  6A07               	clrf	(??_set_pin_sr_maximum+1)^(0+1280),c
  3506                           
  3507                           ; Switch on 2 bytes has been partitioned into a top level switch of size 1, and 1 sub-sw
      +                          itches
  3508                           ; Switch size 1, requested type "simple"
  3509                           ; Number of cases is 1, Range of values is 0 to 0
  3510                           ; switch strategies available:
  3511                           ; Name         Instructions Cycles
  3512                           ; simple_byte            4     3 (average)
  3513                           ;	Chosen strategy is simple_byte
  3514   0034C0  5007               	movf	(??_set_pin_sr_maximum+1)^(0+1280),w,c
  3515   0034C2  0A00               	xorlw	0	; case 0
  3516   0034C4  B4D8               	btfsc	status,2,c
  3517   0034C6  EF67  F01A         	goto	l3280
  3518   0034CA  EF82  F01A         	goto	l221
  3519   0034CE                     l3280:
  3520                           
  3521                           ; Switch size 1, requested type "simple"
  3522                           ; Number of cases is 6, Range of values is 65 to 70
  3523                           ; switch strategies available:
  3524                           ; Name         Instructions Cycles
  3525                           ; simple_byte           19    10 (average)
  3526                           ;	Chosen strategy is simple_byte
  3527   0034CE  5006               	movf	??_set_pin_sr_maximum^(0+1280),w,c
  3528   0034D0  0A41               	xorlw	65	; case 65
  3529   0034D2  B4D8               	btfsc	status,2,c
  3530   0034D4  EFF1  F019         	goto	l2642
  3531   0034D8  0A03               	xorlw	3	; case 66
  3532   0034DA  B4D8               	btfsc	status,2,c
  3533   0034DC  EF03  F01A         	goto	l2644
  3534   0034E0  0A01               	xorlw	1	; case 67
  3535   0034E2  B4D8               	btfsc	status,2,c
  3536   0034E4  EF15  F01A         	goto	l2646
  3537   0034E8  0A07               	xorlw	7	; case 68
  3538   0034EA  B4D8               	btfsc	status,2,c
  3539   0034EC  EF27  F01A         	goto	l2648
  3540   0034F0  0A01               	xorlw	1	; case 69
  3541   0034F2  B4D8               	btfsc	status,2,c
  3542   0034F4  EF39  F01A         	goto	l2650
  3543   0034F8  0A03               	xorlw	3	; case 70
  3544   0034FA  B4D8               	btfsc	status,2,c
  3545   0034FC  EF4B  F01A         	goto	l2652
  3546   003500  EF82  F01A         	goto	l221
  3547   003504                     l221:
  3548   003504  0012               	return		;funcret
  3549   003506                     __end_of_set_pin_sr_maximum:
  3550                           	callstack 0
  3551                           
  3552 ;; *************** function _set_pin_sr_limited *****************
  3553 ;; Defined at:
  3554 ;;		line 217 in file "gpio.c"
  3555 ;; Parameters:    Size  Location     Type
  3556 ;;  port_name       1    wreg     enum E17440
  3557 ;;  pin_number      1    4[COMRAM] unsigned char 
  3558 ;; Auto vars:     Size  Location     Type
  3559 ;;  port_name       1    7[COMRAM] enum E17440
  3560 ;; Return value:  Size  Location     Type
  3561 ;;                  1    wreg      void 
  3562 ;; Registers used:
  3563 ;;		wreg, status,2, status,0
  3564 ;; Tracked objects:
  3565 ;;		On entry : 0/0
  3566 ;;		On exit  : 0/0
  3567 ;;		Unchanged: 0/0
  3568 ;; Data sizes:     COMRAM   BANK5   BANK6   BANK7   BANK8   BANK9  BANK10  BANK11  BANK12  BANK13  BANK14  BANK15  BANK1
      +6  BANK17  BANK18  BANK19  BANK20  BANK21  BANK22  BANK23  BANK24  BANK25  BANK26  BANK27  BANK28  BANK29  BANK30  BANK3
      +1  BANK32  BANK33  BANK34  BANK35  BANK36
  3569 ;;      Params:         1       0       0       0       0       0       0       0       0       0       0       0       
      +0       0       0       0       0       0       0       0       0       0       0       0       0       0       0       
      +0       0       0       0       0       0
  3570 ;;      Locals:         1       0       0       0       0       0       0       0       0       0       0       0       
      +0       0       0       0       0       0       0       0       0       0       0       0       0       0       0       
      +0       0       0       0       0       0
  3571 ;;      Temps:          2       0       0       0       0       0       0       0       0       0       0       0       
      +0       0       0       0       0       0       0       0       0       0       0       0       0       0       0       
      +0       0       0       0       0       0
  3572 ;;      Totals:         4       0       0       0       0       0       0       0       0       0       0       0       
      +0       0       0       0       0       0       0       0       0       0       0       0       0       0       0       
      +0       0       0       0       0       0
  3573 ;;Total ram usage:        4 bytes
  3574 ;; Hardware stack levels used: 1
  3575 ;; Hardware stack levels required when called: 1
  3576 ;; This function calls:
  3577 ;;		Nothing
  3578 ;; This function is called by:
  3579 ;;		_configure_pin
  3580 ;; This function uses a non-reentrant model
  3581 ;;
  3582                           
  3583                           	psect	text23
  3584   003AC0                     __ptext23:
  3585                           	callstack 0
  3586   003AC0                     _set_pin_sr_limited:
  3587                           	callstack 123
  3588                           
  3589                           ;incstack = 0
  3590                           ;set_pin_sr_limited@port_name stored from wreg
  3591   003AC0  6E08               	movwf	set_pin_sr_limited@port_name^(0+1280),c
  3592   003AC2                     
  3593                           ;gpio.c: 217: void set_pin_sr_limited(PortName_t port_name, uint8_t pin_number);gpio.c: 
      +                          218: {;gpio.c: 219:     switch(port_name)
  3594   003AC2  EFC9  F01D         	goto	l2634
  3595   003AC6                     l2620:
  3596                           
  3597                           ;gpio.c: 222:             SLRCONA |= (1 << pin_number);
  3598   003AC6  C505  F506         	movff	set_pin_sr_limited@pin_number,??_set_pin_sr_limited
  3599   003ACA  0E01               	movlw	1
  3600   003ACC  6E07               	movwf	(??_set_pin_sr_limited+1)^(0+1280),c
  3601   003ACE  2A06               	incf	??_set_pin_sr_limited^(0+1280),f,c
  3602   003AD0  EF6C  F01D         	goto	u1984
  3603   003AD4                     u1985:
  3604   003AD4  90D8               	bcf	status,0,c
  3605   003AD6  3607               	rlcf	(??_set_pin_sr_limited+1)^(0+1280),f,c
  3606   003AD8                     u1984:
  3607   003AD8  2E06               	decfsz	??_set_pin_sr_limited^(0+1280),f,c
  3608   003ADA  EF6A  F01D         	goto	u1985
  3609   003ADE  5007               	movf	(??_set_pin_sr_limited+1)^(0+1280),w,c
  3610   003AE0  0104               	movlb	4	; () banked
  3611   003AE2  1303               	iorwf	3,f,b	;volatile
  3612                           
  3613                           ;gpio.c: 223:             break;
  3614   003AE4  EFEE  F01D         	goto	l209
  3615   003AE8                     l2622:
  3616                           
  3617                           ;gpio.c: 225:             SLRCONB |= (1 << pin_number);
  3618   003AE8  C505  F506         	movff	set_pin_sr_limited@pin_number,??_set_pin_sr_limited
  3619   003AEC  0E01               	movlw	1
  3620   003AEE  6E07               	movwf	(??_set_pin_sr_limited+1)^(0+1280),c
  3621   003AF0  2A06               	incf	??_set_pin_sr_limited^(0+1280),f,c
  3622   003AF2  EF7D  F01D         	goto	u1994
  3623   003AF6                     u1995:
  3624   003AF6  90D8               	bcf	status,0,c
  3625   003AF8  3607               	rlcf	(??_set_pin_sr_limited+1)^(0+1280),f,c
  3626   003AFA                     u1994:
  3627   003AFA  2E06               	decfsz	??_set_pin_sr_limited^(0+1280),f,c
  3628   003AFC  EF7B  F01D         	goto	u1995
  3629   003B00  5007               	movf	(??_set_pin_sr_limited+1)^(0+1280),w,c
  3630   003B02  0104               	movlb	4	; () banked
  3631   003B04  130B               	iorwf	11,f,b	;volatile
  3632                           
  3633                           ;gpio.c: 226:             break;
  3634   003B06  EFEE  F01D         	goto	l209
  3635   003B0A                     l2624:
  3636                           
  3637                           ;gpio.c: 228:             SLRCONC |= (1 << pin_number);
  3638   003B0A  C505  F506         	movff	set_pin_sr_limited@pin_number,??_set_pin_sr_limited
  3639   003B0E  0E01               	movlw	1
  3640   003B10  6E07               	movwf	(??_set_pin_sr_limited+1)^(0+1280),c
  3641   003B12  2A06               	incf	??_set_pin_sr_limited^(0+1280),f,c
  3642   003B14  EF8E  F01D         	goto	u2004
  3643   003B18                     u2005:
  3644   003B18  90D8               	bcf	status,0,c
  3645   003B1A  3607               	rlcf	(??_set_pin_sr_limited+1)^(0+1280),f,c
  3646   003B1C                     u2004:
  3647   003B1C  2E06               	decfsz	??_set_pin_sr_limited^(0+1280),f,c
  3648   003B1E  EF8C  F01D         	goto	u2005
  3649   003B22  5007               	movf	(??_set_pin_sr_limited+1)^(0+1280),w,c
  3650   003B24  0104               	movlb	4	; () banked
  3651   003B26  1313               	iorwf	19,f,b	;volatile
  3652                           
  3653                           ;gpio.c: 229:             break;
  3654   003B28  EFEE  F01D         	goto	l209
  3655   003B2C                     l2626:
  3656                           
  3657                           ;gpio.c: 231:             SLRCOND |= (1 << pin_number);
  3658   003B2C  C505  F506         	movff	set_pin_sr_limited@pin_number,??_set_pin_sr_limited
  3659   003B30  0E01               	movlw	1
  3660   003B32  6E07               	movwf	(??_set_pin_sr_limited+1)^(0+1280),c
  3661   003B34  2A06               	incf	??_set_pin_sr_limited^(0+1280),f,c
  3662   003B36  EF9F  F01D         	goto	u2014
  3663   003B3A                     u2015:
  3664   003B3A  90D8               	bcf	status,0,c
  3665   003B3C  3607               	rlcf	(??_set_pin_sr_limited+1)^(0+1280),f,c
  3666   003B3E                     u2014:
  3667   003B3E  2E06               	decfsz	??_set_pin_sr_limited^(0+1280),f,c
  3668   003B40  EF9D  F01D         	goto	u2015
  3669   003B44  5007               	movf	(??_set_pin_sr_limited+1)^(0+1280),w,c
  3670   003B46  0104               	movlb	4	; () banked
  3671   003B48  131B               	iorwf	27,f,b	;volatile
  3672                           
  3673                           ;gpio.c: 232:             break;
  3674   003B4A  EFEE  F01D         	goto	l209
  3675   003B4E                     l2628:
  3676                           
  3677                           ;gpio.c: 234:             SLRCONE |= (1 << pin_number);
  3678   003B4E  C505  F506         	movff	set_pin_sr_limited@pin_number,??_set_pin_sr_limited
  3679   003B52  0E01               	movlw	1
  3680   003B54  6E07               	movwf	(??_set_pin_sr_limited+1)^(0+1280),c
  3681   003B56  2A06               	incf	??_set_pin_sr_limited^(0+1280),f,c
  3682   003B58  EFB0  F01D         	goto	u2024
  3683   003B5C                     u2025:
  3684   003B5C  90D8               	bcf	status,0,c
  3685   003B5E  3607               	rlcf	(??_set_pin_sr_limited+1)^(0+1280),f,c
  3686   003B60                     u2024:
  3687   003B60  2E06               	decfsz	??_set_pin_sr_limited^(0+1280),f,c
  3688   003B62  EFAE  F01D         	goto	u2025
  3689   003B66  5007               	movf	(??_set_pin_sr_limited+1)^(0+1280),w,c
  3690   003B68  0104               	movlb	4	; () banked
  3691   003B6A  1323               	iorwf	35,f,b	;volatile
  3692                           
  3693                           ;gpio.c: 235:             break;
  3694   003B6C  EFEE  F01D         	goto	l209
  3695   003B70                     l2630:
  3696                           
  3697                           ;gpio.c: 237:             SLRCONF |= (1 << pin_number);
  3698   003B70  C505  F506         	movff	set_pin_sr_limited@pin_number,??_set_pin_sr_limited
  3699   003B74  0E01               	movlw	1
  3700   003B76  6E07               	movwf	(??_set_pin_sr_limited+1)^(0+1280),c
  3701   003B78  2A06               	incf	??_set_pin_sr_limited^(0+1280),f,c
  3702   003B7A  EFC1  F01D         	goto	u2034
  3703   003B7E                     u2035:
  3704   003B7E  90D8               	bcf	status,0,c
  3705   003B80  3607               	rlcf	(??_set_pin_sr_limited+1)^(0+1280),f,c
  3706   003B82                     u2034:
  3707   003B82  2E06               	decfsz	??_set_pin_sr_limited^(0+1280),f,c
  3708   003B84  EFBF  F01D         	goto	u2035
  3709   003B88  5007               	movf	(??_set_pin_sr_limited+1)^(0+1280),w,c
  3710   003B8A  0104               	movlb	4	; () banked
  3711   003B8C  132B               	iorwf	43,f,b	;volatile
  3712                           
  3713                           ;gpio.c: 238:             break;
  3714   003B8E  EFEE  F01D         	goto	l209
  3715   003B92                     l2634:
  3716   003B92  5008               	movf	set_pin_sr_limited@port_name^(0+1280),w,c
  3717   003B94  6E06               	movwf	??_set_pin_sr_limited^(0+1280),c
  3718   003B96  6A07               	clrf	(??_set_pin_sr_limited+1)^(0+1280),c
  3719                           
  3720                           ; Switch on 2 bytes has been partitioned into a top level switch of size 1, and 1 sub-sw
      +                          itches
  3721                           ; Switch size 1, requested type "simple"
  3722                           ; Number of cases is 1, Range of values is 0 to 0
  3723                           ; switch strategies available:
  3724                           ; Name         Instructions Cycles
  3725                           ; simple_byte            4     3 (average)
  3726                           ;	Chosen strategy is simple_byte
  3727   003B98  5007               	movf	(??_set_pin_sr_limited+1)^(0+1280),w,c
  3728   003B9A  0A00               	xorlw	0	; case 0
  3729   003B9C  B4D8               	btfsc	status,2,c
  3730   003B9E  EFD3  F01D         	goto	l3282
  3731   003BA2  EFEE  F01D         	goto	l209
  3732   003BA6                     l3282:
  3733                           
  3734                           ; Switch size 1, requested type "simple"
  3735                           ; Number of cases is 6, Range of values is 65 to 70
  3736                           ; switch strategies available:
  3737                           ; Name         Instructions Cycles
  3738                           ; simple_byte           19    10 (average)
  3739                           ;	Chosen strategy is simple_byte
  3740   003BA6  5006               	movf	??_set_pin_sr_limited^(0+1280),w,c
  3741   003BA8  0A41               	xorlw	65	; case 65
  3742   003BAA  B4D8               	btfsc	status,2,c
  3743   003BAC  EF63  F01D         	goto	l2620
  3744   003BB0  0A03               	xorlw	3	; case 66
  3745   003BB2  B4D8               	btfsc	status,2,c
  3746   003BB4  EF74  F01D         	goto	l2622
  3747   003BB8  0A01               	xorlw	1	; case 67
  3748   003BBA  B4D8               	btfsc	status,2,c
  3749   003BBC  EF85  F01D         	goto	l2624
  3750   003BC0  0A07               	xorlw	7	; case 68
  3751   003BC2  B4D8               	btfsc	status,2,c
  3752   003BC4  EF96  F01D         	goto	l2626
  3753   003BC8  0A01               	xorlw	1	; case 69
  3754   003BCA  B4D8               	btfsc	status,2,c
  3755   003BCC  EFA7  F01D         	goto	l2628
  3756   003BD0  0A03               	xorlw	3	; case 70
  3757   003BD2  B4D8               	btfsc	status,2,c
  3758   003BD4  EFB8  F01D         	goto	l2630
  3759   003BD8  EFEE  F01D         	goto	l209
  3760   003BDC                     l209:
  3761   003BDC  0012               	return		;funcret
  3762   003BDE                     __end_of_set_pin_sr_limited:
  3763                           	callstack 0
  3764                           
  3765 ;; *************** function _set_pin_push_pull *****************
  3766 ;; Defined at:
  3767 ;;		line 271 in file "gpio.c"
  3768 ;; Parameters:    Size  Location     Type
  3769 ;;  port_name       1    wreg     enum E17440
  3770 ;;  pin_number      1    4[COMRAM] unsigned char 
  3771 ;; Auto vars:     Size  Location     Type
  3772 ;;  port_name       1    7[COMRAM] enum E17440
  3773 ;; Return value:  Size  Location     Type
  3774 ;;                  1    wreg      void 
  3775 ;; Registers used:
  3776 ;;		wreg, status,2, status,0
  3777 ;; Tracked objects:
  3778 ;;		On entry : 0/0
  3779 ;;		On exit  : 0/0
  3780 ;;		Unchanged: 0/0
  3781 ;; Data sizes:     COMRAM   BANK5   BANK6   BANK7   BANK8   BANK9  BANK10  BANK11  BANK12  BANK13  BANK14  BANK15  BANK1
      +6  BANK17  BANK18  BANK19  BANK20  BANK21  BANK22  BANK23  BANK24  BANK25  BANK26  BANK27  BANK28  BANK29  BANK30  BANK3
      +1  BANK32  BANK33  BANK34  BANK35  BANK36
  3782 ;;      Params:         1       0       0       0       0       0       0       0       0       0       0       0       
      +0       0       0       0       0       0       0       0       0       0       0       0       0       0       0       
      +0       0       0       0       0       0
  3783 ;;      Locals:         1       0       0       0       0       0       0       0       0       0       0       0       
      +0       0       0       0       0       0       0       0       0       0       0       0       0       0       0       
      +0       0       0       0       0       0
  3784 ;;      Temps:          2       0       0       0       0       0       0       0       0       0       0       0       
      +0       0       0       0       0       0       0       0       0       0       0       0       0       0       0       
      +0       0       0       0       0       0
  3785 ;;      Totals:         4       0       0       0       0       0       0       0       0       0       0       0       
      +0       0       0       0       0       0       0       0       0       0       0       0       0       0       0       
      +0       0       0       0       0       0
  3786 ;;Total ram usage:        4 bytes
  3787 ;; Hardware stack levels used: 1
  3788 ;; Hardware stack levels required when called: 1
  3789 ;; This function calls:
  3790 ;;		Nothing
  3791 ;; This function is called by:
  3792 ;;		_configure_pin
  3793 ;; This function uses a non-reentrant model
  3794 ;;
  3795                           
  3796                           	psect	text24
  3797   003506                     __ptext24:
  3798                           	callstack 0
  3799   003506                     _set_pin_push_pull:
  3800                           	callstack 123
  3801                           
  3802                           ;incstack = 0
  3803                           ;set_pin_push_pull@port_name stored from wreg
  3804   003506  6E08               	movwf	set_pin_push_pull@port_name^(0+1280),c
  3805   003508                     
  3806                           ;gpio.c: 271: void set_pin_push_pull(PortName_t port_name, uint8_t pin_number);gpio.c: 2
      +                          72: {;gpio.c: 273:     switch(port_name)
  3807   003508  EFF2  F01A         	goto	l2678
  3808   00350C                     l2664:
  3809                           
  3810                           ;gpio.c: 276:             ODCONA &= ~(1 << pin_number);
  3811   00350C  C505  F506         	movff	set_pin_push_pull@pin_number,??_set_pin_push_pull
  3812   003510  0E01               	movlw	1
  3813   003512  6E07               	movwf	(??_set_pin_push_pull+1)^(0+1280),c
  3814   003514  2A06               	incf	??_set_pin_push_pull^(0+1280),f,c
  3815   003516  EF8F  F01A         	goto	u2104
  3816   00351A                     u2105:
  3817   00351A  90D8               	bcf	status,0,c
  3818   00351C  3607               	rlcf	(??_set_pin_push_pull+1)^(0+1280),f,c
  3819   00351E                     u2104:
  3820   00351E  2E06               	decfsz	??_set_pin_push_pull^(0+1280),f,c
  3821   003520  EF8D  F01A         	goto	u2105
  3822   003524  5007               	movf	(??_set_pin_push_pull+1)^(0+1280),w,c
  3823   003526  0AFF               	xorlw	255
  3824   003528  0104               	movlb	4	; () banked
  3825   00352A  1702               	andwf	2,f,b	;volatile
  3826                           
  3827                           ;gpio.c: 277:             break;
  3828   00352C  EF17  F01B         	goto	l233
  3829   003530                     l2666:
  3830                           
  3831                           ;gpio.c: 279:             ODCONB &= ~(1 << pin_number);
  3832   003530  C505  F506         	movff	set_pin_push_pull@pin_number,??_set_pin_push_pull
  3833   003534  0E01               	movlw	1
  3834   003536  6E07               	movwf	(??_set_pin_push_pull+1)^(0+1280),c
  3835   003538  2A06               	incf	??_set_pin_push_pull^(0+1280),f,c
  3836   00353A  EFA1  F01A         	goto	u2114
  3837   00353E                     u2115:
  3838   00353E  90D8               	bcf	status,0,c
  3839   003540  3607               	rlcf	(??_set_pin_push_pull+1)^(0+1280),f,c
  3840   003542                     u2114:
  3841   003542  2E06               	decfsz	??_set_pin_push_pull^(0+1280),f,c
  3842   003544  EF9F  F01A         	goto	u2115
  3843   003548  5007               	movf	(??_set_pin_push_pull+1)^(0+1280),w,c
  3844   00354A  0AFF               	xorlw	255
  3845   00354C  0104               	movlb	4	; () banked
  3846   00354E  170A               	andwf	10,f,b	;volatile
  3847                           
  3848                           ;gpio.c: 280:             break;
  3849   003550  EF17  F01B         	goto	l233
  3850   003554                     l2668:
  3851                           
  3852                           ;gpio.c: 282:             ODCONC &= ~(1 << pin_number);
  3853   003554  C505  F506         	movff	set_pin_push_pull@pin_number,??_set_pin_push_pull
  3854   003558  0E01               	movlw	1
  3855   00355A  6E07               	movwf	(??_set_pin_push_pull+1)^(0+1280),c
  3856   00355C  2A06               	incf	??_set_pin_push_pull^(0+1280),f,c
  3857   00355E  EFB3  F01A         	goto	u2124
  3858   003562                     u2125:
  3859   003562  90D8               	bcf	status,0,c
  3860   003564  3607               	rlcf	(??_set_pin_push_pull+1)^(0+1280),f,c
  3861   003566                     u2124:
  3862   003566  2E06               	decfsz	??_set_pin_push_pull^(0+1280),f,c
  3863   003568  EFB1  F01A         	goto	u2125
  3864   00356C  5007               	movf	(??_set_pin_push_pull+1)^(0+1280),w,c
  3865   00356E  0AFF               	xorlw	255
  3866   003570  0104               	movlb	4	; () banked
  3867   003572  1712               	andwf	18,f,b	;volatile
  3868                           
  3869                           ;gpio.c: 283:             break;
  3870   003574  EF17  F01B         	goto	l233
  3871   003578                     l2670:
  3872                           
  3873                           ;gpio.c: 285:             ODCOND &= ~(1 << pin_number);
  3874   003578  C505  F506         	movff	set_pin_push_pull@pin_number,??_set_pin_push_pull
  3875   00357C  0E01               	movlw	1
  3876   00357E  6E07               	movwf	(??_set_pin_push_pull+1)^(0+1280),c
  3877   003580  2A06               	incf	??_set_pin_push_pull^(0+1280),f,c
  3878   003582  EFC5  F01A         	goto	u2134
  3879   003586                     u2135:
  3880   003586  90D8               	bcf	status,0,c
  3881   003588  3607               	rlcf	(??_set_pin_push_pull+1)^(0+1280),f,c
  3882   00358A                     u2134:
  3883   00358A  2E06               	decfsz	??_set_pin_push_pull^(0+1280),f,c
  3884   00358C  EFC3  F01A         	goto	u2135
  3885   003590  5007               	movf	(??_set_pin_push_pull+1)^(0+1280),w,c
  3886   003592  0AFF               	xorlw	255
  3887   003594  0104               	movlb	4	; () banked
  3888   003596  171A               	andwf	26,f,b	;volatile
  3889                           
  3890                           ;gpio.c: 286:             break;
  3891   003598  EF17  F01B         	goto	l233
  3892   00359C                     l2672:
  3893                           
  3894                           ;gpio.c: 288:             ODCONE &= ~(1 << pin_number);
  3895   00359C  C505  F506         	movff	set_pin_push_pull@pin_number,??_set_pin_push_pull
  3896   0035A0  0E01               	movlw	1
  3897   0035A2  6E07               	movwf	(??_set_pin_push_pull+1)^(0+1280),c
  3898   0035A4  2A06               	incf	??_set_pin_push_pull^(0+1280),f,c
  3899   0035A6  EFD7  F01A         	goto	u2144
  3900   0035AA                     u2145:
  3901   0035AA  90D8               	bcf	status,0,c
  3902   0035AC  3607               	rlcf	(??_set_pin_push_pull+1)^(0+1280),f,c
  3903   0035AE                     u2144:
  3904   0035AE  2E06               	decfsz	??_set_pin_push_pull^(0+1280),f,c
  3905   0035B0  EFD5  F01A         	goto	u2145
  3906   0035B4  5007               	movf	(??_set_pin_push_pull+1)^(0+1280),w,c
  3907   0035B6  0AFF               	xorlw	255
  3908   0035B8  0104               	movlb	4	; () banked
  3909   0035BA  1722               	andwf	34,f,b	;volatile
  3910                           
  3911                           ;gpio.c: 289:             break;
  3912   0035BC  EF17  F01B         	goto	l233
  3913   0035C0                     l2674:
  3914                           
  3915                           ;gpio.c: 291:             ODCONF &= ~(1 << pin_number);
  3916   0035C0  C505  F506         	movff	set_pin_push_pull@pin_number,??_set_pin_push_pull
  3917   0035C4  0E01               	movlw	1
  3918   0035C6  6E07               	movwf	(??_set_pin_push_pull+1)^(0+1280),c
  3919   0035C8  2A06               	incf	??_set_pin_push_pull^(0+1280),f,c
  3920   0035CA  EFE9  F01A         	goto	u2154
  3921   0035CE                     u2155:
  3922   0035CE  90D8               	bcf	status,0,c
  3923   0035D0  3607               	rlcf	(??_set_pin_push_pull+1)^(0+1280),f,c
  3924   0035D2                     u2154:
  3925   0035D2  2E06               	decfsz	??_set_pin_push_pull^(0+1280),f,c
  3926   0035D4  EFE7  F01A         	goto	u2155
  3927   0035D8  5007               	movf	(??_set_pin_push_pull+1)^(0+1280),w,c
  3928   0035DA  0AFF               	xorlw	255
  3929   0035DC  0104               	movlb	4	; () banked
  3930   0035DE  172A               	andwf	42,f,b	;volatile
  3931                           
  3932                           ;gpio.c: 292:             break;
  3933   0035E0  EF17  F01B         	goto	l233
  3934   0035E4                     l2678:
  3935   0035E4  5008               	movf	set_pin_push_pull@port_name^(0+1280),w,c
  3936   0035E6  6E06               	movwf	??_set_pin_push_pull^(0+1280),c
  3937   0035E8  6A07               	clrf	(??_set_pin_push_pull+1)^(0+1280),c
  3938                           
  3939                           ; Switch on 2 bytes has been partitioned into a top level switch of size 1, and 1 sub-sw
      +                          itches
  3940                           ; Switch size 1, requested type "simple"
  3941                           ; Number of cases is 1, Range of values is 0 to 0
  3942                           ; switch strategies available:
  3943                           ; Name         Instructions Cycles
  3944                           ; simple_byte            4     3 (average)
  3945                           ;	Chosen strategy is simple_byte
  3946   0035EA  5007               	movf	(??_set_pin_push_pull+1)^(0+1280),w,c
  3947   0035EC  0A00               	xorlw	0	; case 0
  3948   0035EE  B4D8               	btfsc	status,2,c
  3949   0035F0  EFFC  F01A         	goto	l3284
  3950   0035F4  EF17  F01B         	goto	l233
  3951   0035F8                     l3284:
  3952                           
  3953                           ; Switch size 1, requested type "simple"
  3954                           ; Number of cases is 6, Range of values is 65 to 70
  3955                           ; switch strategies available:
  3956                           ; Name         Instructions Cycles
  3957                           ; simple_byte           19    10 (average)
  3958                           ;	Chosen strategy is simple_byte
  3959   0035F8  5006               	movf	??_set_pin_push_pull^(0+1280),w,c
  3960   0035FA  0A41               	xorlw	65	; case 65
  3961   0035FC  B4D8               	btfsc	status,2,c
  3962   0035FE  EF86  F01A         	goto	l2664
  3963   003602  0A03               	xorlw	3	; case 66
  3964   003604  B4D8               	btfsc	status,2,c
  3965   003606  EF98  F01A         	goto	l2666
  3966   00360A  0A01               	xorlw	1	; case 67
  3967   00360C  B4D8               	btfsc	status,2,c
  3968   00360E  EFAA  F01A         	goto	l2668
  3969   003612  0A07               	xorlw	7	; case 68
  3970   003614  B4D8               	btfsc	status,2,c
  3971   003616  EFBC  F01A         	goto	l2670
  3972   00361A  0A01               	xorlw	1	; case 69
  3973   00361C  B4D8               	btfsc	status,2,c
  3974   00361E  EFCE  F01A         	goto	l2672
  3975   003622  0A03               	xorlw	3	; case 70
  3976   003624  B4D8               	btfsc	status,2,c
  3977   003626  EFE0  F01A         	goto	l2674
  3978   00362A  EF17  F01B         	goto	l233
  3979   00362E                     l233:
  3980   00362E  0012               	return		;funcret
  3981   003630                     __end_of_set_pin_push_pull:
  3982                           	callstack 0
  3983                           
  3984 ;; *************** function _set_pin_pullup *****************
  3985 ;; Defined at:
  3986 ;;		line 110 in file "gpio.c"
  3987 ;; Parameters:    Size  Location     Type
  3988 ;;  port_name       1    wreg     enum E17440
  3989 ;;  pin_number      1    4[COMRAM] unsigned char 
  3990 ;; Auto vars:     Size  Location     Type
  3991 ;;  port_name       1    7[COMRAM] enum E17440
  3992 ;; Return value:  Size  Location     Type
  3993 ;;                  1    wreg      void 
  3994 ;; Registers used:
  3995 ;;		wreg, status,2, status,0
  3996 ;; Tracked objects:
  3997 ;;		On entry : 0/0
  3998 ;;		On exit  : 0/0
  3999 ;;		Unchanged: 0/0
  4000 ;; Data sizes:     COMRAM   BANK5   BANK6   BANK7   BANK8   BANK9  BANK10  BANK11  BANK12  BANK13  BANK14  BANK15  BANK1
      +6  BANK17  BANK18  BANK19  BANK20  BANK21  BANK22  BANK23  BANK24  BANK25  BANK26  BANK27  BANK28  BANK29  BANK30  BANK3
      +1  BANK32  BANK33  BANK34  BANK35  BANK36
  4001 ;;      Params:         1       0       0       0       0       0       0       0       0       0       0       0       
      +0       0       0       0       0       0       0       0       0       0       0       0       0       0       0       
      +0       0       0       0       0       0
  4002 ;;      Locals:         1       0       0       0       0       0       0       0       0       0       0       0       
      +0       0       0       0       0       0       0       0       0       0       0       0       0       0       0       
      +0       0       0       0       0       0
  4003 ;;      Temps:          2       0       0       0       0       0       0       0       0       0       0       0       
      +0       0       0       0       0       0       0       0       0       0       0       0       0       0       0       
      +0       0       0       0       0       0
  4004 ;;      Totals:         4       0       0       0       0       0       0       0       0       0       0       0       
      +0       0       0       0       0       0       0       0       0       0       0       0       0       0       0       
      +0       0       0       0       0       0
  4005 ;;Total ram usage:        4 bytes
  4006 ;; Hardware stack levels used: 1
  4007 ;; Hardware stack levels required when called: 1
  4008 ;; This function calls:
  4009 ;;		Nothing
  4010 ;; This function is called by:
  4011 ;;		_configure_pin
  4012 ;; This function uses a non-reentrant model
  4013 ;;
  4014                           
  4015                           	psect	text25
  4016   003BDE                     __ptext25:
  4017                           	callstack 0
  4018   003BDE                     _set_pin_pullup:
  4019                           	callstack 123
  4020                           
  4021                           ;incstack = 0
  4022                           ;set_pin_pullup@port_name stored from wreg
  4023   003BDE  6E08               	movwf	set_pin_pullup@port_name^(0+1280),c
  4024   003BE0                     
  4025                           ;gpio.c: 110: void set_pin_pullup(PortName_t port_name, uint8_t pin_number);gpio.c: 111:
      +                           {;gpio.c: 112:     switch(port_name)
  4026   003BE0  EF58  F01E         	goto	l2546
  4027   003BE4                     l2532:
  4028                           
  4029                           ;gpio.c: 115:             WPUA |= (1 << pin_number);
  4030   003BE4  C505  F506         	movff	set_pin_pullup@pin_number,??_set_pin_pullup
  4031   003BE8  0E01               	movlw	1
  4032   003BEA  6E07               	movwf	(??_set_pin_pullup+1)^(0+1280),c
  4033   003BEC  2A06               	incf	??_set_pin_pullup^(0+1280),f,c
  4034   003BEE  EFFB  F01D         	goto	u1744
  4035   003BF2                     u1745:
  4036   003BF2  90D8               	bcf	status,0,c
  4037   003BF4  3607               	rlcf	(??_set_pin_pullup+1)^(0+1280),f,c
  4038   003BF6                     u1744:
  4039   003BF6  2E06               	decfsz	??_set_pin_pullup^(0+1280),f,c
  4040   003BF8  EFF9  F01D         	goto	u1745
  4041   003BFC  5007               	movf	(??_set_pin_pullup+1)^(0+1280),w,c
  4042   003BFE  0104               	movlb	4	; () banked
  4043   003C00  1301               	iorwf	1,f,b	;volatile
  4044                           
  4045                           ;gpio.c: 116:             break;
  4046   003C02  EF7D  F01E         	goto	l161
  4047   003C06                     l2534:
  4048                           
  4049                           ;gpio.c: 118:             WPUB |= (1 << pin_number);
  4050   003C06  C505  F506         	movff	set_pin_pullup@pin_number,??_set_pin_pullup
  4051   003C0A  0E01               	movlw	1
  4052   003C0C  6E07               	movwf	(??_set_pin_pullup+1)^(0+1280),c
  4053   003C0E  2A06               	incf	??_set_pin_pullup^(0+1280),f,c
  4054   003C10  EF0C  F01E         	goto	u1754
  4055   003C14                     u1755:
  4056   003C14  90D8               	bcf	status,0,c
  4057   003C16  3607               	rlcf	(??_set_pin_pullup+1)^(0+1280),f,c
  4058   003C18                     u1754:
  4059   003C18  2E06               	decfsz	??_set_pin_pullup^(0+1280),f,c
  4060   003C1A  EF0A  F01E         	goto	u1755
  4061   003C1E  5007               	movf	(??_set_pin_pullup+1)^(0+1280),w,c
  4062   003C20  0104               	movlb	4	; () banked
  4063   003C22  1309               	iorwf	9,f,b	;volatile
  4064                           
  4065                           ;gpio.c: 119:             break;
  4066   003C24  EF7D  F01E         	goto	l161
  4067   003C28                     l2536:
  4068                           
  4069                           ;gpio.c: 121:             WPUC |= (1 << pin_number);
  4070   003C28  C505  F506         	movff	set_pin_pullup@pin_number,??_set_pin_pullup
  4071   003C2C  0E01               	movlw	1
  4072   003C2E  6E07               	movwf	(??_set_pin_pullup+1)^(0+1280),c
  4073   003C30  2A06               	incf	??_set_pin_pullup^(0+1280),f,c
  4074   003C32  EF1D  F01E         	goto	u1764
  4075   003C36                     u1765:
  4076   003C36  90D8               	bcf	status,0,c
  4077   003C38  3607               	rlcf	(??_set_pin_pullup+1)^(0+1280),f,c
  4078   003C3A                     u1764:
  4079   003C3A  2E06               	decfsz	??_set_pin_pullup^(0+1280),f,c
  4080   003C3C  EF1B  F01E         	goto	u1765
  4081   003C40  5007               	movf	(??_set_pin_pullup+1)^(0+1280),w,c
  4082   003C42  0104               	movlb	4	; () banked
  4083   003C44  1311               	iorwf	17,f,b	;volatile
  4084                           
  4085                           ;gpio.c: 122:             break;
  4086   003C46  EF7D  F01E         	goto	l161
  4087   003C4A                     l2538:
  4088                           
  4089                           ;gpio.c: 124:             WPUD |= (1 << pin_number);
  4090   003C4A  C505  F506         	movff	set_pin_pullup@pin_number,??_set_pin_pullup
  4091   003C4E  0E01               	movlw	1
  4092   003C50  6E07               	movwf	(??_set_pin_pullup+1)^(0+1280),c
  4093   003C52  2A06               	incf	??_set_pin_pullup^(0+1280),f,c
  4094   003C54  EF2E  F01E         	goto	u1774
  4095   003C58                     u1775:
  4096   003C58  90D8               	bcf	status,0,c
  4097   003C5A  3607               	rlcf	(??_set_pin_pullup+1)^(0+1280),f,c
  4098   003C5C                     u1774:
  4099   003C5C  2E06               	decfsz	??_set_pin_pullup^(0+1280),f,c
  4100   003C5E  EF2C  F01E         	goto	u1775
  4101   003C62  5007               	movf	(??_set_pin_pullup+1)^(0+1280),w,c
  4102   003C64  0104               	movlb	4	; () banked
  4103   003C66  1319               	iorwf	25,f,b	;volatile
  4104                           
  4105                           ;gpio.c: 125:             break;
  4106   003C68  EF7D  F01E         	goto	l161
  4107   003C6C                     l2540:
  4108                           
  4109                           ;gpio.c: 127:             WPUE |= (1 << pin_number);
  4110   003C6C  C505  F506         	movff	set_pin_pullup@pin_number,??_set_pin_pullup
  4111   003C70  0E01               	movlw	1
  4112   003C72  6E07               	movwf	(??_set_pin_pullup+1)^(0+1280),c
  4113   003C74  2A06               	incf	??_set_pin_pullup^(0+1280),f,c
  4114   003C76  EF3F  F01E         	goto	u1784
  4115   003C7A                     u1785:
  4116   003C7A  90D8               	bcf	status,0,c
  4117   003C7C  3607               	rlcf	(??_set_pin_pullup+1)^(0+1280),f,c
  4118   003C7E                     u1784:
  4119   003C7E  2E06               	decfsz	??_set_pin_pullup^(0+1280),f,c
  4120   003C80  EF3D  F01E         	goto	u1785
  4121   003C84  5007               	movf	(??_set_pin_pullup+1)^(0+1280),w,c
  4122   003C86  0104               	movlb	4	; () banked
  4123   003C88  1321               	iorwf	33,f,b	;volatile
  4124                           
  4125                           ;gpio.c: 128:             break;
  4126   003C8A  EF7D  F01E         	goto	l161
  4127   003C8E                     l2542:
  4128                           
  4129                           ;gpio.c: 130:             WPUF |= (1 << pin_number);
  4130   003C8E  C505  F506         	movff	set_pin_pullup@pin_number,??_set_pin_pullup
  4131   003C92  0E01               	movlw	1
  4132   003C94  6E07               	movwf	(??_set_pin_pullup+1)^(0+1280),c
  4133   003C96  2A06               	incf	??_set_pin_pullup^(0+1280),f,c
  4134   003C98  EF50  F01E         	goto	u1794
  4135   003C9C                     u1795:
  4136   003C9C  90D8               	bcf	status,0,c
  4137   003C9E  3607               	rlcf	(??_set_pin_pullup+1)^(0+1280),f,c
  4138   003CA0                     u1794:
  4139   003CA0  2E06               	decfsz	??_set_pin_pullup^(0+1280),f,c
  4140   003CA2  EF4E  F01E         	goto	u1795
  4141   003CA6  5007               	movf	(??_set_pin_pullup+1)^(0+1280),w,c
  4142   003CA8  0104               	movlb	4	; () banked
  4143   003CAA  1329               	iorwf	41,f,b	;volatile
  4144                           
  4145                           ;gpio.c: 131:             break;
  4146   003CAC  EF7D  F01E         	goto	l161
  4147   003CB0                     l2546:
  4148   003CB0  5008               	movf	set_pin_pullup@port_name^(0+1280),w,c
  4149   003CB2  6E06               	movwf	??_set_pin_pullup^(0+1280),c
  4150   003CB4  6A07               	clrf	(??_set_pin_pullup+1)^(0+1280),c
  4151                           
  4152                           ; Switch on 2 bytes has been partitioned into a top level switch of size 1, and 1 sub-sw
      +                          itches
  4153                           ; Switch size 1, requested type "simple"
  4154                           ; Number of cases is 1, Range of values is 0 to 0
  4155                           ; switch strategies available:
  4156                           ; Name         Instructions Cycles
  4157                           ; simple_byte            4     3 (average)
  4158                           ;	Chosen strategy is simple_byte
  4159   003CB6  5007               	movf	(??_set_pin_pullup+1)^(0+1280),w,c
  4160   003CB8  0A00               	xorlw	0	; case 0
  4161   003CBA  B4D8               	btfsc	status,2,c
  4162   003CBC  EF62  F01E         	goto	l3286
  4163   003CC0  EF7D  F01E         	goto	l161
  4164   003CC4                     l3286:
  4165                           
  4166                           ; Switch size 1, requested type "simple"
  4167                           ; Number of cases is 6, Range of values is 65 to 70
  4168                           ; switch strategies available:
  4169                           ; Name         Instructions Cycles
  4170                           ; simple_byte           19    10 (average)
  4171                           ;	Chosen strategy is simple_byte
  4172   003CC4  5006               	movf	??_set_pin_pullup^(0+1280),w,c
  4173   003CC6  0A41               	xorlw	65	; case 65
  4174   003CC8  B4D8               	btfsc	status,2,c
  4175   003CCA  EFF2  F01D         	goto	l2532
  4176   003CCE  0A03               	xorlw	3	; case 66
  4177   003CD0  B4D8               	btfsc	status,2,c
  4178   003CD2  EF03  F01E         	goto	l2534
  4179   003CD6  0A01               	xorlw	1	; case 67
  4180   003CD8  B4D8               	btfsc	status,2,c
  4181   003CDA  EF14  F01E         	goto	l2536
  4182   003CDE  0A07               	xorlw	7	; case 68
  4183   003CE0  B4D8               	btfsc	status,2,c
  4184   003CE2  EF25  F01E         	goto	l2538
  4185   003CE6  0A01               	xorlw	1	; case 69
  4186   003CE8  B4D8               	btfsc	status,2,c
  4187   003CEA  EF36  F01E         	goto	l2540
  4188   003CEE  0A03               	xorlw	3	; case 70
  4189   003CF0  B4D8               	btfsc	status,2,c
  4190   003CF2  EF47  F01E         	goto	l2542
  4191   003CF6  EF7D  F01E         	goto	l161
  4192   003CFA                     l161:
  4193   003CFA  0012               	return		;funcret
  4194   003CFC                     __end_of_set_pin_pullup:
  4195                           	callstack 0
  4196                           
  4197 ;; *************** function _set_pin_output *****************
  4198 ;; Defined at:
  4199 ;;		line 31 in file "gpio.c"
  4200 ;; Parameters:    Size  Location     Type
  4201 ;;  port_name       1    wreg     enum E17440
  4202 ;;  pin_number      1    4[COMRAM] unsigned char 
  4203 ;; Auto vars:     Size  Location     Type
  4204 ;;  port_name       1    7[COMRAM] enum E17440
  4205 ;; Return value:  Size  Location     Type
  4206 ;;                  1    wreg      void 
  4207 ;; Registers used:
  4208 ;;		wreg, status,2, status,0
  4209 ;; Tracked objects:
  4210 ;;		On entry : 0/0
  4211 ;;		On exit  : 0/0
  4212 ;;		Unchanged: 0/0
  4213 ;; Data sizes:     COMRAM   BANK5   BANK6   BANK7   BANK8   BANK9  BANK10  BANK11  BANK12  BANK13  BANK14  BANK15  BANK1
      +6  BANK17  BANK18  BANK19  BANK20  BANK21  BANK22  BANK23  BANK24  BANK25  BANK26  BANK27  BANK28  BANK29  BANK30  BANK3
      +1  BANK32  BANK33  BANK34  BANK35  BANK36
  4214 ;;      Params:         1       0       0       0       0       0       0       0       0       0       0       0       
      +0       0       0       0       0       0       0       0       0       0       0       0       0       0       0       
      +0       0       0       0       0       0
  4215 ;;      Locals:         1       0       0       0       0       0       0       0       0       0       0       0       
      +0       0       0       0       0       0       0       0       0       0       0       0       0       0       0       
      +0       0       0       0       0       0
  4216 ;;      Temps:          2       0       0       0       0       0       0       0       0       0       0       0       
      +0       0       0       0       0       0       0       0       0       0       0       0       0       0       0       
      +0       0       0       0       0       0
  4217 ;;      Totals:         4       0       0       0       0       0       0       0       0       0       0       0       
      +0       0       0       0       0       0       0       0       0       0       0       0       0       0       0       
      +0       0       0       0       0       0
  4218 ;;Total ram usage:        4 bytes
  4219 ;; Hardware stack levels used: 1
  4220 ;; Hardware stack levels required when called: 1
  4221 ;; This function calls:
  4222 ;;		Nothing
  4223 ;; This function is called by:
  4224 ;;		_configure_pin
  4225 ;; This function uses a non-reentrant model
  4226 ;;
  4227                           
  4228                           	psect	text26
  4229   003CFC                     __ptext26:
  4230                           	callstack 0
  4231   003CFC                     _set_pin_output:
  4232                           	callstack 123
  4233                           
  4234                           ;incstack = 0
  4235                           ;set_pin_output@port_name stored from wreg
  4236   003CFC  6E08               	movwf	set_pin_output@port_name^(0+1280),c
  4237   003CFE                     
  4238                           ;gpio.c: 31: void set_pin_output(PortName_t port_name, uint8_t pin_number);gpio.c: 32: {
      +                          ;gpio.c: 33:     switch(port_name)
  4239   003CFE  EFE7  F01E         	goto	l2480
  4240   003D02                     l2466:
  4241                           
  4242                           ;gpio.c: 36:             TRISA &= ~(1 << pin_number);
  4243   003D02  C505  F506         	movff	set_pin_output@pin_number,??_set_pin_output
  4244   003D06  0E01               	movlw	1
  4245   003D08  6E07               	movwf	(??_set_pin_output+1)^(0+1280),c
  4246   003D0A  2A06               	incf	??_set_pin_output^(0+1280),f,c
  4247   003D0C  EF8A  F01E         	goto	u1564
  4248   003D10                     u1565:
  4249   003D10  90D8               	bcf	status,0,c
  4250   003D12  3607               	rlcf	(??_set_pin_output+1)^(0+1280),f,c
  4251   003D14                     u1564:
  4252   003D14  2E06               	decfsz	??_set_pin_output^(0+1280),f,c
  4253   003D16  EF88  F01E         	goto	u1565
  4254   003D1A  5007               	movf	(??_set_pin_output+1)^(0+1280),w,c
  4255   003D1C  0AFF               	xorlw	255
  4256   003D1E  16C6               	andwf	198,f,c	;volatile
  4257                           
  4258                           ;gpio.c: 37:             break;
  4259   003D20  EF0C  F01F         	goto	l125
  4260   003D24                     l2468:
  4261                           
  4262                           ;gpio.c: 39:             TRISB &= ~(1 << pin_number);
  4263   003D24  C505  F506         	movff	set_pin_output@pin_number,??_set_pin_output
  4264   003D28  0E01               	movlw	1
  4265   003D2A  6E07               	movwf	(??_set_pin_output+1)^(0+1280),c
  4266   003D2C  2A06               	incf	??_set_pin_output^(0+1280),f,c
  4267   003D2E  EF9B  F01E         	goto	u1574
  4268   003D32                     u1575:
  4269   003D32  90D8               	bcf	status,0,c
  4270   003D34  3607               	rlcf	(??_set_pin_output+1)^(0+1280),f,c
  4271   003D36                     u1574:
  4272   003D36  2E06               	decfsz	??_set_pin_output^(0+1280),f,c
  4273   003D38  EF99  F01E         	goto	u1575
  4274   003D3C  5007               	movf	(??_set_pin_output+1)^(0+1280),w,c
  4275   003D3E  0AFF               	xorlw	255
  4276   003D40  16C7               	andwf	199,f,c	;volatile
  4277                           
  4278                           ;gpio.c: 40:             break;
  4279   003D42  EF0C  F01F         	goto	l125
  4280   003D46                     l2470:
  4281                           
  4282                           ;gpio.c: 42:             TRISC &= ~(1 << pin_number);
  4283   003D46  C505  F506         	movff	set_pin_output@pin_number,??_set_pin_output
  4284   003D4A  0E01               	movlw	1
  4285   003D4C  6E07               	movwf	(??_set_pin_output+1)^(0+1280),c
  4286   003D4E  2A06               	incf	??_set_pin_output^(0+1280),f,c
  4287   003D50  EFAC  F01E         	goto	u1584
  4288   003D54                     u1585:
  4289   003D54  90D8               	bcf	status,0,c
  4290   003D56  3607               	rlcf	(??_set_pin_output+1)^(0+1280),f,c
  4291   003D58                     u1584:
  4292   003D58  2E06               	decfsz	??_set_pin_output^(0+1280),f,c
  4293   003D5A  EFAA  F01E         	goto	u1585
  4294   003D5E  5007               	movf	(??_set_pin_output+1)^(0+1280),w,c
  4295   003D60  0AFF               	xorlw	255
  4296   003D62  16C8               	andwf	200,f,c	;volatile
  4297                           
  4298                           ;gpio.c: 43:             break;
  4299   003D64  EF0C  F01F         	goto	l125
  4300   003D68                     l2472:
  4301                           
  4302                           ;gpio.c: 45:             TRISD &= ~(1 << pin_number);
  4303   003D68  C505  F506         	movff	set_pin_output@pin_number,??_set_pin_output
  4304   003D6C  0E01               	movlw	1
  4305   003D6E  6E07               	movwf	(??_set_pin_output+1)^(0+1280),c
  4306   003D70  2A06               	incf	??_set_pin_output^(0+1280),f,c
  4307   003D72  EFBD  F01E         	goto	u1594
  4308   003D76                     u1595:
  4309   003D76  90D8               	bcf	status,0,c
  4310   003D78  3607               	rlcf	(??_set_pin_output+1)^(0+1280),f,c
  4311   003D7A                     u1594:
  4312   003D7A  2E06               	decfsz	??_set_pin_output^(0+1280),f,c
  4313   003D7C  EFBB  F01E         	goto	u1595
  4314   003D80  5007               	movf	(??_set_pin_output+1)^(0+1280),w,c
  4315   003D82  0AFF               	xorlw	255
  4316   003D84  16C9               	andwf	201,f,c	;volatile
  4317                           
  4318                           ;gpio.c: 46:             break;
  4319   003D86  EF0C  F01F         	goto	l125
  4320   003D8A                     l2474:
  4321                           
  4322                           ;gpio.c: 48:             TRISE &= ~(1 << pin_number);
  4323   003D8A  C505  F506         	movff	set_pin_output@pin_number,??_set_pin_output
  4324   003D8E  0E01               	movlw	1
  4325   003D90  6E07               	movwf	(??_set_pin_output+1)^(0+1280),c
  4326   003D92  2A06               	incf	??_set_pin_output^(0+1280),f,c
  4327   003D94  EFCE  F01E         	goto	u1604
  4328   003D98                     u1605:
  4329   003D98  90D8               	bcf	status,0,c
  4330   003D9A  3607               	rlcf	(??_set_pin_output+1)^(0+1280),f,c
  4331   003D9C                     u1604:
  4332   003D9C  2E06               	decfsz	??_set_pin_output^(0+1280),f,c
  4333   003D9E  EFCC  F01E         	goto	u1605
  4334   003DA2  5007               	movf	(??_set_pin_output+1)^(0+1280),w,c
  4335   003DA4  0AFF               	xorlw	255
  4336   003DA6  16CA               	andwf	202,f,c	;volatile
  4337                           
  4338                           ;gpio.c: 49:             break;
  4339   003DA8  EF0C  F01F         	goto	l125
  4340   003DAC                     l2476:
  4341                           
  4342                           ;gpio.c: 51:             TRISF &= ~(1 << pin_number);
  4343   003DAC  C505  F506         	movff	set_pin_output@pin_number,??_set_pin_output
  4344   003DB0  0E01               	movlw	1
  4345   003DB2  6E07               	movwf	(??_set_pin_output+1)^(0+1280),c
  4346   003DB4  2A06               	incf	??_set_pin_output^(0+1280),f,c
  4347   003DB6  EFDF  F01E         	goto	u1614
  4348   003DBA                     u1615:
  4349   003DBA  90D8               	bcf	status,0,c
  4350   003DBC  3607               	rlcf	(??_set_pin_output+1)^(0+1280),f,c
  4351   003DBE                     u1614:
  4352   003DBE  2E06               	decfsz	??_set_pin_output^(0+1280),f,c
  4353   003DC0  EFDD  F01E         	goto	u1615
  4354   003DC4  5007               	movf	(??_set_pin_output+1)^(0+1280),w,c
  4355   003DC6  0AFF               	xorlw	255
  4356   003DC8  16CB               	andwf	203,f,c	;volatile
  4357                           
  4358                           ;gpio.c: 52:             break;
  4359   003DCA  EF0C  F01F         	goto	l125
  4360   003DCE                     l2480:
  4361   003DCE  5008               	movf	set_pin_output@port_name^(0+1280),w,c
  4362   003DD0  6E06               	movwf	??_set_pin_output^(0+1280),c
  4363   003DD2  6A07               	clrf	(??_set_pin_output+1)^(0+1280),c
  4364                           
  4365                           ; Switch on 2 bytes has been partitioned into a top level switch of size 1, and 1 sub-sw
      +                          itches
  4366                           ; Switch size 1, requested type "simple"
  4367                           ; Number of cases is 1, Range of values is 0 to 0
  4368                           ; switch strategies available:
  4369                           ; Name         Instructions Cycles
  4370                           ; simple_byte            4     3 (average)
  4371                           ;	Chosen strategy is simple_byte
  4372   003DD4  5007               	movf	(??_set_pin_output+1)^(0+1280),w,c
  4373   003DD6  0A00               	xorlw	0	; case 0
  4374   003DD8  B4D8               	btfsc	status,2,c
  4375   003DDA  EFF1  F01E         	goto	l3288
  4376   003DDE  EF0C  F01F         	goto	l125
  4377   003DE2                     l3288:
  4378                           
  4379                           ; Switch size 1, requested type "simple"
  4380                           ; Number of cases is 6, Range of values is 65 to 70
  4381                           ; switch strategies available:
  4382                           ; Name         Instructions Cycles
  4383                           ; simple_byte           19    10 (average)
  4384                           ;	Chosen strategy is simple_byte
  4385   003DE2  5006               	movf	??_set_pin_output^(0+1280),w,c
  4386   003DE4  0A41               	xorlw	65	; case 65
  4387   003DE6  B4D8               	btfsc	status,2,c
  4388   003DE8  EF81  F01E         	goto	l2466
  4389   003DEC  0A03               	xorlw	3	; case 66
  4390   003DEE  B4D8               	btfsc	status,2,c
  4391   003DF0  EF92  F01E         	goto	l2468
  4392   003DF4  0A01               	xorlw	1	; case 67
  4393   003DF6  B4D8               	btfsc	status,2,c
  4394   003DF8  EFA3  F01E         	goto	l2470
  4395   003DFC  0A07               	xorlw	7	; case 68
  4396   003DFE  B4D8               	btfsc	status,2,c
  4397   003E00  EFB4  F01E         	goto	l2472
  4398   003E04  0A01               	xorlw	1	; case 69
  4399   003E06  B4D8               	btfsc	status,2,c
  4400   003E08  EFC5  F01E         	goto	l2474
  4401   003E0C  0A03               	xorlw	3	; case 70
  4402   003E0E  B4D8               	btfsc	status,2,c
  4403   003E10  EFD6  F01E         	goto	l2476
  4404   003E14  EF0C  F01F         	goto	l125
  4405   003E18                     l125:
  4406   003E18  0012               	return		;funcret
  4407   003E1A                     __end_of_set_pin_output:
  4408                           	callstack 0
  4409                           
  4410 ;; *************** function _set_pin_open_drain *****************
  4411 ;; Defined at:
  4412 ;;		line 298 in file "gpio.c"
  4413 ;; Parameters:    Size  Location     Type
  4414 ;;  port_name       1    wreg     enum E17440
  4415 ;;  pin_number      1    4[COMRAM] unsigned char 
  4416 ;; Auto vars:     Size  Location     Type
  4417 ;;  port_name       1    7[COMRAM] enum E17440
  4418 ;; Return value:  Size  Location     Type
  4419 ;;                  1    wreg      void 
  4420 ;; Registers used:
  4421 ;;		wreg, status,2, status,0
  4422 ;; Tracked objects:
  4423 ;;		On entry : 0/0
  4424 ;;		On exit  : 0/0
  4425 ;;		Unchanged: 0/0
  4426 ;; Data sizes:     COMRAM   BANK5   BANK6   BANK7   BANK8   BANK9  BANK10  BANK11  BANK12  BANK13  BANK14  BANK15  BANK1
      +6  BANK17  BANK18  BANK19  BANK20  BANK21  BANK22  BANK23  BANK24  BANK25  BANK26  BANK27  BANK28  BANK29  BANK30  BANK3
      +1  BANK32  BANK33  BANK34  BANK35  BANK36
  4427 ;;      Params:         1       0       0       0       0       0       0       0       0       0       0       0       
      +0       0       0       0       0       0       0       0       0       0       0       0       0       0       0       
      +0       0       0       0       0       0
  4428 ;;      Locals:         1       0       0       0       0       0       0       0       0       0       0       0       
      +0       0       0       0       0       0       0       0       0       0       0       0       0       0       0       
      +0       0       0       0       0       0
  4429 ;;      Temps:          2       0       0       0       0       0       0       0       0       0       0       0       
      +0       0       0       0       0       0       0       0       0       0       0       0       0       0       0       
      +0       0       0       0       0       0
  4430 ;;      Totals:         4       0       0       0       0       0       0       0       0       0       0       0       
      +0       0       0       0       0       0       0       0       0       0       0       0       0       0       0       
      +0       0       0       0       0       0
  4431 ;;Total ram usage:        4 bytes
  4432 ;; Hardware stack levels used: 1
  4433 ;; Hardware stack levels required when called: 1
  4434 ;; This function calls:
  4435 ;;		Nothing
  4436 ;; This function is called by:
  4437 ;;		_configure_pin
  4438 ;; This function uses a non-reentrant model
  4439 ;;
  4440                           
  4441                           	psect	text27
  4442   003E1A                     __ptext27:
  4443                           	callstack 0
  4444   003E1A                     _set_pin_open_drain:
  4445                           	callstack 123
  4446                           
  4447                           ;incstack = 0
  4448                           ;set_pin_open_drain@port_name stored from wreg
  4449   003E1A  6E08               	movwf	set_pin_open_drain@port_name^(0+1280),c
  4450   003E1C                     
  4451                           ;gpio.c: 298: void set_pin_open_drain(PortName_t port_name, uint8_t pin_number);gpio.c: 
      +                          299: {;gpio.c: 300:     switch(port_name)
  4452   003E1C  EF76  F01F         	goto	l2700
  4453   003E20                     l2686:
  4454                           
  4455                           ;gpio.c: 303:             ODCONA |= (1 << pin_number);
  4456   003E20  C505  F506         	movff	set_pin_open_drain@pin_number,??_set_pin_open_drain
  4457   003E24  0E01               	movlw	1
  4458   003E26  6E07               	movwf	(??_set_pin_open_drain+1)^(0+1280),c
  4459   003E28  2A06               	incf	??_set_pin_open_drain^(0+1280),f,c
  4460   003E2A  EF19  F01F         	goto	u2164
  4461   003E2E                     u2165:
  4462   003E2E  90D8               	bcf	status,0,c
  4463   003E30  3607               	rlcf	(??_set_pin_open_drain+1)^(0+1280),f,c
  4464   003E32                     u2164:
  4465   003E32  2E06               	decfsz	??_set_pin_open_drain^(0+1280),f,c
  4466   003E34  EF17  F01F         	goto	u2165
  4467   003E38  5007               	movf	(??_set_pin_open_drain+1)^(0+1280),w,c
  4468   003E3A  0104               	movlb	4	; () banked
  4469   003E3C  1302               	iorwf	2,f,b	;volatile
  4470                           
  4471                           ;gpio.c: 304:             break;
  4472   003E3E  EF9B  F01F         	goto	l245
  4473   003E42                     l2688:
  4474                           
  4475                           ;gpio.c: 306:             ODCONB |= (1 << pin_number);
  4476   003E42  C505  F506         	movff	set_pin_open_drain@pin_number,??_set_pin_open_drain
  4477   003E46  0E01               	movlw	1
  4478   003E48  6E07               	movwf	(??_set_pin_open_drain+1)^(0+1280),c
  4479   003E4A  2A06               	incf	??_set_pin_open_drain^(0+1280),f,c
  4480   003E4C  EF2A  F01F         	goto	u2174
  4481   003E50                     u2175:
  4482   003E50  90D8               	bcf	status,0,c
  4483   003E52  3607               	rlcf	(??_set_pin_open_drain+1)^(0+1280),f,c
  4484   003E54                     u2174:
  4485   003E54  2E06               	decfsz	??_set_pin_open_drain^(0+1280),f,c
  4486   003E56  EF28  F01F         	goto	u2175
  4487   003E5A  5007               	movf	(??_set_pin_open_drain+1)^(0+1280),w,c
  4488   003E5C  0104               	movlb	4	; () banked
  4489   003E5E  130A               	iorwf	10,f,b	;volatile
  4490                           
  4491                           ;gpio.c: 307:             break;
  4492   003E60  EF9B  F01F         	goto	l245
  4493   003E64                     l2690:
  4494                           
  4495                           ;gpio.c: 309:             ODCONC |= (1 << pin_number);
  4496   003E64  C505  F506         	movff	set_pin_open_drain@pin_number,??_set_pin_open_drain
  4497   003E68  0E01               	movlw	1
  4498   003E6A  6E07               	movwf	(??_set_pin_open_drain+1)^(0+1280),c
  4499   003E6C  2A06               	incf	??_set_pin_open_drain^(0+1280),f,c
  4500   003E6E  EF3B  F01F         	goto	u2184
  4501   003E72                     u2185:
  4502   003E72  90D8               	bcf	status,0,c
  4503   003E74  3607               	rlcf	(??_set_pin_open_drain+1)^(0+1280),f,c
  4504   003E76                     u2184:
  4505   003E76  2E06               	decfsz	??_set_pin_open_drain^(0+1280),f,c
  4506   003E78  EF39  F01F         	goto	u2185
  4507   003E7C  5007               	movf	(??_set_pin_open_drain+1)^(0+1280),w,c
  4508   003E7E  0104               	movlb	4	; () banked
  4509   003E80  1312               	iorwf	18,f,b	;volatile
  4510                           
  4511                           ;gpio.c: 310:             break;
  4512   003E82  EF9B  F01F         	goto	l245
  4513   003E86                     l2692:
  4514                           
  4515                           ;gpio.c: 312:             ODCOND |= (1 << pin_number);
  4516   003E86  C505  F506         	movff	set_pin_open_drain@pin_number,??_set_pin_open_drain
  4517   003E8A  0E01               	movlw	1
  4518   003E8C  6E07               	movwf	(??_set_pin_open_drain+1)^(0+1280),c
  4519   003E8E  2A06               	incf	??_set_pin_open_drain^(0+1280),f,c
  4520   003E90  EF4C  F01F         	goto	u2194
  4521   003E94                     u2195:
  4522   003E94  90D8               	bcf	status,0,c
  4523   003E96  3607               	rlcf	(??_set_pin_open_drain+1)^(0+1280),f,c
  4524   003E98                     u2194:
  4525   003E98  2E06               	decfsz	??_set_pin_open_drain^(0+1280),f,c
  4526   003E9A  EF4A  F01F         	goto	u2195
  4527   003E9E  5007               	movf	(??_set_pin_open_drain+1)^(0+1280),w,c
  4528   003EA0  0104               	movlb	4	; () banked
  4529   003EA2  131A               	iorwf	26,f,b	;volatile
  4530                           
  4531                           ;gpio.c: 313:             break;
  4532   003EA4  EF9B  F01F         	goto	l245
  4533   003EA8                     l2694:
  4534                           
  4535                           ;gpio.c: 315:             ODCONE |= (1 << pin_number);
  4536   003EA8  C505  F506         	movff	set_pin_open_drain@pin_number,??_set_pin_open_drain
  4537   003EAC  0E01               	movlw	1
  4538   003EAE  6E07               	movwf	(??_set_pin_open_drain+1)^(0+1280),c
  4539   003EB0  2A06               	incf	??_set_pin_open_drain^(0+1280),f,c
  4540   003EB2  EF5D  F01F         	goto	u2204
  4541   003EB6                     u2205:
  4542   003EB6  90D8               	bcf	status,0,c
  4543   003EB8  3607               	rlcf	(??_set_pin_open_drain+1)^(0+1280),f,c
  4544   003EBA                     u2204:
  4545   003EBA  2E06               	decfsz	??_set_pin_open_drain^(0+1280),f,c
  4546   003EBC  EF5B  F01F         	goto	u2205
  4547   003EC0  5007               	movf	(??_set_pin_open_drain+1)^(0+1280),w,c
  4548   003EC2  0104               	movlb	4	; () banked
  4549   003EC4  1322               	iorwf	34,f,b	;volatile
  4550                           
  4551                           ;gpio.c: 316:             break;
  4552   003EC6  EF9B  F01F         	goto	l245
  4553   003ECA                     l2696:
  4554                           
  4555                           ;gpio.c: 318:             ODCONF |= (1 << pin_number);
  4556   003ECA  C505  F506         	movff	set_pin_open_drain@pin_number,??_set_pin_open_drain
  4557   003ECE  0E01               	movlw	1
  4558   003ED0  6E07               	movwf	(??_set_pin_open_drain+1)^(0+1280),c
  4559   003ED2  2A06               	incf	??_set_pin_open_drain^(0+1280),f,c
  4560   003ED4  EF6E  F01F         	goto	u2214
  4561   003ED8                     u2215:
  4562   003ED8  90D8               	bcf	status,0,c
  4563   003EDA  3607               	rlcf	(??_set_pin_open_drain+1)^(0+1280),f,c
  4564   003EDC                     u2214:
  4565   003EDC  2E06               	decfsz	??_set_pin_open_drain^(0+1280),f,c
  4566   003EDE  EF6C  F01F         	goto	u2215
  4567   003EE2  5007               	movf	(??_set_pin_open_drain+1)^(0+1280),w,c
  4568   003EE4  0104               	movlb	4	; () banked
  4569   003EE6  132A               	iorwf	42,f,b	;volatile
  4570                           
  4571                           ;gpio.c: 319:             break;
  4572   003EE8  EF9B  F01F         	goto	l245
  4573   003EEC                     l2700:
  4574   003EEC  5008               	movf	set_pin_open_drain@port_name^(0+1280),w,c
  4575   003EEE  6E06               	movwf	??_set_pin_open_drain^(0+1280),c
  4576   003EF0  6A07               	clrf	(??_set_pin_open_drain+1)^(0+1280),c
  4577                           
  4578                           ; Switch on 2 bytes has been partitioned into a top level switch of size 1, and 1 sub-sw
      +                          itches
  4579                           ; Switch size 1, requested type "simple"
  4580                           ; Number of cases is 1, Range of values is 0 to 0
  4581                           ; switch strategies available:
  4582                           ; Name         Instructions Cycles
  4583                           ; simple_byte            4     3 (average)
  4584                           ;	Chosen strategy is simple_byte
  4585   003EF2  5007               	movf	(??_set_pin_open_drain+1)^(0+1280),w,c
  4586   003EF4  0A00               	xorlw	0	; case 0
  4587   003EF6  B4D8               	btfsc	status,2,c
  4588   003EF8  EF80  F01F         	goto	l3290
  4589   003EFC  EF9B  F01F         	goto	l245
  4590   003F00                     l3290:
  4591                           
  4592                           ; Switch size 1, requested type "simple"
  4593                           ; Number of cases is 6, Range of values is 65 to 70
  4594                           ; switch strategies available:
  4595                           ; Name         Instructions Cycles
  4596                           ; simple_byte           19    10 (average)
  4597                           ;	Chosen strategy is simple_byte
  4598   003F00  5006               	movf	??_set_pin_open_drain^(0+1280),w,c
  4599   003F02  0A41               	xorlw	65	; case 65
  4600   003F04  B4D8               	btfsc	status,2,c
  4601   003F06  EF10  F01F         	goto	l2686
  4602   003F0A  0A03               	xorlw	3	; case 66
  4603   003F0C  B4D8               	btfsc	status,2,c
  4604   003F0E  EF21  F01F         	goto	l2688
  4605   003F12  0A01               	xorlw	1	; case 67
  4606   003F14  B4D8               	btfsc	status,2,c
  4607   003F16  EF32  F01F         	goto	l2690
  4608   003F1A  0A07               	xorlw	7	; case 68
  4609   003F1C  B4D8               	btfsc	status,2,c
  4610   003F1E  EF43  F01F         	goto	l2692
  4611   003F22  0A01               	xorlw	1	; case 69
  4612   003F24  B4D8               	btfsc	status,2,c
  4613   003F26  EF54  F01F         	goto	l2694
  4614   003F2A  0A03               	xorlw	3	; case 70
  4615   003F2C  B4D8               	btfsc	status,2,c
  4616   003F2E  EF65  F01F         	goto	l2696
  4617   003F32  EF9B  F01F         	goto	l245
  4618   003F36                     l245:
  4619   003F36  0012               	return		;funcret
  4620   003F38                     __end_of_set_pin_open_drain:
  4621                           	callstack 0
  4622                           
  4623 ;; *************** function _set_pin_input *****************
  4624 ;; Defined at:
  4625 ;;		line 3 in file "gpio.c"
  4626 ;; Parameters:    Size  Location     Type
  4627 ;;  port_name       1    wreg     enum E17440
  4628 ;;  pin_number      1    4[COMRAM] unsigned char 
  4629 ;; Auto vars:     Size  Location     Type
  4630 ;;  port_name       1    7[COMRAM] enum E17440
  4631 ;; Return value:  Size  Location     Type
  4632 ;;                  1    wreg      void 
  4633 ;; Registers used:
  4634 ;;		wreg, status,2, status,0
  4635 ;; Tracked objects:
  4636 ;;		On entry : 0/0
  4637 ;;		On exit  : 0/0
  4638 ;;		Unchanged: 0/0
  4639 ;; Data sizes:     COMRAM   BANK5   BANK6   BANK7   BANK8   BANK9  BANK10  BANK11  BANK12  BANK13  BANK14  BANK15  BANK1
      +6  BANK17  BANK18  BANK19  BANK20  BANK21  BANK22  BANK23  BANK24  BANK25  BANK26  BANK27  BANK28  BANK29  BANK30  BANK3
      +1  BANK32  BANK33  BANK34  BANK35  BANK36
  4640 ;;      Params:         1       0       0       0       0       0       0       0       0       0       0       0       
      +0       0       0       0       0       0       0       0       0       0       0       0       0       0       0       
      +0       0       0       0       0       0
  4641 ;;      Locals:         1       0       0       0       0       0       0       0       0       0       0       0       
      +0       0       0       0       0       0       0       0       0       0       0       0       0       0       0       
      +0       0       0       0       0       0
  4642 ;;      Temps:          2       0       0       0       0       0       0       0       0       0       0       0       
      +0       0       0       0       0       0       0       0       0       0       0       0       0       0       0       
      +0       0       0       0       0       0
  4643 ;;      Totals:         4       0       0       0       0       0       0       0       0       0       0       0       
      +0       0       0       0       0       0       0       0       0       0       0       0       0       0       0       
      +0       0       0       0       0       0
  4644 ;;Total ram usage:        4 bytes
  4645 ;; Hardware stack levels used: 1
  4646 ;; Hardware stack levels required when called: 1
  4647 ;; This function calls:
  4648 ;;		Nothing
  4649 ;; This function is called by:
  4650 ;;		_configure_pin
  4651 ;; This function uses a non-reentrant model
  4652 ;;
  4653                           
  4654                           	psect	text28
  4655   004168                     __ptext28:
  4656                           	callstack 0
  4657   004168                     _set_pin_input:
  4658                           	callstack 123
  4659                           
  4660                           ;incstack = 0
  4661                           ;set_pin_input@port_name stored from wreg
  4662   004168  6E08               	movwf	set_pin_input@port_name^(0+1280),c
  4663   00416A                     
  4664                           ;gpio.c: 3: void set_pin_input(PortName_t port_name, uint8_t pin_number);gpio.c: 4: {;gp
      +                          io.c: 5:     switch(port_name)
  4665   00416A  EF17  F021         	goto	l2458
  4666   00416E                     l2444:
  4667                           
  4668                           ;gpio.c: 8:             TRISA |= (1 << pin_number);
  4669   00416E  C505  F506         	movff	set_pin_input@pin_number,??_set_pin_input
  4670   004172  0E01               	movlw	1
  4671   004174  6E07               	movwf	(??_set_pin_input+1)^(0+1280),c
  4672   004176  2A06               	incf	??_set_pin_input^(0+1280),f,c
  4673   004178  EFC0  F020         	goto	u1504
  4674   00417C                     u1505:
  4675   00417C  90D8               	bcf	status,0,c
  4676   00417E  3607               	rlcf	(??_set_pin_input+1)^(0+1280),f,c
  4677   004180                     u1504:
  4678   004180  2E06               	decfsz	??_set_pin_input^(0+1280),f,c
  4679   004182  EFBE  F020         	goto	u1505
  4680   004186  5007               	movf	(??_set_pin_input+1)^(0+1280),w,c
  4681   004188  12C6               	iorwf	198,f,c	;volatile
  4682                           
  4683                           ;gpio.c: 9:             break;
  4684   00418A  EF3C  F021         	goto	l113
  4685   00418E                     l2446:
  4686                           
  4687                           ;gpio.c: 11:             TRISB |= (1 << pin_number);
  4688   00418E  C505  F506         	movff	set_pin_input@pin_number,??_set_pin_input
  4689   004192  0E01               	movlw	1
  4690   004194  6E07               	movwf	(??_set_pin_input+1)^(0+1280),c
  4691   004196  2A06               	incf	??_set_pin_input^(0+1280),f,c
  4692   004198  EFD0  F020         	goto	u1514
  4693   00419C                     u1515:
  4694   00419C  90D8               	bcf	status,0,c
  4695   00419E  3607               	rlcf	(??_set_pin_input+1)^(0+1280),f,c
  4696   0041A0                     u1514:
  4697   0041A0  2E06               	decfsz	??_set_pin_input^(0+1280),f,c
  4698   0041A2  EFCE  F020         	goto	u1515
  4699   0041A6  5007               	movf	(??_set_pin_input+1)^(0+1280),w,c
  4700   0041A8  12C7               	iorwf	199,f,c	;volatile
  4701                           
  4702                           ;gpio.c: 12:             break;
  4703   0041AA  EF3C  F021         	goto	l113
  4704   0041AE                     l2448:
  4705                           
  4706                           ;gpio.c: 14:             TRISC |= (1 << pin_number);
  4707   0041AE  C505  F506         	movff	set_pin_input@pin_number,??_set_pin_input
  4708   0041B2  0E01               	movlw	1
  4709   0041B4  6E07               	movwf	(??_set_pin_input+1)^(0+1280),c
  4710   0041B6  2A06               	incf	??_set_pin_input^(0+1280),f,c
  4711   0041B8  EFE0  F020         	goto	u1524
  4712   0041BC                     u1525:
  4713   0041BC  90D8               	bcf	status,0,c
  4714   0041BE  3607               	rlcf	(??_set_pin_input+1)^(0+1280),f,c
  4715   0041C0                     u1524:
  4716   0041C0  2E06               	decfsz	??_set_pin_input^(0+1280),f,c
  4717   0041C2  EFDE  F020         	goto	u1525
  4718   0041C6  5007               	movf	(??_set_pin_input+1)^(0+1280),w,c
  4719   0041C8  12C8               	iorwf	200,f,c	;volatile
  4720                           
  4721                           ;gpio.c: 15:             break;
  4722   0041CA  EF3C  F021         	goto	l113
  4723   0041CE                     l2450:
  4724                           
  4725                           ;gpio.c: 17:             TRISD |= (1 << pin_number);
  4726   0041CE  C505  F506         	movff	set_pin_input@pin_number,??_set_pin_input
  4727   0041D2  0E01               	movlw	1
  4728   0041D4  6E07               	movwf	(??_set_pin_input+1)^(0+1280),c
  4729   0041D6  2A06               	incf	??_set_pin_input^(0+1280),f,c
  4730   0041D8  EFF0  F020         	goto	u1534
  4731   0041DC                     u1535:
  4732   0041DC  90D8               	bcf	status,0,c
  4733   0041DE  3607               	rlcf	(??_set_pin_input+1)^(0+1280),f,c
  4734   0041E0                     u1534:
  4735   0041E0  2E06               	decfsz	??_set_pin_input^(0+1280),f,c
  4736   0041E2  EFEE  F020         	goto	u1535
  4737   0041E6  5007               	movf	(??_set_pin_input+1)^(0+1280),w,c
  4738   0041E8  12C9               	iorwf	201,f,c	;volatile
  4739                           
  4740                           ;gpio.c: 18:             break;
  4741   0041EA  EF3C  F021         	goto	l113
  4742   0041EE                     l2452:
  4743                           
  4744                           ;gpio.c: 20:             TRISE |= (1 << pin_number);
  4745   0041EE  C505  F506         	movff	set_pin_input@pin_number,??_set_pin_input
  4746   0041F2  0E01               	movlw	1
  4747   0041F4  6E07               	movwf	(??_set_pin_input+1)^(0+1280),c
  4748   0041F6  2A06               	incf	??_set_pin_input^(0+1280),f,c
  4749   0041F8  EF00  F021         	goto	u1544
  4750   0041FC                     u1545:
  4751   0041FC  90D8               	bcf	status,0,c
  4752   0041FE  3607               	rlcf	(??_set_pin_input+1)^(0+1280),f,c
  4753   004200                     u1544:
  4754   004200  2E06               	decfsz	??_set_pin_input^(0+1280),f,c
  4755   004202  EFFE  F020         	goto	u1545
  4756   004206  5007               	movf	(??_set_pin_input+1)^(0+1280),w,c
  4757   004208  12CA               	iorwf	202,f,c	;volatile
  4758                           
  4759                           ;gpio.c: 21:             break;
  4760   00420A  EF3C  F021         	goto	l113
  4761   00420E                     l2454:
  4762                           
  4763                           ;gpio.c: 23:             TRISF |= (1 << pin_number);
  4764   00420E  C505  F506         	movff	set_pin_input@pin_number,??_set_pin_input
  4765   004212  0E01               	movlw	1
  4766   004214  6E07               	movwf	(??_set_pin_input+1)^(0+1280),c
  4767   004216  2A06               	incf	??_set_pin_input^(0+1280),f,c
  4768   004218  EF10  F021         	goto	u1554
  4769   00421C                     u1555:
  4770   00421C  90D8               	bcf	status,0,c
  4771   00421E  3607               	rlcf	(??_set_pin_input+1)^(0+1280),f,c
  4772   004220                     u1554:
  4773   004220  2E06               	decfsz	??_set_pin_input^(0+1280),f,c
  4774   004222  EF0E  F021         	goto	u1555
  4775   004226  5007               	movf	(??_set_pin_input+1)^(0+1280),w,c
  4776   004228  12CB               	iorwf	203,f,c	;volatile
  4777                           
  4778                           ;gpio.c: 24:             break;
  4779   00422A  EF3C  F021         	goto	l113
  4780   00422E                     l2458:
  4781   00422E  5008               	movf	set_pin_input@port_name^(0+1280),w,c
  4782   004230  6E06               	movwf	??_set_pin_input^(0+1280),c
  4783   004232  6A07               	clrf	(??_set_pin_input+1)^(0+1280),c
  4784                           
  4785                           ; Switch on 2 bytes has been partitioned into a top level switch of size 1, and 1 sub-sw
      +                          itches
  4786                           ; Switch size 1, requested type "simple"
  4787                           ; Number of cases is 1, Range of values is 0 to 0
  4788                           ; switch strategies available:
  4789                           ; Name         Instructions Cycles
  4790                           ; simple_byte            4     3 (average)
  4791                           ;	Chosen strategy is simple_byte
  4792   004234  5007               	movf	(??_set_pin_input+1)^(0+1280),w,c
  4793   004236  0A00               	xorlw	0	; case 0
  4794   004238  B4D8               	btfsc	status,2,c
  4795   00423A  EF21  F021         	goto	l3292
  4796   00423E  EF3C  F021         	goto	l113
  4797   004242                     l3292:
  4798                           
  4799                           ; Switch size 1, requested type "simple"
  4800                           ; Number of cases is 6, Range of values is 65 to 70
  4801                           ; switch strategies available:
  4802                           ; Name         Instructions Cycles
  4803                           ; simple_byte           19    10 (average)
  4804                           ;	Chosen strategy is simple_byte
  4805   004242  5006               	movf	??_set_pin_input^(0+1280),w,c
  4806   004244  0A41               	xorlw	65	; case 65
  4807   004246  B4D8               	btfsc	status,2,c
  4808   004248  EFB7  F020         	goto	l2444
  4809   00424C  0A03               	xorlw	3	; case 66
  4810   00424E  B4D8               	btfsc	status,2,c
  4811   004250  EFC7  F020         	goto	l2446
  4812   004254  0A01               	xorlw	1	; case 67
  4813   004256  B4D8               	btfsc	status,2,c
  4814   004258  EFD7  F020         	goto	l2448
  4815   00425C  0A07               	xorlw	7	; case 68
  4816   00425E  B4D8               	btfsc	status,2,c
  4817   004260  EFE7  F020         	goto	l2450
  4818   004264  0A01               	xorlw	1	; case 69
  4819   004266  B4D8               	btfsc	status,2,c
  4820   004268  EFF7  F020         	goto	l2452
  4821   00426C  0A03               	xorlw	3	; case 70
  4822   00426E  B4D8               	btfsc	status,2,c
  4823   004270  EF07  F021         	goto	l2454
  4824   004274  EF3C  F021         	goto	l113
  4825   004278                     l113:
  4826   004278  0012               	return		;funcret
  4827   00427A                     __end_of_set_pin_input:
  4828                           	callstack 0
  4829                           
  4830 ;; *************** function _set_pin_digital_mode *****************
  4831 ;; Defined at:
  4832 ;;		line 57 in file "gpio.c"
  4833 ;; Parameters:    Size  Location     Type
  4834 ;;  port_name       1    wreg     enum E17440
  4835 ;;  pin_number      1    4[COMRAM] unsigned char 
  4836 ;; Auto vars:     Size  Location     Type
  4837 ;;  port_name       1    7[COMRAM] enum E17440
  4838 ;; Return value:  Size  Location     Type
  4839 ;;                  1    wreg      void 
  4840 ;; Registers used:
  4841 ;;		wreg, status,2, status,0
  4842 ;; Tracked objects:
  4843 ;;		On entry : 0/0
  4844 ;;		On exit  : 0/0
  4845 ;;		Unchanged: 0/0
  4846 ;; Data sizes:     COMRAM   BANK5   BANK6   BANK7   BANK8   BANK9  BANK10  BANK11  BANK12  BANK13  BANK14  BANK15  BANK1
      +6  BANK17  BANK18  BANK19  BANK20  BANK21  BANK22  BANK23  BANK24  BANK25  BANK26  BANK27  BANK28  BANK29  BANK30  BANK3
      +1  BANK32  BANK33  BANK34  BANK35  BANK36
  4847 ;;      Params:         1       0       0       0       0       0       0       0       0       0       0       0       
      +0       0       0       0       0       0       0       0       0       0       0       0       0       0       0       
      +0       0       0       0       0       0
  4848 ;;      Locals:         1       0       0       0       0       0       0       0       0       0       0       0       
      +0       0       0       0       0       0       0       0       0       0       0       0       0       0       0       
      +0       0       0       0       0       0
  4849 ;;      Temps:          2       0       0       0       0       0       0       0       0       0       0       0       
      +0       0       0       0       0       0       0       0       0       0       0       0       0       0       0       
      +0       0       0       0       0       0
  4850 ;;      Totals:         4       0       0       0       0       0       0       0       0       0       0       0       
      +0       0       0       0       0       0       0       0       0       0       0       0       0       0       0       
      +0       0       0       0       0       0
  4851 ;;Total ram usage:        4 bytes
  4852 ;; Hardware stack levels used: 1
  4853 ;; Hardware stack levels required when called: 1
  4854 ;; This function calls:
  4855 ;;		Nothing
  4856 ;; This function is called by:
  4857 ;;		_configure_pin
  4858 ;; This function uses a non-reentrant model
  4859 ;;
  4860                           
  4861                           	psect	text29
  4862   003630                     __ptext29:
  4863                           	callstack 0
  4864   003630                     _set_pin_digital_mode:
  4865                           	callstack 123
  4866                           
  4867                           ;incstack = 0
  4868                           ;set_pin_digital_mode@port_name stored from wreg
  4869   003630  6E08               	movwf	set_pin_digital_mode@port_name^(0+1280),c
  4870   003632                     
  4871                           ;gpio.c: 57: void set_pin_digital_mode(PortName_t port_name, uint8_t pin_number);gpio.c:
      +                           58: {;gpio.c: 59:     switch(port_name)
  4872   003632  EF87  F01B         	goto	l2502
  4873   003636                     l2488:
  4874                           
  4875                           ;gpio.c: 62:             ANSELA &= ~(1 << pin_number);
  4876   003636  C505  F506         	movff	set_pin_digital_mode@pin_number,??_set_pin_digital_mode
  4877   00363A  0E01               	movlw	1
  4878   00363C  6E07               	movwf	(??_set_pin_digital_mode+1)^(0+1280),c
  4879   00363E  2A06               	incf	??_set_pin_digital_mode^(0+1280),f,c
  4880   003640  EF24  F01B         	goto	u1624
  4881   003644                     u1625:
  4882   003644  90D8               	bcf	status,0,c
  4883   003646  3607               	rlcf	(??_set_pin_digital_mode+1)^(0+1280),f,c
  4884   003648                     u1624:
  4885   003648  2E06               	decfsz	??_set_pin_digital_mode^(0+1280),f,c
  4886   00364A  EF22  F01B         	goto	u1625
  4887   00364E  5007               	movf	(??_set_pin_digital_mode+1)^(0+1280),w,c
  4888   003650  0AFF               	xorlw	255
  4889   003652  0104               	movlb	4	; () banked
  4890   003654  1700               	andwf	0,f,b	;volatile
  4891                           
  4892                           ;gpio.c: 63:             break;
  4893   003656  EFAC  F01B         	goto	l137
  4894   00365A                     l2490:
  4895                           
  4896                           ;gpio.c: 65:             ANSELB &= ~(1 << pin_number);
  4897   00365A  C505  F506         	movff	set_pin_digital_mode@pin_number,??_set_pin_digital_mode
  4898   00365E  0E01               	movlw	1
  4899   003660  6E07               	movwf	(??_set_pin_digital_mode+1)^(0+1280),c
  4900   003662  2A06               	incf	??_set_pin_digital_mode^(0+1280),f,c
  4901   003664  EF36  F01B         	goto	u1634
  4902   003668                     u1635:
  4903   003668  90D8               	bcf	status,0,c
  4904   00366A  3607               	rlcf	(??_set_pin_digital_mode+1)^(0+1280),f,c
  4905   00366C                     u1634:
  4906   00366C  2E06               	decfsz	??_set_pin_digital_mode^(0+1280),f,c
  4907   00366E  EF34  F01B         	goto	u1635
  4908   003672  5007               	movf	(??_set_pin_digital_mode+1)^(0+1280),w,c
  4909   003674  0AFF               	xorlw	255
  4910   003676  0104               	movlb	4	; () banked
  4911   003678  1708               	andwf	8,f,b	;volatile
  4912                           
  4913                           ;gpio.c: 66:             break;
  4914   00367A  EFAC  F01B         	goto	l137
  4915   00367E                     l2492:
  4916                           
  4917                           ;gpio.c: 68:             ANSELC &= ~(1 << pin_number);
  4918   00367E  C505  F506         	movff	set_pin_digital_mode@pin_number,??_set_pin_digital_mode
  4919   003682  0E01               	movlw	1
  4920   003684  6E07               	movwf	(??_set_pin_digital_mode+1)^(0+1280),c
  4921   003686  2A06               	incf	??_set_pin_digital_mode^(0+1280),f,c
  4922   003688  EF48  F01B         	goto	u1644
  4923   00368C                     u1645:
  4924   00368C  90D8               	bcf	status,0,c
  4925   00368E  3607               	rlcf	(??_set_pin_digital_mode+1)^(0+1280),f,c
  4926   003690                     u1644:
  4927   003690  2E06               	decfsz	??_set_pin_digital_mode^(0+1280),f,c
  4928   003692  EF46  F01B         	goto	u1645
  4929   003696  5007               	movf	(??_set_pin_digital_mode+1)^(0+1280),w,c
  4930   003698  0AFF               	xorlw	255
  4931   00369A  0104               	movlb	4	; () banked
  4932   00369C  1710               	andwf	16,f,b	;volatile
  4933                           
  4934                           ;gpio.c: 69:             break;
  4935   00369E  EFAC  F01B         	goto	l137
  4936   0036A2                     l2494:
  4937                           
  4938                           ;gpio.c: 71:             ANSELD &= ~(1 << pin_number);
  4939   0036A2  C505  F506         	movff	set_pin_digital_mode@pin_number,??_set_pin_digital_mode
  4940   0036A6  0E01               	movlw	1
  4941   0036A8  6E07               	movwf	(??_set_pin_digital_mode+1)^(0+1280),c
  4942   0036AA  2A06               	incf	??_set_pin_digital_mode^(0+1280),f,c
  4943   0036AC  EF5A  F01B         	goto	u1654
  4944   0036B0                     u1655:
  4945   0036B0  90D8               	bcf	status,0,c
  4946   0036B2  3607               	rlcf	(??_set_pin_digital_mode+1)^(0+1280),f,c
  4947   0036B4                     u1654:
  4948   0036B4  2E06               	decfsz	??_set_pin_digital_mode^(0+1280),f,c
  4949   0036B6  EF58  F01B         	goto	u1655
  4950   0036BA  5007               	movf	(??_set_pin_digital_mode+1)^(0+1280),w,c
  4951   0036BC  0AFF               	xorlw	255
  4952   0036BE  0104               	movlb	4	; () banked
  4953   0036C0  1718               	andwf	24,f,b	;volatile
  4954                           
  4955                           ;gpio.c: 72:             break;
  4956   0036C2  EFAC  F01B         	goto	l137
  4957   0036C6                     l2496:
  4958                           
  4959                           ;gpio.c: 74:             ANSELE &= ~(1 << pin_number);
  4960   0036C6  C505  F506         	movff	set_pin_digital_mode@pin_number,??_set_pin_digital_mode
  4961   0036CA  0E01               	movlw	1
  4962   0036CC  6E07               	movwf	(??_set_pin_digital_mode+1)^(0+1280),c
  4963   0036CE  2A06               	incf	??_set_pin_digital_mode^(0+1280),f,c
  4964   0036D0  EF6C  F01B         	goto	u1664
  4965   0036D4                     u1665:
  4966   0036D4  90D8               	bcf	status,0,c
  4967   0036D6  3607               	rlcf	(??_set_pin_digital_mode+1)^(0+1280),f,c
  4968   0036D8                     u1664:
  4969   0036D8  2E06               	decfsz	??_set_pin_digital_mode^(0+1280),f,c
  4970   0036DA  EF6A  F01B         	goto	u1665
  4971   0036DE  5007               	movf	(??_set_pin_digital_mode+1)^(0+1280),w,c
  4972   0036E0  0AFF               	xorlw	255
  4973   0036E2  0104               	movlb	4	; () banked
  4974   0036E4  1720               	andwf	32,f,b	;volatile
  4975                           
  4976                           ;gpio.c: 75:             break;
  4977   0036E6  EFAC  F01B         	goto	l137
  4978   0036EA                     l2498:
  4979                           
  4980                           ;gpio.c: 77:             ANSELF &= ~(1 << pin_number);
  4981   0036EA  C505  F506         	movff	set_pin_digital_mode@pin_number,??_set_pin_digital_mode
  4982   0036EE  0E01               	movlw	1
  4983   0036F0  6E07               	movwf	(??_set_pin_digital_mode+1)^(0+1280),c
  4984   0036F2  2A06               	incf	??_set_pin_digital_mode^(0+1280),f,c
  4985   0036F4  EF7E  F01B         	goto	u1674
  4986   0036F8                     u1675:
  4987   0036F8  90D8               	bcf	status,0,c
  4988   0036FA  3607               	rlcf	(??_set_pin_digital_mode+1)^(0+1280),f,c
  4989   0036FC                     u1674:
  4990   0036FC  2E06               	decfsz	??_set_pin_digital_mode^(0+1280),f,c
  4991   0036FE  EF7C  F01B         	goto	u1675
  4992   003702  5007               	movf	(??_set_pin_digital_mode+1)^(0+1280),w,c
  4993   003704  0AFF               	xorlw	255
  4994   003706  0104               	movlb	4	; () banked
  4995   003708  1728               	andwf	40,f,b	;volatile
  4996                           
  4997                           ;gpio.c: 78:             break;
  4998   00370A  EFAC  F01B         	goto	l137
  4999   00370E                     l2502:
  5000   00370E  5008               	movf	set_pin_digital_mode@port_name^(0+1280),w,c
  5001   003710  6E06               	movwf	??_set_pin_digital_mode^(0+1280),c
  5002   003712  6A07               	clrf	(??_set_pin_digital_mode+1)^(0+1280),c
  5003                           
  5004                           ; Switch on 2 bytes has been partitioned into a top level switch of size 1, and 1 sub-sw
      +                          itches
  5005                           ; Switch size 1, requested type "simple"
  5006                           ; Number of cases is 1, Range of values is 0 to 0
  5007                           ; switch strategies available:
  5008                           ; Name         Instructions Cycles
  5009                           ; simple_byte            4     3 (average)
  5010                           ;	Chosen strategy is simple_byte
  5011   003714  5007               	movf	(??_set_pin_digital_mode+1)^(0+1280),w,c
  5012   003716  0A00               	xorlw	0	; case 0
  5013   003718  B4D8               	btfsc	status,2,c
  5014   00371A  EF91  F01B         	goto	l3294
  5015   00371E  EFAC  F01B         	goto	l137
  5016   003722                     l3294:
  5017                           
  5018                           ; Switch size 1, requested type "simple"
  5019                           ; Number of cases is 6, Range of values is 65 to 70
  5020                           ; switch strategies available:
  5021                           ; Name         Instructions Cycles
  5022                           ; simple_byte           19    10 (average)
  5023                           ;	Chosen strategy is simple_byte
  5024   003722  5006               	movf	??_set_pin_digital_mode^(0+1280),w,c
  5025   003724  0A41               	xorlw	65	; case 65
  5026   003726  B4D8               	btfsc	status,2,c
  5027   003728  EF1B  F01B         	goto	l2488
  5028   00372C  0A03               	xorlw	3	; case 66
  5029   00372E  B4D8               	btfsc	status,2,c
  5030   003730  EF2D  F01B         	goto	l2490
  5031   003734  0A01               	xorlw	1	; case 67
  5032   003736  B4D8               	btfsc	status,2,c
  5033   003738  EF3F  F01B         	goto	l2492
  5034   00373C  0A07               	xorlw	7	; case 68
  5035   00373E  B4D8               	btfsc	status,2,c
  5036   003740  EF51  F01B         	goto	l2494
  5037   003744  0A01               	xorlw	1	; case 69
  5038   003746  B4D8               	btfsc	status,2,c
  5039   003748  EF63  F01B         	goto	l2496
  5040   00374C  0A03               	xorlw	3	; case 70
  5041   00374E  B4D8               	btfsc	status,2,c
  5042   003750  EF75  F01B         	goto	l2498
  5043   003754  EFAC  F01B         	goto	l137
  5044   003758                     l137:
  5045   003758  0012               	return		;funcret
  5046   00375A                     __end_of_set_pin_digital_mode:
  5047                           	callstack 0
  5048                           
  5049 ;; *************** function _set_pin_analog_mode *****************
  5050 ;; Defined at:
  5051 ;;		line 83 in file "gpio.c"
  5052 ;; Parameters:    Size  Location     Type
  5053 ;;  port_name       1    wreg     enum E17440
  5054 ;;  pin_number      1    4[COMRAM] unsigned char 
  5055 ;; Auto vars:     Size  Location     Type
  5056 ;;  port_name       1    7[COMRAM] enum E17440
  5057 ;; Return value:  Size  Location     Type
  5058 ;;                  1    wreg      void 
  5059 ;; Registers used:
  5060 ;;		wreg, status,2, status,0
  5061 ;; Tracked objects:
  5062 ;;		On entry : 0/0
  5063 ;;		On exit  : 0/0
  5064 ;;		Unchanged: 0/0
  5065 ;; Data sizes:     COMRAM   BANK5   BANK6   BANK7   BANK8   BANK9  BANK10  BANK11  BANK12  BANK13  BANK14  BANK15  BANK1
      +6  BANK17  BANK18  BANK19  BANK20  BANK21  BANK22  BANK23  BANK24  BANK25  BANK26  BANK27  BANK28  BANK29  BANK30  BANK3
      +1  BANK32  BANK33  BANK34  BANK35  BANK36
  5066 ;;      Params:         1       0       0       0       0       0       0       0       0       0       0       0       
      +0       0       0       0       0       0       0       0       0       0       0       0       0       0       0       
      +0       0       0       0       0       0
  5067 ;;      Locals:         1       0       0       0       0       0       0       0       0       0       0       0       
      +0       0       0       0       0       0       0       0       0       0       0       0       0       0       0       
      +0       0       0       0       0       0
  5068 ;;      Temps:          2       0       0       0       0       0       0       0       0       0       0       0       
      +0       0       0       0       0       0       0       0       0       0       0       0       0       0       0       
      +0       0       0       0       0       0
  5069 ;;      Totals:         4       0       0       0       0       0       0       0       0       0       0       0       
      +0       0       0       0       0       0       0       0       0       0       0       0       0       0       0       
      +0       0       0       0       0       0
  5070 ;;Total ram usage:        4 bytes
  5071 ;; Hardware stack levels used: 1
  5072 ;; Hardware stack levels required when called: 1
  5073 ;; This function calls:
  5074 ;;		Nothing
  5075 ;; This function is called by:
  5076 ;;		_configure_pin
  5077 ;; This function uses a non-reentrant model
  5078 ;;
  5079                           
  5080                           	psect	text30
  5081   003F38                     __ptext30:
  5082                           	callstack 0
  5083   003F38                     _set_pin_analog_mode:
  5084                           	callstack 123
  5085                           
  5086                           ;incstack = 0
  5087                           ;set_pin_analog_mode@port_name stored from wreg
  5088   003F38  6E08               	movwf	set_pin_analog_mode@port_name^(0+1280),c
  5089   003F3A                     
  5090                           ;gpio.c: 83: void set_pin_analog_mode(PortName_t port_name, uint8_t pin_number);gpio.c: 
      +                          84: {;gpio.c: 85:     switch(port_name)
  5091   003F3A  EF05  F020         	goto	l2524
  5092   003F3E                     l2510:
  5093                           
  5094                           ;gpio.c: 88:             ANSELA |= (1 << pin_number);
  5095   003F3E  C505  F506         	movff	set_pin_analog_mode@pin_number,??_set_pin_analog_mode
  5096   003F42  0E01               	movlw	1
  5097   003F44  6E07               	movwf	(??_set_pin_analog_mode+1)^(0+1280),c
  5098   003F46  2A06               	incf	??_set_pin_analog_mode^(0+1280),f,c
  5099   003F48  EFA8  F01F         	goto	u1684
  5100   003F4C                     u1685:
  5101   003F4C  90D8               	bcf	status,0,c
  5102   003F4E  3607               	rlcf	(??_set_pin_analog_mode+1)^(0+1280),f,c
  5103   003F50                     u1684:
  5104   003F50  2E06               	decfsz	??_set_pin_analog_mode^(0+1280),f,c
  5105   003F52  EFA6  F01F         	goto	u1685
  5106   003F56  5007               	movf	(??_set_pin_analog_mode+1)^(0+1280),w,c
  5107   003F58  0104               	movlb	4	; () banked
  5108   003F5A  1300               	iorwf	0,f,b	;volatile
  5109                           
  5110                           ;gpio.c: 89:             break;
  5111   003F5C  EF2A  F020         	goto	l149
  5112   003F60                     l2512:
  5113                           
  5114                           ;gpio.c: 91:             ANSELB |= (1 << pin_number);
  5115   003F60  C505  F506         	movff	set_pin_analog_mode@pin_number,??_set_pin_analog_mode
  5116   003F64  0E01               	movlw	1
  5117   003F66  6E07               	movwf	(??_set_pin_analog_mode+1)^(0+1280),c
  5118   003F68  2A06               	incf	??_set_pin_analog_mode^(0+1280),f,c
  5119   003F6A  EFB9  F01F         	goto	u1694
  5120   003F6E                     u1695:
  5121   003F6E  90D8               	bcf	status,0,c
  5122   003F70  3607               	rlcf	(??_set_pin_analog_mode+1)^(0+1280),f,c
  5123   003F72                     u1694:
  5124   003F72  2E06               	decfsz	??_set_pin_analog_mode^(0+1280),f,c
  5125   003F74  EFB7  F01F         	goto	u1695
  5126   003F78  5007               	movf	(??_set_pin_analog_mode+1)^(0+1280),w,c
  5127   003F7A  0104               	movlb	4	; () banked
  5128   003F7C  1308               	iorwf	8,f,b	;volatile
  5129                           
  5130                           ;gpio.c: 92:             break;
  5131   003F7E  EF2A  F020         	goto	l149
  5132   003F82                     l2514:
  5133                           
  5134                           ;gpio.c: 94:             ANSELC |= (1 << pin_number);
  5135   003F82  C505  F506         	movff	set_pin_analog_mode@pin_number,??_set_pin_analog_mode
  5136   003F86  0E01               	movlw	1
  5137   003F88  6E07               	movwf	(??_set_pin_analog_mode+1)^(0+1280),c
  5138   003F8A  2A06               	incf	??_set_pin_analog_mode^(0+1280),f,c
  5139   003F8C  EFCA  F01F         	goto	u1704
  5140   003F90                     u1705:
  5141   003F90  90D8               	bcf	status,0,c
  5142   003F92  3607               	rlcf	(??_set_pin_analog_mode+1)^(0+1280),f,c
  5143   003F94                     u1704:
  5144   003F94  2E06               	decfsz	??_set_pin_analog_mode^(0+1280),f,c
  5145   003F96  EFC8  F01F         	goto	u1705
  5146   003F9A  5007               	movf	(??_set_pin_analog_mode+1)^(0+1280),w,c
  5147   003F9C  0104               	movlb	4	; () banked
  5148   003F9E  1310               	iorwf	16,f,b	;volatile
  5149                           
  5150                           ;gpio.c: 95:             break;
  5151   003FA0  EF2A  F020         	goto	l149
  5152   003FA4                     l2516:
  5153                           
  5154                           ;gpio.c: 97:             ANSELD |= (1 << pin_number);
  5155   003FA4  C505  F506         	movff	set_pin_analog_mode@pin_number,??_set_pin_analog_mode
  5156   003FA8  0E01               	movlw	1
  5157   003FAA  6E07               	movwf	(??_set_pin_analog_mode+1)^(0+1280),c
  5158   003FAC  2A06               	incf	??_set_pin_analog_mode^(0+1280),f,c
  5159   003FAE  EFDB  F01F         	goto	u1714
  5160   003FB2                     u1715:
  5161   003FB2  90D8               	bcf	status,0,c
  5162   003FB4  3607               	rlcf	(??_set_pin_analog_mode+1)^(0+1280),f,c
  5163   003FB6                     u1714:
  5164   003FB6  2E06               	decfsz	??_set_pin_analog_mode^(0+1280),f,c
  5165   003FB8  EFD9  F01F         	goto	u1715
  5166   003FBC  5007               	movf	(??_set_pin_analog_mode+1)^(0+1280),w,c
  5167   003FBE  0104               	movlb	4	; () banked
  5168   003FC0  1318               	iorwf	24,f,b	;volatile
  5169                           
  5170                           ;gpio.c: 98:             break;
  5171   003FC2  EF2A  F020         	goto	l149
  5172   003FC6                     l2518:
  5173                           
  5174                           ;gpio.c: 100:             ANSELE |= (1 << pin_number);
  5175   003FC6  C505  F506         	movff	set_pin_analog_mode@pin_number,??_set_pin_analog_mode
  5176   003FCA  0E01               	movlw	1
  5177   003FCC  6E07               	movwf	(??_set_pin_analog_mode+1)^(0+1280),c
  5178   003FCE  2A06               	incf	??_set_pin_analog_mode^(0+1280),f,c
  5179   003FD0  EFEC  F01F         	goto	u1724
  5180   003FD4                     u1725:
  5181   003FD4  90D8               	bcf	status,0,c
  5182   003FD6  3607               	rlcf	(??_set_pin_analog_mode+1)^(0+1280),f,c
  5183   003FD8                     u1724:
  5184   003FD8  2E06               	decfsz	??_set_pin_analog_mode^(0+1280),f,c
  5185   003FDA  EFEA  F01F         	goto	u1725
  5186   003FDE  5007               	movf	(??_set_pin_analog_mode+1)^(0+1280),w,c
  5187   003FE0  0104               	movlb	4	; () banked
  5188   003FE2  1320               	iorwf	32,f,b	;volatile
  5189                           
  5190                           ;gpio.c: 101:             break;
  5191   003FE4  EF2A  F020         	goto	l149
  5192   003FE8                     l2520:
  5193                           
  5194                           ;gpio.c: 103:             ANSELF |= (1 << pin_number);
  5195   003FE8  C505  F506         	movff	set_pin_analog_mode@pin_number,??_set_pin_analog_mode
  5196   003FEC  0E01               	movlw	1
  5197   003FEE  6E07               	movwf	(??_set_pin_analog_mode+1)^(0+1280),c
  5198   003FF0  2A06               	incf	??_set_pin_analog_mode^(0+1280),f,c
  5199   003FF2  EFFD  F01F         	goto	u1734
  5200   003FF6                     u1735:
  5201   003FF6  90D8               	bcf	status,0,c
  5202   003FF8  3607               	rlcf	(??_set_pin_analog_mode+1)^(0+1280),f,c
  5203   003FFA                     u1734:
  5204   003FFA  2E06               	decfsz	??_set_pin_analog_mode^(0+1280),f,c
  5205   003FFC  EFFB  F01F         	goto	u1735
  5206   004000  5007               	movf	(??_set_pin_analog_mode+1)^(0+1280),w,c
  5207   004002  0104               	movlb	4	; () banked
  5208   004004  1328               	iorwf	40,f,b	;volatile
  5209                           
  5210                           ;gpio.c: 104:             break;
  5211   004006  EF2A  F020         	goto	l149
  5212   00400A                     l2524:
  5213   00400A  5008               	movf	set_pin_analog_mode@port_name^(0+1280),w,c
  5214   00400C  6E06               	movwf	??_set_pin_analog_mode^(0+1280),c
  5215   00400E  6A07               	clrf	(??_set_pin_analog_mode+1)^(0+1280),c
  5216                           
  5217                           ; Switch on 2 bytes has been partitioned into a top level switch of size 1, and 1 sub-sw
      +                          itches
  5218                           ; Switch size 1, requested type "simple"
  5219                           ; Number of cases is 1, Range of values is 0 to 0
  5220                           ; switch strategies available:
  5221                           ; Name         Instructions Cycles
  5222                           ; simple_byte            4     3 (average)
  5223                           ;	Chosen strategy is simple_byte
  5224   004010  5007               	movf	(??_set_pin_analog_mode+1)^(0+1280),w,c
  5225   004012  0A00               	xorlw	0	; case 0
  5226   004014  B4D8               	btfsc	status,2,c
  5227   004016  EF0F  F020         	goto	l3296
  5228   00401A  EF2A  F020         	goto	l149
  5229   00401E                     l3296:
  5230                           
  5231                           ; Switch size 1, requested type "simple"
  5232                           ; Number of cases is 6, Range of values is 65 to 70
  5233                           ; switch strategies available:
  5234                           ; Name         Instructions Cycles
  5235                           ; simple_byte           19    10 (average)
  5236                           ;	Chosen strategy is simple_byte
  5237   00401E  5006               	movf	??_set_pin_analog_mode^(0+1280),w,c
  5238   004020  0A41               	xorlw	65	; case 65
  5239   004022  B4D8               	btfsc	status,2,c
  5240   004024  EF9F  F01F         	goto	l2510
  5241   004028  0A03               	xorlw	3	; case 66
  5242   00402A  B4D8               	btfsc	status,2,c
  5243   00402C  EFB0  F01F         	goto	l2512
  5244   004030  0A01               	xorlw	1	; case 67
  5245   004032  B4D8               	btfsc	status,2,c
  5246   004034  EFC1  F01F         	goto	l2514
  5247   004038  0A07               	xorlw	7	; case 68
  5248   00403A  B4D8               	btfsc	status,2,c
  5249   00403C  EFD2  F01F         	goto	l2516
  5250   004040  0A01               	xorlw	1	; case 69
  5251   004042  B4D8               	btfsc	status,2,c
  5252   004044  EFE3  F01F         	goto	l2518
  5253   004048  0A03               	xorlw	3	; case 70
  5254   00404A  B4D8               	btfsc	status,2,c
  5255   00404C  EFF4  F01F         	goto	l2520
  5256   004050  EF2A  F020         	goto	l149
  5257   004054                     l149:
  5258   004054  0012               	return		;funcret
  5259   004056                     __end_of_set_pin_analog_mode:
  5260                           	callstack 0
  5261                           
  5262 ;; *************** function _reset_pin_pullup *****************
  5263 ;; Defined at:
  5264 ;;		line 137 in file "gpio.c"
  5265 ;; Parameters:    Size  Location     Type
  5266 ;;  port_name       1    wreg     enum E17440
  5267 ;;  pin_number      1    4[COMRAM] unsigned char 
  5268 ;; Auto vars:     Size  Location     Type
  5269 ;;  port_name       1    7[COMRAM] enum E17440
  5270 ;; Return value:  Size  Location     Type
  5271 ;;                  1    wreg      void 
  5272 ;; Registers used:
  5273 ;;		wreg, status,2, status,0
  5274 ;; Tracked objects:
  5275 ;;		On entry : 0/0
  5276 ;;		On exit  : 0/0
  5277 ;;		Unchanged: 0/0
  5278 ;; Data sizes:     COMRAM   BANK5   BANK6   BANK7   BANK8   BANK9  BANK10  BANK11  BANK12  BANK13  BANK14  BANK15  BANK1
      +6  BANK17  BANK18  BANK19  BANK20  BANK21  BANK22  BANK23  BANK24  BANK25  BANK26  BANK27  BANK28  BANK29  BANK30  BANK3
      +1  BANK32  BANK33  BANK34  BANK35  BANK36
  5279 ;;      Params:         1       0       0       0       0       0       0       0       0       0       0       0       
      +0       0       0       0       0       0       0       0       0       0       0       0       0       0       0       
      +0       0       0       0       0       0
  5280 ;;      Locals:         1       0       0       0       0       0       0       0       0       0       0       0       
      +0       0       0       0       0       0       0       0       0       0       0       0       0       0       0       
      +0       0       0       0       0       0
  5281 ;;      Temps:          2       0       0       0       0       0       0       0       0       0       0       0       
      +0       0       0       0       0       0       0       0       0       0       0       0       0       0       0       
      +0       0       0       0       0       0
  5282 ;;      Totals:         4       0       0       0       0       0       0       0       0       0       0       0       
      +0       0       0       0       0       0       0       0       0       0       0       0       0       0       0       
      +0       0       0       0       0       0
  5283 ;;Total ram usage:        4 bytes
  5284 ;; Hardware stack levels used: 1
  5285 ;; Hardware stack levels required when called: 1
  5286 ;; This function calls:
  5287 ;;		Nothing
  5288 ;; This function is called by:
  5289 ;;		_configure_pin
  5290 ;; This function uses a non-reentrant model
  5291 ;;
  5292                           
  5293                           	psect	text31
  5294   00375A                     __ptext31:
  5295                           	callstack 0
  5296   00375A                     _reset_pin_pullup:
  5297                           	callstack 123
  5298                           
  5299                           ;incstack = 0
  5300                           ;reset_pin_pullup@port_name stored from wreg
  5301   00375A  6E08               	movwf	reset_pin_pullup@port_name^(0+1280),c
  5302   00375C                     
  5303                           ;gpio.c: 137: void reset_pin_pullup(PortName_t port_name, uint8_t pin_number);gpio.c: 13
      +                          8: {;gpio.c: 139:     switch(port_name)
  5304   00375C  EF1C  F01C         	goto	l2568
  5305   003760                     l2554:
  5306                           
  5307                           ;gpio.c: 142:             WPUA &= ~(1 << pin_number);
  5308   003760  C505  F506         	movff	reset_pin_pullup@pin_number,??_reset_pin_pullup
  5309   003764  0E01               	movlw	1
  5310   003766  6E07               	movwf	(??_reset_pin_pullup+1)^(0+1280),c
  5311   003768  2A06               	incf	??_reset_pin_pullup^(0+1280),f,c
  5312   00376A  EFB9  F01B         	goto	u1804
  5313   00376E                     u1805:
  5314   00376E  90D8               	bcf	status,0,c
  5315   003770  3607               	rlcf	(??_reset_pin_pullup+1)^(0+1280),f,c
  5316   003772                     u1804:
  5317   003772  2E06               	decfsz	??_reset_pin_pullup^(0+1280),f,c
  5318   003774  EFB7  F01B         	goto	u1805
  5319   003778  5007               	movf	(??_reset_pin_pullup+1)^(0+1280),w,c
  5320   00377A  0AFF               	xorlw	255
  5321   00377C  0104               	movlb	4	; () banked
  5322   00377E  1701               	andwf	1,f,b	;volatile
  5323                           
  5324                           ;gpio.c: 143:             break;
  5325   003780  EF41  F01C         	goto	l173
  5326   003784                     l2556:
  5327                           
  5328                           ;gpio.c: 145:             WPUB &= ~(1 << pin_number);
  5329   003784  C505  F506         	movff	reset_pin_pullup@pin_number,??_reset_pin_pullup
  5330   003788  0E01               	movlw	1
  5331   00378A  6E07               	movwf	(??_reset_pin_pullup+1)^(0+1280),c
  5332   00378C  2A06               	incf	??_reset_pin_pullup^(0+1280),f,c
  5333   00378E  EFCB  F01B         	goto	u1814
  5334   003792                     u1815:
  5335   003792  90D8               	bcf	status,0,c
  5336   003794  3607               	rlcf	(??_reset_pin_pullup+1)^(0+1280),f,c
  5337   003796                     u1814:
  5338   003796  2E06               	decfsz	??_reset_pin_pullup^(0+1280),f,c
  5339   003798  EFC9  F01B         	goto	u1815
  5340   00379C  5007               	movf	(??_reset_pin_pullup+1)^(0+1280),w,c
  5341   00379E  0AFF               	xorlw	255
  5342   0037A0  0104               	movlb	4	; () banked
  5343   0037A2  1709               	andwf	9,f,b	;volatile
  5344                           
  5345                           ;gpio.c: 146:             break;
  5346   0037A4  EF41  F01C         	goto	l173
  5347   0037A8                     l2558:
  5348                           
  5349                           ;gpio.c: 148:             WPUC &= ~(1 << pin_number);
  5350   0037A8  C505  F506         	movff	reset_pin_pullup@pin_number,??_reset_pin_pullup
  5351   0037AC  0E01               	movlw	1
  5352   0037AE  6E07               	movwf	(??_reset_pin_pullup+1)^(0+1280),c
  5353   0037B0  2A06               	incf	??_reset_pin_pullup^(0+1280),f,c
  5354   0037B2  EFDD  F01B         	goto	u1824
  5355   0037B6                     u1825:
  5356   0037B6  90D8               	bcf	status,0,c
  5357   0037B8  3607               	rlcf	(??_reset_pin_pullup+1)^(0+1280),f,c
  5358   0037BA                     u1824:
  5359   0037BA  2E06               	decfsz	??_reset_pin_pullup^(0+1280),f,c
  5360   0037BC  EFDB  F01B         	goto	u1825
  5361   0037C0  5007               	movf	(??_reset_pin_pullup+1)^(0+1280),w,c
  5362   0037C2  0AFF               	xorlw	255
  5363   0037C4  0104               	movlb	4	; () banked
  5364   0037C6  1711               	andwf	17,f,b	;volatile
  5365                           
  5366                           ;gpio.c: 149:             break;
  5367   0037C8  EF41  F01C         	goto	l173
  5368   0037CC                     l2560:
  5369                           
  5370                           ;gpio.c: 151:             WPUD &= ~(1 << pin_number);
  5371   0037CC  C505  F506         	movff	reset_pin_pullup@pin_number,??_reset_pin_pullup
  5372   0037D0  0E01               	movlw	1
  5373   0037D2  6E07               	movwf	(??_reset_pin_pullup+1)^(0+1280),c
  5374   0037D4  2A06               	incf	??_reset_pin_pullup^(0+1280),f,c
  5375   0037D6  EFEF  F01B         	goto	u1834
  5376   0037DA                     u1835:
  5377   0037DA  90D8               	bcf	status,0,c
  5378   0037DC  3607               	rlcf	(??_reset_pin_pullup+1)^(0+1280),f,c
  5379   0037DE                     u1834:
  5380   0037DE  2E06               	decfsz	??_reset_pin_pullup^(0+1280),f,c
  5381   0037E0  EFED  F01B         	goto	u1835
  5382   0037E4  5007               	movf	(??_reset_pin_pullup+1)^(0+1280),w,c
  5383   0037E6  0AFF               	xorlw	255
  5384   0037E8  0104               	movlb	4	; () banked
  5385   0037EA  1719               	andwf	25,f,b	;volatile
  5386                           
  5387                           ;gpio.c: 152:             break;
  5388   0037EC  EF41  F01C         	goto	l173
  5389   0037F0                     l2562:
  5390                           
  5391                           ;gpio.c: 154:             WPUE &= ~(1 << pin_number);
  5392   0037F0  C505  F506         	movff	reset_pin_pullup@pin_number,??_reset_pin_pullup
  5393   0037F4  0E01               	movlw	1
  5394   0037F6  6E07               	movwf	(??_reset_pin_pullup+1)^(0+1280),c
  5395   0037F8  2A06               	incf	??_reset_pin_pullup^(0+1280),f,c
  5396   0037FA  EF01  F01C         	goto	u1844
  5397   0037FE                     u1845:
  5398   0037FE  90D8               	bcf	status,0,c
  5399   003800  3607               	rlcf	(??_reset_pin_pullup+1)^(0+1280),f,c
  5400   003802                     u1844:
  5401   003802  2E06               	decfsz	??_reset_pin_pullup^(0+1280),f,c
  5402   003804  EFFF  F01B         	goto	u1845
  5403   003808  5007               	movf	(??_reset_pin_pullup+1)^(0+1280),w,c
  5404   00380A  0AFF               	xorlw	255
  5405   00380C  0104               	movlb	4	; () banked
  5406   00380E  1721               	andwf	33,f,b	;volatile
  5407                           
  5408                           ;gpio.c: 155:             break;
  5409   003810  EF41  F01C         	goto	l173
  5410   003814                     l2564:
  5411                           
  5412                           ;gpio.c: 157:             WPUF &= ~(1 << pin_number);
  5413   003814  C505  F506         	movff	reset_pin_pullup@pin_number,??_reset_pin_pullup
  5414   003818  0E01               	movlw	1
  5415   00381A  6E07               	movwf	(??_reset_pin_pullup+1)^(0+1280),c
  5416   00381C  2A06               	incf	??_reset_pin_pullup^(0+1280),f,c
  5417   00381E  EF13  F01C         	goto	u1854
  5418   003822                     u1855:
  5419   003822  90D8               	bcf	status,0,c
  5420   003824  3607               	rlcf	(??_reset_pin_pullup+1)^(0+1280),f,c
  5421   003826                     u1854:
  5422   003826  2E06               	decfsz	??_reset_pin_pullup^(0+1280),f,c
  5423   003828  EF11  F01C         	goto	u1855
  5424   00382C  5007               	movf	(??_reset_pin_pullup+1)^(0+1280),w,c
  5425   00382E  0AFF               	xorlw	255
  5426   003830  0104               	movlb	4	; () banked
  5427   003832  1729               	andwf	41,f,b	;volatile
  5428                           
  5429                           ;gpio.c: 158:             break;
  5430   003834  EF41  F01C         	goto	l173
  5431   003838                     l2568:
  5432   003838  5008               	movf	reset_pin_pullup@port_name^(0+1280),w,c
  5433   00383A  6E06               	movwf	??_reset_pin_pullup^(0+1280),c
  5434   00383C  6A07               	clrf	(??_reset_pin_pullup+1)^(0+1280),c
  5435                           
  5436                           ; Switch on 2 bytes has been partitioned into a top level switch of size 1, and 1 sub-sw
      +                          itches
  5437                           ; Switch size 1, requested type "simple"
  5438                           ; Number of cases is 1, Range of values is 0 to 0
  5439                           ; switch strategies available:
  5440                           ; Name         Instructions Cycles
  5441                           ; simple_byte            4     3 (average)
  5442                           ;	Chosen strategy is simple_byte
  5443   00383E  5007               	movf	(??_reset_pin_pullup+1)^(0+1280),w,c
  5444   003840  0A00               	xorlw	0	; case 0
  5445   003842  B4D8               	btfsc	status,2,c
  5446   003844  EF26  F01C         	goto	l3298
  5447   003848  EF41  F01C         	goto	l173
  5448   00384C                     l3298:
  5449                           
  5450                           ; Switch size 1, requested type "simple"
  5451                           ; Number of cases is 6, Range of values is 65 to 70
  5452                           ; switch strategies available:
  5453                           ; Name         Instructions Cycles
  5454                           ; simple_byte           19    10 (average)
  5455                           ;	Chosen strategy is simple_byte
  5456   00384C  5006               	movf	??_reset_pin_pullup^(0+1280),w,c
  5457   00384E  0A41               	xorlw	65	; case 65
  5458   003850  B4D8               	btfsc	status,2,c
  5459   003852  EFB0  F01B         	goto	l2554
  5460   003856  0A03               	xorlw	3	; case 66
  5461   003858  B4D8               	btfsc	status,2,c
  5462   00385A  EFC2  F01B         	goto	l2556
  5463   00385E  0A01               	xorlw	1	; case 67
  5464   003860  B4D8               	btfsc	status,2,c
  5465   003862  EFD4  F01B         	goto	l2558
  5466   003866  0A07               	xorlw	7	; case 68
  5467   003868  B4D8               	btfsc	status,2,c
  5468   00386A  EFE6  F01B         	goto	l2560
  5469   00386E  0A01               	xorlw	1	; case 69
  5470   003870  B4D8               	btfsc	status,2,c
  5471   003872  EFF8  F01B         	goto	l2562
  5472   003876  0A03               	xorlw	3	; case 70
  5473   003878  B4D8               	btfsc	status,2,c
  5474   00387A  EF0A  F01C         	goto	l2564
  5475   00387E  EF41  F01C         	goto	l173
  5476   003882                     l173:
  5477   003882  0012               	return		;funcret
  5478   003884                     __end_of_reset_pin_pullup:
  5479                           	callstack 0
  5480                           
  5481 ;; *************** function _Clock_Init *****************
  5482 ;; Defined at:
  5483 ;;		line 57 in file "config.c"
  5484 ;; Parameters:    Size  Location     Type
  5485 ;;		None
  5486 ;; Auto vars:     Size  Location     Type
  5487 ;;		None
  5488 ;; Return value:  Size  Location     Type
  5489 ;;                  1    wreg      void 
  5490 ;; Registers used:
  5491 ;;		wreg, status,2
  5492 ;; Tracked objects:
  5493 ;;		On entry : 0/0
  5494 ;;		On exit  : 0/0
  5495 ;;		Unchanged: 0/0
  5496 ;; Data sizes:     COMRAM   BANK5   BANK6   BANK7   BANK8   BANK9  BANK10  BANK11  BANK12  BANK13  BANK14  BANK15  BANK1
      +6  BANK17  BANK18  BANK19  BANK20  BANK21  BANK22  BANK23  BANK24  BANK25  BANK26  BANK27  BANK28  BANK29  BANK30  BANK3
      +1  BANK32  BANK33  BANK34  BANK35  BANK36
  5497 ;;      Params:         0       0       0       0       0       0       0       0       0       0       0       0       
      +0       0       0       0       0       0       0       0       0       0       0       0       0       0       0       
      +0       0       0       0       0       0
  5498 ;;      Locals:         0       0       0       0       0       0       0       0       0       0       0       0       
      +0       0       0       0       0       0       0       0       0       0       0       0       0       0       0       
      +0       0       0       0       0       0
  5499 ;;      Temps:          0       0       0       0       0       0       0       0       0       0       0       0       
      +0       0       0       0       0       0       0       0       0       0       0       0       0       0       0       
      +0       0       0       0       0       0
  5500 ;;      Totals:         0       0       0       0       0       0       0       0       0       0       0       0       
      +0       0       0       0       0       0       0       0       0       0       0       0       0       0       0       
      +0       0       0       0       0       0
  5501 ;;Total ram usage:        0 bytes
  5502 ;; Hardware stack levels used: 1
  5503 ;; Hardware stack levels required when called: 1
  5504 ;; This function calls:
  5505 ;;		Nothing
  5506 ;; This function is called by:
  5507 ;;		_main
  5508 ;; This function uses a non-reentrant model
  5509 ;;
  5510                           
  5511                           	psect	text32
  5512   004A62                     __ptext32:
  5513                           	callstack 0
  5514   004A62                     _Clock_Init:
  5515                           	callstack 125
  5516   004A62                     
  5517                           ;config.c: 59:     OSCCON1 = 0b0110000;
  5518   004A62  0E30               	movlw	48
  5519   004A64  0100               	movlb	0	; () banked
  5520   004A66  6FAD               	movwf	173,b	;volatile
  5521   004A68                     
  5522                           ; BSR set to: 0
  5523   004A68  0012               	return		;funcret
  5524   004A6A                     __end_of_Clock_Init:
  5525                           	callstack 0
  5526                           
  5527 ;; *************** function _INT_ISR *****************
  5528 ;; Defined at:
  5529 ;;		line 41 in file "interrupt.c"
  5530 ;; Parameters:    Size  Location     Type
  5531 ;;		None
  5532 ;; Auto vars:     Size  Location     Type
  5533 ;;  i               2    2[COMRAM] int 
  5534 ;; Return value:  Size  Location     Type
  5535 ;;                  1    wreg      void 
  5536 ;; Registers used:
  5537 ;;		wreg, fsr2l, fsr2h, status,2, status,0
  5538 ;; Tracked objects:
  5539 ;;		On entry : 0/0
  5540 ;;		On exit  : 0/0
  5541 ;;		Unchanged: 0/0
  5542 ;; Data sizes:     COMRAM   BANK5   BANK6   BANK7   BANK8   BANK9  BANK10  BANK11  BANK12  BANK13  BANK14  BANK15  BANK1
      +6  BANK17  BANK18  BANK19  BANK20  BANK21  BANK22  BANK23  BANK24  BANK25  BANK26  BANK27  BANK28  BANK29  BANK30  BANK3
      +1  BANK32  BANK33  BANK34  BANK35  BANK36
  5543 ;;      Params:         0       0       0       0       0       0       0       0       0       0       0       0       
      +0       0       0       0       0       0       0       0       0       0       0       0       0       0       0       
      +0       0       0       0       0       0
  5544 ;;      Locals:         2       0       0       0       0       0       0       0       0       0       0       0       
      +0       0       0       0       0       0       0       0       0       0       0       0       0       0       0       
      +0       0       0       0       0       0
  5545 ;;      Temps:          2       0       0       0       0       0       0       0       0       0       0       0       
      +0       0       0       0       0       0       0       0       0       0       0       0       0       0       0       
      +0       0       0       0       0       0
  5546 ;;      Totals:         4       0       0       0       0       0       0       0       0       0       0       0       
      +0       0       0       0       0       0       0       0       0       0       0       0       0       0       0       
      +0       0       0       0       0       0
  5547 ;;Total ram usage:        4 bytes
  5548 ;; Hardware stack levels used: 1
  5549 ;; This function calls:
  5550 ;;		Nothing
  5551 ;; This function is called by:
  5552 ;;		Interrupt level 2
  5553 ;; This function uses a non-reentrant model
  5554 ;;
  5555                           
  5556                           	psect	text33
  5557   003108                     __ptext33:
  5558                           	callstack 0
  5559   003108                     _INT_ISR:
  5560                           	callstack 121
  5561   003108                     
  5562                           ;interrupt.c: 44:     if(PIR3bits.TMR0IF == 1)
  5563   003108  AEB1               	btfss	177,7,c	;volatile
  5564   00310A  EF89  F018         	goto	i2u138_41
  5565   00310E  EF8B  F018         	goto	i2u138_40
  5566   003112                     i2u138_41:
  5567   003112  EF34  F019         	goto	i2l559
  5568   003116                     i2u138_40:
  5569   003116                     
  5570                           ;interrupt.c: 45:     {;interrupt.c: 46:         TMR0H = 0xC1;
  5571   003116  0EC1               	movlw	193
  5572   003118  0103               	movlb	3	; () banked
  5573   00311A  6F19               	movwf	25,b	;volatile
  5574                           
  5575                           ;interrupt.c: 47:         TMR0L = 0x7F;
  5576   00311C  0E7F               	movlw	127
  5577   00311E  6F18               	movwf	24,b	;volatile
  5578   003120                     
  5579                           ; BSR set to: 3
  5580                           ;interrupt.c: 48:         PIR3bits.TMR0IF = 0;
  5581   003120  9EB1               	bcf	177,7,c	;volatile
  5582                           
  5583                           ;interrupt.c: 50:         for(int i = 0; i < 2; ++i)
  5584   003122  0E00               	movlw	0
  5585   003124  6E04               	movwf	(INT_ISR@i+1)^(0+1280),c
  5586   003126  0E00               	movlw	0
  5587   003128  6E03               	movwf	INT_ISR@i^(0+1280),c
  5588   00312A                     i2l2040:
  5589                           
  5590                           ;interrupt.c: 51:         {;interrupt.c: 52:             if(button_flag[i] == 1)
  5591   00312A  0E3B               	movlw	low _button_flag
  5592   00312C  2403               	addwf	INT_ISR@i^(0+1280),w,c
  5593   00312E  6ED9               	movwf	fsr2l,c
  5594   003130  0E05               	movlw	high _button_flag
  5595   003132  2004               	addwfc	(INT_ISR@i+1)^(0+1280),w,c
  5596   003134  6EDA               	movwf	fsr2h,c
  5597   003136  04DE               	decf	postinc2,w,c
  5598   003138  A4D8               	btfss	status,2,c
  5599   00313A  EFA1  F018         	goto	i2u139_41
  5600   00313E  EFA3  F018         	goto	i2u139_40
  5601   003142                     i2u139_41:
  5602   003142  EF24  F019         	goto	i2l2072
  5603   003146                     i2u139_40:
  5604   003146                     
  5605                           ;interrupt.c: 53:             {;interrupt.c: 54:                 if(x[i] < 50)
  5606   003146  0E39               	movlw	low _x
  5607   003148  2403               	addwf	INT_ISR@i^(0+1280),w,c
  5608   00314A  6ED9               	movwf	fsr2l,c
  5609   00314C  0E05               	movlw	high _x
  5610   00314E  2004               	addwfc	(INT_ISR@i+1)^(0+1280),w,c
  5611   003150  6EDA               	movwf	fsr2h,c
  5612   003152  0E32               	movlw	50
  5613   003154  60DF               	cpfslt	indf2,c
  5614   003156  EFAF  F018         	goto	i2u140_41
  5615   00315A  EFB1  F018         	goto	i2u140_40
  5616   00315E                     i2u140_41:
  5617   00315E  EFFE  F018         	goto	i2l2068
  5618   003162                     i2u140_40:
  5619   003162                     
  5620                           ;interrupt.c: 55:                 {;interrupt.c: 56:                     x[i]++;
  5621   003162  0E39               	movlw	low _x
  5622   003164  2403               	addwf	INT_ISR@i^(0+1280),w,c
  5623   003166  6ED9               	movwf	fsr2l,c
  5624   003168  0E05               	movlw	high _x
  5625   00316A  2004               	addwfc	(INT_ISR@i+1)^(0+1280),w,c
  5626   00316C  6EDA               	movwf	fsr2h,c
  5627   00316E  2ADF               	incf	indf2,f,c
  5628                           
  5629                           ;interrupt.c: 58:                     switch(i)
  5630   003170  EFCE  F018         	goto	i2l2052
  5631   003174                     i2l565:
  5632                           
  5633                           ;interrupt.c: 62:                             if((PORTBbits.RB0 == 0))
  5634   003174  B0CF               	btfsc	207,0,c	;volatile
  5635   003176  EFBF  F018         	goto	i2u141_41
  5636   00317A  EFC1  F018         	goto	i2u141_40
  5637   00317E                     i2u141_41:
  5638   00317E  EF24  F019         	goto	i2l571
  5639   003182                     i2u141_40:
  5640   003182                     
  5641                           ;interrupt.c: 63:                             {;interrupt.c: 64:                        
      +                                   button_press_counter[0]++;
  5642   003182  2A37               	incf	_button_press_counter^(0+1280),f,c	;volatile
  5643   003184  EF24  F019         	goto	i2l2072
  5644   003188                     i2l568:
  5645                           
  5646                           ;interrupt.c: 70:                             if((PORTBbits.RB4 == 0))
  5647   003188  B8CF               	btfsc	207,4,c	;volatile
  5648   00318A  EFC9  F018         	goto	i2u142_41
  5649   00318E  EFCB  F018         	goto	i2u142_40
  5650   003192                     i2u142_41:
  5651   003192  EF24  F019         	goto	i2l571
  5652   003196                     i2u142_40:
  5653   003196                     
  5654                           ;interrupt.c: 71:                             {;interrupt.c: 72:                        
      +                                   button_press_counter[1]++;
  5655   003196  2A38               	incf	(_button_press_counter+1)^(0+1280),f,c	;volatile
  5656   003198  EF24  F019         	goto	i2l2072
  5657   00319C                     i2l2052:
  5658   00319C  C503  F501         	movff	INT_ISR@i,??_INT_ISR
  5659   0031A0  C504  F502         	movff	INT_ISR@i+1,??_INT_ISR+1
  5660                           
  5661                           ; Switch on 2 bytes has been partitioned into a top level switch of size 1, and 1 sub-sw
      +                          itches
  5662                           ; Switch size 1, requested type "simple"
  5663                           ; Number of cases is 1, Range of values is 0 to 0
  5664                           ; switch strategies available:
  5665                           ; Name         Instructions Cycles
  5666                           ; simple_byte            4     3 (average)
  5667                           ;	Chosen strategy is simple_byte
  5668   0031A4  5002               	movf	(??_INT_ISR+1)^(0+1280),w,c
  5669   0031A6  0A00               	xorlw	0	; case 0
  5670   0031A8  B4D8               	btfsc	status,2,c
  5671   0031AA  EFD9  F018         	goto	i2l3300
  5672   0031AE  EF24  F019         	goto	i2l571
  5673   0031B2                     i2l3300:
  5674                           
  5675                           ; Switch size 1, requested type "simple"
  5676                           ; Number of cases is 2, Range of values is 0 to 1
  5677                           ; switch strategies available:
  5678                           ; Name         Instructions Cycles
  5679                           ; simple_byte            7     4 (average)
  5680                           ;	Chosen strategy is simple_byte
  5681   0031B2  5001               	movf	??_INT_ISR^(0+1280),w,c
  5682   0031B4  0A00               	xorlw	0	; case 0
  5683   0031B6  B4D8               	btfsc	status,2,c
  5684   0031B8  EFBA  F018         	goto	i2l565
  5685   0031BC  0A01               	xorlw	1	; case 1
  5686   0031BE  B4D8               	btfsc	status,2,c
  5687   0031C0  EFC4  F018         	goto	i2l568
  5688   0031C4  EF24  F019         	goto	i2l571
  5689   0031C8                     i2l2054:
  5690                           
  5691                           ;interrupt.c: 86:                             if(button_press_counter[0] > 30)
  5692   0031C8  0E1E               	movlw	30
  5693   0031CA  6437               	cpfsgt	_button_press_counter^(0+1280),c	;volatile
  5694   0031CC  EFEA  F018         	goto	i2u143_41
  5695   0031D0  EFEC  F018         	goto	i2u143_40
  5696   0031D4                     i2u143_41:
  5697   0031D4  EFED  F018         	goto	i2l2058
  5698   0031D8                     i2u143_40:
  5699   0031D8                     
  5700                           ;interrupt.c: 87:                             {;interrupt.c: 88:                        
      +                                   (LATFbits.LATF3 ^= 1);
  5701   0031D8  76C3               	btg	195,3,c	;volatile
  5702   0031DA                     i2l2058:
  5703                           
  5704                           ;interrupt.c: 91:                             button_press_counter[0] = 0;
  5705   0031DA  0E00               	movlw	0
  5706   0031DC  6E37               	movwf	_button_press_counter^(0+1280),c	;volatile
  5707                           
  5708                           ;interrupt.c: 92:                             break;
  5709   0031DE  EF14  F019         	goto	i2l2070
  5710   0031E2                     i2l2060:
  5711                           
  5712                           ;interrupt.c: 96:                             if(button_press_counter[1] > 30)
  5713   0031E2  0E1E               	movlw	30
  5714   0031E4  6438               	cpfsgt	(_button_press_counter+1)^(0+1280),c	;volatile
  5715   0031E6  EFF7  F018         	goto	i2u144_41
  5716   0031EA  EFF9  F018         	goto	i2u144_40
  5717   0031EE                     i2u144_41:
  5718   0031EE  EFFA  F018         	goto	i2l2064
  5719   0031F2                     i2u144_40:
  5720   0031F2                     
  5721                           ;interrupt.c: 97:                             {;interrupt.c: 98:                        
      +                                   (LATFbits.LATF2 ^= 1);
  5722   0031F2  74C3               	btg	195,2,c	;volatile
  5723   0031F4                     i2l2064:
  5724                           
  5725                           ;interrupt.c: 100:                             button_press_counter[1] = 0;
  5726   0031F4  0E00               	movlw	0
  5727   0031F6  6E38               	movwf	(_button_press_counter+1)^(0+1280),c	;volatile
  5728                           
  5729                           ;interrupt.c: 101:                             break;
  5730   0031F8  EF14  F019         	goto	i2l2070
  5731   0031FC                     i2l2068:
  5732   0031FC  C503  F501         	movff	INT_ISR@i,??_INT_ISR
  5733   003200  C504  F502         	movff	INT_ISR@i+1,??_INT_ISR+1
  5734                           
  5735                           ; Switch on 2 bytes has been partitioned into a top level switch of size 1, and 1 sub-sw
      +                          itches
  5736                           ; Switch size 1, requested type "simple"
  5737                           ; Number of cases is 1, Range of values is 0 to 0
  5738                           ; switch strategies available:
  5739                           ; Name         Instructions Cycles
  5740                           ; simple_byte            4     3 (average)
  5741                           ;	Chosen strategy is simple_byte
  5742   003204  5002               	movf	(??_INT_ISR+1)^(0+1280),w,c
  5743   003206  0A00               	xorlw	0	; case 0
  5744   003208  B4D8               	btfsc	status,2,c
  5745   00320A  EF09  F019         	goto	i2l3302
  5746   00320E  EF14  F019         	goto	i2l2070
  5747   003212                     i2l3302:
  5748                           
  5749                           ; Switch size 1, requested type "simple"
  5750                           ; Number of cases is 2, Range of values is 0 to 1
  5751                           ; switch strategies available:
  5752                           ; Name         Instructions Cycles
  5753                           ; simple_byte            7     4 (average)
  5754                           ;	Chosen strategy is simple_byte
  5755   003212  5001               	movf	??_INT_ISR^(0+1280),w,c
  5756   003214  0A00               	xorlw	0	; case 0
  5757   003216  B4D8               	btfsc	status,2,c
  5758   003218  EFE4  F018         	goto	i2l2054
  5759   00321C  0A01               	xorlw	1	; case 1
  5760   00321E  B4D8               	btfsc	status,2,c
  5761   003220  EFF1  F018         	goto	i2l2060
  5762   003224  EF14  F019         	goto	i2l2070
  5763   003228                     i2l2070:
  5764                           
  5765                           ;interrupt.c: 107:                     button_flag[i] = 0;
  5766   003228  0E3B               	movlw	low _button_flag
  5767   00322A  2403               	addwf	INT_ISR@i^(0+1280),w,c
  5768   00322C  6ED9               	movwf	fsr2l,c
  5769   00322E  0E05               	movlw	high _button_flag
  5770   003230  2004               	addwfc	(INT_ISR@i+1)^(0+1280),w,c
  5771   003232  6EDA               	movwf	fsr2h,c
  5772   003234  6ADF               	clrf	indf2,c
  5773                           
  5774                           ;interrupt.c: 108:                     x[i] = 0;
  5775   003236  0E39               	movlw	low _x
  5776   003238  2403               	addwf	INT_ISR@i^(0+1280),w,c
  5777   00323A  6ED9               	movwf	fsr2l,c
  5778   00323C  0E05               	movlw	high _x
  5779   00323E  2004               	addwfc	(INT_ISR@i+1)^(0+1280),w,c
  5780   003240  6EDA               	movwf	fsr2h,c
  5781   003242  6ADF               	clrf	indf2,c
  5782   003244  EF24  F019         	goto	i2l2072
  5783   003248                     i2l571:
  5784   003248                     i2l2072:
  5785                           
  5786                           ;interrupt.c: 111:         }
  5787   003248  4A03               	infsnz	INT_ISR@i^(0+1280),f,c
  5788   00324A  2A04               	incf	(INT_ISR@i+1)^(0+1280),f,c
  5789   00324C  BE04               	btfsc	(INT_ISR@i+1)^(0+1280),7,c
  5790   00324E  EF32  F019         	goto	i2u145_41
  5791   003252  5004               	movf	(INT_ISR@i+1)^(0+1280),w,c
  5792   003254  E109               	bnz	i2u145_40
  5793   003256  0E02               	movlw	2
  5794   003258  5C03               	subwf	INT_ISR@i^(0+1280),w,c
  5795   00325A  A0D8               	btfss	status,0,c
  5796   00325C  EF32  F019         	goto	i2u145_41
  5797   003260  EF34  F019         	goto	i2u145_40
  5798   003264                     i2u145_41:
  5799   003264  EF95  F018         	goto	i2l2040
  5800   003268                     i2u145_40:
  5801   003268                     i2l559:
  5802                           
  5803                           ;interrupt.c: 115:     if(PIR1bits.INT0IF == 1)
  5804   003268  A0AF               	btfss	175,0,c	;volatile
  5805   00326A  EF39  F019         	goto	i2u146_41
  5806   00326E  EF3B  F019         	goto	i2u146_40
  5807   003272                     i2u146_41:
  5808   003272  EF46  F019         	goto	i2l2082
  5809   003276                     i2u146_40:
  5810   003276                     
  5811                           ;interrupt.c: 116:     {;interrupt.c: 117:         if(button_flag[0] == 0)
  5812   003276  503B               	movf	_button_flag^(0+1280),w,c	;volatile
  5813   003278  A4D8               	btfss	status,2,c
  5814   00327A  EF41  F019         	goto	i2u147_41
  5815   00327E  EF43  F019         	goto	i2u147_40
  5816   003282                     i2u147_41:
  5817   003282  EF45  F019         	goto	i2l2080
  5818   003286                     i2u147_40:
  5819   003286                     
  5820                           ;interrupt.c: 118:         {;interrupt.c: 119:             button_flag[0] = 1;
  5821   003286  0E01               	movlw	1
  5822   003288  6E3B               	movwf	_button_flag^(0+1280),c	;volatile
  5823   00328A                     i2l2080:
  5824                           
  5825                           ;interrupt.c: 122:         PIR1bits.INT0IF = 0;
  5826   00328A  90AF               	bcf	175,0,c	;volatile
  5827   00328C                     i2l2082:
  5828                           
  5829                           ;interrupt.c: 126:     if(PIR6bits.INT1IF == 1)
  5830   00328C  A0B4               	btfss	180,0,c	;volatile
  5831   00328E  EF4B  F019         	goto	i2u148_41
  5832   003292  EF4D  F019         	goto	i2u148_40
  5833   003296                     i2u148_41:
  5834   003296  EF58  F019         	goto	i2l583
  5835   00329A                     i2u148_40:
  5836   00329A                     
  5837                           ;interrupt.c: 127:     {;interrupt.c: 128:         if(button_flag[1] == 0)
  5838   00329A  503C               	movf	(_button_flag+1)^(0+1280),w,c	;volatile
  5839   00329C  A4D8               	btfss	status,2,c
  5840   00329E  EF53  F019         	goto	i2u149_41
  5841   0032A2  EF55  F019         	goto	i2u149_40
  5842   0032A6                     i2u149_41:
  5843   0032A6  EF57  F019         	goto	i2l2088
  5844   0032AA                     i2u149_40:
  5845   0032AA                     
  5846                           ;interrupt.c: 129:         {;interrupt.c: 130:             button_flag[1] = 1;
  5847   0032AA  0E01               	movlw	1
  5848   0032AC  6E3C               	movwf	(_button_flag+1)^(0+1280),c	;volatile
  5849   0032AE                     i2l2088:
  5850                           
  5851                           ;interrupt.c: 133:         PIR6bits.INT1IF = 0;
  5852   0032AE  90B4               	bcf	180,0,c	;volatile
  5853   0032B0                     i2l583:
  5854   0032B0  0011               	retfie		f
  5855   0032B2                     __end_of_INT_ISR:
  5856                           	callstack 0
  5857                           
  5858                           ;
  5859                           ; H/W Interrupt Vector Table @ 0x3008
  5860                           ;
  5861                           
  5862                           	psect	ivt0x3008
  5863   003008                     __pivt0x3008:
  5864                           	callstack 0
  5865   003008                     ivt0x3008_base:
  5866                           	callstack 0
  5867                           
  5868                           ; Vector 0 : SWINT
  5869   003008  0C40               	dw	ivt0x3008_undefint shr (0+2)
  5870                           
  5871                           ; Vector 1 : HLVD
  5872   00300A  0C40               	dw	ivt0x3008_undefint shr (0+2)
  5873                           
  5874                           ; Vector 2 : OSF
  5875   00300C  0C40               	dw	ivt0x3008_undefint shr (0+2)
  5876                           
  5877                           ; Vector 3 : CSW
  5878   00300E  0C40               	dw	ivt0x3008_undefint shr (0+2)
  5879                           
  5880                           ; Vector 4 : Undefined
  5881   003010  0C40               	dw	ivt0x3008_undefint shr (0+2)
  5882                           
  5883                           ; Vector 5 : CLC1
  5884   003012  0C40               	dw	ivt0x3008_undefint shr (0+2)
  5885                           
  5886                           ; Vector 6 : Undefined
  5887   003014  0C40               	dw	ivt0x3008_undefint shr (0+2)
  5888                           
  5889                           ; Vector 7 : IOC
  5890   003016  0C40               	dw	ivt0x3008_undefint shr (0+2)
  5891                           
  5892                           ; Vector 8 : INT0
  5893   003018  0C42               	dw	_INT_ISR shr (0+2)
  5894                           
  5895                           ; Vector 9 : ZCD
  5896   00301A  0C40               	dw	ivt0x3008_undefint shr (0+2)
  5897                           
  5898                           ; Vector 10 : AD
  5899   00301C  0C40               	dw	ivt0x3008_undefint shr (0+2)
  5900                           
  5901                           ; Vector 11 : ACT
  5902   00301E  0C40               	dw	ivt0x3008_undefint shr (0+2)
  5903                           
  5904                           ; Vector 12 : CMP1
  5905   003020  0C40               	dw	ivt0x3008_undefint shr (0+2)
  5906                           
  5907                           ; Vector 13 : SMT1
  5908   003022  0C40               	dw	ivt0x3008_undefint shr (0+2)
  5909                           
  5910                           ; Vector 14 : SMT1PRA
  5911   003024  0C40               	dw	ivt0x3008_undefint shr (0+2)
  5912                           
  5913                           ; Vector 15 : SMT1PRW
  5914   003026  0C40               	dw	ivt0x3008_undefint shr (0+2)
  5915                           
  5916                           ; Vector 16 : ADT
  5917   003028  0C40               	dw	ivt0x3008_undefint shr (0+2)
  5918                           
  5919                           ; Vector 17 : Undefined
  5920   00302A  0C40               	dw	ivt0x3008_undefint shr (0+2)
  5921                           
  5922                           ; Vector 18 : Undefined
  5923   00302C  0C40               	dw	ivt0x3008_undefint shr (0+2)
  5924                           
  5925                           ; Vector 19 : Undefined
  5926   00302E  0C40               	dw	ivt0x3008_undefint shr (0+2)
  5927                           
  5928                           ; Vector 20 : DMA1SCNT
  5929   003030  0C40               	dw	ivt0x3008_undefint shr (0+2)
  5930                           
  5931                           ; Vector 21 : DMA1DCNT
  5932   003032  0C40               	dw	ivt0x3008_undefint shr (0+2)
  5933                           
  5934                           ; Vector 22 : DMA1OR
  5935   003034  0C40               	dw	ivt0x3008_undefint shr (0+2)
  5936                           
  5937                           ; Vector 23 : DMA1A
  5938   003036  0C40               	dw	ivt0x3008_undefint shr (0+2)
  5939                           
  5940                           ; Vector 24 : SPI1RX
  5941   003038  0C40               	dw	ivt0x3008_undefint shr (0+2)
  5942                           
  5943                           ; Vector 25 : SPI1TX
  5944   00303A  0C40               	dw	ivt0x3008_undefint shr (0+2)
  5945                           
  5946                           ; Vector 26 : SPI1
  5947   00303C  0C40               	dw	ivt0x3008_undefint shr (0+2)
  5948                           
  5949                           ; Vector 27 : TMR2
  5950   00303E  0C40               	dw	ivt0x3008_undefint shr (0+2)
  5951                           
  5952                           ; Vector 28 : TMR1
  5953   003040  0C40               	dw	ivt0x3008_undefint shr (0+2)
  5954                           
  5955                           ; Vector 29 : TMR1G
  5956   003042  0C40               	dw	ivt0x3008_undefint shr (0+2)
  5957                           
  5958                           ; Vector 30 : CCP1
  5959   003044  0C40               	dw	ivt0x3008_undefint shr (0+2)
  5960                           
  5961                           ; Vector 31 : TMR0
  5962   003046  0C42               	dw	_INT_ISR shr (0+2)
  5963                           
  5964                           ; Vector 32 : U1RX
  5965   003048  0C40               	dw	ivt0x3008_undefint shr (0+2)
  5966                           
  5967                           ; Vector 33 : U1TX
  5968   00304A  0C40               	dw	ivt0x3008_undefint shr (0+2)
  5969                           
  5970                           ; Vector 34 : U1E
  5971   00304C  0C40               	dw	ivt0x3008_undefint shr (0+2)
  5972                           
  5973                           ; Vector 35 : U1
  5974   00304E  0C40               	dw	ivt0x3008_undefint shr (0+2)
  5975                           
  5976                           ; Vector 36 : Undefined
  5977   003050  0C40               	dw	ivt0x3008_undefint shr (0+2)
  5978                           
  5979                           ; Vector 37 : Undefined
  5980   003052  0C40               	dw	ivt0x3008_undefint shr (0+2)
  5981                           
  5982                           ; Vector 38 : PWM1PR
  5983   003054  0C40               	dw	ivt0x3008_undefint shr (0+2)
  5984                           
  5985                           ; Vector 39 : PWM1
  5986   003056  0C40               	dw	ivt0x3008_undefint shr (0+2)
  5987                           
  5988                           ; Vector 40 : SPI2RX
  5989   003058  0C40               	dw	ivt0x3008_undefint shr (0+2)
  5990                           
  5991                           ; Vector 41 : SPI2TX
  5992   00305A  0C40               	dw	ivt0x3008_undefint shr (0+2)
  5993                           
  5994                           ; Vector 42 : SPI2
  5995   00305C  0C40               	dw	ivt0x3008_undefint shr (0+2)
  5996                           
  5997                           ; Vector 43 : Undefined
  5998   00305E  0C40               	dw	ivt0x3008_undefint shr (0+2)
  5999                           
  6000                           ; Vector 44 : TMR3
  6001   003060  0C40               	dw	ivt0x3008_undefint shr (0+2)
  6002                           
  6003                           ; Vector 45 : TMR3G
  6004   003062  0C40               	dw	ivt0x3008_undefint shr (0+2)
  6005                           
  6006                           ; Vector 46 : PWM2PR
  6007   003064  0C40               	dw	ivt0x3008_undefint shr (0+2)
  6008                           
  6009                           ; Vector 47 : PWM2
  6010   003066  0C40               	dw	ivt0x3008_undefint shr (0+2)
  6011                           
  6012                           ; Vector 48 : INT1
  6013   003068  0C40               	dw	ivt0x3008_undefint shr (0+2)
  6014                           
  6015                           ; Vector 49 : CLC2
  6016   00306A  0C40               	dw	ivt0x3008_undefint shr (0+2)
  6017                           
  6018                           ; Vector 50 : CWG1
  6019   00306C  0C40               	dw	ivt0x3008_undefint shr (0+2)
  6020                           
  6021                           ; Vector 51 : NCO1
  6022   00306E  0C40               	dw	ivt0x3008_undefint shr (0+2)
  6023                           
  6024                           ; Vector 52 : DMA2SCNT
  6025   003070  0C40               	dw	ivt0x3008_undefint shr (0+2)
  6026                           
  6027                           ; Vector 53 : DMA2DCNT
  6028   003072  0C40               	dw	ivt0x3008_undefint shr (0+2)
  6029                           
  6030                           ; Vector 54 : DMA2OR
  6031   003074  0C40               	dw	ivt0x3008_undefint shr (0+2)
  6032                           
  6033                           ; Vector 55 : DMA2A
  6034   003076  0C40               	dw	ivt0x3008_undefint shr (0+2)
  6035                           
  6036                           ; Vector 56 : I2C1RX
  6037   003078  0C40               	dw	ivt0x3008_undefint shr (0+2)
  6038                           
  6039                           ; Vector 57 : I2C1TX
  6040   00307A  0C40               	dw	ivt0x3008_undefint shr (0+2)
  6041                           
  6042                           ; Vector 58 : I2C1
  6043   00307C  0C40               	dw	ivt0x3008_undefint shr (0+2)
  6044                           
  6045                           ; Vector 59 : I2C1E
  6046   00307E  0C40               	dw	ivt0x3008_undefint shr (0+2)
  6047                           
  6048                           ; Vector 60 : Undefined
  6049   003080  0C40               	dw	ivt0x3008_undefint shr (0+2)
  6050                           
  6051                           ; Vector 61 : CLC3
  6052   003082  0C40               	dw	ivt0x3008_undefint shr (0+2)
  6053                           
  6054                           ; Vector 62 : PWM3PR
  6055   003084  0C40               	dw	ivt0x3008_undefint shr (0+2)
  6056                           
  6057                           ; Vector 63 : PWM3
  6058   003086  0C40               	dw	ivt0x3008_undefint shr (0+2)
  6059                           
  6060                           ; Vector 64 : U2RX
  6061   003088  0C40               	dw	ivt0x3008_undefint shr (0+2)
  6062                           
  6063                           ; Vector 65 : U2TX
  6064   00308A  0C40               	dw	ivt0x3008_undefint shr (0+2)
  6065                           
  6066                           ; Vector 66 : U2E
  6067   00308C  0C40               	dw	ivt0x3008_undefint shr (0+2)
  6068                           
  6069                           ; Vector 67 : U2
  6070   00308E  0C40               	dw	ivt0x3008_undefint shr (0+2)
  6071                           
  6072                           ; Vector 68 : TMR5
  6073   003090  0C40               	dw	ivt0x3008_undefint shr (0+2)
  6074                           
  6075                           ; Vector 69 : TMR5G
  6076   003092  0C40               	dw	ivt0x3008_undefint shr (0+2)
  6077                           
  6078                           ; Vector 70 : CCP2
  6079   003094  0C40               	dw	ivt0x3008_undefint shr (0+2)
  6080                           
  6081                           ; Vector 71 : SCAN
  6082   003096  0C40               	dw	ivt0x3008_undefint shr (0+2)
  6083                           
  6084                           ; Vector 72 : U3RX
  6085   003098  0C40               	dw	ivt0x3008_undefint shr (0+2)
  6086                           
  6087                           ; Vector 73 : U3TX
  6088   00309A  0C40               	dw	ivt0x3008_undefint shr (0+2)
  6089                           
  6090                           ; Vector 74 : U3E
  6091   00309C  0C40               	dw	ivt0x3008_undefint shr (0+2)
  6092                           
  6093                           ; Vector 75 : U3
  6094   00309E  0C40               	dw	ivt0x3008_undefint shr (0+2)
  6095                           
  6096                           ; Vector 76 : Undefined
  6097   0030A0  0C40               	dw	ivt0x3008_undefint shr (0+2)
  6098                           
  6099                           ; Vector 77 : CLC4
  6100   0030A2  0C40               	dw	ivt0x3008_undefint shr (0+2)
  6101                           
  6102                           ; Vector 78 : Undefined
  6103   0030A4  0C40               	dw	ivt0x3008_undefint shr (0+2)
  6104                           
  6105                           ; Vector 79 : Undefined
  6106   0030A6  0C40               	dw	ivt0x3008_undefint shr (0+2)
  6107                           
  6108                           ; Vector 80 : INT2
  6109   0030A8  0C40               	dw	ivt0x3008_undefint shr (0+2)
  6110                           
  6111                           ; Vector 81 : CLC5
  6112   0030AA  0C40               	dw	ivt0x3008_undefint shr (0+2)
  6113                           
  6114                           ; Vector 82 : CWG2
  6115   0030AC  0C40               	dw	ivt0x3008_undefint shr (0+2)
  6116                           
  6117                           ; Vector 83 : NCO2
  6118   0030AE  0C40               	dw	ivt0x3008_undefint shr (0+2)
  6119                           
  6120                           ; Vector 84 : DMA3SCNT
  6121   0030B0  0C40               	dw	ivt0x3008_undefint shr (0+2)
  6122                           
  6123                           ; Vector 85 : DMA3DCNT
  6124   0030B2  0C40               	dw	ivt0x3008_undefint shr (0+2)
  6125                           
  6126                           ; Vector 86 : DMA3OR
  6127   0030B4  0C40               	dw	ivt0x3008_undefint shr (0+2)
  6128                           
  6129                           ; Vector 87 : DMA3A
  6130   0030B6  0C40               	dw	ivt0x3008_undefint shr (0+2)
  6131                           
  6132                           ; Vector 88 : CCP3
  6133   0030B8  0C40               	dw	ivt0x3008_undefint shr (0+2)
  6134                           
  6135                           ; Vector 89 : CLC6
  6136   0030BA  0C40               	dw	ivt0x3008_undefint shr (0+2)
  6137                           
  6138                           ; Vector 90 : CWG3
  6139   0030BC  0C40               	dw	ivt0x3008_undefint shr (0+2)
  6140                           
  6141                           ; Vector 91 : TMR4
  6142   0030BE  0C40               	dw	ivt0x3008_undefint shr (0+2)
  6143                           
  6144                           ; Vector 92 : DMA4SCNT
  6145   0030C0  0C40               	dw	ivt0x3008_undefint shr (0+2)
  6146                           
  6147                           ; Vector 93 : DMA4DCNT
  6148   0030C2  0C40               	dw	ivt0x3008_undefint shr (0+2)
  6149                           
  6150                           ; Vector 94 : DMA4OR
  6151   0030C4  0C40               	dw	ivt0x3008_undefint shr (0+2)
  6152                           
  6153                           ; Vector 95 : DMA4A
  6154   0030C6  0C40               	dw	ivt0x3008_undefint shr (0+2)
  6155                           
  6156                           ; Vector 96 : U4RX
  6157   0030C8  0C40               	dw	ivt0x3008_undefint shr (0+2)
  6158                           
  6159                           ; Vector 97 : U4TX
  6160   0030CA  0C40               	dw	ivt0x3008_undefint shr (0+2)
  6161                           
  6162                           ; Vector 98 : U4E
  6163   0030CC  0C40               	dw	ivt0x3008_undefint shr (0+2)
  6164                           
  6165                           ; Vector 99 : U4
  6166   0030CE  0C40               	dw	ivt0x3008_undefint shr (0+2)
  6167                           
  6168                           ; Vector 100 : DMA5SCNT
  6169   0030D0  0C40               	dw	ivt0x3008_undefint shr (0+2)
  6170                           
  6171                           ; Vector 101 : DMA5DCNT
  6172   0030D2  0C40               	dw	ivt0x3008_undefint shr (0+2)
  6173                           
  6174                           ; Vector 102 : DMA5OR
  6175   0030D4  0C40               	dw	ivt0x3008_undefint shr (0+2)
  6176                           
  6177                           ; Vector 103 : DMA5A
  6178   0030D6  0C40               	dw	ivt0x3008_undefint shr (0+2)
  6179                           
  6180                           ; Vector 104 : U5RX
  6181   0030D8  0C40               	dw	ivt0x3008_undefint shr (0+2)
  6182                           
  6183                           ; Vector 105 : U5TX
  6184   0030DA  0C40               	dw	ivt0x3008_undefint shr (0+2)
  6185                           
  6186                           ; Vector 106 : U5E
  6187   0030DC  0C40               	dw	ivt0x3008_undefint shr (0+2)
  6188                           
  6189                           ; Vector 107 : U5
  6190   0030DE  0C40               	dw	ivt0x3008_undefint shr (0+2)
  6191                           
  6192                           ; Vector 108 : DMA6SCNT
  6193   0030E0  0C40               	dw	ivt0x3008_undefint shr (0+2)
  6194                           
  6195                           ; Vector 109 : DMA6DCNT
  6196   0030E2  0C40               	dw	ivt0x3008_undefint shr (0+2)
  6197                           
  6198                           ; Vector 110 : DMA6OR
  6199   0030E4  0C40               	dw	ivt0x3008_undefint shr (0+2)
  6200                           
  6201                           ; Vector 111 : DMA6A
  6202   0030E6  0C40               	dw	ivt0x3008_undefint shr (0+2)
  6203                           
  6204                           ; Vector 112 : Undefined
  6205   0030E8  0C40               	dw	ivt0x3008_undefint shr (0+2)
  6206                           
  6207                           ; Vector 113 : CLC7
  6208   0030EA  0C40               	dw	ivt0x3008_undefint shr (0+2)
  6209                           
  6210                           ; Vector 114 : CMP2
  6211   0030EC  0C40               	dw	ivt0x3008_undefint shr (0+2)
  6212                           
  6213                           ; Vector 115 : NCO3
  6214   0030EE  0C40               	dw	ivt0x3008_undefint shr (0+2)
  6215                           
  6216                           ; Vector 116 : Undefined
  6217   0030F0  0C40               	dw	ivt0x3008_undefint shr (0+2)
  6218                           
  6219                           ; Vector 117 : Undefined
  6220   0030F2  0C40               	dw	ivt0x3008_undefint shr (0+2)
  6221                           
  6222                           ; Vector 118 : Undefined
  6223   0030F4  0C40               	dw	ivt0x3008_undefint shr (0+2)
  6224                           
  6225                           ; Vector 119 : Undefined
  6226   0030F6  0C40               	dw	ivt0x3008_undefint shr (0+2)
  6227                           
  6228                           ; Vector 120 : NVM
  6229   0030F8  0C40               	dw	ivt0x3008_undefint shr (0+2)
  6230                           
  6231                           ; Vector 121 : CLC8
  6232   0030FA  0C40               	dw	ivt0x3008_undefint shr (0+2)
  6233                           
  6234                           ; Vector 122 : CRC
  6235   0030FC  0C40               	dw	ivt0x3008_undefint shr (0+2)
  6236                           
  6237                           ; Vector 123 : TMR6
  6238   0030FE  0C40               	dw	ivt0x3008_undefint shr (0+2)
  6239   003100                     ivt0x3008_undefint:
  6240                           	callstack 0
  6241   003100  00FF               	reset	
  6242                           
  6243                           	psect	rparam
  6244   000000                     
  6245                           	psect	config
  6246                           
  6247                           ;Config register CONFIG1 @ 0x300000
  6248                           ;	External Oscillator Selection
  6249                           ;	FEXTOSC = OFF, Oscillator not enabled
  6250                           ;	Reset Oscillator Selection
  6251                           ;	RSTOSC = HFINTOSC_64MHZ, HFINTOSC with HFFRQ = 64 MHz and CDIV = 1:1
  6252   300000                     	org	3145728
  6253   300000  8C                 	db	140
  6254                           
  6255                           ;Config register CONFIG2 @ 0x300001
  6256                           ;	Clock out Enable bit
  6257                           ;	CLKOUTEN = OFF, CLKOUT function is disabled
  6258                           ;	PRLOCKED One-Way Set Enable bit
  6259                           ;	PR1WAY = OFF, PRLOCKED bit can be set and cleared repeatedly
  6260                           ;	Clock Switch Enable bit
  6261                           ;	CSWEN = ON, Writing to NOSC and NDIV is allowed
  6262                           ;	Fail-Safe Clock Monitor Enable bit
  6263                           ;	FCMEN = ON, Fail-Safe Clock Monitor enabled
  6264   300001                     	org	3145729
  6265   300001  FD                 	db	253
  6266                           
  6267                           ;Config register CONFIG3 @ 0x300002
  6268                           ;	MCLR Enable bit
  6269                           ;	MCLRE = EXTMCLR, If LVP = 0, MCLR pin is MCLR; If LVP = 1, RE3 pin function is MCLR
  6270                           ;	Power-up timer selection bits
  6271                           ;	PWRTS = PWRT_OFF, PWRT is disabled
  6272                           ;	Multi-vector enable bit
  6273                           ;	MVECEN = ON, Multi-vector enabled, Vector table used for interrupts
  6274                           ;	IVTLOCK bit One-way set enable bit
  6275                           ;	IVT1WAY = ON, IVTLOCKED bit can be cleared and set only once
  6276                           ;	Low Power BOR Enable bit
  6277                           ;	LPBOREN = OFF, Low-Power BOR disabled
  6278                           ;	Brown-out Reset Enable bits
  6279                           ;	BOREN = OFF, Brown-out Reset disabled
  6280   300002                     	org	3145730
  6281   300002  3F                 	db	63
  6282                           
  6283                           ;Config register CONFIG4 @ 0x300003
  6284                           ;	Brown-out Reset Voltage Selection bits
  6285                           ;	BORV = VBOR_1P9, Brown-out Reset Voltage (VBOR) set to 1.9V
  6286                           ;	ZCD Disable bit
  6287                           ;	ZCD = OFF, ZCD module is disabled. ZCD can be enabled by setting the ZCDSEN bit of ZCD
      +                          CON
  6288                           ;	PPSLOCK bit One-Way Set Enable bit
  6289                           ;	PPS1WAY = ON, PPSLOCKED bit can be cleared and set only once; PPS registers remain loc
      +                          ked after one clear/set cycle
  6290                           ;	Stack Full/Underflow Reset Enable bit
  6291                           ;	STVREN = ON, Stack full/underflow will cause Reset
  6292                           ;	Low Voltage Programming Enable bit
  6293                           ;	LVP = ON, Low voltage programming enabled. MCLR/VPP pin function is MCLR. MCLRE config
      +                          uration bit is ignored
  6294                           ;	Extended Instruction Set Enable bit
  6295                           ;	XINST = OFF, Extended Instruction Set and Indexed Addressing Mode disabled
  6296   300003                     	org	3145731
  6297   300003  FF                 	db	255
  6298                           
  6299                           ;Config register CONFIG5 @ 0x300004
  6300                           ;	WDT Period selection bits
  6301                           ;	WDTCPS = WDTCPS_31, Divider ratio 1:65536; software control of WDTPS
  6302                           ;	WDT operating mode
  6303                           ;	WDTE = OFF, WDT Disabled; SWDTEN is ignored
  6304   300004                     	org	3145732
  6305   300004  9F                 	db	159
  6306                           
  6307                           ;Config register CONFIG6 @ 0x300005
  6308                           ;	WDT Window Select bits
  6309                           ;	WDTCWS = WDTCWS_7, window always open (100%); software control; keyed access not requi
      +                          red
  6310                           ;	WDT input clock selector
  6311                           ;	WDTCCS = SC, Software Control
  6312   300005                     	org	3145733
  6313   300005  FF                 	db	255
  6314                           
  6315                           ;Config register CONFIG7 @ 0x300006
  6316                           ;	Boot Block Size selection bits
  6317                           ;	BBSIZE = BBSIZE_512, Boot Block size is 512 words
  6318                           ;	Boot Block enable bit
  6319                           ;	BBEN = OFF, Boot block disabled
  6320                           ;	Storage Area Flash enable bit
  6321                           ;	SAFEN = OFF, SAF disabled
  6322                           ;	Background Debugger
  6323                           ;	DEBUG = ON, Background Debugger enabled
  6324   300006                     	org	3145734
  6325   300006  DF                 	db	223
  6326                           
  6327                           ;Config register CONFIG8 @ 0x300007
  6328                           ;	Boot Block Write Protection bit
  6329                           ;	WRTB = OFF, Boot Block not Write protected
  6330                           ;	Configuration Register Write Protection bit
  6331                           ;	WRTC = OFF, Configuration registers not Write protected
  6332                           ;	Data EEPROM Write Protection bit
  6333                           ;	WRTD = OFF, Data EEPROM not Write protected
  6334                           ;	SAF Write protection bit
  6335                           ;	WRTSAF = OFF, SAF not Write Protected
  6336                           ;	Application Block write protection bit
  6337                           ;	WRTAPP = OFF, Application Block not write protected
  6338   300007                     	org	3145735
  6339   300007  FF                 	db	255
  6340                           
  6341                           ;Config register CONFIG10 @ 0x300009
  6342                           ;	PFM and Data EEPROM Code Protection bit
  6343                           ;	CP = OFF, PFM and Data EEPROM code protection disabled
  6344   300009                     	org	3145737
  6345   300009  FF                 	db	255
  6346                           tosu	equ	0x4FF
  6347                           tosh	equ	0x4FE
  6348                           tosl	equ	0x4FD
  6349                           stkptr	equ	0x4FC
  6350                           pclatu	equ	0x4FB
  6351                           pclath	equ	0x4FA
  6352                           pcl	equ	0x4F9
  6353                           tblptru	equ	0x4F8
  6354                           tblptrh	equ	0x4F7
  6355                           tblptrl	equ	0x4F6
  6356                           tablat	equ	0x4F5
  6357                           prodh	equ	0x4F4
  6358                           prodl	equ	0x4F3
  6359                           indf0	equ	0x4EF
  6360                           postinc0	equ	0x4EE
  6361                           postdec0	equ	0x4ED
  6362                           preinc0	equ	0x4EC
  6363                           plusw0	equ	0x4EB
  6364                           fsr0h	equ	0x4EA
  6365                           fsr0l	equ	0x4E9
  6366                           wreg	equ	0x4E8
  6367                           indf1	equ	0x4E7
  6368                           postinc1	equ	0x4E6
  6369                           postdec1	equ	0x4E5
  6370                           preinc1	equ	0x4E4
  6371                           plusw1	equ	0x4E3
  6372                           fsr1h	equ	0x4E2
  6373                           fsr1l	equ	0x4E1
  6374                           bsr	equ	0x4E0
  6375                           indf2	equ	0x4DF
  6376                           postinc2	equ	0x4DE
  6377                           postdec2	equ	0x4DD
  6378                           preinc2	equ	0x4DC
  6379                           plusw2	equ	0x4DB
  6380                           fsr2h	equ	0x4DA
  6381                           fsr2l	equ	0x4D9
  6382                           status	equ	0x4D8

Data Sizes:
    Strings     22
    Constant    0
    Data        18
    BSS         14
    Persistent  0
    Stack       0

Auto Spaces:
    Space          Size  Autos    Used
    COMRAM           95     28      60
    BANK5           160      0       0
    BANK6           256      0       0
    BANK7           256      0       0
    BANK8           256      0       0
    BANK9           256      0       0
    BANK10          256      0       0
    BANK11          256      0       0
    BANK12          256      0       0
    BANK13          256      0       0
    BANK14          256      0       0
    BANK15          256      0       0
    BANK16          256      0       0
    BANK17          256      0       0
    BANK18          256      0       0
    BANK19          256      0       0
    BANK20          256      0       0
    BANK21          256      0       0
    BANK22          256      0       0
    BANK23          256      0       0
    BANK24          256      0       0
    BANK25          256      0       0
    BANK26          256      0       0
    BANK27          256      0       0
    BANK28          256      0       0
    BANK29          256      0       0
    BANK30          256      0       0
    BANK31          256      0       0
    BANK32          256      0       0
    BANK33          256      0       0
    BANK34          256      0       0
    BANK35          256      0       0
    BANK36          256      0       0

Pointer List with Targets:

    LCD_Add_Character@pattern	PTR unsigned char  size(2) Largest target is 8
		 -> high_state(COMRAM[8]), low_state(COMRAM[8]), 

    LCD_Update_Screen@input	PTR unsigned char  size(2) Largest target is 2
		 -> main@input(COMRAM[2]), 

    LCD_Update_Screen@output	PTR unsigned char  size(2) Largest target is 2
		 -> main@output(COMRAM[2]), 

    LCD_Write_String@string	PTR unsigned char  size(1) Largest target is 11
		 -> STR_1(CODE[11]), STR_2(CODE[11]), 


Critical Paths under _main in COMRAM

    _main->_LCD_Update_Screen
    _LCD_Update_Screen->_LCD_Cursor_Set
    _LCD_Initial_Screen->_LCD_Add_Character
    _LCD_Write_String->_LCD_write_data
    _LCD_Write_Char->_LCD_write_data
    _LCD_Cursor_Increment->_LCD_write_command
    _LCD_Add_Character->_LCD_Cursor_Set
    _LCD_Cursor_Set->_LCD_write_command
    _LCD_Init->_LCD_Clear
    _LCD_Clear->_LCD_write_command
    _GPIO_Init->_configure_pin
    _configure_pin->_reset_pin_pullup
    _configure_pin->_set_pin_analog_mode
    _configure_pin->_set_pin_digital_mode
    _configure_pin->_set_pin_input
    _configure_pin->_set_pin_open_drain
    _configure_pin->_set_pin_output
    _configure_pin->_set_pin_pullup
    _configure_pin->_set_pin_push_pull
    _configure_pin->_set_pin_sr_limited
    _configure_pin->_set_pin_sr_maximum
    _configure_pin->_set_pin_st
    _configure_pin->_set_pin_ttl

Critical Paths under _INT_ISR in COMRAM

    None.

Critical Paths under _main in BANK5

    None.

Critical Paths under _INT_ISR in BANK5

    None.

Critical Paths under _main in BANK6

    None.

Critical Paths under _INT_ISR in BANK6

    None.

Critical Paths under _main in BANK7

    None.

Critical Paths under _INT_ISR in BANK7

    None.

Critical Paths under _main in BANK8

    None.

Critical Paths under _INT_ISR in BANK8

    None.

Critical Paths under _main in BANK9

    None.

Critical Paths under _INT_ISR in BANK9

    None.

Critical Paths under _main in BANK10

    None.

Critical Paths under _INT_ISR in BANK10

    None.

Critical Paths under _main in BANK11

    None.

Critical Paths under _INT_ISR in BANK11

    None.

Critical Paths under _main in BANK12

    None.

Critical Paths under _INT_ISR in BANK12

    None.

Critical Paths under _main in BANK13

    None.

Critical Paths under _INT_ISR in BANK13

    None.

Critical Paths under _main in BANK14

    None.

Critical Paths under _INT_ISR in BANK14

    None.

Critical Paths under _main in BANK15

    None.

Critical Paths under _INT_ISR in BANK15

    None.

Critical Paths under _main in BANK16

    None.

Critical Paths under _INT_ISR in BANK16

    None.

Critical Paths under _main in BANK17

    None.

Critical Paths under _INT_ISR in BANK17

    None.

Critical Paths under _main in BANK18

    None.

Critical Paths under _INT_ISR in BANK18

    None.

Critical Paths under _main in BANK19

    None.

Critical Paths under _INT_ISR in BANK19

    None.

Critical Paths under _main in BANK20

    None.

Critical Paths under _INT_ISR in BANK20

    None.

Critical Paths under _main in BANK21

    None.

Critical Paths under _INT_ISR in BANK21

    None.

Critical Paths under _main in BANK22

    None.

Critical Paths under _INT_ISR in BANK22

    None.

Critical Paths under _main in BANK23

    None.

Critical Paths under _INT_ISR in BANK23

    None.

Critical Paths under _main in BANK24

    None.

Critical Paths under _INT_ISR in BANK24

    None.

Critical Paths under _main in BANK25

    None.

Critical Paths under _INT_ISR in BANK25

    None.

Critical Paths under _main in BANK26

    None.

Critical Paths under _INT_ISR in BANK26

    None.

Critical Paths under _main in BANK27

    None.

Critical Paths under _INT_ISR in BANK27

    None.

Critical Paths under _main in BANK28

    None.

Critical Paths under _INT_ISR in BANK28

    None.

Critical Paths under _main in BANK29

    None.

Critical Paths under _INT_ISR in BANK29

    None.

Critical Paths under _main in BANK30

    None.

Critical Paths under _INT_ISR in BANK30

    None.

Critical Paths under _main in BANK31

    None.

Critical Paths under _INT_ISR in BANK31

    None.

Critical Paths under _main in BANK32

    None.

Critical Paths under _INT_ISR in BANK32

    None.

Critical Paths under _main in BANK33

    None.

Critical Paths under _INT_ISR in BANK33

    None.

Critical Paths under _main in BANK34

    None.

Critical Paths under _INT_ISR in BANK34

    None.

Critical Paths under _main in BANK35

    None.

Critical Paths under _INT_ISR in BANK35

    None.

Critical Paths under _main in BANK36

    None.

Critical Paths under _INT_ISR in BANK36

    None.

Call Graph Tables:

 ---------------------------------------------------------------------------------
 (Depth) Function   	        Calls       Base Space   Used Autos Params    Refs
 ---------------------------------------------------------------------------------
 (0) _main                                                11     6      5   10712
                                             17 COMRAM    11     6      5
                         _Clock_Init
                          _GPIO_Init
                     _INTERRUPT_Init
                           _LCD_Init
                 _LCD_Initial_Screen
                  _LCD_Update_Screen
                        _TIMER0_Init
                       _TIMER0_Write
                      _get_pin_value
 ---------------------------------------------------------------------------------
 (1) _get_pin_value                                        4     3      1     306
                                              4 COMRAM     4     3      1
 ---------------------------------------------------------------------------------
 (1) _TIMER0_Write                                         2     1      1     120
                                              4 COMRAM     2     1      1
 ---------------------------------------------------------------------------------
 (1) _TIMER0_Init                                          5     2      3     316
                                              4 COMRAM     5     2      3
 ---------------------------------------------------------------------------------
 (1) _LCD_Update_Screen                                    8     2      6    1353
                                              9 COMRAM     8     2      6
               _LCD_Cursor_Increment
                     _LCD_Cursor_Set
                     _LCD_Write_Char
 ---------------------------------------------------------------------------------
 (1) _LCD_Initial_Screen                                   0     0      0    2501
                  _LCD_Add_Character
               _LCD_Cursor_Increment
                     _LCD_Cursor_Set
                     _LCD_Write_Char
                   _LCD_Write_String
 ---------------------------------------------------------------------------------
 (2) _LCD_Write_String                                     3     2      1     362
                                              7 COMRAM     3     2      1
                     _LCD_write_data
 ---------------------------------------------------------------------------------
 (2) _LCD_Write_Char                                       1     1      0     135
                                              7 COMRAM     1     1      0
                     _LCD_write_data
 ---------------------------------------------------------------------------------
 (2) _LCD_Cursor_Increment                                 0     0      0     120
                  _LCD_write_command
 ---------------------------------------------------------------------------------
 (2) _LCD_Add_Character                                    4     1      3    1270
                                              9 COMRAM     4     1      3
                     _LCD_Cursor_Set
                  _LCD_write_command
                     _LCD_write_data
 ---------------------------------------------------------------------------------
 (3) _LCD_write_data                                       3     3      0     120
                                              4 COMRAM     3     3      0
                    _LCD_pulse_clock
 ---------------------------------------------------------------------------------
 (2) _LCD_Cursor_Set                                       2     1      1     614
                                              7 COMRAM     2     1      1
                  _LCD_write_command
 ---------------------------------------------------------------------------------
 (1) _LCD_Init                                             2     2      0     240
                                              8 COMRAM     2     2      0
                          _LCD_Clear
                    _LCD_pulse_clock
                  _LCD_write_command
 ---------------------------------------------------------------------------------
 (2) _LCD_Clear                                            1     1      0     120
                                              7 COMRAM     1     1      0
                  _LCD_write_command
 ---------------------------------------------------------------------------------
 (3) _LCD_write_command                                    3     3      0     120
                                              4 COMRAM     3     3      0
                    _LCD_pulse_clock
 ---------------------------------------------------------------------------------
 (4) _LCD_pulse_clock                                      0     0      0       0
 ---------------------------------------------------------------------------------
 (1) _INTERRUPT_Init                                       0     0      0       0
 ---------------------------------------------------------------------------------
 (1) _GPIO_Init                                            0     0      0    5778
                      _configure_pin
                        _set_pin_low
 ---------------------------------------------------------------------------------
 (2) _set_pin_low                                          4     3      1     230
                                              4 COMRAM     4     3      1
 ---------------------------------------------------------------------------------
 (2) _configure_pin                                        8     1      7    5548
                                              8 COMRAM     8     1      7
                   _reset_pin_pullup
                _set_pin_analog_mode
               _set_pin_digital_mode
                      _set_pin_input
                 _set_pin_open_drain
                     _set_pin_output
                     _set_pin_pullup
                  _set_pin_push_pull
                 _set_pin_sr_limited
                 _set_pin_sr_maximum
                         _set_pin_st
                        _set_pin_ttl
 ---------------------------------------------------------------------------------
 (3) _set_pin_ttl                                          4     3      1     230
                                              4 COMRAM     4     3      1
 ---------------------------------------------------------------------------------
 (3) _set_pin_st                                           4     3      1     230
                                              4 COMRAM     4     3      1
 ---------------------------------------------------------------------------------
 (3) _set_pin_sr_maximum                                   4     3      1     230
                                              4 COMRAM     4     3      1
 ---------------------------------------------------------------------------------
 (3) _set_pin_sr_limited                                   4     3      1     230
                                              4 COMRAM     4     3      1
 ---------------------------------------------------------------------------------
 (3) _set_pin_push_pull                                    4     3      1     230
                                              4 COMRAM     4     3      1
 ---------------------------------------------------------------------------------
 (3) _set_pin_pullup                                       4     3      1     230
                                              4 COMRAM     4     3      1
 ---------------------------------------------------------------------------------
 (3) _set_pin_output                                       4     3      1     230
                                              4 COMRAM     4     3      1
 ---------------------------------------------------------------------------------
 (3) _set_pin_open_drain                                   4     3      1     230
                                              4 COMRAM     4     3      1
 ---------------------------------------------------------------------------------
 (3) _set_pin_input                                        4     3      1     230
                                              4 COMRAM     4     3      1
 ---------------------------------------------------------------------------------
 (3) _set_pin_digital_mode                                 4     3      1     230
                                              4 COMRAM     4     3      1
 ---------------------------------------------------------------------------------
 (3) _set_pin_analog_mode                                  4     3      1     230
                                              4 COMRAM     4     3      1
 ---------------------------------------------------------------------------------
 (3) _reset_pin_pullup                                     4     3      1     230
                                              4 COMRAM     4     3      1
 ---------------------------------------------------------------------------------
 (1) _Clock_Init                                           0     0      0       0
 ---------------------------------------------------------------------------------
 Estimated maximum stack depth 4
 ---------------------------------------------------------------------------------
 (Depth) Function   	        Calls       Base Space   Used Autos Params    Refs
 ---------------------------------------------------------------------------------
 (6) _INT_ISR                                              4     4      0     135
                                              0 COMRAM     4     4      0
 ---------------------------------------------------------------------------------
 Estimated maximum stack depth 6
 ---------------------------------------------------------------------------------

 Call Graph Graphs:

 _main (ROOT)
   _Clock_Init
   _GPIO_Init
     _configure_pin
       _reset_pin_pullup
       _set_pin_analog_mode
       _set_pin_digital_mode
       _set_pin_input
       _set_pin_open_drain
       _set_pin_output
       _set_pin_pullup
       _set_pin_push_pull
       _set_pin_sr_limited
       _set_pin_sr_maximum
       _set_pin_st
       _set_pin_ttl
     _set_pin_low
   _INTERRUPT_Init
   _LCD_Init
     _LCD_Clear
       _LCD_write_command
         _LCD_pulse_clock
     _LCD_pulse_clock
     _LCD_write_command
   _LCD_Initial_Screen
     _LCD_Add_Character
       _LCD_Cursor_Set
         _LCD_write_command
       _LCD_write_command
       _LCD_write_data
         _LCD_pulse_clock
     _LCD_Cursor_Increment
       _LCD_write_command
     _LCD_Cursor_Set
     _LCD_Write_Char
       _LCD_write_data
     _LCD_Write_String
       _LCD_write_data
   _LCD_Update_Screen
     _LCD_Cursor_Increment
     _LCD_Cursor_Set
     _LCD_Write_Char
   _TIMER0_Init
   _TIMER0_Write
   _get_pin_value

 _INT_ISR (ROOT)

 Address spaces:
Name               Size   Autos  Total    Cost      Usage
BIGRAM            1FFF      0       0      69        0.0%
EEDATA             400      0       0       0        0.0%
BITBIGSFRhlllll    191      0       0      92        0.0%
BITBIGSFR_1        100      0       0      68        0.0%
BITBANK36          100      0       0      66        0.0%
BANK36             100      0       0      67        0.0%
BITBANK35          100      0       0      64        0.0%
BANK35             100      0       0      65        0.0%
BITBANK34          100      0       0      62        0.0%
BANK34             100      0       0      63        0.0%
BITBANK33          100      0       0      60        0.0%
BANK33             100      0       0      61        0.0%
BITBANK32          100      0       0      58        0.0%
BANK32             100      0       0      59        0.0%
BITBANK31          100      0       0      56        0.0%
BANK31             100      0       0      57        0.0%
BITBANK30          100      0       0      54        0.0%
BANK30             100      0       0      55        0.0%
BITBANK29          100      0       0      52        0.0%
BANK29             100      0       0      53        0.0%
BITBANK28          100      0       0      50        0.0%
BANK28             100      0       0      51        0.0%
BITBANK27          100      0       0      48        0.0%
BANK27             100      0       0      49        0.0%
BITBANK26          100      0       0      46        0.0%
BANK26             100      0       0      47        0.0%
BITBANK25          100      0       0      44        0.0%
BANK25             100      0       0      45        0.0%
BITBANK24          100      0       0      42        0.0%
BANK24             100      0       0      43        0.0%
BITBANK23          100      0       0      40        0.0%
BANK23             100      0       0      41        0.0%
BITBANK22          100      0       0      38        0.0%
BANK22             100      0       0      39        0.0%
BITBANK21          100      0       0      36        0.0%
BANK21             100      0       0      37        0.0%
BITBANK20          100      0       0      34        0.0%
BANK20             100      0       0      35        0.0%
BITBANK19          100      0       0      32        0.0%
BANK19             100      0       0      33        0.0%
BITBANK18          100      0       0      30        0.0%
BANK18             100      0       0      31        0.0%
BITBANK17          100      0       0      28        0.0%
BANK17             100      0       0      29        0.0%
BITBANK16          100      0       0      26        0.0%
BANK16             100      0       0      27        0.0%
BITBANK15          100      0       0      24        0.0%
BANK15             100      0       0      25        0.0%
BITBANK14          100      0       0      22        0.0%
BANK14             100      0       0      23        0.0%
BITBANK13          100      0       0      20        0.0%
BANK13             100      0       0      21        0.0%
BITBANK12          100      0       0      18        0.0%
BANK12             100      0       0      19        0.0%
BITBANK11          100      0       0      16        0.0%
BANK11             100      0       0      17        0.0%
BITBANK10          100      0       0      14        0.0%
BANK10             100      0       0      15        0.0%
BITBANK9           100      0       0      12        0.0%
BANK9              100      0       0      13        0.0%
BITBANK8           100      0       0      10        0.0%
BANK8              100      0       0      11        0.0%
BITBANK7           100      0       0       8        0.0%
BANK7              100      0       0       9        0.0%
BITBANK6           100      0       0       6        0.0%
BANK6              100      0       0       7        0.0%
BITBIGSFRhllllh     D8      0       0      91        0.0%
BITBIGSFRl          AD      0       0      93        0.0%
BITBANK5            A0      0       0       4        0.0%
BANK5               A0      0       0       5        0.0%
BITBIGSFRhllhh      97      0       0      87        0.0%
BITCOMRAM           5F      0       0       0        0.0%
COMRAM              5F     1C      3C       1       63.2%
BITBIGSFRhllllh     47      0       0      90        0.0%
BITBIGSFRhlhhhh     3F      0       0      80        0.0%
BITBIGSFRhlhhhh     30      0       0      81        0.0%
BITBIGSFRhhhh       29      0       0      70        0.0%
BITBIGSFRhlhhhh      A      0       0      77        0.0%
BITBIGSFRhlhhhh      9      0       0      74        0.0%
BITBIGSFRhlhhhh      3      0       0      82        0.0%
BITBIGSFRhlhhhh      3      0       0      83        0.0%
BITBIGSFRhlhhhl      3      0       0      84        0.0%
BITBIGSFRhlhhlh      3      0       0      85        0.0%
BITBIGSFRhlhlh       3      0       0      86        0.0%
BITBIGSFRhllhl       2      0       0      88        0.0%
BITBIGSFRhlhhhh      2      0       0      78        0.0%
BITBIGSFRhlhhhh      2      0       0      75        0.0%
BITBIGSFRhhhl        2      0       0      71        0.0%
BITBIGSFRhlhhhh      2      0       0      73        0.0%
BITBIGSFRhhl         2      0       0      72        0.0%
BITBIGSFRhlllh       1      0       0      89        0.0%
BITBIGSFRhlhhhh      1      0       0      79        0.0%
BITBIGSFRhlhhhh      1      0       0      76        0.0%
BIGSFR_1             0      0       0     200        0.0%
BIGSFR               0      0       0     200        0.0%
BITSFR_6             0      0       0     200        0.0%
SFR_6                0      0       0     200        0.0%
BITSFR_5             0      0       0     200        0.0%
SFR_5                0      0       0     200        0.0%
BITSFR_4             0      0       0     200        0.0%
SFR_4                0      0       0     200        0.0%
BITSFR_3             0      0       0     200        0.0%
SFR_3                0      0       0     200        0.0%
BITSFR_2             0      0       0     200        0.0%
SFR_2                0      0       0     200        0.0%
BITSFR_1             0      0       0     200        0.0%
SFR_1                0      0       0     200        0.0%
BITSFR               0      0       0     200        0.0%
SFR                  0      0       0     200        0.0%
STACK                0      0       0       2        0.0%
NULL                 0      0       0       0        0.0%
ABS                  0      0      3C      94        0.0%
DATA                 0      0      3C       3        0.0%
CODE                 0      0       0       0        0.0%


Microchip Technology PIC18 Macro Assembler V2.46 build 20240104201356 
Symbol Table                                                                                   Thu Oct 24 21:40:17 2024

    __end_of_set_pin_open_drain 3F38          LCD_Update_Screen@input 050A                               l5 4A68  
                             _x 0539                  _LCD_Cursor_Set 4852  configure_pin@slew_rate_limited 050E  
                ?_get_pin_value 0505                              u15 4382                              u25 439C  
                            u35 43C2                  ?_configure_pin 0509         LCD_Update_Screen@output 050D  
                           l113 4278                             l125 3E18                             l221 3504  
                           l301 4166                             l137 3758                             l161 3CFA  
                           l233 362E                             l209 3BDC                             l411 4470  
                           l260 4564                             l420 4868                             l173 3882  
                           l149 4054                             l245 3F36                             l421 487E  
                           l422 4894                             l414 4374                             l408 4A4E  
                           l424 48B0                             l185 3ABE                             l417 47EA  
                           l371 4766                             l427 4A60                             l284 39A0  
                           l380 4662                             l197 33DA                             l374 4850  
                           l448 4A1E                             l472 49C2                             l481 4A58  
                           l385 46B8                             l554 4942                             l387 46D0  
                           l478 48FC                             l594 4A00                             l597 4A40  
                           u805 4286                             u815 42A0                             u825 42C6  
                           wreg 04E8      __end_of_set_pin_sr_maximum 3506      __end_of_set_pin_sr_limited 3BDE  
                          l1300 4458                            l1302 446C                            l1282 4A42  
                          l1290 437A                            l1284 4A44                            l1292 43F8  
                          l2510 3F3E                            l2502 370E                            l1286 4A4C  
                          l1294 43FC                            l2520 3FE8                            l2512 3F60  
                          l2600 32DC                            l1296 441E                            l1288 4378  
                          l2514 3F82                            l2450 41CE                            l2442 416A  
                          l2530 3BE0                            l2602 3300                            l1810 492A  
                          l1802 48FE                            l1298 443E                            l1730 4780  
                          l2516 3FA4                            l2524 400A                            l2508 3F3A  
                          l2452 41EE                            l2444 416E                            l2700 3EEC  
                          l2540 3C6C                            l2532 3BE4                            l2620 3AC6  
                          l2604 3324                            l2612 3390                            l1812 492C  
                          l1804 4914                            l1740 479E                            l1732 4796  
                          l1580 427C                            l2518 3FC6                            l2454 420E  
                          l2446 418E                            l2470 3D46                            l2542 3C8E  
                          l2534 3C06                            l2630 3B70                            l2622 3AE8  
                          l2606 3348                            l1814 4930                            l1806 4926  
                          l1750 47CA                            l1742 47A2                            l1734 4798  
                          l2710 487A                            l1590 4342                            l1582 427E  
                          l2560 37CC                            l2552 375C                            l2448 41AE  
                          l2472 3D68                            l2480 3DCE                            l2464 3CFE  
                          l2536 3C28                            l2624 3B0A                            l3280 34CE  
                          l2640 33DE                            l2608 336C                            l2720 4484  
                          l1816 4940                            l1808 4928                            l1760 47DA  
                          l1752 47CC                            l1744 47B4                            l1736 479A  
                          l1728 4768                            l2712 4890                            l1592 435C  
                          l1584 42FC                            l1680 4A5A                            l3272 4130  
                          l2800 4058                            l2562 37F0                            l2554 3760  
                          l2490 365A                            l2458 422E                            l3290 3F00  
                          l2474 3D8A                            l2466 3D02                            l2538 3C4A  
                          l2546 3CB0                            l3282 3BA6                            l2626 3B2C  
                          l2634 3B92                            l2618 3AC2                            l2650 3472  
                          l2642 33E2                            l2730 44C4                            l2722 4492  
                          l3274 396A                            l1682 4A02                            l1762 47E0  
                          l1754 47CE                            l1746 47C4                            l1738 479C  
                          l2714 48A6                            l2706 4854                            l1594 4370  
                          l1586 4300                            l2810 409C                            l2802 405C  
                          l2564 3814                            l2556 3784                            l2492 367E  
                          l3292 4242                            l2476 3DAC                            l2468 3D24  
                          l3284 35F8                            l2628 3B4E                            l2652 3496  
                          l2644 3406                            l2580 39EC                            l3276 33A4  
                          l2740 450A                            l2732 44D4                            l2724 449C  
                          l1684 4A08                            l1764 47E6                            l1756 47D0  
                          l1748 47C8                            l2716 48AA                            l2708 4864  
                          l1588 4322                            l2900 46BE                            l2558 37A8  
                          l3294 3722                            l2494 36A2                            l2486 3632  
                          l3286 3CC4                            l2670 3578                            l2662 3508  
                          l2646 342A                            l3278 3A88                            l2582 3A0E  
                          l2590 3A74                            l2574 39A4                            l2750 454C  
                          l2742 4514                            l2734 44E2                            l2726 44AC  
                          l2718 4474                            l1686 4A18                            l1758 47D4  
                          l1678 4A52                            l2822 40FC                            l2814 40BC  
                          l2806 407C                            l2910 4576                            l2902 4566  
                          l1688 4A62                            l2568 3838                            l3296 401E  
                          l2496 36C6                            l2488 3636                            l3288 3DE2  
                          l2672 359C                            l2664 350C                            l2648 344E  
                          l2656 34BA                            l2584 3A30                            l2576 39A8  
                          l2752 455A                            l2744 4524                            l2736 44EC  
                          l2728 44BA                            l2760 38CE                            l2840 480C  
                          l2920 45A6                            l2912 4588                            l2904 456A  
                          l3298 384C                            l2498 36EA                            l2690 3E64  
                          l2674 35C0                            l2666 3530                            l2586 3A52  
                          l2578 39CA                            l2746 4532                            l2738 44FC  
                          l2762 38F0                            l2770 3956                            l2754 3886  
                          l2834 46D2                            l2850 482E                            l2842 4816  
                          l2818 40DC                            l2930 4604                            l2922 45BA  
                          l2914 4592                            l2906 456E                            l2692 3E86  
                          l2684 3E1C                            l2668 3554                            l2596 32B4  
                          l2748 453C                            l2764 3912                            l2756 388A  
                          l2836 46F4                            l2852 4838                            l2844 481E  
                          l2860 49C6                            l2828 411C                            l2924 45CE  
                          l2916 4596                            l2908 4572                            l2694 3EA8  
                          l2686 3E20                            l2678 35E4                            l2598 32B8  
                          l2766 3934                            l2758 38AC                            l2790 49B8  
                          l2854 4840                            l2846 4824                            l2838 47EC  
                          l2862 49DA                            l2870 4A38                            l2926 45DC  
                          l2918 459E                            l2696 3ECA                            l2688 3E42  
                          l2784 4994                            l2776 4984                            l2792 48B2  
                          l2856 4846                            l2848 4828                            l2880 4652  
                          l2864 49E6                            l2872 4A3C                            l2928 45E8  
                          l2786 49A6                            l2778 4990                            l2794 48BA  
                          l2858 484A                            l2890 4684                            l2882 465C  
                          l2874 4624                            l2866 49FC                            l2788 49A8  
                          l2796 48D4                            l2892 468C                            l2884 4666  
                          l2876 462E                            l2868 4A34                            l2798 48D6  
                          l2894 46A8                            l2878 4636                            l2886 4668  
                          l2896 46B2                            l2888 467A                            l2898 46BC  
                          STR_1 250C                            STR_2 2501                            u2004 3B1C  
                          u2005 3B18                            u2014 3B3E                            u2015 3B3A  
                          u2104 351E                            u2024 3B60                            u2105 351A  
                          u2025 3B5C                            u2114 3542                            u2034 3B82  
                          u2115 353E                            u2035 3B7E                            u2204 3EBA  
                          u2124 3566                            u2044 33F4                            u2300 4524  
                          u2220 4864                            u2205 3EB6                            u2125 3562  
                          u2045 33F0                            u2301 4520                            u2221 4860  
                          _LATA 04BE                            u2214 3EDC                            u2134 358A  
                          u2054 3418                            u2310 454C                            u2230 487A  
                          _LATB 04BF                 __end_of_INT_ISR 32B2                            u2215 3ED8  
                          u2135 3586                            u2055 3414                            u2311 4548  
                          u2231 4876                            _LATC 04C0                            u1504 4180  
                          u2144 35AE                            u2064 343C                            u2240 4890  
                          _LATD 04C1                            u1505 417C                            u2145 35AA  
                          u2065 3438                            u2241 488C                            _LATE 04C2  
                          u1514 41A0                            u2154 35D2                            u2074 3460  
                          u2250 48A6                            _LATF 04C3                            u1515 419C  
                          u2155 35CE                            u2075 345C                            u2251 48A2  
                          u1524 41C0                            u2164 3E32                            u1604 3D9C  
                          u2084 3484                            u2260 4484                            u2324 389C  
                          u2500 46A8                            u2404 406E                            u1525 41BC  
                          u2165 3E2E                            u1605 3D98                            u2085 3480  
                          u2261 4480                            u2325 3898                            u2501 46A4  
                          u2405 406A                            u1534 41E0                            u2174 3E54  
                          u1614 3DBE                            u2094 34A8                            u2270 44AC  
                          u2334 38BE                            u2510 46D0                            u2414 408E  
                          u1535 41DC                            u2175 3E50                            u1615 3DBA  
                          u2095 34A4                            u2271 44A8                            u2335 38BA  
                          u2511 46CC                            u2415 408A                            u1704 3F94  
                          u1624 3648                            u1544 4200                            u2184 3E76  
                          u2280 44D4                            u2344 38E0                            u2424 40AE  
                          u2520 45B6                            u1705 3F90                            u1625 3644  
                          u1545 41FC                            u2185 3E72                            u2281 44D0  
                          u2345 38DC                            u2425 40AA                            u2521 45B0  
                          u1714 3FB6                            u1634 366C                            u1554 4220  
                          u2194 3E98                            u2290 44FC                            u2354 3902  
                          u2434 40CE                            u2530 45B8                            u1715 3FB2  
                          u1635 3668                            u1555 421C                            u2195 3E94  
                          u2291 44F8                            u2355 38FE                            u2435 40CA  
                          u1804 3772                            u1724 3FD8                            u1644 3690  
                          u1564 3D14                            u2364 3924                            u2380 49B8  
                          u2444 40EE                            u2540 45CA                            u1805 376E  
                          u1725 3FD4                            u1645 368C                            u1565 3D10  
                          u2365 3920                            u2381 49B4                            u2445 40EA  
                          u2541 45C4                            u1814 3796                            u1734 3FFA  
                          u1654 36B4                            u1574 3D36                            u2374 3946  
                          u2390 48FC                            u2454 410E                            u2550 45CC  
                          u1815 3792                            u1735 3FF6                            u1655 36B0  
                          u1575 3D32                            u2375 3942                            u2607 4A0E  
                          u2391 48F8                            u2455 410A                            u1824 37BA  
                          u1664 36D8                            u1584 3D58                            u1744 3BF6  
                          u1904 3A42                            u2480 4652                            u1825 37B6  
                          u1665 36D4                            u1585 3D54                            u1745 3BF2  
                          u1905 3A3E                            u2617 4A46                            u2481 464E  
                          u2465 49E2                            u1834 37DE                            u1674 36FC  
                          u1594 3D7A                            u1754 3C18                            u1914 3A64  
                          u2490 467A                            u2466 49E6                            u1835 37DA  
                          u1675 36F8                            u1595 3D76                            u1755 3C14  
                          u1915 3A60                            u2491 4676                            u2475 49EE  
                          u1844 3802                            u1684 3F50                            u1764 3C3A  
                          u1924 32CA                            u2476 49F2                            u1845 37FE  
                          u1685 3F4C                            u1765 3C36                            u1925 32C6  
                          u1854 3826                            u1694 3F72                            u1774 3C5C  
                          u1934 32EE                            u1855 3822                            u1695 3F6E  
                          u1775 3C58                            u1935 32EA                            u2567 460E  
                          u1784 3C7E                            u1864 39BA                            u1944 3312  
                          u1785 3C7A                            u1865 39B6                            u1945 330E  
                          u2577 478A                            u1794 3CA0                            u1874 39DC  
                          u1954 3336                            u1795 3C9C                            u1875 39D8  
                          u1955 3332                            u2587 47A8                            u1884 39FE  
                          u1964 335A                            u1885 39FA                            u1965 3356  
                          u2597 47BA                            u1894 3A20                            u1974 337E  
                          u1895 3A1C                            u1975 337A                            u1984 3AD8  
                          u1985 3AD4                            u1994 3AFA                            u1995 3AF6  
                          _WPUA 0401                            _WPUB 0409                            _WPUC 0411  
                          _WPUD 0419                            _WPUE 0421                            _WPUF 0429  
             ?_LCD_Write_String 0508        __end_of_reset_pin_pullup 3884                            _main 4566  
                          indf2 04DF                            fsr1l 04E1                            fsr2l 04D9  
                          prodl 04F3                            start 3102              ??_LCD_Write_String 0509  
        __end_of_LCD_Cursor_Set 48B2                    ___param_bank 0000                      _Clock_Init 4A62  
              __end_of_LCD_Init 47EC              _LCD_Initial_Screen 47EC                           ?_main 0512  
                         i2l571 3248                           i2l565 3174                           i2l583 32B0  
                         i2l559 3268                           i2l568 3188                           _TMR0H 0319  
                         _TMR0L 0318                           _PORTA 04CE                           _PORTB 04CF  
                         _PORTC 04D0                           _PORTD 04D1                           _PORTE 04D2  
                         _PORTF 04D3                           _TRISA 04C6                           _TRISB 04C7  
                         _TRISC 04C8                           _TRISD 04C9                           _TRISE 04CA  
                         _TRISF 04CB             ?_LCD_Initial_Screen 0501          get_pin_value@port_name 0508  
                         tablat 04F5            configure_pin@use_ttl 050D                           status 04D8  
          ??_LCD_Initial_Screen 050E                  _LCD_Write_Char 4A50                 ?_LCD_Cursor_Set 0508  
               __initialization 4944                 ??_get_pin_value 0506                    __end_of_main 4624  
               ??_configure_pin 0510                          ??_main 0517                    ?_TIMER0_Init 0505  
             __end_of_LCD_Clear 4A20                   __activetblptr 0003               __end_of_GPIO_Init 4768  
                     ??_INT_ISR 0501         get_pin_value@pin_number 0505               _set_pin_push_pull 3506  
                        _ANSELA 0400                          _ANSELB 0408                          _ANSELC 0410  
                        _ANSELD 0418                          _ANSELE 0420                          _ANSELF 0428  
                        _ODCONA 0402                          _ODCONB 040A                          _ODCONC 0412  
                        _ODCOND 041A                          _ODCONE 0422                          _ODCONF 042A  
                        i2l2030 3108                          i2l2040 312A                          i2l2032 3116  
                        i2l2042 3146                          i2l2034 3120                          i2l2060 31E2  
                        i2l2052 319C                          i2l2044 3162                          i2l2062 31F2  
                        i2l2070 3228                          i2l2054 31C8                          i2l2046 3182  
                        i2l2080 328A                          i2l2064 31F4                          i2l2056 31D8  
                        i2l2048 3196                          i2l2072 3248                          i2l2082 328C  
                        i2l2074 324C                          i2l2058 31DA                          i2l2084 329A  
                        i2l2076 3276                          i2l3300 31B2                          i2l2068 31FC  
                        i2l2086 32AA                          i2l2078 3286                          i2l3302 3212  
                        i2l2088 32AE                          _INLVLA 0404                          _INLVLB 040C  
                        _INLVLC 0414                          _INLVLD 041C                          _INLVLE 0424  
                        _INLVLF 042C              ?_set_pin_push_pull 0505          __end_of_LCD_Write_Char 4A5A  
           ??_set_pin_push_pull 0506                    ?_set_pin_low 0505                    ?_set_pin_ttl 0505  
  set_pin_sr_maximum@pin_number 0505           configure_pin@is_input 050A                     ?_Clock_Init 0501  
                        clear_0 496A                          isa$std 0001   set_pin_analog_mode@pin_number 0505  
                  __pdataCOMRAM 051D          TIMER0_Init@timer_async 0506                    __mediumconst 0000  
                        tblptrh 04F7                          tblptrl 04F6                          tblptru 04F8  
     __end_of_set_pin_push_pull 3630            set_pin_ttl@port_name 0508                      __accesstop 0560  
       __end_of__initialization 497E                       ?_LCD_Init 0501                   ___rparam_used 0001  
               ?_LCD_Write_Char 0501        set_pin_output@pin_number 0505                  __pcstackCOMRAM 0501  
                _LCD_entry_mode 051D               _LCD_write_command 4376              ?_LCD_write_command 0501  
         __end_of_set_pin_input 427A    __end_of_LCD_Cursor_Increment 4A62              _set_pin_open_drain 3E1A  
           ??_LCD_write_command 0505      configure_pin@use_push_pull 050F                  _INTERRUPT_Init 48FE  
  set_pin_sr_limited@pin_number 0505             ?_set_pin_open_drain 0505                   ?_TIMER0_Write 0505  
                    ??_LCD_Init 0509               ?_reset_pin_pullup 0505                         IVTBASEH 045E  
                       IVTBASEL 045D                         IVTBASEU 045F              _set_pin_sr_maximum 33DC  
            _set_pin_sr_limited 3AC0              ??_reset_pin_pullup 0506             _set_pin_analog_mode 3F38  
   set_pin_sr_maximum@port_name 0508       __end_of_LCD_write_command 4472            ??_set_pin_open_drain 0506  
        LCD_Write_String@string 0508             ?_set_pin_sr_maximum 0505             ?_set_pin_sr_limited 0505  
          ?_set_pin_analog_mode 0505                         _INT_ISR 3108                         _OSCCON1 00AD  
        __end_of_INTERRUPT_Init 4944                         _SLRCONA 0403                         _SLRCONB 040B  
                       _SLRCONC 0413                         _SLRCOND 041B                         _SLRCONE 0423  
                       _SLRCONF 042B                      _high_state 051F                  ??_TIMER0_Write 0506  
          ??_set_pin_sr_maximum 0506            ??_set_pin_sr_limited 0506        LCD_write_command@command 0507  
         set_pin_low@pin_number 0505     set_pin_sr_limited@port_name 0508                ??_LCD_Cursor_Set 0509  
                       __Hparam 0000                         __Lparam 0000                  _LCD_write_data 427A  
                  __psmallconst 2500             set_pin_st@port_name 0508                   ivt0x3008_base 3008  
                       __pcinit 4944                         __ramtop 2500                         __ptext0 4566  
                       __ptext1 4056                         __ptext2 4A32                         __ptext3 49C4  
                       __ptext4 4624                         __ptext5 47EC                         __ptext6 48B2  
                       __ptext7 4A50                         __ptext8 4A5A                         __ptext9 4984  
         ??_set_pin_analog_mode 0506           set_pin_ttl@pin_number 0505                 ?_INTERRUPT_Init 0501  
                     _LCD_Clear 4A02               LCD_Cursor_Set@row 0509                       _GPIO_Init 46D2  
          end_of_initialization 497E      set_pin_push_pull@port_name 0508            _LCD_Cursor_Increment 4A5A  
        configure_pin@port_name 0510             _LCD_display_control 051E          __end_of_LCD_write_data 4376  
                    _set_pin_st 39A2                         postdec1 04E5                         postinc0 04EE  
                       postinc2 04DE                      main@F17600 0535                      main@F17602 0533  
                  ??_Clock_Init 0505           __end_of_get_pin_value 4168           __end_of_configure_pin 4566  
                     _PORTBbits 04CF               ??_LCD_pulse_clock 0505                       _TRISCbits 04C8  
                     _TRISFbits 04CB              LCD_Update_Screen@i 0510                      ?_LCD_Clear 0501  
      set_pin_pullup@pin_number 0505                      ?_GPIO_Init 0501               LCD_Write_String@i 050A  
              ??_LCD_Write_Char 0508              __end_of_Clock_Init 4A6A            LCD_Cursor_Set@column 0508  
   LCD_Update_Screen@input_size 050C                  _set_pin_pullup 3BDE                  _set_pin_output 3CFC  
         ?_LCD_Cursor_Increment 0501   TIMER0_Init@timer_clock_source 0509                      main@output 051B  
               ?_LCD_write_data 0501            __end_of_TIMER0_Write 4A42                _LCD_Write_String 48B2  
                 __pidataCOMRAM 4A20    __end_of_set_pin_digital_mode 375A             start_initialization 4944  
        __end_of_set_pin_pullup 3CFC          __end_of_set_pin_output 3E1A     set_pin_open_drain@port_name 0508  
                   ?_set_pin_st 0505           TIMER0_Init@timer_mode 0505                     __pbssCOMRAM 052F  
                      ?_INT_ISR 0501                     ??_LCD_Clear 0508                     ??_GPIO_Init 0511  
               ?_set_pin_pullup 0505                 ?_set_pin_output 0505          ??_LCD_Cursor_Increment 0508  
                      INT_ISR@i 0503              LCD_Add_Character@i 050D         set_pin_output@port_name 0508  
set_pin_digital_mode@pin_number 0505                     __pivt0x3008 3008         TIMER0_Write@TMR0H_value 0506  
             ivt0x3008_undefint 3100         TIMER0_Write@TMR0L_value 0505                ??_INTERRUPT_Init 0505  
                 ??_TIMER0_Init 0508                     __smallconst 2500       reset_pin_pullup@port_name 0508  
            LCD_write_data@data 0507            set_pin_low@port_name 0508               _LCD_Update_Screen 4624  
                      _LCD_Init 4768                        _LATCbits 04C0                        _LATFbits 04C3  
            ?_LCD_Update_Screen 050A            _set_pin_digital_mode 3630                        _IPR1bits 0363  
                      _PIE1bits 049F                        _IPR3bits 0365                        _PIE3bits 04A1  
                      _IPR6bits 0368                        _PIE6bits 04A4                        _IVTBASEH 045E  
                      _IVTBASEL 045D                        _IVTBASEU 045F                        i2u140_40 3162  
                      i2u140_41 315E                        i2u141_40 3182                        i2u141_41 317E  
                      i2u142_40 3196                        i2u142_41 3192                        i2u143_40 31D8  
                      i2u143_41 31D4                        i2u144_40 31F2                        i2u144_41 31EE  
                      i2u145_40 3268                        i2u145_41 3264                        i2u146_40 3276  
                      i2u138_40 3116                        i2u146_41 3272                        i2u138_41 3112  
                      i2u147_40 3286                        i2u139_40 3146                        i2u147_41 3282  
                      i2u139_41 3142                        i2u148_40 329A                       _low_state 0527  
                      i2u148_41 3296                        i2u149_40 32AA                        i2u149_41 32A6  
                      _PIR1bits 04AF                        _PIR3bits 04B1                        _PIR6bits 04B4  
               _LCD_pulse_clock 4A42                   ??_set_pin_low 0506                   ??_set_pin_ttl 0506  
           ??_LCD_Update_Screen 0510    set_pin_open_drain@pin_number 0505     __end_of_set_pin_analog_mode 4056  
                   _INT1PPSbits 023F         set_pin_input@pin_number 0505               _LCD_Add_Character 4984  
                 _set_pin_input 4168              ?_LCD_Add_Character 050A                       main@input 0519  
           __end_of_TIMER0_Init 4A02       __end_of_LCD_Update_Screen 46D2                     _INTCON0bits 04D6  
                     copy_data0 4958         set_pin_pullup@port_name 0508             ??_LCD_Add_Character 050D  
      __end_of_LCD_Write_String 48FE            set_pin_st@pin_number 0505                    _TIMER0_Write 4A32  
    __end_of_LCD_Initial_Screen 4852                ??_LCD_write_data 0505           ?_set_pin_digital_mode 0505  
                      __Hrparam 0000                       modff@F522 052F                        __Lrparam 0000  
  LCD_Update_Screen@output_size 050F       __end_of_LCD_Add_Character 49C4                _reset_pin_pullup 375A  
                ?_set_pin_input 0505             __end_of_set_pin_low 39A2             __end_of_set_pin_ttl 33DC  
       configure_pin@is_digital 050B                      _T0CON0bits 031A                      _T0CON1bits 031B  
                   _button_flag 053B                        __ptext10 427A                        __ptext11 4852  
                      __ptext20 32B2                        __ptext12 4768                        __ptext21 39A2  
                      __ptext13 4A02                        __ptext30 3F38                        __ptext22 33DC  
                      __ptext14 4376                        __ptext31 375A                        __ptext23 3AC0  
                      __ptext15 4A42                        __ptext32 4A62                        __ptext24 3506  
                      __ptext16 48FE                        __ptext33 3108                        __ptext25 3BDE  
                      __ptext17 46D2                        __ptext26 3CFC                        __ptext18 3884  
                      __ptext27 3E1A                        __ptext19 4472                        __ptext28 4168  
                      __ptext29 3630    set_pin_analog_mode@port_name 0508     set_pin_push_pull@pin_number 0505  
 set_pin_digital_mode@port_name 0508         __end_of_LCD_pulse_clock 4A50                    ??_set_pin_st 0506  
                      isa$xinst 0000         configure_pin@pin_number 0509                        main@argc 0512  
                      main@argv 0514                     _TIMER0_Init 49C4        LCD_Add_Character@address 050C  
        set_pin_input@port_name 0508                ??_set_pin_pullup 0506                ??_set_pin_output 0506  
    TIMER0_Init@timer_prescaler 0507              __end_of_set_pin_st 3AC0                        intlevel2 0000  
      LCD_Add_Character@pattern 050A          ??_set_pin_digital_mode 0506            _button_press_counter 0537  
                   _set_pin_low 3884         LCD_Write_Char@character 0508                     _set_pin_ttl 32B2  
    configure_pin@enable_pullup 050C                   _get_pin_value 4056                 ??_set_pin_input 0506  
    reset_pin_pullup@pin_number 0505                   _configure_pin 4472                ?_LCD_pulse_clock 0501  
        LCD_Update_Screen@i_351 0511  
