

Microchip MPLAB XC8 Assembler V2.46 build 20240104201356 
                                                                                               Mon Oct 14 23:31:38 2024

Microchip MPLAB XC8 C Compiler v2.46 (Free license) build 20240104201356 Og1 
     1                           	processor	18F57Q43
     2                           	fnconf	rparam,??,?,0
     3                           	pagewidth 120
     4                           	opt	flic
     5                           	psect	cinit,global,reloc=2,class=CODE,delta=1
     6                           	psect	cstackCOMRAM,global,class=COMRAM,space=1,delta=1,lowdata,noexec
     7                           	psect	text0,global,reloc=2,class=CODE,delta=1
     8                           	psect	text1,global,reloc=2,class=CODE,delta=1
     9                           	psect	text2,global,reloc=2,class=CODE,delta=1
    10                           	psect	text3,global,reloc=2,class=CODE,delta=1
    11                           	psect	text4,global,reloc=2,class=CODE,delta=1
    12                           	psect	text5,global,reloc=2,class=CODE,delta=1
    13                           	psect	text6,global,reloc=2,class=CODE,delta=1
    14                           	psect	text7,global,reloc=2,class=CODE,delta=1
    15                           	psect	text8,global,reloc=2,class=CODE,delta=1
    16                           	psect	text9,global,reloc=2,class=CODE,delta=1
    17                           	psect	text10,global,reloc=2,class=CODE,delta=1
    18                           	psect	text11,global,reloc=2,class=CODE,delta=1
    19                           	psect	text12,global,reloc=2,class=CODE,delta=1
    20                           	psect	text13,global,reloc=2,class=CODE,delta=1
    21                           	psect	text14,global,reloc=2,class=CODE,delta=1
    22                           	psect	text15,global,reloc=2,class=CODE,delta=1
    23                           	psect	text16,global,reloc=2,class=CODE,delta=1
    24                           	psect	text17,global,reloc=2,class=CODE,delta=1
    25                           	psect	text18,global,reloc=4,class=CODE,delta=1
    26                           	psect	ivt0x3008,global,reloc=2,class=CODE,delta=1,noexec,keep,optim=
    27                           	psect	smallconst,global,reloc=2,class=SMALLCONST,delta=1,noexec
    28                           	psect	intsave_regs,global,class=BIGRAM,space=1,delta=1,noexec
    29                           	psect	rparam,global,class=COMRAM,space=1,delta=1,noexec
    30                           	psect	config,global,abs,ovrld,class=CONFIG,space=4,delta=1,noexec
    31   000000                     
    32                           ; Generated 18/12/2023 GMT
    33                           ; 
    34                           ; Copyright © 2023, Microchip Technology Inc. and its subsidiaries ("Microchip")
    35                           ; All rights reserved.
    36                           ; 
    37                           ; This software is developed by Microchip Technology Inc. and its subsidiaries ("Microch
      +                          ip").
    38                           ; 
    39                           ; Redistribution and use in source and binary forms, with or without modification, are
    40                           ; permitted provided that the following conditions are met:
    41                           ; 
    42                           ;     1. Redistributions of source code must retain the above copyright notice, this lis
      +                          t of
    43                           ;        conditions and the following disclaimer.
    44                           ; 
    45                           ;     2. Redistributions in binary form must reproduce the above copyright notice, this 
      +                          list
    46                           ;        of conditions and the following disclaimer in the documentation and/or other
    47                           ;        materials provided with the distribution. Publication is not required when
    48                           ;        this file is used in an embedded application.
    49                           ; 
    50                           ;     3. Microchip's name may not be used to endorse or promote products derived from th
      +                          is
    51                           ;        software without specific prior written permission.
    52                           ; 
    53                           ; THIS SOFTWARE IS PROVIDED BY MICROCHIP "AS IS" AND ANY EXPRESS OR IMPLIED WARRANTIES,
    54                           ; INCLUDING, BUT NOT LIMITED TO, THE IMPLIED WARRANTIES OF MERCHANTABILITY AND FITNESS F
      +                          OR
    55                           ; PURPOSE ARE DISCLAIMED.  IN NO EVENT SHALL MICROCHIP BE LIABLE FOR ANY DIRECT, INDIREC
      +                          T,
    56                           ; INCIDENTAL, SPECIAL, EXEMPLARY, OR CONSEQUENTIAL DAMAGES (INCLUDING BUT NOT LIMITED TO
    57                           ; PROCUREMENT OF SUBSTITUTE GOODS OR SERVICES; LOSS OF USE, DATA OR PROFITS; OR BUSINESS
    58                           ; INTERRUPTION) HOWSOEVER CAUSED AND ON ANY THEORY OF LIABILITY, WHETHER IN CONTRACT, ST
      +                          RICT
    59                           ; LIABILITY, OR TORT (INCLUDING NEGLIGENCE OR OTHERWISE) ARISING IN ANY WAY OUT OF THE U
      +                          SE OF
    60                           ; THIS SOFTWARE, EVEN IF ADVISED OF THE POSSIBILITY OF SUCH DAMAGE.
    61                           ; 
    62                           ; 
    63                           ; Code-generator required, PIC18F57Q43 Definitions
    64                           ; 
    65                           ; SFR Addresses
    66   000000                     _ODCONF	set	1066
    67   000000                     _ODCONE	set	1058
    68   000000                     _ODCOND	set	1050
    69   000000                     _ODCONC	set	1042
    70   000000                     _ODCONB	set	1034
    71   000000                     _ODCONA	set	1026
    72   000000                     _SLRCONF	set	1067
    73   000000                     _SLRCONE	set	1059
    74   000000                     _SLRCOND	set	1051
    75   000000                     _SLRCONC	set	1043
    76   000000                     _SLRCONB	set	1035
    77   000000                     _SLRCONA	set	1027
    78   000000                     _INLVLF	set	1068
    79   000000                     _INLVLE	set	1060
    80   000000                     _INLVLD	set	1052
    81   000000                     _INLVLC	set	1044
    82   000000                     _INLVLB	set	1036
    83   000000                     _INLVLA	set	1028
    84   000000                     _WPUF	set	1065
    85   000000                     _WPUE	set	1057
    86   000000                     _WPUD	set	1049
    87   000000                     _WPUC	set	1041
    88   000000                     _WPUB	set	1033
    89   000000                     _WPUA	set	1025
    90   000000                     _ANSELF	set	1064
    91   000000                     _ANSELE	set	1056
    92   000000                     _ANSELD	set	1048
    93   000000                     _ANSELC	set	1040
    94   000000                     _ANSELB	set	1032
    95   000000                     _LATFbits	set	1219
    96   000000                     _OSCCON1	set	173
    97   000000                     _TMR0L	set	792
    98   000000                     _TMR0H	set	793
    99   000000                     _T0CON0bits	set	794
   100   000000                     _T0CON1bits	set	795
   101   000000                     _ANSELA	set	1024
   102   000000                     _TRISA	set	1222
   103   000000                     _PORTA	set	1230
   104   000000                     _TRISF	set	1227
   105   000000                     _TRISE	set	1226
   106   000000                     _TRISD	set	1225
   107   000000                     _TRISC	set	1224
   108   000000                     _TRISB	set	1223
   109   000000                     _IVTBASEL	set	1117
   110   000000                     _IVTBASEH	set	1118
   111   000000                     _IVTBASEU	set	1119
   112   000000                     _PIE3bits	set	1185
   113   000000                     _PIR3bits	set	1201
   114   000000                     _LATA	set	1214
   115   000000                     _LATF	set	1219
   116   000000                     _LATE	set	1218
   117   000000                     _LATD	set	1217
   118   000000                     _LATC	set	1216
   119   000000                     _LATB	set	1215
   120   000000                     _INTCON0bits	set	1238
   121   000000                     _PORTF	set	1235
   122   000000                     _PORTE	set	1234
   123   000000                     _PORTD	set	1233
   124   000000                     _PORTC	set	1232
   125   000000                     _PORTB	set	1231
   126   000000                     _IPR3bits	set	869
   127                           
   128                           ; #config settings
   129                           
   130                           	psect	cinit
   131   00401A                     __pcinit:
   132                           	callstack 0
   133   00401A                     start_initialization:
   134                           	callstack 0
   135   00401A                     __initialization:
   136                           	callstack 0
   137                           
   138                           ;
   139                           ; Setup IVTBASE
   140                           ;
   141   00401A  0104               	movlb	4
   142   00401C  0E08               	movlw	(ivt0x3008_base shr 0)& (0+255)
   143   00401E  6F5D               	movwf	93,b
   144   004020  0E30               	movlw	(ivt0x3008_base shr (0+8))& (0+255)
   145   004022  6F5E               	movwf	94,b
   146   004024  0E00               	movlw	(ivt0x3008_base shr (0+16))& (0+255)
   147   004026  6F5F               	movwf	95,b
   148   004028                     end_of_initialization:
   149                           	callstack 0
   150   004028                     __end_of__initialization:
   151                           	callstack 0
   152   004028  0100               	movlb	0
   153   00402A  EF01  F020         	goto	_main	;jump to C main() function
   154                           
   155                           	psect	cstackCOMRAM
   156   000501                     __pcstackCOMRAM:
   157                           	callstack 0
   158   000501                     set_pin_input@pin_number:
   159                           	callstack 0
   160   000501                     set_pin_output@pin_number:
   161                           	callstack 0
   162   000501                     set_pin_digital_mode@pin_number:
   163                           	callstack 0
   164   000501                     set_pin_analog_mode@pin_number:
   165                           	callstack 0
   166   000501                     set_pin_pullup@pin_number:
   167                           	callstack 0
   168   000501                     reset_pin_pullup@pin_number:
   169                           	callstack 0
   170   000501                     set_pin_st@pin_number:
   171                           	callstack 0
   172   000501                     set_pin_ttl@pin_number:
   173                           	callstack 0
   174   000501                     set_pin_sr_limited@pin_number:
   175                           	callstack 0
   176   000501                     set_pin_sr_maximum@pin_number:
   177                           	callstack 0
   178   000501                     set_pin_push_pull@pin_number:
   179                           	callstack 0
   180   000501                     set_pin_open_drain@pin_number:
   181                           	callstack 0
   182                           
   183                           ; 1 bytes @ 0x0
   184   000501                     	ds	1
   185   000502                     ??_set_pin_input:
   186   000502                     ??_set_pin_output:
   187   000502                     ??_set_pin_digital_mode:
   188   000502                     ??_set_pin_analog_mode:
   189   000502                     ??_set_pin_pullup:
   190   000502                     ??_reset_pin_pullup:
   191   000502                     ??_set_pin_st:
   192   000502                     ??_set_pin_ttl:
   193   000502                     ??_set_pin_sr_limited:
   194   000502                     ??_set_pin_sr_maximum:
   195   000502                     ??_set_pin_push_pull:
   196   000502                     ??_set_pin_open_drain:
   197                           
   198                           ; 1 bytes @ 0x1
   199   000502                     	ds	2
   200   000504                     set_pin_input@port_name:
   201                           	callstack 0
   202   000504                     set_pin_output@port_name:
   203                           	callstack 0
   204   000504                     set_pin_digital_mode@port_name:
   205                           	callstack 0
   206   000504                     set_pin_analog_mode@port_name:
   207                           	callstack 0
   208   000504                     set_pin_pullup@port_name:
   209                           	callstack 0
   210   000504                     reset_pin_pullup@port_name:
   211                           	callstack 0
   212   000504                     set_pin_st@port_name:
   213                           	callstack 0
   214   000504                     set_pin_ttl@port_name:
   215                           	callstack 0
   216   000504                     set_pin_sr_limited@port_name:
   217                           	callstack 0
   218   000504                     set_pin_sr_maximum@port_name:
   219                           	callstack 0
   220   000504                     set_pin_push_pull@port_name:
   221                           	callstack 0
   222   000504                     set_pin_open_drain@port_name:
   223                           	callstack 0
   224                           
   225                           ; 1 bytes @ 0x3
   226   000504                     	ds	1
   227   000505                     configure_pin@pin_number:
   228                           	callstack 0
   229                           
   230                           ; 1 bytes @ 0x4
   231   000505                     	ds	1
   232   000506                     configure_pin@is_input:
   233                           	callstack 0
   234                           
   235                           ; 1 bytes @ 0x5
   236   000506                     	ds	1
   237   000507                     configure_pin@is_digital:
   238                           	callstack 0
   239                           
   240                           ; 1 bytes @ 0x6
   241   000507                     	ds	1
   242   000508                     configure_pin@enable_pullup:
   243                           	callstack 0
   244                           
   245                           ; 1 bytes @ 0x7
   246   000508                     	ds	1
   247   000509                     configure_pin@use_ttl:
   248                           	callstack 0
   249                           
   250                           ; 1 bytes @ 0x8
   251   000509                     	ds	1
   252   00050A                     configure_pin@slew_rate_limited:
   253                           	callstack 0
   254                           
   255                           ; 1 bytes @ 0x9
   256   00050A                     	ds	1
   257   00050B                     configure_pin@use_push_pull:
   258                           	callstack 0
   259                           
   260                           ; 1 bytes @ 0xA
   261   00050B                     	ds	1
   262   00050C                     configure_pin@port_name:
   263                           	callstack 0
   264                           
   265                           ; 1 bytes @ 0xB
   266   00050C                     	ds	1
   267   00050D                     
   268                           ; 2 bytes @ 0xC
   269   00050D                     	ds	2
   270   00050F                     
   271                           ; 3 bytes @ 0xE
   272   00050F                     	ds	3
   273   000512                     
   274                           ; 1 bytes @ 0x11
   275 ;;
   276 ;;Main: autosize = 0, tempsize = 0, incstack = 0, save=0
   277 ;;
   278 ;; *************** function _main *****************
   279 ;; Defined at:
   280 ;;		line 12 in file "main.c"
   281 ;; Parameters:    Size  Location     Type
   282 ;;  argc            2   12[COMRAM] int 
   283 ;;  argv            3   14[COMRAM] PTR PTR unsigned char 
   284 ;; Auto vars:     Size  Location     Type
   285 ;;		None
   286 ;; Return value:  Size  Location     Type
   287 ;;                  2   12[COMRAM] int 
   288 ;; Registers used:
   289 ;;		wreg, status,2, status,0, cstack
   290 ;; Tracked objects:
   291 ;;		On entry : 0/0
   292 ;;		On exit  : 0/0
   293 ;;		Unchanged: 0/0
   294 ;; Data sizes:     COMRAM   BANK5   BANK6   BANK7   BANK8   BANK9  BANK10  BANK11  BANK12  BANK13  BANK14  BANK15  BANK1
      +6  BANK17  BANK18  BANK19  BANK20  BANK21  BANK22  BANK23  BANK24  BANK25  BANK26  BANK27  BANK28  BANK29  BANK30  BANK3
      +1  BANK32  BANK33  BANK34  BANK35  BANK36
   295 ;;      Params:         5       0       0       0       0       0       0       0       0       0       0       0       
      +0       0       0       0       0       0       0       0       0       0       0       0       0       0       0       
      +0       0       0       0       0       0
   296 ;;      Locals:         0       0       0       0       0       0       0       0       0       0       0       0       
      +0       0       0       0       0       0       0       0       0       0       0       0       0       0       0       
      +0       0       0       0       0       0
   297 ;;      Temps:          0       0       0       0       0       0       0       0       0       0       0       0       
      +0       0       0       0       0       0       0       0       0       0       0       0       0       0       0       
      +0       0       0       0       0       0
   298 ;;      Totals:         5       0       0       0       0       0       0       0       0       0       0       0       
      +0       0       0       0       0       0       0       0       0       0       0       0       0       0       0       
      +0       0       0       0       0       0
   299 ;;Total ram usage:        5 bytes
   300 ;; Hardware stack levels required when called: 4
   301 ;; This function calls:
   302 ;;		_Clock_Init
   303 ;;		_GPIO_Init
   304 ;;		_INTERRUPT_Init
   305 ;;		_TIMER0_Init
   306 ;; This function is called by:
   307 ;;		Startup code after reset
   308 ;; This function uses a non-reentrant model
   309 ;;
   310                           
   311                           	psect	text0
   312   004002                     __ptext0:
   313                           	callstack 0
   314   004002                     _main:
   315                           	callstack 123
   316   004002                     
   317                           ;main.c: 14:     Clock_Init();
   318   004002  EC20  F020         	call	_Clock_Init	;wreg free
   319   004006                     
   320                           ;main.c: 15:     GPIO_Init();
   321   004006  ECDE  F01F         	call	_GPIO_Init	;wreg free
   322   00400A                     
   323                           ;main.c: 16:     TIMER0_Init();
   324   00400A  ECC9  F01F         	call	_TIMER0_Init	;wreg free
   325   00400E                     
   326                           ;main.c: 17:     INTERRUPT_Init();
   327   00400E  ECF0  F01F         	call	_INTERRUPT_Init	;wreg free
   328   004012                     l15:
   329   004012  EF09  F020         	goto	l15
   330   004016  EF81  F018         	goto	start
   331   00401A                     __end_of_main:
   332                           	callstack 0
   333                           
   334 ;; *************** function _TIMER0_Init *****************
   335 ;; Defined at:
   336 ;;		line 3 in file "timers.c"
   337 ;; Parameters:    Size  Location     Type
   338 ;;		None
   339 ;; Auto vars:     Size  Location     Type
   340 ;;		None
   341 ;; Return value:  Size  Location     Type
   342 ;;                  1    wreg      void 
   343 ;; Registers used:
   344 ;;		wreg, status,2
   345 ;; Tracked objects:
   346 ;;		On entry : 0/0
   347 ;;		On exit  : 0/0
   348 ;;		Unchanged: 0/0
   349 ;; Data sizes:     COMRAM   BANK5   BANK6   BANK7   BANK8   BANK9  BANK10  BANK11  BANK12  BANK13  BANK14  BANK15  BANK1
      +6  BANK17  BANK18  BANK19  BANK20  BANK21  BANK22  BANK23  BANK24  BANK25  BANK26  BANK27  BANK28  BANK29  BANK30  BANK3
      +1  BANK32  BANK33  BANK34  BANK35  BANK36
   350 ;;      Params:         0       0       0       0       0       0       0       0       0       0       0       0       
      +0       0       0       0       0       0       0       0       0       0       0       0       0       0       0       
      +0       0       0       0       0       0
   351 ;;      Locals:         0       0       0       0       0       0       0       0       0       0       0       0       
      +0       0       0       0       0       0       0       0       0       0       0       0       0       0       0       
      +0       0       0       0       0       0
   352 ;;      Temps:          0       0       0       0       0       0       0       0       0       0       0       0       
      +0       0       0       0       0       0       0       0       0       0       0       0       0       0       0       
      +0       0       0       0       0       0
   353 ;;      Totals:         0       0       0       0       0       0       0       0       0       0       0       0       
      +0       0       0       0       0       0       0       0       0       0       0       0       0       0       0       
      +0       0       0       0       0       0
   354 ;;Total ram usage:        0 bytes
   355 ;; Hardware stack levels used: 1
   356 ;; Hardware stack levels required when called: 1
   357 ;; This function calls:
   358 ;;		Nothing
   359 ;; This function is called by:
   360 ;;		_main
   361 ;; This function uses a non-reentrant model
   362 ;;
   363                           
   364                           	psect	text1
   365   003F92                     __ptext1:
   366                           	callstack 0
   367   003F92                     _TIMER0_Init:
   368                           	callstack 125
   369   003F92                     
   370                           ;timers.c: 10:     T0CON1bits.CS = 0b010;
   371   003F92  0103               	movlb	3	; () banked
   372   003F94  511B               	movf	27,w,b	;volatile
   373   003F96  0B1F               	andlw	-225
   374   003F98  0940               	iorlw	64
   375   003F9A  6F1B               	movwf	27,b	;volatile
   376   003F9C                     
   377                           ; BSR set to: 3
   378                           ;timers.c: 11:     T0CON1bits.ASYNC = 0;
   379   003F9C  991B               	bcf	27,4,b	;volatile
   380                           
   381                           ;timers.c: 12:     T0CON1bits.CKPS = 0b1100;
   382   003F9E  511B               	movf	27,w,b	;volatile
   383   003FA0  0BF0               	andlw	-16
   384   003FA2  090C               	iorlw	12
   385   003FA4  6F1B               	movwf	27,b	;volatile
   386   003FA6                     
   387                           ; BSR set to: 3
   388                           ;timers.c: 13:     T0CON0bits.MD16 = 1;
   389   003FA6  891A               	bsf	26,4,b	;volatile
   390                           
   391                           ;timers.c: 14:     T0CON0bits.OUTPS = 0b0001;
   392   003FA8  511A               	movf	26,w,b	;volatile
   393   003FAA  0BF0               	andlw	-16
   394   003FAC  0901               	iorlw	1
   395   003FAE  6F1A               	movwf	26,b	;volatile
   396                           
   397                           ;timers.c: 15:     TMR0H = 0xF3;
   398   003FB0  0EF3               	movlw	243
   399   003FB2  6F19               	movwf	25,b	;volatile
   400                           
   401                           ;timers.c: 16:     TMR0L = 0xE7;
   402   003FB4  0EE7               	movlw	231
   403   003FB6  6F18               	movwf	24,b	;volatile
   404   003FB8                     
   405                           ; BSR set to: 3
   406                           ;timers.c: 17:     T0CON0bits.EN = 1;
   407   003FB8  8F1A               	bsf	26,7,b	;volatile
   408   003FBA                     
   409                           ; BSR set to: 3
   410   003FBA  0012               	return		;funcret
   411   003FBC                     __end_of_TIMER0_Init:
   412                           	callstack 0
   413                           
   414 ;; *************** function _INTERRUPT_Init *****************
   415 ;; Defined at:
   416 ;;		line 4 in file "interrupt.c"
   417 ;; Parameters:    Size  Location     Type
   418 ;;		None
   419 ;; Auto vars:     Size  Location     Type
   420 ;;		None
   421 ;; Return value:  Size  Location     Type
   422 ;;                  1    wreg      void 
   423 ;; Registers used:
   424 ;;		wreg, status,2
   425 ;; Tracked objects:
   426 ;;		On entry : 0/0
   427 ;;		On exit  : 0/0
   428 ;;		Unchanged: 0/0
   429 ;; Data sizes:     COMRAM   BANK5   BANK6   BANK7   BANK8   BANK9  BANK10  BANK11  BANK12  BANK13  BANK14  BANK15  BANK1
      +6  BANK17  BANK18  BANK19  BANK20  BANK21  BANK22  BANK23  BANK24  BANK25  BANK26  BANK27  BANK28  BANK29  BANK30  BANK3
      +1  BANK32  BANK33  BANK34  BANK35  BANK36
   430 ;;      Params:         0       0       0       0       0       0       0       0       0       0       0       0       
      +0       0       0       0       0       0       0       0       0       0       0       0       0       0       0       
      +0       0       0       0       0       0
   431 ;;      Locals:         0       0       0       0       0       0       0       0       0       0       0       0       
      +0       0       0       0       0       0       0       0       0       0       0       0       0       0       0       
      +0       0       0       0       0       0
   432 ;;      Temps:          0       0       0       0       0       0       0       0       0       0       0       0       
      +0       0       0       0       0       0       0       0       0       0       0       0       0       0       0       
      +0       0       0       0       0       0
   433 ;;      Totals:         0       0       0       0       0       0       0       0       0       0       0       0       
      +0       0       0       0       0       0       0       0       0       0       0       0       0       0       0       
      +0       0       0       0       0       0
   434 ;;Total ram usage:        0 bytes
   435 ;; Hardware stack levels used: 1
   436 ;; Hardware stack levels required when called: 1
   437 ;; This function calls:
   438 ;;		Nothing
   439 ;; This function is called by:
   440 ;;		_main
   441 ;; This function uses a non-reentrant model
   442 ;;
   443                           
   444                           	psect	text2
   445   003FE0                     __ptext2:
   446                           	callstack 0
   447   003FE0                     _INTERRUPT_Init:
   448                           	callstack 125
   449   003FE0                     
   450                           ;interrupt.c: 7:     INTCON0bits.IPEN = 1;
   451   003FE0  8AD6               	bsf	214,5,c	;volatile
   452                           
   453                           ;interrupt.c: 8:     INTCON0bits.GIEH = 1;
   454   003FE2  8ED6               	bsf	214,7,c	;volatile
   455                           
   456                           ;interrupt.c: 9:     INTCON0bits.GIEL = 1;
   457   003FE4  8CD6               	bsf	214,6,c	;volatile
   458                           
   459                           ;interrupt.c: 13:     PIR3bits.TMR0IF = 1;
   460   003FE6  8EB1               	bsf	177,7,c	;volatile
   461                           
   462                           ;interrupt.c: 14:     PIE3bits.TMR0IE = 1;
   463   003FE8  8EA1               	bsf	161,7,c	;volatile
   464                           
   465                           ;interrupt.c: 15:     IPR3bits.TMR0IP = 1;
   466   003FEA  0103               	movlb	3	; () banked
   467   003FEC  8F65               	bsf	101,7,b	;volatile
   468                           
   469                           ;interrupt.c: 19:     (INTCON0bits.GIE = 0);
   470   003FEE  9ED6               	bcf	214,7,c	;volatile
   471   003FF0                     
   472                           ; BSR set to: 3
   473                           ;interrupt.c: 20:     IVTBASEU = 0x00;
   474   003FF0  0E00               	movlw	0
   475   003FF2  0104               	movlb	4	; () banked
   476   003FF4  6F5F               	movwf	95,b	;volatile
   477                           
   478                           ;interrupt.c: 21:     IVTBASEH = 0x30;
   479   003FF6  0E30               	movlw	48
   480   003FF8  6F5E               	movwf	94,b	;volatile
   481                           
   482                           ;interrupt.c: 22:     IVTBASEL = 0x08;
   483   003FFA  0E08               	movlw	8
   484   003FFC  6F5D               	movwf	93,b	;volatile
   485   003FFE                     
   486                           ; BSR set to: 4
   487                           ;interrupt.c: 23:     (INTCON0bits.GIE = 1);
   488   003FFE  8ED6               	bsf	214,7,c	;volatile
   489   004000                     
   490                           ; BSR set to: 4
   491   004000  0012               	return		;funcret
   492   004002                     __end_of_INTERRUPT_Init:
   493                           	callstack 0
   494                           
   495 ;; *************** function _GPIO_Init *****************
   496 ;; Defined at:
   497 ;;		line 27 in file "main.c"
   498 ;; Parameters:    Size  Location     Type
   499 ;;		None
   500 ;; Auto vars:     Size  Location     Type
   501 ;;		None
   502 ;; Return value:  Size  Location     Type
   503 ;;                  1    wreg      void 
   504 ;; Registers used:
   505 ;;		wreg, status,2, status,0, cstack
   506 ;; Tracked objects:
   507 ;;		On entry : 0/0
   508 ;;		On exit  : 0/0
   509 ;;		Unchanged: 0/0
   510 ;; Data sizes:     COMRAM   BANK5   BANK6   BANK7   BANK8   BANK9  BANK10  BANK11  BANK12  BANK13  BANK14  BANK15  BANK1
      +6  BANK17  BANK18  BANK19  BANK20  BANK21  BANK22  BANK23  BANK24  BANK25  BANK26  BANK27  BANK28  BANK29  BANK30  BANK3
      +1  BANK32  BANK33  BANK34  BANK35  BANK36
   511 ;;      Params:         0       0       0       0       0       0       0       0       0       0       0       0       
      +0       0       0       0       0       0       0       0       0       0       0       0       0       0       0       
      +0       0       0       0       0       0
   512 ;;      Locals:         0       0       0       0       0       0       0       0       0       0       0       0       
      +0       0       0       0       0       0       0       0       0       0       0       0       0       0       0       
      +0       0       0       0       0       0
   513 ;;      Temps:          0       0       0       0       0       0       0       0       0       0       0       0       
      +0       0       0       0       0       0       0       0       0       0       0       0       0       0       0       
      +0       0       0       0       0       0
   514 ;;      Totals:         0       0       0       0       0       0       0       0       0       0       0       0       
      +0       0       0       0       0       0       0       0       0       0       0       0       0       0       0       
      +0       0       0       0       0       0
   515 ;;Total ram usage:        0 bytes
   516 ;; Hardware stack levels used: 1
   517 ;; Hardware stack levels required when called: 3
   518 ;; This function calls:
   519 ;;		_configure_pin
   520 ;; This function is called by:
   521 ;;		_main
   522 ;; This function uses a non-reentrant model
   523 ;;
   524                           
   525                           	psect	text3
   526   003FBC                     __ptext3:
   527                           	callstack 0
   528   003FBC                     _GPIO_Init:
   529                           	callstack 123
   530   003FBC                     
   531                           ;main.c: 30:     configure_pin(PORT_F, 3, 0, 1, 0, 1, 1, 1);
   532   003FBC  0E03               	movlw	3
   533   003FBE  6E05               	movwf	configure_pin@pin_number^(0+1280),c
   534   003FC0  0E00               	movlw	0
   535   003FC2  6E06               	movwf	configure_pin@is_input^(0+1280),c
   536   003FC4  0E01               	movlw	1
   537   003FC6  6E07               	movwf	configure_pin@is_digital^(0+1280),c
   538   003FC8  0E00               	movlw	0
   539   003FCA  6E08               	movwf	configure_pin@enable_pullup^(0+1280),c
   540   003FCC  0E01               	movlw	1
   541   003FCE  6E09               	movwf	configure_pin@use_ttl^(0+1280),c
   542   003FD0  0E01               	movlw	1
   543   003FD2  6E0A               	movwf	configure_pin@slew_rate_limited^(0+1280),c
   544   003FD4  0E01               	movlw	1
   545   003FD6  6E0B               	movwf	configure_pin@use_push_pull^(0+1280),c
   546   003FD8  0E46               	movlw	70
   547   003FDA  EC4F  F01F         	call	_configure_pin
   548   003FDE  0012               	return		;funcret
   549   003FE0                     __end_of_GPIO_Init:
   550                           	callstack 0
   551                           
   552 ;; *************** function _configure_pin *****************
   553 ;; Defined at:
   554 ;;		line 325 in file "gpio.c"
   555 ;; Parameters:    Size  Location     Type
   556 ;;  port_name       1    wreg     enum E17445
   557 ;;  pin_number      1    4[COMRAM] unsigned char 
   558 ;;  is_input        1    5[COMRAM] _Bool 
   559 ;;  is_digital      1    6[COMRAM] _Bool 
   560 ;;  enable_pullu    1    7[COMRAM] _Bool 
   561 ;;  use_ttl         1    8[COMRAM] _Bool 
   562 ;;  slew_rate_li    1    9[COMRAM] _Bool 
   563 ;;  use_push_pul    1   10[COMRAM] _Bool 
   564 ;; Auto vars:     Size  Location     Type
   565 ;;  port_name       1   11[COMRAM] enum E17445
   566 ;; Return value:  Size  Location     Type
   567 ;;                  1    wreg      void 
   568 ;; Registers used:
   569 ;;		wreg, status,2, status,0, cstack
   570 ;; Tracked objects:
   571 ;;		On entry : 0/0
   572 ;;		On exit  : 0/0
   573 ;;		Unchanged: 0/0
   574 ;; Data sizes:     COMRAM   BANK5   BANK6   BANK7   BANK8   BANK9  BANK10  BANK11  BANK12  BANK13  BANK14  BANK15  BANK1
      +6  BANK17  BANK18  BANK19  BANK20  BANK21  BANK22  BANK23  BANK24  BANK25  BANK26  BANK27  BANK28  BANK29  BANK30  BANK3
      +1  BANK32  BANK33  BANK34  BANK35  BANK36
   575 ;;      Params:         7       0       0       0       0       0       0       0       0       0       0       0       
      +0       0       0       0       0       0       0       0       0       0       0       0       0       0       0       
      +0       0       0       0       0       0
   576 ;;      Locals:         1       0       0       0       0       0       0       0       0       0       0       0       
      +0       0       0       0       0       0       0       0       0       0       0       0       0       0       0       
      +0       0       0       0       0       0
   577 ;;      Temps:          0       0       0       0       0       0       0       0       0       0       0       0       
      +0       0       0       0       0       0       0       0       0       0       0       0       0       0       0       
      +0       0       0       0       0       0
   578 ;;      Totals:         8       0       0       0       0       0       0       0       0       0       0       0       
      +0       0       0       0       0       0       0       0       0       0       0       0       0       0       0       
      +0       0       0       0       0       0
   579 ;;Total ram usage:        8 bytes
   580 ;; Hardware stack levels used: 1
   581 ;; Hardware stack levels required when called: 2
   582 ;; This function calls:
   583 ;;		_reset_pin_pullup
   584 ;;		_set_pin_analog_mode
   585 ;;		_set_pin_digital_mode
   586 ;;		_set_pin_input
   587 ;;		_set_pin_open_drain
   588 ;;		_set_pin_output
   589 ;;		_set_pin_pullup
   590 ;;		_set_pin_push_pull
   591 ;;		_set_pin_sr_limited
   592 ;;		_set_pin_sr_maximum
   593 ;;		_set_pin_st
   594 ;;		_set_pin_ttl
   595 ;; This function is called by:
   596 ;;		_GPIO_Init
   597 ;; This function uses a non-reentrant model
   598 ;;
   599                           
   600                           	psect	text4
   601   003E9E                     __ptext4:
   602                           	callstack 0
   603   003E9E                     _configure_pin:
   604                           	callstack 123
   605                           
   606                           ;incstack = 0
   607                           ;configure_pin@port_name stored from wreg
   608   003E9E  6E0C               	movwf	configure_pin@port_name^(0+1280),c
   609   003EA0                     
   610                           ;gpio.c: 325: void configure_pin(PortName_t port_name, uint8_t pin_number, _Bool is_inpu
      +                          t,;gpio.c: 326:                    _Bool is_digital, _Bool enable_pullup, _Bool use_ttl,
      +                           _Bool slew_rate_limited,;gpio.c: 327:                    _Bool use_push_pull);gpio.c: 3
      +                          28: {;gpio.c: 329:     if(is_input)
   611   003EA0  5006               	movf	configure_pin@is_input^(0+1280),w,c
   612   003EA2  B4D8               	btfsc	status,2,c
   613   003EA4  EF56  F01F         	goto	u1691
   614   003EA8  EF58  F01F         	goto	u1690
   615   003EAC                     u1691:
   616   003EAC  EF5F  F01F         	goto	l1962
   617   003EB0                     u1690:
   618   003EB0                     
   619                           ;gpio.c: 330:         set_pin_input(port_name, pin_number);
   620   003EB0  C505  F501         	movff	configure_pin@pin_number,set_pin_input@pin_number
   621   003EB4  500C               	movf	configure_pin@port_name^(0+1280),w,c
   622   003EB6  ECC6  F01E         	call	_set_pin_input
   623   003EBA  EF64  F01F         	goto	l1964
   624   003EBE                     l1962:
   625                           
   626                           ;gpio.c: 332:         set_pin_output(port_name, pin_number);
   627   003EBE  C505  F501         	movff	configure_pin@pin_number,set_pin_output@pin_number
   628   003EC2  500C               	movf	configure_pin@port_name^(0+1280),w,c
   629   003EC4  EC19  F01D         	call	_set_pin_output
   630   003EC8                     l1964:
   631                           
   632                           ;gpio.c: 334:     if(is_digital)
   633   003EC8  5007               	movf	configure_pin@is_digital^(0+1280),w,c
   634   003ECA  B4D8               	btfsc	status,2,c
   635   003ECC  EF6A  F01F         	goto	u1701
   636   003ED0  EF6C  F01F         	goto	u1700
   637   003ED4                     u1701:
   638   003ED4  EF73  F01F         	goto	l1968
   639   003ED8                     u1700:
   640   003ED8                     
   641                           ;gpio.c: 335:         set_pin_digital_mode(port_name, pin_number);
   642   003ED8  C505  F501         	movff	configure_pin@pin_number,set_pin_digital_mode@pin_number
   643   003EDC  500C               	movf	configure_pin@port_name^(0+1280),w,c
   644   003EDE  EC42  F01A         	call	_set_pin_digital_mode
   645   003EE2  EF78  F01F         	goto	l1970
   646   003EE6                     l1968:
   647                           
   648                           ;gpio.c: 337:         set_pin_analog_mode(port_name, pin_number);
   649   003EE6  C505  F501         	movff	configure_pin@pin_number,set_pin_analog_mode@pin_number
   650   003EEA  500C               	movf	configure_pin@port_name^(0+1280),w,c
   651   003EEC  EC37  F01E         	call	_set_pin_analog_mode
   652   003EF0                     l1970:
   653                           
   654                           ;gpio.c: 339:     if(enable_pullup)
   655   003EF0  5008               	movf	configure_pin@enable_pullup^(0+1280),w,c
   656   003EF2  B4D8               	btfsc	status,2,c
   657   003EF4  EF7E  F01F         	goto	u1711
   658   003EF8  EF80  F01F         	goto	u1710
   659   003EFC                     u1711:
   660   003EFC  EF87  F01F         	goto	l1974
   661   003F00                     u1710:
   662   003F00                     
   663                           ;gpio.c: 340:         set_pin_pullup(port_name, pin_number);
   664   003F00  C505  F501         	movff	configure_pin@pin_number,set_pin_pullup@pin_number
   665   003F04  500C               	movf	configure_pin@port_name^(0+1280),w,c
   666   003F06  EC8A  F01C         	call	_set_pin_pullup
   667   003F0A  EF8C  F01F         	goto	l1976
   668   003F0E                     l1974:
   669                           
   670                           ;gpio.c: 342:         reset_pin_pullup(port_name, pin_number);
   671   003F0E  C505  F501         	movff	configure_pin@pin_number,reset_pin_pullup@pin_number
   672   003F12  500C               	movf	configure_pin@port_name^(0+1280),w,c
   673   003F14  ECD7  F01A         	call	_reset_pin_pullup
   674   003F18                     l1976:
   675                           
   676                           ;gpio.c: 344:     if(use_ttl)
   677   003F18  5009               	movf	configure_pin@use_ttl^(0+1280),w,c
   678   003F1A  B4D8               	btfsc	status,2,c
   679   003F1C  EF92  F01F         	goto	u1721
   680   003F20  EF94  F01F         	goto	u1720
   681   003F24                     u1721:
   682   003F24  EF9B  F01F         	goto	l1980
   683   003F28                     u1720:
   684   003F28                     
   685                           ;gpio.c: 345:         set_pin_ttl(port_name, pin_number);
   686   003F28  C505  F501         	movff	configure_pin@pin_number,set_pin_ttl@pin_number
   687   003F2C  500C               	movf	configure_pin@port_name^(0+1280),w,c
   688   003F2E  EC83  F018         	call	_set_pin_ttl
   689   003F32  EFA0  F01F         	goto	l1982
   690   003F36                     l1980:
   691                           
   692                           ;gpio.c: 347:         set_pin_st(port_name, pin_number);
   693   003F36  C505  F501         	movff	configure_pin@pin_number,set_pin_st@pin_number
   694   003F3A  500C               	movf	configure_pin@port_name^(0+1280),w,c
   695   003F3C  EC6C  F01B         	call	_set_pin_st
   696   003F40                     l1982:
   697                           
   698                           ;gpio.c: 349:     if(slew_rate_limited)
   699   003F40  500A               	movf	configure_pin@slew_rate_limited^(0+1280),w,c
   700   003F42  B4D8               	btfsc	status,2,c
   701   003F44  EFA6  F01F         	goto	u1731
   702   003F48  EFA8  F01F         	goto	u1730
   703   003F4C                     u1731:
   704   003F4C  EFAF  F01F         	goto	l1986
   705   003F50                     u1730:
   706   003F50                     
   707                           ;gpio.c: 350:         set_pin_sr_limited(port_name, pin_number);
   708   003F50  C505  F501         	movff	configure_pin@pin_number,set_pin_sr_limited@pin_number
   709   003F54  500C               	movf	configure_pin@port_name^(0+1280),w,c
   710   003F56  ECFB  F01B         	call	_set_pin_sr_limited
   711   003F5A  EFB4  F01F         	goto	l1988
   712   003F5E                     l1986:
   713                           
   714                           ;gpio.c: 352:         set_pin_sr_maximum(port_name, pin_number);
   715   003F5E  C505  F501         	movff	configure_pin@pin_number,set_pin_sr_maximum@pin_number
   716   003F62  500C               	movf	configure_pin@port_name^(0+1280),w,c
   717   003F64  EC18  F019         	call	_set_pin_sr_maximum
   718   003F68                     l1988:
   719                           
   720                           ;gpio.c: 354:     if(use_push_pull)
   721   003F68  500B               	movf	configure_pin@use_push_pull^(0+1280),w,c
   722   003F6A  B4D8               	btfsc	status,2,c
   723   003F6C  EFBA  F01F         	goto	u1741
   724   003F70  EFBC  F01F         	goto	u1740
   725   003F74                     u1741:
   726   003F74  EFC3  F01F         	goto	l1992
   727   003F78                     u1740:
   728   003F78                     
   729                           ;gpio.c: 355:         set_pin_push_pull(port_name, pin_number);
   730   003F78  C505  F501         	movff	configure_pin@pin_number,set_pin_push_pull@pin_number
   731   003F7C  500C               	movf	configure_pin@port_name^(0+1280),w,c
   732   003F7E  ECAD  F019         	call	_set_pin_push_pull
   733   003F82  EFC8  F01F         	goto	l281
   734   003F86                     l1992:
   735                           
   736                           ;gpio.c: 357:         set_pin_open_drain(port_name, pin_number);
   737   003F86  C505  F501         	movff	configure_pin@pin_number,set_pin_open_drain@pin_number
   738   003F8A  500C               	movf	configure_pin@port_name^(0+1280),w,c
   739   003F8C  ECA8  F01D         	call	_set_pin_open_drain
   740   003F90                     l281:
   741   003F90  0012               	return		;funcret
   742   003F92                     __end_of_configure_pin:
   743                           	callstack 0
   744                           
   745 ;; *************** function _set_pin_ttl *****************
   746 ;; Defined at:
   747 ;;		line 191 in file "gpio.c"
   748 ;; Parameters:    Size  Location     Type
   749 ;;  port_name       1    wreg     enum E17445
   750 ;;  pin_number      1    0[COMRAM] unsigned char 
   751 ;; Auto vars:     Size  Location     Type
   752 ;;  port_name       1    3[COMRAM] enum E17445
   753 ;; Return value:  Size  Location     Type
   754 ;;                  1    wreg      void 
   755 ;; Registers used:
   756 ;;		wreg, status,2, status,0
   757 ;; Tracked objects:
   758 ;;		On entry : 0/0
   759 ;;		On exit  : 0/0
   760 ;;		Unchanged: 0/0
   761 ;; Data sizes:     COMRAM   BANK5   BANK6   BANK7   BANK8   BANK9  BANK10  BANK11  BANK12  BANK13  BANK14  BANK15  BANK1
      +6  BANK17  BANK18  BANK19  BANK20  BANK21  BANK22  BANK23  BANK24  BANK25  BANK26  BANK27  BANK28  BANK29  BANK30  BANK3
      +1  BANK32  BANK33  BANK34  BANK35  BANK36
   762 ;;      Params:         1       0       0       0       0       0       0       0       0       0       0       0       
      +0       0       0       0       0       0       0       0       0       0       0       0       0       0       0       
      +0       0       0       0       0       0
   763 ;;      Locals:         1       0       0       0       0       0       0       0       0       0       0       0       
      +0       0       0       0       0       0       0       0       0       0       0       0       0       0       0       
      +0       0       0       0       0       0
   764 ;;      Temps:          2       0       0       0       0       0       0       0       0       0       0       0       
      +0       0       0       0       0       0       0       0       0       0       0       0       0       0       0       
      +0       0       0       0       0       0
   765 ;;      Totals:         4       0       0       0       0       0       0       0       0       0       0       0       
      +0       0       0       0       0       0       0       0       0       0       0       0       0       0       0       
      +0       0       0       0       0       0
   766 ;;Total ram usage:        4 bytes
   767 ;; Hardware stack levels used: 1
   768 ;; Hardware stack levels required when called: 1
   769 ;; This function calls:
   770 ;;		Nothing
   771 ;; This function is called by:
   772 ;;		_configure_pin
   773 ;; This function uses a non-reentrant model
   774 ;;
   775                           
   776                           	psect	text5
   777   003106                     __ptext5:
   778                           	callstack 0
   779   003106                     _set_pin_ttl:
   780                           	callstack 123
   781                           
   782                           ;incstack = 0
   783                           ;set_pin_ttl@port_name stored from wreg
   784   003106  6E04               	movwf	set_pin_ttl@port_name^(0+1280),c
   785   003108                     
   786                           ;gpio.c: 191: void set_pin_ttl(PortName_t port_name, uint8_t pin_number);gpio.c: 192: {;
      +                          gpio.c: 193:     switch(port_name)
   787   003108  EFF2  F018         	goto	l1864
   788   00310C                     l1850:
   789                           
   790                           ;gpio.c: 196:             INLVLA &= ~(1 << pin_number);
   791   00310C  C501  F502         	movff	set_pin_ttl@pin_number,??_set_pin_ttl
   792   003110  0E01               	movlw	1
   793   003112  6E03               	movwf	(??_set_pin_ttl+1)^(0+1280),c
   794   003114  2A02               	incf	??_set_pin_ttl^(0+1280),f,c
   795   003116  EF8F  F018         	goto	u1394
   796   00311A                     u1395:
   797   00311A  90D8               	bcf	status,0,c
   798   00311C  3603               	rlcf	(??_set_pin_ttl+1)^(0+1280),f,c
   799   00311E                     u1394:
   800   00311E  2E02               	decfsz	??_set_pin_ttl^(0+1280),f,c
   801   003120  EF8D  F018         	goto	u1395
   802   003124  5003               	movf	(??_set_pin_ttl+1)^(0+1280),w,c
   803   003126  0AFF               	xorlw	255
   804   003128  0104               	movlb	4	; () banked
   805   00312A  1704               	andwf	4,f,b	;volatile
   806                           
   807                           ;gpio.c: 197:             break;
   808   00312C  EF17  F019         	goto	l218
   809   003130                     l1852:
   810                           
   811                           ;gpio.c: 199:             INLVLB &= ~(1 << pin_number);
   812   003130  C501  F502         	movff	set_pin_ttl@pin_number,??_set_pin_ttl
   813   003134  0E01               	movlw	1
   814   003136  6E03               	movwf	(??_set_pin_ttl+1)^(0+1280),c
   815   003138  2A02               	incf	??_set_pin_ttl^(0+1280),f,c
   816   00313A  EFA1  F018         	goto	u1404
   817   00313E                     u1405:
   818   00313E  90D8               	bcf	status,0,c
   819   003140  3603               	rlcf	(??_set_pin_ttl+1)^(0+1280),f,c
   820   003142                     u1404:
   821   003142  2E02               	decfsz	??_set_pin_ttl^(0+1280),f,c
   822   003144  EF9F  F018         	goto	u1405
   823   003148  5003               	movf	(??_set_pin_ttl+1)^(0+1280),w,c
   824   00314A  0AFF               	xorlw	255
   825   00314C  0104               	movlb	4	; () banked
   826   00314E  170C               	andwf	12,f,b	;volatile
   827                           
   828                           ;gpio.c: 200:             break;
   829   003150  EF17  F019         	goto	l218
   830   003154                     l1854:
   831                           
   832                           ;gpio.c: 202:             INLVLC &= ~(1 << pin_number);
   833   003154  C501  F502         	movff	set_pin_ttl@pin_number,??_set_pin_ttl
   834   003158  0E01               	movlw	1
   835   00315A  6E03               	movwf	(??_set_pin_ttl+1)^(0+1280),c
   836   00315C  2A02               	incf	??_set_pin_ttl^(0+1280),f,c
   837   00315E  EFB3  F018         	goto	u1414
   838   003162                     u1415:
   839   003162  90D8               	bcf	status,0,c
   840   003164  3603               	rlcf	(??_set_pin_ttl+1)^(0+1280),f,c
   841   003166                     u1414:
   842   003166  2E02               	decfsz	??_set_pin_ttl^(0+1280),f,c
   843   003168  EFB1  F018         	goto	u1415
   844   00316C  5003               	movf	(??_set_pin_ttl+1)^(0+1280),w,c
   845   00316E  0AFF               	xorlw	255
   846   003170  0104               	movlb	4	; () banked
   847   003172  1714               	andwf	20,f,b	;volatile
   848                           
   849                           ;gpio.c: 203:             break;
   850   003174  EF17  F019         	goto	l218
   851   003178                     l1856:
   852                           
   853                           ;gpio.c: 205:             INLVLD &= ~(1 << pin_number);
   854   003178  C501  F502         	movff	set_pin_ttl@pin_number,??_set_pin_ttl
   855   00317C  0E01               	movlw	1
   856   00317E  6E03               	movwf	(??_set_pin_ttl+1)^(0+1280),c
   857   003180  2A02               	incf	??_set_pin_ttl^(0+1280),f,c
   858   003182  EFC5  F018         	goto	u1424
   859   003186                     u1425:
   860   003186  90D8               	bcf	status,0,c
   861   003188  3603               	rlcf	(??_set_pin_ttl+1)^(0+1280),f,c
   862   00318A                     u1424:
   863   00318A  2E02               	decfsz	??_set_pin_ttl^(0+1280),f,c
   864   00318C  EFC3  F018         	goto	u1425
   865   003190  5003               	movf	(??_set_pin_ttl+1)^(0+1280),w,c
   866   003192  0AFF               	xorlw	255
   867   003194  0104               	movlb	4	; () banked
   868   003196  171C               	andwf	28,f,b	;volatile
   869                           
   870                           ;gpio.c: 206:             break;
   871   003198  EF17  F019         	goto	l218
   872   00319C                     l1858:
   873                           
   874                           ;gpio.c: 208:             INLVLE &= ~(1 << pin_number);
   875   00319C  C501  F502         	movff	set_pin_ttl@pin_number,??_set_pin_ttl
   876   0031A0  0E01               	movlw	1
   877   0031A2  6E03               	movwf	(??_set_pin_ttl+1)^(0+1280),c
   878   0031A4  2A02               	incf	??_set_pin_ttl^(0+1280),f,c
   879   0031A6  EFD7  F018         	goto	u1434
   880   0031AA                     u1435:
   881   0031AA  90D8               	bcf	status,0,c
   882   0031AC  3603               	rlcf	(??_set_pin_ttl+1)^(0+1280),f,c
   883   0031AE                     u1434:
   884   0031AE  2E02               	decfsz	??_set_pin_ttl^(0+1280),f,c
   885   0031B0  EFD5  F018         	goto	u1435
   886   0031B4  5003               	movf	(??_set_pin_ttl+1)^(0+1280),w,c
   887   0031B6  0AFF               	xorlw	255
   888   0031B8  0104               	movlb	4	; () banked
   889   0031BA  1724               	andwf	36,f,b	;volatile
   890                           
   891                           ;gpio.c: 209:             break;
   892   0031BC  EF17  F019         	goto	l218
   893   0031C0                     l1860:
   894                           
   895                           ;gpio.c: 211:             INLVLF &= ~(1 << pin_number);
   896   0031C0  C501  F502         	movff	set_pin_ttl@pin_number,??_set_pin_ttl
   897   0031C4  0E01               	movlw	1
   898   0031C6  6E03               	movwf	(??_set_pin_ttl+1)^(0+1280),c
   899   0031C8  2A02               	incf	??_set_pin_ttl^(0+1280),f,c
   900   0031CA  EFE9  F018         	goto	u1444
   901   0031CE                     u1445:
   902   0031CE  90D8               	bcf	status,0,c
   903   0031D0  3603               	rlcf	(??_set_pin_ttl+1)^(0+1280),f,c
   904   0031D2                     u1444:
   905   0031D2  2E02               	decfsz	??_set_pin_ttl^(0+1280),f,c
   906   0031D4  EFE7  F018         	goto	u1445
   907   0031D8  5003               	movf	(??_set_pin_ttl+1)^(0+1280),w,c
   908   0031DA  0AFF               	xorlw	255
   909   0031DC  0104               	movlb	4	; () banked
   910   0031DE  172C               	andwf	44,f,b	;volatile
   911                           
   912                           ;gpio.c: 212:             break;
   913   0031E0  EF17  F019         	goto	l218
   914   0031E4                     l1864:
   915   0031E4  5004               	movf	set_pin_ttl@port_name^(0+1280),w,c
   916   0031E6  6E02               	movwf	??_set_pin_ttl^(0+1280),c
   917   0031E8  6A03               	clrf	(??_set_pin_ttl+1)^(0+1280),c
   918                           
   919                           ; Switch on 2 bytes has been partitioned into a top level switch of size 1, and 1 sub-sw
      +                          itches
   920                           ; Switch size 1, requested type "simple"
   921                           ; Number of cases is 1, Range of values is 0 to 0
   922                           ; switch strategies available:
   923                           ; Name         Instructions Cycles
   924                           ; simple_byte            4     3 (average)
   925                           ;	Chosen strategy is simple_byte
   926   0031EA  5003               	movf	(??_set_pin_ttl+1)^(0+1280),w,c
   927   0031EC  0A00               	xorlw	0	; case 0
   928   0031EE  B4D8               	btfsc	status,2,c
   929   0031F0  EFFC  F018         	goto	l2244
   930   0031F4  EF17  F019         	goto	l218
   931   0031F8                     l2244:
   932                           
   933                           ; Switch size 1, requested type "simple"
   934                           ; Number of cases is 6, Range of values is 65 to 70
   935                           ; switch strategies available:
   936                           ; Name         Instructions Cycles
   937                           ; simple_byte           19    10 (average)
   938                           ;	Chosen strategy is simple_byte
   939   0031F8  5002               	movf	??_set_pin_ttl^(0+1280),w,c
   940   0031FA  0A41               	xorlw	65	; case 65
   941   0031FC  B4D8               	btfsc	status,2,c
   942   0031FE  EF86  F018         	goto	l1850
   943   003202  0A03               	xorlw	3	; case 66
   944   003204  B4D8               	btfsc	status,2,c
   945   003206  EF98  F018         	goto	l1852
   946   00320A  0A01               	xorlw	1	; case 67
   947   00320C  B4D8               	btfsc	status,2,c
   948   00320E  EFAA  F018         	goto	l1854
   949   003212  0A07               	xorlw	7	; case 68
   950   003214  B4D8               	btfsc	status,2,c
   951   003216  EFBC  F018         	goto	l1856
   952   00321A  0A01               	xorlw	1	; case 69
   953   00321C  B4D8               	btfsc	status,2,c
   954   00321E  EFCE  F018         	goto	l1858
   955   003222  0A03               	xorlw	3	; case 70
   956   003224  B4D8               	btfsc	status,2,c
   957   003226  EFE0  F018         	goto	l1860
   958   00322A  EF17  F019         	goto	l218
   959   00322E                     l218:
   960   00322E  0012               	return		;funcret
   961   003230                     __end_of_set_pin_ttl:
   962                           	callstack 0
   963                           
   964 ;; *************** function _set_pin_st *****************
   965 ;; Defined at:
   966 ;;		line 164 in file "gpio.c"
   967 ;; Parameters:    Size  Location     Type
   968 ;;  port_name       1    wreg     enum E17445
   969 ;;  pin_number      1    0[COMRAM] unsigned char 
   970 ;; Auto vars:     Size  Location     Type
   971 ;;  port_name       1    3[COMRAM] enum E17445
   972 ;; Return value:  Size  Location     Type
   973 ;;                  1    wreg      void 
   974 ;; Registers used:
   975 ;;		wreg, status,2, status,0
   976 ;; Tracked objects:
   977 ;;		On entry : 0/0
   978 ;;		On exit  : 0/0
   979 ;;		Unchanged: 0/0
   980 ;; Data sizes:     COMRAM   BANK5   BANK6   BANK7   BANK8   BANK9  BANK10  BANK11  BANK12  BANK13  BANK14  BANK15  BANK1
      +6  BANK17  BANK18  BANK19  BANK20  BANK21  BANK22  BANK23  BANK24  BANK25  BANK26  BANK27  BANK28  BANK29  BANK30  BANK3
      +1  BANK32  BANK33  BANK34  BANK35  BANK36
   981 ;;      Params:         1       0       0       0       0       0       0       0       0       0       0       0       
      +0       0       0       0       0       0       0       0       0       0       0       0       0       0       0       
      +0       0       0       0       0       0
   982 ;;      Locals:         1       0       0       0       0       0       0       0       0       0       0       0       
      +0       0       0       0       0       0       0       0       0       0       0       0       0       0       0       
      +0       0       0       0       0       0
   983 ;;      Temps:          2       0       0       0       0       0       0       0       0       0       0       0       
      +0       0       0       0       0       0       0       0       0       0       0       0       0       0       0       
      +0       0       0       0       0       0
   984 ;;      Totals:         4       0       0       0       0       0       0       0       0       0       0       0       
      +0       0       0       0       0       0       0       0       0       0       0       0       0       0       0       
      +0       0       0       0       0       0
   985 ;;Total ram usage:        4 bytes
   986 ;; Hardware stack levels used: 1
   987 ;; Hardware stack levels required when called: 1
   988 ;; This function calls:
   989 ;;		Nothing
   990 ;; This function is called by:
   991 ;;		_configure_pin
   992 ;; This function uses a non-reentrant model
   993 ;;
   994                           
   995                           	psect	text6
   996   0036D8                     __ptext6:
   997                           	callstack 0
   998   0036D8                     _set_pin_st:
   999                           	callstack 123
  1000                           
  1001                           ;incstack = 0
  1002                           ;set_pin_st@port_name stored from wreg
  1003   0036D8  6E04               	movwf	set_pin_st@port_name^(0+1280),c
  1004   0036DA                     
  1005                           ;gpio.c: 164: void set_pin_st(PortName_t port_name, uint8_t pin_number);gpio.c: 165: {;g
      +                          pio.c: 166:     switch(port_name)
  1006   0036DA  EFD5  F01B         	goto	l1842
  1007   0036DE                     l1828:
  1008                           
  1009                           ;gpio.c: 169:             INLVLA |= (1 << pin_number);
  1010   0036DE  C501  F502         	movff	set_pin_st@pin_number,??_set_pin_st
  1011   0036E2  0E01               	movlw	1
  1012   0036E4  6E03               	movwf	(??_set_pin_st+1)^(0+1280),c
  1013   0036E6  2A02               	incf	??_set_pin_st^(0+1280),f,c
  1014   0036E8  EF78  F01B         	goto	u1334
  1015   0036EC                     u1335:
  1016   0036EC  90D8               	bcf	status,0,c
  1017   0036EE  3603               	rlcf	(??_set_pin_st+1)^(0+1280),f,c
  1018   0036F0                     u1334:
  1019   0036F0  2E02               	decfsz	??_set_pin_st^(0+1280),f,c
  1020   0036F2  EF76  F01B         	goto	u1335
  1021   0036F6  5003               	movf	(??_set_pin_st+1)^(0+1280),w,c
  1022   0036F8  0104               	movlb	4	; () banked
  1023   0036FA  1304               	iorwf	4,f,b	;volatile
  1024                           
  1025                           ;gpio.c: 170:             break;
  1026   0036FC  EFFA  F01B         	goto	l206
  1027   003700                     l1830:
  1028                           
  1029                           ;gpio.c: 172:             INLVLB |= (1 << pin_number);
  1030   003700  C501  F502         	movff	set_pin_st@pin_number,??_set_pin_st
  1031   003704  0E01               	movlw	1
  1032   003706  6E03               	movwf	(??_set_pin_st+1)^(0+1280),c
  1033   003708  2A02               	incf	??_set_pin_st^(0+1280),f,c
  1034   00370A  EF89  F01B         	goto	u1344
  1035   00370E                     u1345:
  1036   00370E  90D8               	bcf	status,0,c
  1037   003710  3603               	rlcf	(??_set_pin_st+1)^(0+1280),f,c
  1038   003712                     u1344:
  1039   003712  2E02               	decfsz	??_set_pin_st^(0+1280),f,c
  1040   003714  EF87  F01B         	goto	u1345
  1041   003718  5003               	movf	(??_set_pin_st+1)^(0+1280),w,c
  1042   00371A  0104               	movlb	4	; () banked
  1043   00371C  130C               	iorwf	12,f,b	;volatile
  1044                           
  1045                           ;gpio.c: 173:             break;
  1046   00371E  EFFA  F01B         	goto	l206
  1047   003722                     l1832:
  1048                           
  1049                           ;gpio.c: 175:             INLVLC |= (1 << pin_number);
  1050   003722  C501  F502         	movff	set_pin_st@pin_number,??_set_pin_st
  1051   003726  0E01               	movlw	1
  1052   003728  6E03               	movwf	(??_set_pin_st+1)^(0+1280),c
  1053   00372A  2A02               	incf	??_set_pin_st^(0+1280),f,c
  1054   00372C  EF9A  F01B         	goto	u1354
  1055   003730                     u1355:
  1056   003730  90D8               	bcf	status,0,c
  1057   003732  3603               	rlcf	(??_set_pin_st+1)^(0+1280),f,c
  1058   003734                     u1354:
  1059   003734  2E02               	decfsz	??_set_pin_st^(0+1280),f,c
  1060   003736  EF98  F01B         	goto	u1355
  1061   00373A  5003               	movf	(??_set_pin_st+1)^(0+1280),w,c
  1062   00373C  0104               	movlb	4	; () banked
  1063   00373E  1314               	iorwf	20,f,b	;volatile
  1064                           
  1065                           ;gpio.c: 176:             break;
  1066   003740  EFFA  F01B         	goto	l206
  1067   003744                     l1834:
  1068                           
  1069                           ;gpio.c: 178:             INLVLD |= (1 << pin_number);
  1070   003744  C501  F502         	movff	set_pin_st@pin_number,??_set_pin_st
  1071   003748  0E01               	movlw	1
  1072   00374A  6E03               	movwf	(??_set_pin_st+1)^(0+1280),c
  1073   00374C  2A02               	incf	??_set_pin_st^(0+1280),f,c
  1074   00374E  EFAB  F01B         	goto	u1364
  1075   003752                     u1365:
  1076   003752  90D8               	bcf	status,0,c
  1077   003754  3603               	rlcf	(??_set_pin_st+1)^(0+1280),f,c
  1078   003756                     u1364:
  1079   003756  2E02               	decfsz	??_set_pin_st^(0+1280),f,c
  1080   003758  EFA9  F01B         	goto	u1365
  1081   00375C  5003               	movf	(??_set_pin_st+1)^(0+1280),w,c
  1082   00375E  0104               	movlb	4	; () banked
  1083   003760  131C               	iorwf	28,f,b	;volatile
  1084                           
  1085                           ;gpio.c: 179:             break;
  1086   003762  EFFA  F01B         	goto	l206
  1087   003766                     l1836:
  1088                           
  1089                           ;gpio.c: 181:             INLVLE |= (1 << pin_number);
  1090   003766  C501  F502         	movff	set_pin_st@pin_number,??_set_pin_st
  1091   00376A  0E01               	movlw	1
  1092   00376C  6E03               	movwf	(??_set_pin_st+1)^(0+1280),c
  1093   00376E  2A02               	incf	??_set_pin_st^(0+1280),f,c
  1094   003770  EFBC  F01B         	goto	u1374
  1095   003774                     u1375:
  1096   003774  90D8               	bcf	status,0,c
  1097   003776  3603               	rlcf	(??_set_pin_st+1)^(0+1280),f,c
  1098   003778                     u1374:
  1099   003778  2E02               	decfsz	??_set_pin_st^(0+1280),f,c
  1100   00377A  EFBA  F01B         	goto	u1375
  1101   00377E  5003               	movf	(??_set_pin_st+1)^(0+1280),w,c
  1102   003780  0104               	movlb	4	; () banked
  1103   003782  1324               	iorwf	36,f,b	;volatile
  1104                           
  1105                           ;gpio.c: 182:             break;
  1106   003784  EFFA  F01B         	goto	l206
  1107   003788                     l1838:
  1108                           
  1109                           ;gpio.c: 184:             INLVLF |= (1 << pin_number);
  1110   003788  C501  F502         	movff	set_pin_st@pin_number,??_set_pin_st
  1111   00378C  0E01               	movlw	1
  1112   00378E  6E03               	movwf	(??_set_pin_st+1)^(0+1280),c
  1113   003790  2A02               	incf	??_set_pin_st^(0+1280),f,c
  1114   003792  EFCD  F01B         	goto	u1384
  1115   003796                     u1385:
  1116   003796  90D8               	bcf	status,0,c
  1117   003798  3603               	rlcf	(??_set_pin_st+1)^(0+1280),f,c
  1118   00379A                     u1384:
  1119   00379A  2E02               	decfsz	??_set_pin_st^(0+1280),f,c
  1120   00379C  EFCB  F01B         	goto	u1385
  1121   0037A0  5003               	movf	(??_set_pin_st+1)^(0+1280),w,c
  1122   0037A2  0104               	movlb	4	; () banked
  1123   0037A4  132C               	iorwf	44,f,b	;volatile
  1124                           
  1125                           ;gpio.c: 185:             break;
  1126   0037A6  EFFA  F01B         	goto	l206
  1127   0037AA                     l1842:
  1128   0037AA  5004               	movf	set_pin_st@port_name^(0+1280),w,c
  1129   0037AC  6E02               	movwf	??_set_pin_st^(0+1280),c
  1130   0037AE  6A03               	clrf	(??_set_pin_st+1)^(0+1280),c
  1131                           
  1132                           ; Switch on 2 bytes has been partitioned into a top level switch of size 1, and 1 sub-sw
      +                          itches
  1133                           ; Switch size 1, requested type "simple"
  1134                           ; Number of cases is 1, Range of values is 0 to 0
  1135                           ; switch strategies available:
  1136                           ; Name         Instructions Cycles
  1137                           ; simple_byte            4     3 (average)
  1138                           ;	Chosen strategy is simple_byte
  1139   0037B0  5003               	movf	(??_set_pin_st+1)^(0+1280),w,c
  1140   0037B2  0A00               	xorlw	0	; case 0
  1141   0037B4  B4D8               	btfsc	status,2,c
  1142   0037B6  EFDF  F01B         	goto	l2246
  1143   0037BA  EFFA  F01B         	goto	l206
  1144   0037BE                     l2246:
  1145                           
  1146                           ; Switch size 1, requested type "simple"
  1147                           ; Number of cases is 6, Range of values is 65 to 70
  1148                           ; switch strategies available:
  1149                           ; Name         Instructions Cycles
  1150                           ; simple_byte           19    10 (average)
  1151                           ;	Chosen strategy is simple_byte
  1152   0037BE  5002               	movf	??_set_pin_st^(0+1280),w,c
  1153   0037C0  0A41               	xorlw	65	; case 65
  1154   0037C2  B4D8               	btfsc	status,2,c
  1155   0037C4  EF6F  F01B         	goto	l1828
  1156   0037C8  0A03               	xorlw	3	; case 66
  1157   0037CA  B4D8               	btfsc	status,2,c
  1158   0037CC  EF80  F01B         	goto	l1830
  1159   0037D0  0A01               	xorlw	1	; case 67
  1160   0037D2  B4D8               	btfsc	status,2,c
  1161   0037D4  EF91  F01B         	goto	l1832
  1162   0037D8  0A07               	xorlw	7	; case 68
  1163   0037DA  B4D8               	btfsc	status,2,c
  1164   0037DC  EFA2  F01B         	goto	l1834
  1165   0037E0  0A01               	xorlw	1	; case 69
  1166   0037E2  B4D8               	btfsc	status,2,c
  1167   0037E4  EFB3  F01B         	goto	l1836
  1168   0037E8  0A03               	xorlw	3	; case 70
  1169   0037EA  B4D8               	btfsc	status,2,c
  1170   0037EC  EFC4  F01B         	goto	l1838
  1171   0037F0  EFFA  F01B         	goto	l206
  1172   0037F4                     l206:
  1173   0037F4  0012               	return		;funcret
  1174   0037F6                     __end_of_set_pin_st:
  1175                           	callstack 0
  1176                           
  1177 ;; *************** function _set_pin_sr_maximum *****************
  1178 ;; Defined at:
  1179 ;;		line 244 in file "gpio.c"
  1180 ;; Parameters:    Size  Location     Type
  1181 ;;  port_name       1    wreg     enum E17445
  1182 ;;  pin_number      1    0[COMRAM] unsigned char 
  1183 ;; Auto vars:     Size  Location     Type
  1184 ;;  port_name       1    3[COMRAM] enum E17445
  1185 ;; Return value:  Size  Location     Type
  1186 ;;                  1    wreg      void 
  1187 ;; Registers used:
  1188 ;;		wreg, status,2, status,0
  1189 ;; Tracked objects:
  1190 ;;		On entry : 0/0
  1191 ;;		On exit  : 0/0
  1192 ;;		Unchanged: 0/0
  1193 ;; Data sizes:     COMRAM   BANK5   BANK6   BANK7   BANK8   BANK9  BANK10  BANK11  BANK12  BANK13  BANK14  BANK15  BANK1
      +6  BANK17  BANK18  BANK19  BANK20  BANK21  BANK22  BANK23  BANK24  BANK25  BANK26  BANK27  BANK28  BANK29  BANK30  BANK3
      +1  BANK32  BANK33  BANK34  BANK35  BANK36
  1194 ;;      Params:         1       0       0       0       0       0       0       0       0       0       0       0       
      +0       0       0       0       0       0       0       0       0       0       0       0       0       0       0       
      +0       0       0       0       0       0
  1195 ;;      Locals:         1       0       0       0       0       0       0       0       0       0       0       0       
      +0       0       0       0       0       0       0       0       0       0       0       0       0       0       0       
      +0       0       0       0       0       0
  1196 ;;      Temps:          2       0       0       0       0       0       0       0       0       0       0       0       
      +0       0       0       0       0       0       0       0       0       0       0       0       0       0       0       
      +0       0       0       0       0       0
  1197 ;;      Totals:         4       0       0       0       0       0       0       0       0       0       0       0       
      +0       0       0       0       0       0       0       0       0       0       0       0       0       0       0       
      +0       0       0       0       0       0
  1198 ;;Total ram usage:        4 bytes
  1199 ;; Hardware stack levels used: 1
  1200 ;; Hardware stack levels required when called: 1
  1201 ;; This function calls:
  1202 ;;		Nothing
  1203 ;; This function is called by:
  1204 ;;		_configure_pin
  1205 ;; This function uses a non-reentrant model
  1206 ;;
  1207                           
  1208                           	psect	text7
  1209   003230                     __ptext7:
  1210                           	callstack 0
  1211   003230                     _set_pin_sr_maximum:
  1212                           	callstack 123
  1213                           
  1214                           ;incstack = 0
  1215                           ;set_pin_sr_maximum@port_name stored from wreg
  1216   003230  6E04               	movwf	set_pin_sr_maximum@port_name^(0+1280),c
  1217   003232                     
  1218                           ;gpio.c: 244: void set_pin_sr_maximum(PortName_t port_name, uint8_t pin_number);gpio.c: 
      +                          245: {;gpio.c: 246:    switch(port_name)
  1219   003232  EF87  F019         	goto	l1908
  1220   003236                     l1894:
  1221                           
  1222                           ;gpio.c: 249:             SLRCONA &= ~(1 << pin_number);
  1223   003236  C501  F502         	movff	set_pin_sr_maximum@pin_number,??_set_pin_sr_maximum
  1224   00323A  0E01               	movlw	1
  1225   00323C  6E03               	movwf	(??_set_pin_sr_maximum+1)^(0+1280),c
  1226   00323E  2A02               	incf	??_set_pin_sr_maximum^(0+1280),f,c
  1227   003240  EF24  F019         	goto	u1514
  1228   003244                     u1515:
  1229   003244  90D8               	bcf	status,0,c
  1230   003246  3603               	rlcf	(??_set_pin_sr_maximum+1)^(0+1280),f,c
  1231   003248                     u1514:
  1232   003248  2E02               	decfsz	??_set_pin_sr_maximum^(0+1280),f,c
  1233   00324A  EF22  F019         	goto	u1515
  1234   00324E  5003               	movf	(??_set_pin_sr_maximum+1)^(0+1280),w,c
  1235   003250  0AFF               	xorlw	255
  1236   003252  0104               	movlb	4	; () banked
  1237   003254  1703               	andwf	3,f,b	;volatile
  1238                           
  1239                           ;gpio.c: 250:             break;
  1240   003256  EFAC  F019         	goto	l242
  1241   00325A                     l1896:
  1242                           
  1243                           ;gpio.c: 252:             SLRCONB &= ~(1 << pin_number);
  1244   00325A  C501  F502         	movff	set_pin_sr_maximum@pin_number,??_set_pin_sr_maximum
  1245   00325E  0E01               	movlw	1
  1246   003260  6E03               	movwf	(??_set_pin_sr_maximum+1)^(0+1280),c
  1247   003262  2A02               	incf	??_set_pin_sr_maximum^(0+1280),f,c
  1248   003264  EF36  F019         	goto	u1524
  1249   003268                     u1525:
  1250   003268  90D8               	bcf	status,0,c
  1251   00326A  3603               	rlcf	(??_set_pin_sr_maximum+1)^(0+1280),f,c
  1252   00326C                     u1524:
  1253   00326C  2E02               	decfsz	??_set_pin_sr_maximum^(0+1280),f,c
  1254   00326E  EF34  F019         	goto	u1525
  1255   003272  5003               	movf	(??_set_pin_sr_maximum+1)^(0+1280),w,c
  1256   003274  0AFF               	xorlw	255
  1257   003276  0104               	movlb	4	; () banked
  1258   003278  170B               	andwf	11,f,b	;volatile
  1259                           
  1260                           ;gpio.c: 253:             break;
  1261   00327A  EFAC  F019         	goto	l242
  1262   00327E                     l1898:
  1263                           
  1264                           ;gpio.c: 255:             SLRCONC &= ~(1 << pin_number);
  1265   00327E  C501  F502         	movff	set_pin_sr_maximum@pin_number,??_set_pin_sr_maximum
  1266   003282  0E01               	movlw	1
  1267   003284  6E03               	movwf	(??_set_pin_sr_maximum+1)^(0+1280),c
  1268   003286  2A02               	incf	??_set_pin_sr_maximum^(0+1280),f,c
  1269   003288  EF48  F019         	goto	u1534
  1270   00328C                     u1535:
  1271   00328C  90D8               	bcf	status,0,c
  1272   00328E  3603               	rlcf	(??_set_pin_sr_maximum+1)^(0+1280),f,c
  1273   003290                     u1534:
  1274   003290  2E02               	decfsz	??_set_pin_sr_maximum^(0+1280),f,c
  1275   003292  EF46  F019         	goto	u1535
  1276   003296  5003               	movf	(??_set_pin_sr_maximum+1)^(0+1280),w,c
  1277   003298  0AFF               	xorlw	255
  1278   00329A  0104               	movlb	4	; () banked
  1279   00329C  1713               	andwf	19,f,b	;volatile
  1280                           
  1281                           ;gpio.c: 256:             break;
  1282   00329E  EFAC  F019         	goto	l242
  1283   0032A2                     l1900:
  1284                           
  1285                           ;gpio.c: 258:             SLRCOND &= ~(1 << pin_number);
  1286   0032A2  C501  F502         	movff	set_pin_sr_maximum@pin_number,??_set_pin_sr_maximum
  1287   0032A6  0E01               	movlw	1
  1288   0032A8  6E03               	movwf	(??_set_pin_sr_maximum+1)^(0+1280),c
  1289   0032AA  2A02               	incf	??_set_pin_sr_maximum^(0+1280),f,c
  1290   0032AC  EF5A  F019         	goto	u1544
  1291   0032B0                     u1545:
  1292   0032B0  90D8               	bcf	status,0,c
  1293   0032B2  3603               	rlcf	(??_set_pin_sr_maximum+1)^(0+1280),f,c
  1294   0032B4                     u1544:
  1295   0032B4  2E02               	decfsz	??_set_pin_sr_maximum^(0+1280),f,c
  1296   0032B6  EF58  F019         	goto	u1545
  1297   0032BA  5003               	movf	(??_set_pin_sr_maximum+1)^(0+1280),w,c
  1298   0032BC  0AFF               	xorlw	255
  1299   0032BE  0104               	movlb	4	; () banked
  1300   0032C0  171B               	andwf	27,f,b	;volatile
  1301                           
  1302                           ;gpio.c: 259:             break;
  1303   0032C2  EFAC  F019         	goto	l242
  1304   0032C6                     l1902:
  1305                           
  1306                           ;gpio.c: 261:             SLRCONE &= ~(1 << pin_number);
  1307   0032C6  C501  F502         	movff	set_pin_sr_maximum@pin_number,??_set_pin_sr_maximum
  1308   0032CA  0E01               	movlw	1
  1309   0032CC  6E03               	movwf	(??_set_pin_sr_maximum+1)^(0+1280),c
  1310   0032CE  2A02               	incf	??_set_pin_sr_maximum^(0+1280),f,c
  1311   0032D0  EF6C  F019         	goto	u1554
  1312   0032D4                     u1555:
  1313   0032D4  90D8               	bcf	status,0,c
  1314   0032D6  3603               	rlcf	(??_set_pin_sr_maximum+1)^(0+1280),f,c
  1315   0032D8                     u1554:
  1316   0032D8  2E02               	decfsz	??_set_pin_sr_maximum^(0+1280),f,c
  1317   0032DA  EF6A  F019         	goto	u1555
  1318   0032DE  5003               	movf	(??_set_pin_sr_maximum+1)^(0+1280),w,c
  1319   0032E0  0AFF               	xorlw	255
  1320   0032E2  0104               	movlb	4	; () banked
  1321   0032E4  1723               	andwf	35,f,b	;volatile
  1322                           
  1323                           ;gpio.c: 262:             break;
  1324   0032E6  EFAC  F019         	goto	l242
  1325   0032EA                     l1904:
  1326                           
  1327                           ;gpio.c: 264:             SLRCONF &= ~(1 << pin_number);
  1328   0032EA  C501  F502         	movff	set_pin_sr_maximum@pin_number,??_set_pin_sr_maximum
  1329   0032EE  0E01               	movlw	1
  1330   0032F0  6E03               	movwf	(??_set_pin_sr_maximum+1)^(0+1280),c
  1331   0032F2  2A02               	incf	??_set_pin_sr_maximum^(0+1280),f,c
  1332   0032F4  EF7E  F019         	goto	u1564
  1333   0032F8                     u1565:
  1334   0032F8  90D8               	bcf	status,0,c
  1335   0032FA  3603               	rlcf	(??_set_pin_sr_maximum+1)^(0+1280),f,c
  1336   0032FC                     u1564:
  1337   0032FC  2E02               	decfsz	??_set_pin_sr_maximum^(0+1280),f,c
  1338   0032FE  EF7C  F019         	goto	u1565
  1339   003302  5003               	movf	(??_set_pin_sr_maximum+1)^(0+1280),w,c
  1340   003304  0AFF               	xorlw	255
  1341   003306  0104               	movlb	4	; () banked
  1342   003308  172B               	andwf	43,f,b	;volatile
  1343                           
  1344                           ;gpio.c: 265:             break;
  1345   00330A  EFAC  F019         	goto	l242
  1346   00330E                     l1908:
  1347   00330E  5004               	movf	set_pin_sr_maximum@port_name^(0+1280),w,c
  1348   003310  6E02               	movwf	??_set_pin_sr_maximum^(0+1280),c
  1349   003312  6A03               	clrf	(??_set_pin_sr_maximum+1)^(0+1280),c
  1350                           
  1351                           ; Switch on 2 bytes has been partitioned into a top level switch of size 1, and 1 sub-sw
      +                          itches
  1352                           ; Switch size 1, requested type "simple"
  1353                           ; Number of cases is 1, Range of values is 0 to 0
  1354                           ; switch strategies available:
  1355                           ; Name         Instructions Cycles
  1356                           ; simple_byte            4     3 (average)
  1357                           ;	Chosen strategy is simple_byte
  1358   003314  5003               	movf	(??_set_pin_sr_maximum+1)^(0+1280),w,c
  1359   003316  0A00               	xorlw	0	; case 0
  1360   003318  B4D8               	btfsc	status,2,c
  1361   00331A  EF91  F019         	goto	l2248
  1362   00331E  EFAC  F019         	goto	l242
  1363   003322                     l2248:
  1364                           
  1365                           ; Switch size 1, requested type "simple"
  1366                           ; Number of cases is 6, Range of values is 65 to 70
  1367                           ; switch strategies available:
  1368                           ; Name         Instructions Cycles
  1369                           ; simple_byte           19    10 (average)
  1370                           ;	Chosen strategy is simple_byte
  1371   003322  5002               	movf	??_set_pin_sr_maximum^(0+1280),w,c
  1372   003324  0A41               	xorlw	65	; case 65
  1373   003326  B4D8               	btfsc	status,2,c
  1374   003328  EF1B  F019         	goto	l1894
  1375   00332C  0A03               	xorlw	3	; case 66
  1376   00332E  B4D8               	btfsc	status,2,c
  1377   003330  EF2D  F019         	goto	l1896
  1378   003334  0A01               	xorlw	1	; case 67
  1379   003336  B4D8               	btfsc	status,2,c
  1380   003338  EF3F  F019         	goto	l1898
  1381   00333C  0A07               	xorlw	7	; case 68
  1382   00333E  B4D8               	btfsc	status,2,c
  1383   003340  EF51  F019         	goto	l1900
  1384   003344  0A01               	xorlw	1	; case 69
  1385   003346  B4D8               	btfsc	status,2,c
  1386   003348  EF63  F019         	goto	l1902
  1387   00334C  0A03               	xorlw	3	; case 70
  1388   00334E  B4D8               	btfsc	status,2,c
  1389   003350  EF75  F019         	goto	l1904
  1390   003354  EFAC  F019         	goto	l242
  1391   003358                     l242:
  1392   003358  0012               	return		;funcret
  1393   00335A                     __end_of_set_pin_sr_maximum:
  1394                           	callstack 0
  1395                           
  1396 ;; *************** function _set_pin_sr_limited *****************
  1397 ;; Defined at:
  1398 ;;		line 217 in file "gpio.c"
  1399 ;; Parameters:    Size  Location     Type
  1400 ;;  port_name       1    wreg     enum E17445
  1401 ;;  pin_number      1    0[COMRAM] unsigned char 
  1402 ;; Auto vars:     Size  Location     Type
  1403 ;;  port_name       1    3[COMRAM] enum E17445
  1404 ;; Return value:  Size  Location     Type
  1405 ;;                  1    wreg      void 
  1406 ;; Registers used:
  1407 ;;		wreg, status,2, status,0
  1408 ;; Tracked objects:
  1409 ;;		On entry : 0/0
  1410 ;;		On exit  : 0/0
  1411 ;;		Unchanged: 0/0
  1412 ;; Data sizes:     COMRAM   BANK5   BANK6   BANK7   BANK8   BANK9  BANK10  BANK11  BANK12  BANK13  BANK14  BANK15  BANK1
      +6  BANK17  BANK18  BANK19  BANK20  BANK21  BANK22  BANK23  BANK24  BANK25  BANK26  BANK27  BANK28  BANK29  BANK30  BANK3
      +1  BANK32  BANK33  BANK34  BANK35  BANK36
  1413 ;;      Params:         1       0       0       0       0       0       0       0       0       0       0       0       
      +0       0       0       0       0       0       0       0       0       0       0       0       0       0       0       
      +0       0       0       0       0       0
  1414 ;;      Locals:         1       0       0       0       0       0       0       0       0       0       0       0       
      +0       0       0       0       0       0       0       0       0       0       0       0       0       0       0       
      +0       0       0       0       0       0
  1415 ;;      Temps:          2       0       0       0       0       0       0       0       0       0       0       0       
      +0       0       0       0       0       0       0       0       0       0       0       0       0       0       0       
      +0       0       0       0       0       0
  1416 ;;      Totals:         4       0       0       0       0       0       0       0       0       0       0       0       
      +0       0       0       0       0       0       0       0       0       0       0       0       0       0       0       
      +0       0       0       0       0       0
  1417 ;;Total ram usage:        4 bytes
  1418 ;; Hardware stack levels used: 1
  1419 ;; Hardware stack levels required when called: 1
  1420 ;; This function calls:
  1421 ;;		Nothing
  1422 ;; This function is called by:
  1423 ;;		_configure_pin
  1424 ;; This function uses a non-reentrant model
  1425 ;;
  1426                           
  1427                           	psect	text8
  1428   0037F6                     __ptext8:
  1429                           	callstack 0
  1430   0037F6                     _set_pin_sr_limited:
  1431                           	callstack 123
  1432                           
  1433                           ;incstack = 0
  1434                           ;set_pin_sr_limited@port_name stored from wreg
  1435   0037F6  6E04               	movwf	set_pin_sr_limited@port_name^(0+1280),c
  1436   0037F8                     
  1437                           ;gpio.c: 217: void set_pin_sr_limited(PortName_t port_name, uint8_t pin_number);gpio.c: 
      +                          218: {;gpio.c: 219:     switch(port_name)
  1438   0037F8  EF64  F01C         	goto	l1886
  1439   0037FC                     l1872:
  1440                           
  1441                           ;gpio.c: 222:             SLRCONA |= (1 << pin_number);
  1442   0037FC  C501  F502         	movff	set_pin_sr_limited@pin_number,??_set_pin_sr_limited
  1443   003800  0E01               	movlw	1
  1444   003802  6E03               	movwf	(??_set_pin_sr_limited+1)^(0+1280),c
  1445   003804  2A02               	incf	??_set_pin_sr_limited^(0+1280),f,c
  1446   003806  EF07  F01C         	goto	u1454
  1447   00380A                     u1455:
  1448   00380A  90D8               	bcf	status,0,c
  1449   00380C  3603               	rlcf	(??_set_pin_sr_limited+1)^(0+1280),f,c
  1450   00380E                     u1454:
  1451   00380E  2E02               	decfsz	??_set_pin_sr_limited^(0+1280),f,c
  1452   003810  EF05  F01C         	goto	u1455
  1453   003814  5003               	movf	(??_set_pin_sr_limited+1)^(0+1280),w,c
  1454   003816  0104               	movlb	4	; () banked
  1455   003818  1303               	iorwf	3,f,b	;volatile
  1456                           
  1457                           ;gpio.c: 223:             break;
  1458   00381A  EF89  F01C         	goto	l230
  1459   00381E                     l1874:
  1460                           
  1461                           ;gpio.c: 225:             SLRCONB |= (1 << pin_number);
  1462   00381E  C501  F502         	movff	set_pin_sr_limited@pin_number,??_set_pin_sr_limited
  1463   003822  0E01               	movlw	1
  1464   003824  6E03               	movwf	(??_set_pin_sr_limited+1)^(0+1280),c
  1465   003826  2A02               	incf	??_set_pin_sr_limited^(0+1280),f,c
  1466   003828  EF18  F01C         	goto	u1464
  1467   00382C                     u1465:
  1468   00382C  90D8               	bcf	status,0,c
  1469   00382E  3603               	rlcf	(??_set_pin_sr_limited+1)^(0+1280),f,c
  1470   003830                     u1464:
  1471   003830  2E02               	decfsz	??_set_pin_sr_limited^(0+1280),f,c
  1472   003832  EF16  F01C         	goto	u1465
  1473   003836  5003               	movf	(??_set_pin_sr_limited+1)^(0+1280),w,c
  1474   003838  0104               	movlb	4	; () banked
  1475   00383A  130B               	iorwf	11,f,b	;volatile
  1476                           
  1477                           ;gpio.c: 226:             break;
  1478   00383C  EF89  F01C         	goto	l230
  1479   003840                     l1876:
  1480                           
  1481                           ;gpio.c: 228:             SLRCONC |= (1 << pin_number);
  1482   003840  C501  F502         	movff	set_pin_sr_limited@pin_number,??_set_pin_sr_limited
  1483   003844  0E01               	movlw	1
  1484   003846  6E03               	movwf	(??_set_pin_sr_limited+1)^(0+1280),c
  1485   003848  2A02               	incf	??_set_pin_sr_limited^(0+1280),f,c
  1486   00384A  EF29  F01C         	goto	u1474
  1487   00384E                     u1475:
  1488   00384E  90D8               	bcf	status,0,c
  1489   003850  3603               	rlcf	(??_set_pin_sr_limited+1)^(0+1280),f,c
  1490   003852                     u1474:
  1491   003852  2E02               	decfsz	??_set_pin_sr_limited^(0+1280),f,c
  1492   003854  EF27  F01C         	goto	u1475
  1493   003858  5003               	movf	(??_set_pin_sr_limited+1)^(0+1280),w,c
  1494   00385A  0104               	movlb	4	; () banked
  1495   00385C  1313               	iorwf	19,f,b	;volatile
  1496                           
  1497                           ;gpio.c: 229:             break;
  1498   00385E  EF89  F01C         	goto	l230
  1499   003862                     l1878:
  1500                           
  1501                           ;gpio.c: 231:             SLRCOND |= (1 << pin_number);
  1502   003862  C501  F502         	movff	set_pin_sr_limited@pin_number,??_set_pin_sr_limited
  1503   003866  0E01               	movlw	1
  1504   003868  6E03               	movwf	(??_set_pin_sr_limited+1)^(0+1280),c
  1505   00386A  2A02               	incf	??_set_pin_sr_limited^(0+1280),f,c
  1506   00386C  EF3A  F01C         	goto	u1484
  1507   003870                     u1485:
  1508   003870  90D8               	bcf	status,0,c
  1509   003872  3603               	rlcf	(??_set_pin_sr_limited+1)^(0+1280),f,c
  1510   003874                     u1484:
  1511   003874  2E02               	decfsz	??_set_pin_sr_limited^(0+1280),f,c
  1512   003876  EF38  F01C         	goto	u1485
  1513   00387A  5003               	movf	(??_set_pin_sr_limited+1)^(0+1280),w,c
  1514   00387C  0104               	movlb	4	; () banked
  1515   00387E  131B               	iorwf	27,f,b	;volatile
  1516                           
  1517                           ;gpio.c: 232:             break;
  1518   003880  EF89  F01C         	goto	l230
  1519   003884                     l1880:
  1520                           
  1521                           ;gpio.c: 234:             SLRCONE |= (1 << pin_number);
  1522   003884  C501  F502         	movff	set_pin_sr_limited@pin_number,??_set_pin_sr_limited
  1523   003888  0E01               	movlw	1
  1524   00388A  6E03               	movwf	(??_set_pin_sr_limited+1)^(0+1280),c
  1525   00388C  2A02               	incf	??_set_pin_sr_limited^(0+1280),f,c
  1526   00388E  EF4B  F01C         	goto	u1494
  1527   003892                     u1495:
  1528   003892  90D8               	bcf	status,0,c
  1529   003894  3603               	rlcf	(??_set_pin_sr_limited+1)^(0+1280),f,c
  1530   003896                     u1494:
  1531   003896  2E02               	decfsz	??_set_pin_sr_limited^(0+1280),f,c
  1532   003898  EF49  F01C         	goto	u1495
  1533   00389C  5003               	movf	(??_set_pin_sr_limited+1)^(0+1280),w,c
  1534   00389E  0104               	movlb	4	; () banked
  1535   0038A0  1323               	iorwf	35,f,b	;volatile
  1536                           
  1537                           ;gpio.c: 235:             break;
  1538   0038A2  EF89  F01C         	goto	l230
  1539   0038A6                     l1882:
  1540                           
  1541                           ;gpio.c: 237:             SLRCONF |= (1 << pin_number);
  1542   0038A6  C501  F502         	movff	set_pin_sr_limited@pin_number,??_set_pin_sr_limited
  1543   0038AA  0E01               	movlw	1
  1544   0038AC  6E03               	movwf	(??_set_pin_sr_limited+1)^(0+1280),c
  1545   0038AE  2A02               	incf	??_set_pin_sr_limited^(0+1280),f,c
  1546   0038B0  EF5C  F01C         	goto	u1504
  1547   0038B4                     u1505:
  1548   0038B4  90D8               	bcf	status,0,c
  1549   0038B6  3603               	rlcf	(??_set_pin_sr_limited+1)^(0+1280),f,c
  1550   0038B8                     u1504:
  1551   0038B8  2E02               	decfsz	??_set_pin_sr_limited^(0+1280),f,c
  1552   0038BA  EF5A  F01C         	goto	u1505
  1553   0038BE  5003               	movf	(??_set_pin_sr_limited+1)^(0+1280),w,c
  1554   0038C0  0104               	movlb	4	; () banked
  1555   0038C2  132B               	iorwf	43,f,b	;volatile
  1556                           
  1557                           ;gpio.c: 238:             break;
  1558   0038C4  EF89  F01C         	goto	l230
  1559   0038C8                     l1886:
  1560   0038C8  5004               	movf	set_pin_sr_limited@port_name^(0+1280),w,c
  1561   0038CA  6E02               	movwf	??_set_pin_sr_limited^(0+1280),c
  1562   0038CC  6A03               	clrf	(??_set_pin_sr_limited+1)^(0+1280),c
  1563                           
  1564                           ; Switch on 2 bytes has been partitioned into a top level switch of size 1, and 1 sub-sw
      +                          itches
  1565                           ; Switch size 1, requested type "simple"
  1566                           ; Number of cases is 1, Range of values is 0 to 0
  1567                           ; switch strategies available:
  1568                           ; Name         Instructions Cycles
  1569                           ; simple_byte            4     3 (average)
  1570                           ;	Chosen strategy is simple_byte
  1571   0038CE  5003               	movf	(??_set_pin_sr_limited+1)^(0+1280),w,c
  1572   0038D0  0A00               	xorlw	0	; case 0
  1573   0038D2  B4D8               	btfsc	status,2,c
  1574   0038D4  EF6E  F01C         	goto	l2250
  1575   0038D8  EF89  F01C         	goto	l230
  1576   0038DC                     l2250:
  1577                           
  1578                           ; Switch size 1, requested type "simple"
  1579                           ; Number of cases is 6, Range of values is 65 to 70
  1580                           ; switch strategies available:
  1581                           ; Name         Instructions Cycles
  1582                           ; simple_byte           19    10 (average)
  1583                           ;	Chosen strategy is simple_byte
  1584   0038DC  5002               	movf	??_set_pin_sr_limited^(0+1280),w,c
  1585   0038DE  0A41               	xorlw	65	; case 65
  1586   0038E0  B4D8               	btfsc	status,2,c
  1587   0038E2  EFFE  F01B         	goto	l1872
  1588   0038E6  0A03               	xorlw	3	; case 66
  1589   0038E8  B4D8               	btfsc	status,2,c
  1590   0038EA  EF0F  F01C         	goto	l1874
  1591   0038EE  0A01               	xorlw	1	; case 67
  1592   0038F0  B4D8               	btfsc	status,2,c
  1593   0038F2  EF20  F01C         	goto	l1876
  1594   0038F6  0A07               	xorlw	7	; case 68
  1595   0038F8  B4D8               	btfsc	status,2,c
  1596   0038FA  EF31  F01C         	goto	l1878
  1597   0038FE  0A01               	xorlw	1	; case 69
  1598   003900  B4D8               	btfsc	status,2,c
  1599   003902  EF42  F01C         	goto	l1880
  1600   003906  0A03               	xorlw	3	; case 70
  1601   003908  B4D8               	btfsc	status,2,c
  1602   00390A  EF53  F01C         	goto	l1882
  1603   00390E  EF89  F01C         	goto	l230
  1604   003912                     l230:
  1605   003912  0012               	return		;funcret
  1606   003914                     __end_of_set_pin_sr_limited:
  1607                           	callstack 0
  1608                           
  1609 ;; *************** function _set_pin_push_pull *****************
  1610 ;; Defined at:
  1611 ;;		line 271 in file "gpio.c"
  1612 ;; Parameters:    Size  Location     Type
  1613 ;;  port_name       1    wreg     enum E17445
  1614 ;;  pin_number      1    0[COMRAM] unsigned char 
  1615 ;; Auto vars:     Size  Location     Type
  1616 ;;  port_name       1    3[COMRAM] enum E17445
  1617 ;; Return value:  Size  Location     Type
  1618 ;;                  1    wreg      void 
  1619 ;; Registers used:
  1620 ;;		wreg, status,2, status,0
  1621 ;; Tracked objects:
  1622 ;;		On entry : 0/0
  1623 ;;		On exit  : 0/0
  1624 ;;		Unchanged: 0/0
  1625 ;; Data sizes:     COMRAM   BANK5   BANK6   BANK7   BANK8   BANK9  BANK10  BANK11  BANK12  BANK13  BANK14  BANK15  BANK1
      +6  BANK17  BANK18  BANK19  BANK20  BANK21  BANK22  BANK23  BANK24  BANK25  BANK26  BANK27  BANK28  BANK29  BANK30  BANK3
      +1  BANK32  BANK33  BANK34  BANK35  BANK36
  1626 ;;      Params:         1       0       0       0       0       0       0       0       0       0       0       0       
      +0       0       0       0       0       0       0       0       0       0       0       0       0       0       0       
      +0       0       0       0       0       0
  1627 ;;      Locals:         1       0       0       0       0       0       0       0       0       0       0       0       
      +0       0       0       0       0       0       0       0       0       0       0       0       0       0       0       
      +0       0       0       0       0       0
  1628 ;;      Temps:          2       0       0       0       0       0       0       0       0       0       0       0       
      +0       0       0       0       0       0       0       0       0       0       0       0       0       0       0       
      +0       0       0       0       0       0
  1629 ;;      Totals:         4       0       0       0       0       0       0       0       0       0       0       0       
      +0       0       0       0       0       0       0       0       0       0       0       0       0       0       0       
      +0       0       0       0       0       0
  1630 ;;Total ram usage:        4 bytes
  1631 ;; Hardware stack levels used: 1
  1632 ;; Hardware stack levels required when called: 1
  1633 ;; This function calls:
  1634 ;;		Nothing
  1635 ;; This function is called by:
  1636 ;;		_configure_pin
  1637 ;; This function uses a non-reentrant model
  1638 ;;
  1639                           
  1640                           	psect	text9
  1641   00335A                     __ptext9:
  1642                           	callstack 0
  1643   00335A                     _set_pin_push_pull:
  1644                           	callstack 123
  1645                           
  1646                           ;incstack = 0
  1647                           ;set_pin_push_pull@port_name stored from wreg
  1648   00335A  6E04               	movwf	set_pin_push_pull@port_name^(0+1280),c
  1649   00335C                     
  1650                           ;gpio.c: 271: void set_pin_push_pull(PortName_t port_name, uint8_t pin_number);gpio.c: 2
      +                          72: {;gpio.c: 273:     switch(port_name)
  1651   00335C  EF1C  F01A         	goto	l1930
  1652   003360                     l1916:
  1653                           
  1654                           ;gpio.c: 276:             ODCONA &= ~(1 << pin_number);
  1655   003360  C501  F502         	movff	set_pin_push_pull@pin_number,??_set_pin_push_pull
  1656   003364  0E01               	movlw	1
  1657   003366  6E03               	movwf	(??_set_pin_push_pull+1)^(0+1280),c
  1658   003368  2A02               	incf	??_set_pin_push_pull^(0+1280),f,c
  1659   00336A  EFB9  F019         	goto	u1574
  1660   00336E                     u1575:
  1661   00336E  90D8               	bcf	status,0,c
  1662   003370  3603               	rlcf	(??_set_pin_push_pull+1)^(0+1280),f,c
  1663   003372                     u1574:
  1664   003372  2E02               	decfsz	??_set_pin_push_pull^(0+1280),f,c
  1665   003374  EFB7  F019         	goto	u1575
  1666   003378  5003               	movf	(??_set_pin_push_pull+1)^(0+1280),w,c
  1667   00337A  0AFF               	xorlw	255
  1668   00337C  0104               	movlb	4	; () banked
  1669   00337E  1702               	andwf	2,f,b	;volatile
  1670                           
  1671                           ;gpio.c: 277:             break;
  1672   003380  EF41  F01A         	goto	l254
  1673   003384                     l1918:
  1674                           
  1675                           ;gpio.c: 279:             ODCONB &= ~(1 << pin_number);
  1676   003384  C501  F502         	movff	set_pin_push_pull@pin_number,??_set_pin_push_pull
  1677   003388  0E01               	movlw	1
  1678   00338A  6E03               	movwf	(??_set_pin_push_pull+1)^(0+1280),c
  1679   00338C  2A02               	incf	??_set_pin_push_pull^(0+1280),f,c
  1680   00338E  EFCB  F019         	goto	u1584
  1681   003392                     u1585:
  1682   003392  90D8               	bcf	status,0,c
  1683   003394  3603               	rlcf	(??_set_pin_push_pull+1)^(0+1280),f,c
  1684   003396                     u1584:
  1685   003396  2E02               	decfsz	??_set_pin_push_pull^(0+1280),f,c
  1686   003398  EFC9  F019         	goto	u1585
  1687   00339C  5003               	movf	(??_set_pin_push_pull+1)^(0+1280),w,c
  1688   00339E  0AFF               	xorlw	255
  1689   0033A0  0104               	movlb	4	; () banked
  1690   0033A2  170A               	andwf	10,f,b	;volatile
  1691                           
  1692                           ;gpio.c: 280:             break;
  1693   0033A4  EF41  F01A         	goto	l254
  1694   0033A8                     l1920:
  1695                           
  1696                           ;gpio.c: 282:             ODCONC &= ~(1 << pin_number);
  1697   0033A8  C501  F502         	movff	set_pin_push_pull@pin_number,??_set_pin_push_pull
  1698   0033AC  0E01               	movlw	1
  1699   0033AE  6E03               	movwf	(??_set_pin_push_pull+1)^(0+1280),c
  1700   0033B0  2A02               	incf	??_set_pin_push_pull^(0+1280),f,c
  1701   0033B2  EFDD  F019         	goto	u1594
  1702   0033B6                     u1595:
  1703   0033B6  90D8               	bcf	status,0,c
  1704   0033B8  3603               	rlcf	(??_set_pin_push_pull+1)^(0+1280),f,c
  1705   0033BA                     u1594:
  1706   0033BA  2E02               	decfsz	??_set_pin_push_pull^(0+1280),f,c
  1707   0033BC  EFDB  F019         	goto	u1595
  1708   0033C0  5003               	movf	(??_set_pin_push_pull+1)^(0+1280),w,c
  1709   0033C2  0AFF               	xorlw	255
  1710   0033C4  0104               	movlb	4	; () banked
  1711   0033C6  1712               	andwf	18,f,b	;volatile
  1712                           
  1713                           ;gpio.c: 283:             break;
  1714   0033C8  EF41  F01A         	goto	l254
  1715   0033CC                     l1922:
  1716                           
  1717                           ;gpio.c: 285:             ODCOND &= ~(1 << pin_number);
  1718   0033CC  C501  F502         	movff	set_pin_push_pull@pin_number,??_set_pin_push_pull
  1719   0033D0  0E01               	movlw	1
  1720   0033D2  6E03               	movwf	(??_set_pin_push_pull+1)^(0+1280),c
  1721   0033D4  2A02               	incf	??_set_pin_push_pull^(0+1280),f,c
  1722   0033D6  EFEF  F019         	goto	u1604
  1723   0033DA                     u1605:
  1724   0033DA  90D8               	bcf	status,0,c
  1725   0033DC  3603               	rlcf	(??_set_pin_push_pull+1)^(0+1280),f,c
  1726   0033DE                     u1604:
  1727   0033DE  2E02               	decfsz	??_set_pin_push_pull^(0+1280),f,c
  1728   0033E0  EFED  F019         	goto	u1605
  1729   0033E4  5003               	movf	(??_set_pin_push_pull+1)^(0+1280),w,c
  1730   0033E6  0AFF               	xorlw	255
  1731   0033E8  0104               	movlb	4	; () banked
  1732   0033EA  171A               	andwf	26,f,b	;volatile
  1733                           
  1734                           ;gpio.c: 286:             break;
  1735   0033EC  EF41  F01A         	goto	l254
  1736   0033F0                     l1924:
  1737                           
  1738                           ;gpio.c: 288:             ODCONE &= ~(1 << pin_number);
  1739   0033F0  C501  F502         	movff	set_pin_push_pull@pin_number,??_set_pin_push_pull
  1740   0033F4  0E01               	movlw	1
  1741   0033F6  6E03               	movwf	(??_set_pin_push_pull+1)^(0+1280),c
  1742   0033F8  2A02               	incf	??_set_pin_push_pull^(0+1280),f,c
  1743   0033FA  EF01  F01A         	goto	u1614
  1744   0033FE                     u1615:
  1745   0033FE  90D8               	bcf	status,0,c
  1746   003400  3603               	rlcf	(??_set_pin_push_pull+1)^(0+1280),f,c
  1747   003402                     u1614:
  1748   003402  2E02               	decfsz	??_set_pin_push_pull^(0+1280),f,c
  1749   003404  EFFF  F019         	goto	u1615
  1750   003408  5003               	movf	(??_set_pin_push_pull+1)^(0+1280),w,c
  1751   00340A  0AFF               	xorlw	255
  1752   00340C  0104               	movlb	4	; () banked
  1753   00340E  1722               	andwf	34,f,b	;volatile
  1754                           
  1755                           ;gpio.c: 289:             break;
  1756   003410  EF41  F01A         	goto	l254
  1757   003414                     l1926:
  1758                           
  1759                           ;gpio.c: 291:             ODCONF &= ~(1 << pin_number);
  1760   003414  C501  F502         	movff	set_pin_push_pull@pin_number,??_set_pin_push_pull
  1761   003418  0E01               	movlw	1
  1762   00341A  6E03               	movwf	(??_set_pin_push_pull+1)^(0+1280),c
  1763   00341C  2A02               	incf	??_set_pin_push_pull^(0+1280),f,c
  1764   00341E  EF13  F01A         	goto	u1624
  1765   003422                     u1625:
  1766   003422  90D8               	bcf	status,0,c
  1767   003424  3603               	rlcf	(??_set_pin_push_pull+1)^(0+1280),f,c
  1768   003426                     u1624:
  1769   003426  2E02               	decfsz	??_set_pin_push_pull^(0+1280),f,c
  1770   003428  EF11  F01A         	goto	u1625
  1771   00342C  5003               	movf	(??_set_pin_push_pull+1)^(0+1280),w,c
  1772   00342E  0AFF               	xorlw	255
  1773   003430  0104               	movlb	4	; () banked
  1774   003432  172A               	andwf	42,f,b	;volatile
  1775                           
  1776                           ;gpio.c: 292:             break;
  1777   003434  EF41  F01A         	goto	l254
  1778   003438                     l1930:
  1779   003438  5004               	movf	set_pin_push_pull@port_name^(0+1280),w,c
  1780   00343A  6E02               	movwf	??_set_pin_push_pull^(0+1280),c
  1781   00343C  6A03               	clrf	(??_set_pin_push_pull+1)^(0+1280),c
  1782                           
  1783                           ; Switch on 2 bytes has been partitioned into a top level switch of size 1, and 1 sub-sw
      +                          itches
  1784                           ; Switch size 1, requested type "simple"
  1785                           ; Number of cases is 1, Range of values is 0 to 0
  1786                           ; switch strategies available:
  1787                           ; Name         Instructions Cycles
  1788                           ; simple_byte            4     3 (average)
  1789                           ;	Chosen strategy is simple_byte
  1790   00343E  5003               	movf	(??_set_pin_push_pull+1)^(0+1280),w,c
  1791   003440  0A00               	xorlw	0	; case 0
  1792   003442  B4D8               	btfsc	status,2,c
  1793   003444  EF26  F01A         	goto	l2252
  1794   003448  EF41  F01A         	goto	l254
  1795   00344C                     l2252:
  1796                           
  1797                           ; Switch size 1, requested type "simple"
  1798                           ; Number of cases is 6, Range of values is 65 to 70
  1799                           ; switch strategies available:
  1800                           ; Name         Instructions Cycles
  1801                           ; simple_byte           19    10 (average)
  1802                           ;	Chosen strategy is simple_byte
  1803   00344C  5002               	movf	??_set_pin_push_pull^(0+1280),w,c
  1804   00344E  0A41               	xorlw	65	; case 65
  1805   003450  B4D8               	btfsc	status,2,c
  1806   003452  EFB0  F019         	goto	l1916
  1807   003456  0A03               	xorlw	3	; case 66
  1808   003458  B4D8               	btfsc	status,2,c
  1809   00345A  EFC2  F019         	goto	l1918
  1810   00345E  0A01               	xorlw	1	; case 67
  1811   003460  B4D8               	btfsc	status,2,c
  1812   003462  EFD4  F019         	goto	l1920
  1813   003466  0A07               	xorlw	7	; case 68
  1814   003468  B4D8               	btfsc	status,2,c
  1815   00346A  EFE6  F019         	goto	l1922
  1816   00346E  0A01               	xorlw	1	; case 69
  1817   003470  B4D8               	btfsc	status,2,c
  1818   003472  EFF8  F019         	goto	l1924
  1819   003476  0A03               	xorlw	3	; case 70
  1820   003478  B4D8               	btfsc	status,2,c
  1821   00347A  EF0A  F01A         	goto	l1926
  1822   00347E  EF41  F01A         	goto	l254
  1823   003482                     l254:
  1824   003482  0012               	return		;funcret
  1825   003484                     __end_of_set_pin_push_pull:
  1826                           	callstack 0
  1827                           
  1828 ;; *************** function _set_pin_pullup *****************
  1829 ;; Defined at:
  1830 ;;		line 110 in file "gpio.c"
  1831 ;; Parameters:    Size  Location     Type
  1832 ;;  port_name       1    wreg     enum E17445
  1833 ;;  pin_number      1    0[COMRAM] unsigned char 
  1834 ;; Auto vars:     Size  Location     Type
  1835 ;;  port_name       1    3[COMRAM] enum E17445
  1836 ;; Return value:  Size  Location     Type
  1837 ;;                  1    wreg      void 
  1838 ;; Registers used:
  1839 ;;		wreg, status,2, status,0
  1840 ;; Tracked objects:
  1841 ;;		On entry : 0/0
  1842 ;;		On exit  : 0/0
  1843 ;;		Unchanged: 0/0
  1844 ;; Data sizes:     COMRAM   BANK5   BANK6   BANK7   BANK8   BANK9  BANK10  BANK11  BANK12  BANK13  BANK14  BANK15  BANK1
      +6  BANK17  BANK18  BANK19  BANK20  BANK21  BANK22  BANK23  BANK24  BANK25  BANK26  BANK27  BANK28  BANK29  BANK30  BANK3
      +1  BANK32  BANK33  BANK34  BANK35  BANK36
  1845 ;;      Params:         1       0       0       0       0       0       0       0       0       0       0       0       
      +0       0       0       0       0       0       0       0       0       0       0       0       0       0       0       
      +0       0       0       0       0       0
  1846 ;;      Locals:         1       0       0       0       0       0       0       0       0       0       0       0       
      +0       0       0       0       0       0       0       0       0       0       0       0       0       0       0       
      +0       0       0       0       0       0
  1847 ;;      Temps:          2       0       0       0       0       0       0       0       0       0       0       0       
      +0       0       0       0       0       0       0       0       0       0       0       0       0       0       0       
      +0       0       0       0       0       0
  1848 ;;      Totals:         4       0       0       0       0       0       0       0       0       0       0       0       
      +0       0       0       0       0       0       0       0       0       0       0       0       0       0       0       
      +0       0       0       0       0       0
  1849 ;;Total ram usage:        4 bytes
  1850 ;; Hardware stack levels used: 1
  1851 ;; Hardware stack levels required when called: 1
  1852 ;; This function calls:
  1853 ;;		Nothing
  1854 ;; This function is called by:
  1855 ;;		_configure_pin
  1856 ;; This function uses a non-reentrant model
  1857 ;;
  1858                           
  1859                           	psect	text10
  1860   003914                     __ptext10:
  1861                           	callstack 0
  1862   003914                     _set_pin_pullup:
  1863                           	callstack 123
  1864                           
  1865                           ;incstack = 0
  1866                           ;set_pin_pullup@port_name stored from wreg
  1867   003914  6E04               	movwf	set_pin_pullup@port_name^(0+1280),c
  1868   003916                     
  1869                           ;gpio.c: 110: void set_pin_pullup(PortName_t port_name, uint8_t pin_number);gpio.c: 111:
      +                           {;gpio.c: 112:     switch(port_name)
  1870   003916  EFF3  F01C         	goto	l1798
  1871   00391A                     l1784:
  1872                           
  1873                           ;gpio.c: 115:             WPUA |= (1 << pin_number);
  1874   00391A  C501  F502         	movff	set_pin_pullup@pin_number,??_set_pin_pullup
  1875   00391E  0E01               	movlw	1
  1876   003920  6E03               	movwf	(??_set_pin_pullup+1)^(0+1280),c
  1877   003922  2A02               	incf	??_set_pin_pullup^(0+1280),f,c
  1878   003924  EF96  F01C         	goto	u1214
  1879   003928                     u1215:
  1880   003928  90D8               	bcf	status,0,c
  1881   00392A  3603               	rlcf	(??_set_pin_pullup+1)^(0+1280),f,c
  1882   00392C                     u1214:
  1883   00392C  2E02               	decfsz	??_set_pin_pullup^(0+1280),f,c
  1884   00392E  EF94  F01C         	goto	u1215
  1885   003932  5003               	movf	(??_set_pin_pullup+1)^(0+1280),w,c
  1886   003934  0104               	movlb	4	; () banked
  1887   003936  1301               	iorwf	1,f,b	;volatile
  1888                           
  1889                           ;gpio.c: 116:             break;
  1890   003938  EF18  F01D         	goto	l182
  1891   00393C                     l1786:
  1892                           
  1893                           ;gpio.c: 118:             WPUB |= (1 << pin_number);
  1894   00393C  C501  F502         	movff	set_pin_pullup@pin_number,??_set_pin_pullup
  1895   003940  0E01               	movlw	1
  1896   003942  6E03               	movwf	(??_set_pin_pullup+1)^(0+1280),c
  1897   003944  2A02               	incf	??_set_pin_pullup^(0+1280),f,c
  1898   003946  EFA7  F01C         	goto	u1224
  1899   00394A                     u1225:
  1900   00394A  90D8               	bcf	status,0,c
  1901   00394C  3603               	rlcf	(??_set_pin_pullup+1)^(0+1280),f,c
  1902   00394E                     u1224:
  1903   00394E  2E02               	decfsz	??_set_pin_pullup^(0+1280),f,c
  1904   003950  EFA5  F01C         	goto	u1225
  1905   003954  5003               	movf	(??_set_pin_pullup+1)^(0+1280),w,c
  1906   003956  0104               	movlb	4	; () banked
  1907   003958  1309               	iorwf	9,f,b	;volatile
  1908                           
  1909                           ;gpio.c: 119:             break;
  1910   00395A  EF18  F01D         	goto	l182
  1911   00395E                     l1788:
  1912                           
  1913                           ;gpio.c: 121:             WPUC |= (1 << pin_number);
  1914   00395E  C501  F502         	movff	set_pin_pullup@pin_number,??_set_pin_pullup
  1915   003962  0E01               	movlw	1
  1916   003964  6E03               	movwf	(??_set_pin_pullup+1)^(0+1280),c
  1917   003966  2A02               	incf	??_set_pin_pullup^(0+1280),f,c
  1918   003968  EFB8  F01C         	goto	u1234
  1919   00396C                     u1235:
  1920   00396C  90D8               	bcf	status,0,c
  1921   00396E  3603               	rlcf	(??_set_pin_pullup+1)^(0+1280),f,c
  1922   003970                     u1234:
  1923   003970  2E02               	decfsz	??_set_pin_pullup^(0+1280),f,c
  1924   003972  EFB6  F01C         	goto	u1235
  1925   003976  5003               	movf	(??_set_pin_pullup+1)^(0+1280),w,c
  1926   003978  0104               	movlb	4	; () banked
  1927   00397A  1311               	iorwf	17,f,b	;volatile
  1928                           
  1929                           ;gpio.c: 122:             break;
  1930   00397C  EF18  F01D         	goto	l182
  1931   003980                     l1790:
  1932                           
  1933                           ;gpio.c: 124:             WPUD |= (1 << pin_number);
  1934   003980  C501  F502         	movff	set_pin_pullup@pin_number,??_set_pin_pullup
  1935   003984  0E01               	movlw	1
  1936   003986  6E03               	movwf	(??_set_pin_pullup+1)^(0+1280),c
  1937   003988  2A02               	incf	??_set_pin_pullup^(0+1280),f,c
  1938   00398A  EFC9  F01C         	goto	u1244
  1939   00398E                     u1245:
  1940   00398E  90D8               	bcf	status,0,c
  1941   003990  3603               	rlcf	(??_set_pin_pullup+1)^(0+1280),f,c
  1942   003992                     u1244:
  1943   003992  2E02               	decfsz	??_set_pin_pullup^(0+1280),f,c
  1944   003994  EFC7  F01C         	goto	u1245
  1945   003998  5003               	movf	(??_set_pin_pullup+1)^(0+1280),w,c
  1946   00399A  0104               	movlb	4	; () banked
  1947   00399C  1319               	iorwf	25,f,b	;volatile
  1948                           
  1949                           ;gpio.c: 125:             break;
  1950   00399E  EF18  F01D         	goto	l182
  1951   0039A2                     l1792:
  1952                           
  1953                           ;gpio.c: 127:             WPUE |= (1 << pin_number);
  1954   0039A2  C501  F502         	movff	set_pin_pullup@pin_number,??_set_pin_pullup
  1955   0039A6  0E01               	movlw	1
  1956   0039A8  6E03               	movwf	(??_set_pin_pullup+1)^(0+1280),c
  1957   0039AA  2A02               	incf	??_set_pin_pullup^(0+1280),f,c
  1958   0039AC  EFDA  F01C         	goto	u1254
  1959   0039B0                     u1255:
  1960   0039B0  90D8               	bcf	status,0,c
  1961   0039B2  3603               	rlcf	(??_set_pin_pullup+1)^(0+1280),f,c
  1962   0039B4                     u1254:
  1963   0039B4  2E02               	decfsz	??_set_pin_pullup^(0+1280),f,c
  1964   0039B6  EFD8  F01C         	goto	u1255
  1965   0039BA  5003               	movf	(??_set_pin_pullup+1)^(0+1280),w,c
  1966   0039BC  0104               	movlb	4	; () banked
  1967   0039BE  1321               	iorwf	33,f,b	;volatile
  1968                           
  1969                           ;gpio.c: 128:             break;
  1970   0039C0  EF18  F01D         	goto	l182
  1971   0039C4                     l1794:
  1972                           
  1973                           ;gpio.c: 130:             WPUF |= (1 << pin_number);
  1974   0039C4  C501  F502         	movff	set_pin_pullup@pin_number,??_set_pin_pullup
  1975   0039C8  0E01               	movlw	1
  1976   0039CA  6E03               	movwf	(??_set_pin_pullup+1)^(0+1280),c
  1977   0039CC  2A02               	incf	??_set_pin_pullup^(0+1280),f,c
  1978   0039CE  EFEB  F01C         	goto	u1264
  1979   0039D2                     u1265:
  1980   0039D2  90D8               	bcf	status,0,c
  1981   0039D4  3603               	rlcf	(??_set_pin_pullup+1)^(0+1280),f,c
  1982   0039D6                     u1264:
  1983   0039D6  2E02               	decfsz	??_set_pin_pullup^(0+1280),f,c
  1984   0039D8  EFE9  F01C         	goto	u1265
  1985   0039DC  5003               	movf	(??_set_pin_pullup+1)^(0+1280),w,c
  1986   0039DE  0104               	movlb	4	; () banked
  1987   0039E0  1329               	iorwf	41,f,b	;volatile
  1988                           
  1989                           ;gpio.c: 131:             break;
  1990   0039E2  EF18  F01D         	goto	l182
  1991   0039E6                     l1798:
  1992   0039E6  5004               	movf	set_pin_pullup@port_name^(0+1280),w,c
  1993   0039E8  6E02               	movwf	??_set_pin_pullup^(0+1280),c
  1994   0039EA  6A03               	clrf	(??_set_pin_pullup+1)^(0+1280),c
  1995                           
  1996                           ; Switch on 2 bytes has been partitioned into a top level switch of size 1, and 1 sub-sw
      +                          itches
  1997                           ; Switch size 1, requested type "simple"
  1998                           ; Number of cases is 1, Range of values is 0 to 0
  1999                           ; switch strategies available:
  2000                           ; Name         Instructions Cycles
  2001                           ; simple_byte            4     3 (average)
  2002                           ;	Chosen strategy is simple_byte
  2003   0039EC  5003               	movf	(??_set_pin_pullup+1)^(0+1280),w,c
  2004   0039EE  0A00               	xorlw	0	; case 0
  2005   0039F0  B4D8               	btfsc	status,2,c
  2006   0039F2  EFFD  F01C         	goto	l2254
  2007   0039F6  EF18  F01D         	goto	l182
  2008   0039FA                     l2254:
  2009                           
  2010                           ; Switch size 1, requested type "simple"
  2011                           ; Number of cases is 6, Range of values is 65 to 70
  2012                           ; switch strategies available:
  2013                           ; Name         Instructions Cycles
  2014                           ; simple_byte           19    10 (average)
  2015                           ;	Chosen strategy is simple_byte
  2016   0039FA  5002               	movf	??_set_pin_pullup^(0+1280),w,c
  2017   0039FC  0A41               	xorlw	65	; case 65
  2018   0039FE  B4D8               	btfsc	status,2,c
  2019   003A00  EF8D  F01C         	goto	l1784
  2020   003A04  0A03               	xorlw	3	; case 66
  2021   003A06  B4D8               	btfsc	status,2,c
  2022   003A08  EF9E  F01C         	goto	l1786
  2023   003A0C  0A01               	xorlw	1	; case 67
  2024   003A0E  B4D8               	btfsc	status,2,c
  2025   003A10  EFAF  F01C         	goto	l1788
  2026   003A14  0A07               	xorlw	7	; case 68
  2027   003A16  B4D8               	btfsc	status,2,c
  2028   003A18  EFC0  F01C         	goto	l1790
  2029   003A1C  0A01               	xorlw	1	; case 69
  2030   003A1E  B4D8               	btfsc	status,2,c
  2031   003A20  EFD1  F01C         	goto	l1792
  2032   003A24  0A03               	xorlw	3	; case 70
  2033   003A26  B4D8               	btfsc	status,2,c
  2034   003A28  EFE2  F01C         	goto	l1794
  2035   003A2C  EF18  F01D         	goto	l182
  2036   003A30                     l182:
  2037   003A30  0012               	return		;funcret
  2038   003A32                     __end_of_set_pin_pullup:
  2039                           	callstack 0
  2040                           
  2041 ;; *************** function _set_pin_output *****************
  2042 ;; Defined at:
  2043 ;;		line 31 in file "gpio.c"
  2044 ;; Parameters:    Size  Location     Type
  2045 ;;  port_name       1    wreg     enum E17445
  2046 ;;  pin_number      1    0[COMRAM] unsigned char 
  2047 ;; Auto vars:     Size  Location     Type
  2048 ;;  port_name       1    3[COMRAM] enum E17445
  2049 ;; Return value:  Size  Location     Type
  2050 ;;                  1    wreg      void 
  2051 ;; Registers used:
  2052 ;;		wreg, status,2, status,0
  2053 ;; Tracked objects:
  2054 ;;		On entry : 0/0
  2055 ;;		On exit  : 0/0
  2056 ;;		Unchanged: 0/0
  2057 ;; Data sizes:     COMRAM   BANK5   BANK6   BANK7   BANK8   BANK9  BANK10  BANK11  BANK12  BANK13  BANK14  BANK15  BANK1
      +6  BANK17  BANK18  BANK19  BANK20  BANK21  BANK22  BANK23  BANK24  BANK25  BANK26  BANK27  BANK28  BANK29  BANK30  BANK3
      +1  BANK32  BANK33  BANK34  BANK35  BANK36
  2058 ;;      Params:         1       0       0       0       0       0       0       0       0       0       0       0       
      +0       0       0       0       0       0       0       0       0       0       0       0       0       0       0       
      +0       0       0       0       0       0
  2059 ;;      Locals:         1       0       0       0       0       0       0       0       0       0       0       0       
      +0       0       0       0       0       0       0       0       0       0       0       0       0       0       0       
      +0       0       0       0       0       0
  2060 ;;      Temps:          2       0       0       0       0       0       0       0       0       0       0       0       
      +0       0       0       0       0       0       0       0       0       0       0       0       0       0       0       
      +0       0       0       0       0       0
  2061 ;;      Totals:         4       0       0       0       0       0       0       0       0       0       0       0       
      +0       0       0       0       0       0       0       0       0       0       0       0       0       0       0       
      +0       0       0       0       0       0
  2062 ;;Total ram usage:        4 bytes
  2063 ;; Hardware stack levels used: 1
  2064 ;; Hardware stack levels required when called: 1
  2065 ;; This function calls:
  2066 ;;		Nothing
  2067 ;; This function is called by:
  2068 ;;		_configure_pin
  2069 ;; This function uses a non-reentrant model
  2070 ;;
  2071                           
  2072                           	psect	text11
  2073   003A32                     __ptext11:
  2074                           	callstack 0
  2075   003A32                     _set_pin_output:
  2076                           	callstack 123
  2077                           
  2078                           ;incstack = 0
  2079                           ;set_pin_output@port_name stored from wreg
  2080   003A32  6E04               	movwf	set_pin_output@port_name^(0+1280),c
  2081   003A34                     
  2082                           ;gpio.c: 31: void set_pin_output(PortName_t port_name, uint8_t pin_number);gpio.c: 32: {
      +                          ;gpio.c: 33:     switch(port_name)
  2083   003A34  EF82  F01D         	goto	l1732
  2084   003A38                     l1718:
  2085                           
  2086                           ;gpio.c: 36:             TRISA &= ~(1 << pin_number);
  2087   003A38  C501  F502         	movff	set_pin_output@pin_number,??_set_pin_output
  2088   003A3C  0E01               	movlw	1
  2089   003A3E  6E03               	movwf	(??_set_pin_output+1)^(0+1280),c
  2090   003A40  2A02               	incf	??_set_pin_output^(0+1280),f,c
  2091   003A42  EF25  F01D         	goto	u1034
  2092   003A46                     u1035:
  2093   003A46  90D8               	bcf	status,0,c
  2094   003A48  3603               	rlcf	(??_set_pin_output+1)^(0+1280),f,c
  2095   003A4A                     u1034:
  2096   003A4A  2E02               	decfsz	??_set_pin_output^(0+1280),f,c
  2097   003A4C  EF23  F01D         	goto	u1035
  2098   003A50  5003               	movf	(??_set_pin_output+1)^(0+1280),w,c
  2099   003A52  0AFF               	xorlw	255
  2100   003A54  16C6               	andwf	198,f,c	;volatile
  2101                           
  2102                           ;gpio.c: 37:             break;
  2103   003A56  EFA7  F01D         	goto	l146
  2104   003A5A                     l1720:
  2105                           
  2106                           ;gpio.c: 39:             TRISB &= ~(1 << pin_number);
  2107   003A5A  C501  F502         	movff	set_pin_output@pin_number,??_set_pin_output
  2108   003A5E  0E01               	movlw	1
  2109   003A60  6E03               	movwf	(??_set_pin_output+1)^(0+1280),c
  2110   003A62  2A02               	incf	??_set_pin_output^(0+1280),f,c
  2111   003A64  EF36  F01D         	goto	u1044
  2112   003A68                     u1045:
  2113   003A68  90D8               	bcf	status,0,c
  2114   003A6A  3603               	rlcf	(??_set_pin_output+1)^(0+1280),f,c
  2115   003A6C                     u1044:
  2116   003A6C  2E02               	decfsz	??_set_pin_output^(0+1280),f,c
  2117   003A6E  EF34  F01D         	goto	u1045
  2118   003A72  5003               	movf	(??_set_pin_output+1)^(0+1280),w,c
  2119   003A74  0AFF               	xorlw	255
  2120   003A76  16C7               	andwf	199,f,c	;volatile
  2121                           
  2122                           ;gpio.c: 40:             break;
  2123   003A78  EFA7  F01D         	goto	l146
  2124   003A7C                     l1722:
  2125                           
  2126                           ;gpio.c: 42:             TRISC &= ~(1 << pin_number);
  2127   003A7C  C501  F502         	movff	set_pin_output@pin_number,??_set_pin_output
  2128   003A80  0E01               	movlw	1
  2129   003A82  6E03               	movwf	(??_set_pin_output+1)^(0+1280),c
  2130   003A84  2A02               	incf	??_set_pin_output^(0+1280),f,c
  2131   003A86  EF47  F01D         	goto	u1054
  2132   003A8A                     u1055:
  2133   003A8A  90D8               	bcf	status,0,c
  2134   003A8C  3603               	rlcf	(??_set_pin_output+1)^(0+1280),f,c
  2135   003A8E                     u1054:
  2136   003A8E  2E02               	decfsz	??_set_pin_output^(0+1280),f,c
  2137   003A90  EF45  F01D         	goto	u1055
  2138   003A94  5003               	movf	(??_set_pin_output+1)^(0+1280),w,c
  2139   003A96  0AFF               	xorlw	255
  2140   003A98  16C8               	andwf	200,f,c	;volatile
  2141                           
  2142                           ;gpio.c: 43:             break;
  2143   003A9A  EFA7  F01D         	goto	l146
  2144   003A9E                     l1724:
  2145                           
  2146                           ;gpio.c: 45:             TRISD &= ~(1 << pin_number);
  2147   003A9E  C501  F502         	movff	set_pin_output@pin_number,??_set_pin_output
  2148   003AA2  0E01               	movlw	1
  2149   003AA4  6E03               	movwf	(??_set_pin_output+1)^(0+1280),c
  2150   003AA6  2A02               	incf	??_set_pin_output^(0+1280),f,c
  2151   003AA8  EF58  F01D         	goto	u1064
  2152   003AAC                     u1065:
  2153   003AAC  90D8               	bcf	status,0,c
  2154   003AAE  3603               	rlcf	(??_set_pin_output+1)^(0+1280),f,c
  2155   003AB0                     u1064:
  2156   003AB0  2E02               	decfsz	??_set_pin_output^(0+1280),f,c
  2157   003AB2  EF56  F01D         	goto	u1065
  2158   003AB6  5003               	movf	(??_set_pin_output+1)^(0+1280),w,c
  2159   003AB8  0AFF               	xorlw	255
  2160   003ABA  16C9               	andwf	201,f,c	;volatile
  2161                           
  2162                           ;gpio.c: 46:             break;
  2163   003ABC  EFA7  F01D         	goto	l146
  2164   003AC0                     l1726:
  2165                           
  2166                           ;gpio.c: 48:             TRISE &= ~(1 << pin_number);
  2167   003AC0  C501  F502         	movff	set_pin_output@pin_number,??_set_pin_output
  2168   003AC4  0E01               	movlw	1
  2169   003AC6  6E03               	movwf	(??_set_pin_output+1)^(0+1280),c
  2170   003AC8  2A02               	incf	??_set_pin_output^(0+1280),f,c
  2171   003ACA  EF69  F01D         	goto	u1074
  2172   003ACE                     u1075:
  2173   003ACE  90D8               	bcf	status,0,c
  2174   003AD0  3603               	rlcf	(??_set_pin_output+1)^(0+1280),f,c
  2175   003AD2                     u1074:
  2176   003AD2  2E02               	decfsz	??_set_pin_output^(0+1280),f,c
  2177   003AD4  EF67  F01D         	goto	u1075
  2178   003AD8  5003               	movf	(??_set_pin_output+1)^(0+1280),w,c
  2179   003ADA  0AFF               	xorlw	255
  2180   003ADC  16CA               	andwf	202,f,c	;volatile
  2181                           
  2182                           ;gpio.c: 49:             break;
  2183   003ADE  EFA7  F01D         	goto	l146
  2184   003AE2                     l1728:
  2185                           
  2186                           ;gpio.c: 51:             TRISF &= ~(1 << pin_number);
  2187   003AE2  C501  F502         	movff	set_pin_output@pin_number,??_set_pin_output
  2188   003AE6  0E01               	movlw	1
  2189   003AE8  6E03               	movwf	(??_set_pin_output+1)^(0+1280),c
  2190   003AEA  2A02               	incf	??_set_pin_output^(0+1280),f,c
  2191   003AEC  EF7A  F01D         	goto	u1084
  2192   003AF0                     u1085:
  2193   003AF0  90D8               	bcf	status,0,c
  2194   003AF2  3603               	rlcf	(??_set_pin_output+1)^(0+1280),f,c
  2195   003AF4                     u1084:
  2196   003AF4  2E02               	decfsz	??_set_pin_output^(0+1280),f,c
  2197   003AF6  EF78  F01D         	goto	u1085
  2198   003AFA  5003               	movf	(??_set_pin_output+1)^(0+1280),w,c
  2199   003AFC  0AFF               	xorlw	255
  2200   003AFE  16CB               	andwf	203,f,c	;volatile
  2201                           
  2202                           ;gpio.c: 52:             break;
  2203   003B00  EFA7  F01D         	goto	l146
  2204   003B04                     l1732:
  2205   003B04  5004               	movf	set_pin_output@port_name^(0+1280),w,c
  2206   003B06  6E02               	movwf	??_set_pin_output^(0+1280),c
  2207   003B08  6A03               	clrf	(??_set_pin_output+1)^(0+1280),c
  2208                           
  2209                           ; Switch on 2 bytes has been partitioned into a top level switch of size 1, and 1 sub-sw
      +                          itches
  2210                           ; Switch size 1, requested type "simple"
  2211                           ; Number of cases is 1, Range of values is 0 to 0
  2212                           ; switch strategies available:
  2213                           ; Name         Instructions Cycles
  2214                           ; simple_byte            4     3 (average)
  2215                           ;	Chosen strategy is simple_byte
  2216   003B0A  5003               	movf	(??_set_pin_output+1)^(0+1280),w,c
  2217   003B0C  0A00               	xorlw	0	; case 0
  2218   003B0E  B4D8               	btfsc	status,2,c
  2219   003B10  EF8C  F01D         	goto	l2256
  2220   003B14  EFA7  F01D         	goto	l146
  2221   003B18                     l2256:
  2222                           
  2223                           ; Switch size 1, requested type "simple"
  2224                           ; Number of cases is 6, Range of values is 65 to 70
  2225                           ; switch strategies available:
  2226                           ; Name         Instructions Cycles
  2227                           ; simple_byte           19    10 (average)
  2228                           ;	Chosen strategy is simple_byte
  2229   003B18  5002               	movf	??_set_pin_output^(0+1280),w,c
  2230   003B1A  0A41               	xorlw	65	; case 65
  2231   003B1C  B4D8               	btfsc	status,2,c
  2232   003B1E  EF1C  F01D         	goto	l1718
  2233   003B22  0A03               	xorlw	3	; case 66
  2234   003B24  B4D8               	btfsc	status,2,c
  2235   003B26  EF2D  F01D         	goto	l1720
  2236   003B2A  0A01               	xorlw	1	; case 67
  2237   003B2C  B4D8               	btfsc	status,2,c
  2238   003B2E  EF3E  F01D         	goto	l1722
  2239   003B32  0A07               	xorlw	7	; case 68
  2240   003B34  B4D8               	btfsc	status,2,c
  2241   003B36  EF4F  F01D         	goto	l1724
  2242   003B3A  0A01               	xorlw	1	; case 69
  2243   003B3C  B4D8               	btfsc	status,2,c
  2244   003B3E  EF60  F01D         	goto	l1726
  2245   003B42  0A03               	xorlw	3	; case 70
  2246   003B44  B4D8               	btfsc	status,2,c
  2247   003B46  EF71  F01D         	goto	l1728
  2248   003B4A  EFA7  F01D         	goto	l146
  2249   003B4E                     l146:
  2250   003B4E  0012               	return		;funcret
  2251   003B50                     __end_of_set_pin_output:
  2252                           	callstack 0
  2253                           
  2254 ;; *************** function _set_pin_open_drain *****************
  2255 ;; Defined at:
  2256 ;;		line 298 in file "gpio.c"
  2257 ;; Parameters:    Size  Location     Type
  2258 ;;  port_name       1    wreg     enum E17445
  2259 ;;  pin_number      1    0[COMRAM] unsigned char 
  2260 ;; Auto vars:     Size  Location     Type
  2261 ;;  port_name       1    3[COMRAM] enum E17445
  2262 ;; Return value:  Size  Location     Type
  2263 ;;                  1    wreg      void 
  2264 ;; Registers used:
  2265 ;;		wreg, status,2, status,0
  2266 ;; Tracked objects:
  2267 ;;		On entry : 0/0
  2268 ;;		On exit  : 0/0
  2269 ;;		Unchanged: 0/0
  2270 ;; Data sizes:     COMRAM   BANK5   BANK6   BANK7   BANK8   BANK9  BANK10  BANK11  BANK12  BANK13  BANK14  BANK15  BANK1
      +6  BANK17  BANK18  BANK19  BANK20  BANK21  BANK22  BANK23  BANK24  BANK25  BANK26  BANK27  BANK28  BANK29  BANK30  BANK3
      +1  BANK32  BANK33  BANK34  BANK35  BANK36
  2271 ;;      Params:         1       0       0       0       0       0       0       0       0       0       0       0       
      +0       0       0       0       0       0       0       0       0       0       0       0       0       0       0       
      +0       0       0       0       0       0
  2272 ;;      Locals:         1       0       0       0       0       0       0       0       0       0       0       0       
      +0       0       0       0       0       0       0       0       0       0       0       0       0       0       0       
      +0       0       0       0       0       0
  2273 ;;      Temps:          2       0       0       0       0       0       0       0       0       0       0       0       
      +0       0       0       0       0       0       0       0       0       0       0       0       0       0       0       
      +0       0       0       0       0       0
  2274 ;;      Totals:         4       0       0       0       0       0       0       0       0       0       0       0       
      +0       0       0       0       0       0       0       0       0       0       0       0       0       0       0       
      +0       0       0       0       0       0
  2275 ;;Total ram usage:        4 bytes
  2276 ;; Hardware stack levels used: 1
  2277 ;; Hardware stack levels required when called: 1
  2278 ;; This function calls:
  2279 ;;		Nothing
  2280 ;; This function is called by:
  2281 ;;		_configure_pin
  2282 ;; This function uses a non-reentrant model
  2283 ;;
  2284                           
  2285                           	psect	text12
  2286   003B50                     __ptext12:
  2287                           	callstack 0
  2288   003B50                     _set_pin_open_drain:
  2289                           	callstack 123
  2290                           
  2291                           ;incstack = 0
  2292                           ;set_pin_open_drain@port_name stored from wreg
  2293   003B50  6E04               	movwf	set_pin_open_drain@port_name^(0+1280),c
  2294   003B52                     
  2295                           ;gpio.c: 298: void set_pin_open_drain(PortName_t port_name, uint8_t pin_number);gpio.c: 
      +                          299: {;gpio.c: 300:     switch(port_name)
  2296   003B52  EF11  F01E         	goto	l1952
  2297   003B56                     l1938:
  2298                           
  2299                           ;gpio.c: 303:             ODCONA |= (1 << pin_number);
  2300   003B56  C501  F502         	movff	set_pin_open_drain@pin_number,??_set_pin_open_drain
  2301   003B5A  0E01               	movlw	1
  2302   003B5C  6E03               	movwf	(??_set_pin_open_drain+1)^(0+1280),c
  2303   003B5E  2A02               	incf	??_set_pin_open_drain^(0+1280),f,c
  2304   003B60  EFB4  F01D         	goto	u1634
  2305   003B64                     u1635:
  2306   003B64  90D8               	bcf	status,0,c
  2307   003B66  3603               	rlcf	(??_set_pin_open_drain+1)^(0+1280),f,c
  2308   003B68                     u1634:
  2309   003B68  2E02               	decfsz	??_set_pin_open_drain^(0+1280),f,c
  2310   003B6A  EFB2  F01D         	goto	u1635
  2311   003B6E  5003               	movf	(??_set_pin_open_drain+1)^(0+1280),w,c
  2312   003B70  0104               	movlb	4	; () banked
  2313   003B72  1302               	iorwf	2,f,b	;volatile
  2314                           
  2315                           ;gpio.c: 304:             break;
  2316   003B74  EF36  F01E         	goto	l266
  2317   003B78                     l1940:
  2318                           
  2319                           ;gpio.c: 306:             ODCONB |= (1 << pin_number);
  2320   003B78  C501  F502         	movff	set_pin_open_drain@pin_number,??_set_pin_open_drain
  2321   003B7C  0E01               	movlw	1
  2322   003B7E  6E03               	movwf	(??_set_pin_open_drain+1)^(0+1280),c
  2323   003B80  2A02               	incf	??_set_pin_open_drain^(0+1280),f,c
  2324   003B82  EFC5  F01D         	goto	u1644
  2325   003B86                     u1645:
  2326   003B86  90D8               	bcf	status,0,c
  2327   003B88  3603               	rlcf	(??_set_pin_open_drain+1)^(0+1280),f,c
  2328   003B8A                     u1644:
  2329   003B8A  2E02               	decfsz	??_set_pin_open_drain^(0+1280),f,c
  2330   003B8C  EFC3  F01D         	goto	u1645
  2331   003B90  5003               	movf	(??_set_pin_open_drain+1)^(0+1280),w,c
  2332   003B92  0104               	movlb	4	; () banked
  2333   003B94  130A               	iorwf	10,f,b	;volatile
  2334                           
  2335                           ;gpio.c: 307:             break;
  2336   003B96  EF36  F01E         	goto	l266
  2337   003B9A                     l1942:
  2338                           
  2339                           ;gpio.c: 309:             ODCONC |= (1 << pin_number);
  2340   003B9A  C501  F502         	movff	set_pin_open_drain@pin_number,??_set_pin_open_drain
  2341   003B9E  0E01               	movlw	1
  2342   003BA0  6E03               	movwf	(??_set_pin_open_drain+1)^(0+1280),c
  2343   003BA2  2A02               	incf	??_set_pin_open_drain^(0+1280),f,c
  2344   003BA4  EFD6  F01D         	goto	u1654
  2345   003BA8                     u1655:
  2346   003BA8  90D8               	bcf	status,0,c
  2347   003BAA  3603               	rlcf	(??_set_pin_open_drain+1)^(0+1280),f,c
  2348   003BAC                     u1654:
  2349   003BAC  2E02               	decfsz	??_set_pin_open_drain^(0+1280),f,c
  2350   003BAE  EFD4  F01D         	goto	u1655
  2351   003BB2  5003               	movf	(??_set_pin_open_drain+1)^(0+1280),w,c
  2352   003BB4  0104               	movlb	4	; () banked
  2353   003BB6  1312               	iorwf	18,f,b	;volatile
  2354                           
  2355                           ;gpio.c: 310:             break;
  2356   003BB8  EF36  F01E         	goto	l266
  2357   003BBC                     l1944:
  2358                           
  2359                           ;gpio.c: 312:             ODCOND |= (1 << pin_number);
  2360   003BBC  C501  F502         	movff	set_pin_open_drain@pin_number,??_set_pin_open_drain
  2361   003BC0  0E01               	movlw	1
  2362   003BC2  6E03               	movwf	(??_set_pin_open_drain+1)^(0+1280),c
  2363   003BC4  2A02               	incf	??_set_pin_open_drain^(0+1280),f,c
  2364   003BC6  EFE7  F01D         	goto	u1664
  2365   003BCA                     u1665:
  2366   003BCA  90D8               	bcf	status,0,c
  2367   003BCC  3603               	rlcf	(??_set_pin_open_drain+1)^(0+1280),f,c
  2368   003BCE                     u1664:
  2369   003BCE  2E02               	decfsz	??_set_pin_open_drain^(0+1280),f,c
  2370   003BD0  EFE5  F01D         	goto	u1665
  2371   003BD4  5003               	movf	(??_set_pin_open_drain+1)^(0+1280),w,c
  2372   003BD6  0104               	movlb	4	; () banked
  2373   003BD8  131A               	iorwf	26,f,b	;volatile
  2374                           
  2375                           ;gpio.c: 313:             break;
  2376   003BDA  EF36  F01E         	goto	l266
  2377   003BDE                     l1946:
  2378                           
  2379                           ;gpio.c: 315:             ODCONE |= (1 << pin_number);
  2380   003BDE  C501  F502         	movff	set_pin_open_drain@pin_number,??_set_pin_open_drain
  2381   003BE2  0E01               	movlw	1
  2382   003BE4  6E03               	movwf	(??_set_pin_open_drain+1)^(0+1280),c
  2383   003BE6  2A02               	incf	??_set_pin_open_drain^(0+1280),f,c
  2384   003BE8  EFF8  F01D         	goto	u1674
  2385   003BEC                     u1675:
  2386   003BEC  90D8               	bcf	status,0,c
  2387   003BEE  3603               	rlcf	(??_set_pin_open_drain+1)^(0+1280),f,c
  2388   003BF0                     u1674:
  2389   003BF0  2E02               	decfsz	??_set_pin_open_drain^(0+1280),f,c
  2390   003BF2  EFF6  F01D         	goto	u1675
  2391   003BF6  5003               	movf	(??_set_pin_open_drain+1)^(0+1280),w,c
  2392   003BF8  0104               	movlb	4	; () banked
  2393   003BFA  1322               	iorwf	34,f,b	;volatile
  2394                           
  2395                           ;gpio.c: 316:             break;
  2396   003BFC  EF36  F01E         	goto	l266
  2397   003C00                     l1948:
  2398                           
  2399                           ;gpio.c: 318:             ODCONF |= (1 << pin_number);
  2400   003C00  C501  F502         	movff	set_pin_open_drain@pin_number,??_set_pin_open_drain
  2401   003C04  0E01               	movlw	1
  2402   003C06  6E03               	movwf	(??_set_pin_open_drain+1)^(0+1280),c
  2403   003C08  2A02               	incf	??_set_pin_open_drain^(0+1280),f,c
  2404   003C0A  EF09  F01E         	goto	u1684
  2405   003C0E                     u1685:
  2406   003C0E  90D8               	bcf	status,0,c
  2407   003C10  3603               	rlcf	(??_set_pin_open_drain+1)^(0+1280),f,c
  2408   003C12                     u1684:
  2409   003C12  2E02               	decfsz	??_set_pin_open_drain^(0+1280),f,c
  2410   003C14  EF07  F01E         	goto	u1685
  2411   003C18  5003               	movf	(??_set_pin_open_drain+1)^(0+1280),w,c
  2412   003C1A  0104               	movlb	4	; () banked
  2413   003C1C  132A               	iorwf	42,f,b	;volatile
  2414                           
  2415                           ;gpio.c: 319:             break;
  2416   003C1E  EF36  F01E         	goto	l266
  2417   003C22                     l1952:
  2418   003C22  5004               	movf	set_pin_open_drain@port_name^(0+1280),w,c
  2419   003C24  6E02               	movwf	??_set_pin_open_drain^(0+1280),c
  2420   003C26  6A03               	clrf	(??_set_pin_open_drain+1)^(0+1280),c
  2421                           
  2422                           ; Switch on 2 bytes has been partitioned into a top level switch of size 1, and 1 sub-sw
      +                          itches
  2423                           ; Switch size 1, requested type "simple"
  2424                           ; Number of cases is 1, Range of values is 0 to 0
  2425                           ; switch strategies available:
  2426                           ; Name         Instructions Cycles
  2427                           ; simple_byte            4     3 (average)
  2428                           ;	Chosen strategy is simple_byte
  2429   003C28  5003               	movf	(??_set_pin_open_drain+1)^(0+1280),w,c
  2430   003C2A  0A00               	xorlw	0	; case 0
  2431   003C2C  B4D8               	btfsc	status,2,c
  2432   003C2E  EF1B  F01E         	goto	l2258
  2433   003C32  EF36  F01E         	goto	l266
  2434   003C36                     l2258:
  2435                           
  2436                           ; Switch size 1, requested type "simple"
  2437                           ; Number of cases is 6, Range of values is 65 to 70
  2438                           ; switch strategies available:
  2439                           ; Name         Instructions Cycles
  2440                           ; simple_byte           19    10 (average)
  2441                           ;	Chosen strategy is simple_byte
  2442   003C36  5002               	movf	??_set_pin_open_drain^(0+1280),w,c
  2443   003C38  0A41               	xorlw	65	; case 65
  2444   003C3A  B4D8               	btfsc	status,2,c
  2445   003C3C  EFAB  F01D         	goto	l1938
  2446   003C40  0A03               	xorlw	3	; case 66
  2447   003C42  B4D8               	btfsc	status,2,c
  2448   003C44  EFBC  F01D         	goto	l1940
  2449   003C48  0A01               	xorlw	1	; case 67
  2450   003C4A  B4D8               	btfsc	status,2,c
  2451   003C4C  EFCD  F01D         	goto	l1942
  2452   003C50  0A07               	xorlw	7	; case 68
  2453   003C52  B4D8               	btfsc	status,2,c
  2454   003C54  EFDE  F01D         	goto	l1944
  2455   003C58  0A01               	xorlw	1	; case 69
  2456   003C5A  B4D8               	btfsc	status,2,c
  2457   003C5C  EFEF  F01D         	goto	l1946
  2458   003C60  0A03               	xorlw	3	; case 70
  2459   003C62  B4D8               	btfsc	status,2,c
  2460   003C64  EF00  F01E         	goto	l1948
  2461   003C68  EF36  F01E         	goto	l266
  2462   003C6C                     l266:
  2463   003C6C  0012               	return		;funcret
  2464   003C6E                     __end_of_set_pin_open_drain:
  2465                           	callstack 0
  2466                           
  2467 ;; *************** function _set_pin_input *****************
  2468 ;; Defined at:
  2469 ;;		line 3 in file "gpio.c"
  2470 ;; Parameters:    Size  Location     Type
  2471 ;;  port_name       1    wreg     enum E17445
  2472 ;;  pin_number      1    0[COMRAM] unsigned char 
  2473 ;; Auto vars:     Size  Location     Type
  2474 ;;  port_name       1    3[COMRAM] enum E17445
  2475 ;; Return value:  Size  Location     Type
  2476 ;;                  1    wreg      void 
  2477 ;; Registers used:
  2478 ;;		wreg, status,2, status,0
  2479 ;; Tracked objects:
  2480 ;;		On entry : 0/0
  2481 ;;		On exit  : 0/0
  2482 ;;		Unchanged: 0/0
  2483 ;; Data sizes:     COMRAM   BANK5   BANK6   BANK7   BANK8   BANK9  BANK10  BANK11  BANK12  BANK13  BANK14  BANK15  BANK1
      +6  BANK17  BANK18  BANK19  BANK20  BANK21  BANK22  BANK23  BANK24  BANK25  BANK26  BANK27  BANK28  BANK29  BANK30  BANK3
      +1  BANK32  BANK33  BANK34  BANK35  BANK36
  2484 ;;      Params:         1       0       0       0       0       0       0       0       0       0       0       0       
      +0       0       0       0       0       0       0       0       0       0       0       0       0       0       0       
      +0       0       0       0       0       0
  2485 ;;      Locals:         1       0       0       0       0       0       0       0       0       0       0       0       
      +0       0       0       0       0       0       0       0       0       0       0       0       0       0       0       
      +0       0       0       0       0       0
  2486 ;;      Temps:          2       0       0       0       0       0       0       0       0       0       0       0       
      +0       0       0       0       0       0       0       0       0       0       0       0       0       0       0       
      +0       0       0       0       0       0
  2487 ;;      Totals:         4       0       0       0       0       0       0       0       0       0       0       0       
      +0       0       0       0       0       0       0       0       0       0       0       0       0       0       0       
      +0       0       0       0       0       0
  2488 ;;Total ram usage:        4 bytes
  2489 ;; Hardware stack levels used: 1
  2490 ;; Hardware stack levels required when called: 1
  2491 ;; This function calls:
  2492 ;;		Nothing
  2493 ;; This function is called by:
  2494 ;;		_configure_pin
  2495 ;; This function uses a non-reentrant model
  2496 ;;
  2497                           
  2498                           	psect	text13
  2499   003D8C                     __ptext13:
  2500                           	callstack 0
  2501   003D8C                     _set_pin_input:
  2502                           	callstack 123
  2503                           
  2504                           ;incstack = 0
  2505                           ;set_pin_input@port_name stored from wreg
  2506   003D8C  6E04               	movwf	set_pin_input@port_name^(0+1280),c
  2507   003D8E                     
  2508                           ;gpio.c: 3: void set_pin_input(PortName_t port_name, uint8_t pin_number);gpio.c: 4: {;gp
      +                          io.c: 5:     switch(port_name)
  2509   003D8E  EF29  F01F         	goto	l1710
  2510   003D92                     l1696:
  2511                           
  2512                           ;gpio.c: 8:             TRISA |= (1 << pin_number);
  2513   003D92  C501  F502         	movff	set_pin_input@pin_number,??_set_pin_input
  2514   003D96  0E01               	movlw	1
  2515   003D98  6E03               	movwf	(??_set_pin_input+1)^(0+1280),c
  2516   003D9A  2A02               	incf	??_set_pin_input^(0+1280),f,c
  2517   003D9C  EFD2  F01E         	goto	u974
  2518   003DA0                     u975:
  2519   003DA0  90D8               	bcf	status,0,c
  2520   003DA2  3603               	rlcf	(??_set_pin_input+1)^(0+1280),f,c
  2521   003DA4                     u974:
  2522   003DA4  2E02               	decfsz	??_set_pin_input^(0+1280),f,c
  2523   003DA6  EFD0  F01E         	goto	u975
  2524   003DAA  5003               	movf	(??_set_pin_input+1)^(0+1280),w,c
  2525   003DAC  12C6               	iorwf	198,f,c	;volatile
  2526                           
  2527                           ;gpio.c: 9:             break;
  2528   003DAE  EF4E  F01F         	goto	l134
  2529   003DB2                     l1698:
  2530                           
  2531                           ;gpio.c: 11:             TRISB |= (1 << pin_number);
  2532   003DB2  C501  F502         	movff	set_pin_input@pin_number,??_set_pin_input
  2533   003DB6  0E01               	movlw	1
  2534   003DB8  6E03               	movwf	(??_set_pin_input+1)^(0+1280),c
  2535   003DBA  2A02               	incf	??_set_pin_input^(0+1280),f,c
  2536   003DBC  EFE2  F01E         	goto	u984
  2537   003DC0                     u985:
  2538   003DC0  90D8               	bcf	status,0,c
  2539   003DC2  3603               	rlcf	(??_set_pin_input+1)^(0+1280),f,c
  2540   003DC4                     u984:
  2541   003DC4  2E02               	decfsz	??_set_pin_input^(0+1280),f,c
  2542   003DC6  EFE0  F01E         	goto	u985
  2543   003DCA  5003               	movf	(??_set_pin_input+1)^(0+1280),w,c
  2544   003DCC  12C7               	iorwf	199,f,c	;volatile
  2545                           
  2546                           ;gpio.c: 12:             break;
  2547   003DCE  EF4E  F01F         	goto	l134
  2548   003DD2                     l1700:
  2549                           
  2550                           ;gpio.c: 14:             TRISC |= (1 << pin_number);
  2551   003DD2  C501  F502         	movff	set_pin_input@pin_number,??_set_pin_input
  2552   003DD6  0E01               	movlw	1
  2553   003DD8  6E03               	movwf	(??_set_pin_input+1)^(0+1280),c
  2554   003DDA  2A02               	incf	??_set_pin_input^(0+1280),f,c
  2555   003DDC  EFF2  F01E         	goto	u994
  2556   003DE0                     u995:
  2557   003DE0  90D8               	bcf	status,0,c
  2558   003DE2  3603               	rlcf	(??_set_pin_input+1)^(0+1280),f,c
  2559   003DE4                     u994:
  2560   003DE4  2E02               	decfsz	??_set_pin_input^(0+1280),f,c
  2561   003DE6  EFF0  F01E         	goto	u995
  2562   003DEA  5003               	movf	(??_set_pin_input+1)^(0+1280),w,c
  2563   003DEC  12C8               	iorwf	200,f,c	;volatile
  2564                           
  2565                           ;gpio.c: 15:             break;
  2566   003DEE  EF4E  F01F         	goto	l134
  2567   003DF2                     l1702:
  2568                           
  2569                           ;gpio.c: 17:             TRISD |= (1 << pin_number);
  2570   003DF2  C501  F502         	movff	set_pin_input@pin_number,??_set_pin_input
  2571   003DF6  0E01               	movlw	1
  2572   003DF8  6E03               	movwf	(??_set_pin_input+1)^(0+1280),c
  2573   003DFA  2A02               	incf	??_set_pin_input^(0+1280),f,c
  2574   003DFC  EF02  F01F         	goto	u1004
  2575   003E00                     u1005:
  2576   003E00  90D8               	bcf	status,0,c
  2577   003E02  3603               	rlcf	(??_set_pin_input+1)^(0+1280),f,c
  2578   003E04                     u1004:
  2579   003E04  2E02               	decfsz	??_set_pin_input^(0+1280),f,c
  2580   003E06  EF00  F01F         	goto	u1005
  2581   003E0A  5003               	movf	(??_set_pin_input+1)^(0+1280),w,c
  2582   003E0C  12C9               	iorwf	201,f,c	;volatile
  2583                           
  2584                           ;gpio.c: 18:             break;
  2585   003E0E  EF4E  F01F         	goto	l134
  2586   003E12                     l1704:
  2587                           
  2588                           ;gpio.c: 20:             TRISE |= (1 << pin_number);
  2589   003E12  C501  F502         	movff	set_pin_input@pin_number,??_set_pin_input
  2590   003E16  0E01               	movlw	1
  2591   003E18  6E03               	movwf	(??_set_pin_input+1)^(0+1280),c
  2592   003E1A  2A02               	incf	??_set_pin_input^(0+1280),f,c
  2593   003E1C  EF12  F01F         	goto	u1014
  2594   003E20                     u1015:
  2595   003E20  90D8               	bcf	status,0,c
  2596   003E22  3603               	rlcf	(??_set_pin_input+1)^(0+1280),f,c
  2597   003E24                     u1014:
  2598   003E24  2E02               	decfsz	??_set_pin_input^(0+1280),f,c
  2599   003E26  EF10  F01F         	goto	u1015
  2600   003E2A  5003               	movf	(??_set_pin_input+1)^(0+1280),w,c
  2601   003E2C  12CA               	iorwf	202,f,c	;volatile
  2602                           
  2603                           ;gpio.c: 21:             break;
  2604   003E2E  EF4E  F01F         	goto	l134
  2605   003E32                     l1706:
  2606                           
  2607                           ;gpio.c: 23:             TRISF |= (1 << pin_number);
  2608   003E32  C501  F502         	movff	set_pin_input@pin_number,??_set_pin_input
  2609   003E36  0E01               	movlw	1
  2610   003E38  6E03               	movwf	(??_set_pin_input+1)^(0+1280),c
  2611   003E3A  2A02               	incf	??_set_pin_input^(0+1280),f,c
  2612   003E3C  EF22  F01F         	goto	u1024
  2613   003E40                     u1025:
  2614   003E40  90D8               	bcf	status,0,c
  2615   003E42  3603               	rlcf	(??_set_pin_input+1)^(0+1280),f,c
  2616   003E44                     u1024:
  2617   003E44  2E02               	decfsz	??_set_pin_input^(0+1280),f,c
  2618   003E46  EF20  F01F         	goto	u1025
  2619   003E4A  5003               	movf	(??_set_pin_input+1)^(0+1280),w,c
  2620   003E4C  12CB               	iorwf	203,f,c	;volatile
  2621                           
  2622                           ;gpio.c: 24:             break;
  2623   003E4E  EF4E  F01F         	goto	l134
  2624   003E52                     l1710:
  2625   003E52  5004               	movf	set_pin_input@port_name^(0+1280),w,c
  2626   003E54  6E02               	movwf	??_set_pin_input^(0+1280),c
  2627   003E56  6A03               	clrf	(??_set_pin_input+1)^(0+1280),c
  2628                           
  2629                           ; Switch on 2 bytes has been partitioned into a top level switch of size 1, and 1 sub-sw
      +                          itches
  2630                           ; Switch size 1, requested type "simple"
  2631                           ; Number of cases is 1, Range of values is 0 to 0
  2632                           ; switch strategies available:
  2633                           ; Name         Instructions Cycles
  2634                           ; simple_byte            4     3 (average)
  2635                           ;	Chosen strategy is simple_byte
  2636   003E58  5003               	movf	(??_set_pin_input+1)^(0+1280),w,c
  2637   003E5A  0A00               	xorlw	0	; case 0
  2638   003E5C  B4D8               	btfsc	status,2,c
  2639   003E5E  EF33  F01F         	goto	l2260
  2640   003E62  EF4E  F01F         	goto	l134
  2641   003E66                     l2260:
  2642                           
  2643                           ; Switch size 1, requested type "simple"
  2644                           ; Number of cases is 6, Range of values is 65 to 70
  2645                           ; switch strategies available:
  2646                           ; Name         Instructions Cycles
  2647                           ; simple_byte           19    10 (average)
  2648                           ;	Chosen strategy is simple_byte
  2649   003E66  5002               	movf	??_set_pin_input^(0+1280),w,c
  2650   003E68  0A41               	xorlw	65	; case 65
  2651   003E6A  B4D8               	btfsc	status,2,c
  2652   003E6C  EFC9  F01E         	goto	l1696
  2653   003E70  0A03               	xorlw	3	; case 66
  2654   003E72  B4D8               	btfsc	status,2,c
  2655   003E74  EFD9  F01E         	goto	l1698
  2656   003E78  0A01               	xorlw	1	; case 67
  2657   003E7A  B4D8               	btfsc	status,2,c
  2658   003E7C  EFE9  F01E         	goto	l1700
  2659   003E80  0A07               	xorlw	7	; case 68
  2660   003E82  B4D8               	btfsc	status,2,c
  2661   003E84  EFF9  F01E         	goto	l1702
  2662   003E88  0A01               	xorlw	1	; case 69
  2663   003E8A  B4D8               	btfsc	status,2,c
  2664   003E8C  EF09  F01F         	goto	l1704
  2665   003E90  0A03               	xorlw	3	; case 70
  2666   003E92  B4D8               	btfsc	status,2,c
  2667   003E94  EF19  F01F         	goto	l1706
  2668   003E98  EF4E  F01F         	goto	l134
  2669   003E9C                     l134:
  2670   003E9C  0012               	return		;funcret
  2671   003E9E                     __end_of_set_pin_input:
  2672                           	callstack 0
  2673                           
  2674 ;; *************** function _set_pin_digital_mode *****************
  2675 ;; Defined at:
  2676 ;;		line 57 in file "gpio.c"
  2677 ;; Parameters:    Size  Location     Type
  2678 ;;  port_name       1    wreg     enum E17445
  2679 ;;  pin_number      1    0[COMRAM] unsigned char 
  2680 ;; Auto vars:     Size  Location     Type
  2681 ;;  port_name       1    3[COMRAM] enum E17445
  2682 ;; Return value:  Size  Location     Type
  2683 ;;                  1    wreg      void 
  2684 ;; Registers used:
  2685 ;;		wreg, status,2, status,0
  2686 ;; Tracked objects:
  2687 ;;		On entry : 0/0
  2688 ;;		On exit  : 0/0
  2689 ;;		Unchanged: 0/0
  2690 ;; Data sizes:     COMRAM   BANK5   BANK6   BANK7   BANK8   BANK9  BANK10  BANK11  BANK12  BANK13  BANK14  BANK15  BANK1
      +6  BANK17  BANK18  BANK19  BANK20  BANK21  BANK22  BANK23  BANK24  BANK25  BANK26  BANK27  BANK28  BANK29  BANK30  BANK3
      +1  BANK32  BANK33  BANK34  BANK35  BANK36
  2691 ;;      Params:         1       0       0       0       0       0       0       0       0       0       0       0       
      +0       0       0       0       0       0       0       0       0       0       0       0       0       0       0       
      +0       0       0       0       0       0
  2692 ;;      Locals:         1       0       0       0       0       0       0       0       0       0       0       0       
      +0       0       0       0       0       0       0       0       0       0       0       0       0       0       0       
      +0       0       0       0       0       0
  2693 ;;      Temps:          2       0       0       0       0       0       0       0       0       0       0       0       
      +0       0       0       0       0       0       0       0       0       0       0       0       0       0       0       
      +0       0       0       0       0       0
  2694 ;;      Totals:         4       0       0       0       0       0       0       0       0       0       0       0       
      +0       0       0       0       0       0       0       0       0       0       0       0       0       0       0       
      +0       0       0       0       0       0
  2695 ;;Total ram usage:        4 bytes
  2696 ;; Hardware stack levels used: 1
  2697 ;; Hardware stack levels required when called: 1
  2698 ;; This function calls:
  2699 ;;		Nothing
  2700 ;; This function is called by:
  2701 ;;		_configure_pin
  2702 ;; This function uses a non-reentrant model
  2703 ;;
  2704                           
  2705                           	psect	text14
  2706   003484                     __ptext14:
  2707                           	callstack 0
  2708   003484                     _set_pin_digital_mode:
  2709                           	callstack 123
  2710                           
  2711                           ;incstack = 0
  2712                           ;set_pin_digital_mode@port_name stored from wreg
  2713   003484  6E04               	movwf	set_pin_digital_mode@port_name^(0+1280),c
  2714   003486                     
  2715                           ;gpio.c: 57: void set_pin_digital_mode(PortName_t port_name, uint8_t pin_number);gpio.c:
      +                           58: {;gpio.c: 59:     switch(port_name)
  2716   003486  EFB1  F01A         	goto	l1754
  2717   00348A                     l1740:
  2718                           
  2719                           ;gpio.c: 62:             ANSELA &= ~(1 << pin_number);
  2720   00348A  C501  F502         	movff	set_pin_digital_mode@pin_number,??_set_pin_digital_mode
  2721   00348E  0E01               	movlw	1
  2722   003490  6E03               	movwf	(??_set_pin_digital_mode+1)^(0+1280),c
  2723   003492  2A02               	incf	??_set_pin_digital_mode^(0+1280),f,c
  2724   003494  EF4E  F01A         	goto	u1094
  2725   003498                     u1095:
  2726   003498  90D8               	bcf	status,0,c
  2727   00349A  3603               	rlcf	(??_set_pin_digital_mode+1)^(0+1280),f,c
  2728   00349C                     u1094:
  2729   00349C  2E02               	decfsz	??_set_pin_digital_mode^(0+1280),f,c
  2730   00349E  EF4C  F01A         	goto	u1095
  2731   0034A2  5003               	movf	(??_set_pin_digital_mode+1)^(0+1280),w,c
  2732   0034A4  0AFF               	xorlw	255
  2733   0034A6  0104               	movlb	4	; () banked
  2734   0034A8  1700               	andwf	0,f,b	;volatile
  2735                           
  2736                           ;gpio.c: 63:             break;
  2737   0034AA  EFD6  F01A         	goto	l158
  2738   0034AE                     l1742:
  2739                           
  2740                           ;gpio.c: 65:             ANSELB &= ~(1 << pin_number);
  2741   0034AE  C501  F502         	movff	set_pin_digital_mode@pin_number,??_set_pin_digital_mode
  2742   0034B2  0E01               	movlw	1
  2743   0034B4  6E03               	movwf	(??_set_pin_digital_mode+1)^(0+1280),c
  2744   0034B6  2A02               	incf	??_set_pin_digital_mode^(0+1280),f,c
  2745   0034B8  EF60  F01A         	goto	u1104
  2746   0034BC                     u1105:
  2747   0034BC  90D8               	bcf	status,0,c
  2748   0034BE  3603               	rlcf	(??_set_pin_digital_mode+1)^(0+1280),f,c
  2749   0034C0                     u1104:
  2750   0034C0  2E02               	decfsz	??_set_pin_digital_mode^(0+1280),f,c
  2751   0034C2  EF5E  F01A         	goto	u1105
  2752   0034C6  5003               	movf	(??_set_pin_digital_mode+1)^(0+1280),w,c
  2753   0034C8  0AFF               	xorlw	255
  2754   0034CA  0104               	movlb	4	; () banked
  2755   0034CC  1708               	andwf	8,f,b	;volatile
  2756                           
  2757                           ;gpio.c: 66:             break;
  2758   0034CE  EFD6  F01A         	goto	l158
  2759   0034D2                     l1744:
  2760                           
  2761                           ;gpio.c: 68:             ANSELC &= ~(1 << pin_number);
  2762   0034D2  C501  F502         	movff	set_pin_digital_mode@pin_number,??_set_pin_digital_mode
  2763   0034D6  0E01               	movlw	1
  2764   0034D8  6E03               	movwf	(??_set_pin_digital_mode+1)^(0+1280),c
  2765   0034DA  2A02               	incf	??_set_pin_digital_mode^(0+1280),f,c
  2766   0034DC  EF72  F01A         	goto	u1114
  2767   0034E0                     u1115:
  2768   0034E0  90D8               	bcf	status,0,c
  2769   0034E2  3603               	rlcf	(??_set_pin_digital_mode+1)^(0+1280),f,c
  2770   0034E4                     u1114:
  2771   0034E4  2E02               	decfsz	??_set_pin_digital_mode^(0+1280),f,c
  2772   0034E6  EF70  F01A         	goto	u1115
  2773   0034EA  5003               	movf	(??_set_pin_digital_mode+1)^(0+1280),w,c
  2774   0034EC  0AFF               	xorlw	255
  2775   0034EE  0104               	movlb	4	; () banked
  2776   0034F0  1710               	andwf	16,f,b	;volatile
  2777                           
  2778                           ;gpio.c: 69:             break;
  2779   0034F2  EFD6  F01A         	goto	l158
  2780   0034F6                     l1746:
  2781                           
  2782                           ;gpio.c: 71:             ANSELD &= ~(1 << pin_number);
  2783   0034F6  C501  F502         	movff	set_pin_digital_mode@pin_number,??_set_pin_digital_mode
  2784   0034FA  0E01               	movlw	1
  2785   0034FC  6E03               	movwf	(??_set_pin_digital_mode+1)^(0+1280),c
  2786   0034FE  2A02               	incf	??_set_pin_digital_mode^(0+1280),f,c
  2787   003500  EF84  F01A         	goto	u1124
  2788   003504                     u1125:
  2789   003504  90D8               	bcf	status,0,c
  2790   003506  3603               	rlcf	(??_set_pin_digital_mode+1)^(0+1280),f,c
  2791   003508                     u1124:
  2792   003508  2E02               	decfsz	??_set_pin_digital_mode^(0+1280),f,c
  2793   00350A  EF82  F01A         	goto	u1125
  2794   00350E  5003               	movf	(??_set_pin_digital_mode+1)^(0+1280),w,c
  2795   003510  0AFF               	xorlw	255
  2796   003512  0104               	movlb	4	; () banked
  2797   003514  1718               	andwf	24,f,b	;volatile
  2798                           
  2799                           ;gpio.c: 72:             break;
  2800   003516  EFD6  F01A         	goto	l158
  2801   00351A                     l1748:
  2802                           
  2803                           ;gpio.c: 74:             ANSELE &= ~(1 << pin_number);
  2804   00351A  C501  F502         	movff	set_pin_digital_mode@pin_number,??_set_pin_digital_mode
  2805   00351E  0E01               	movlw	1
  2806   003520  6E03               	movwf	(??_set_pin_digital_mode+1)^(0+1280),c
  2807   003522  2A02               	incf	??_set_pin_digital_mode^(0+1280),f,c
  2808   003524  EF96  F01A         	goto	u1134
  2809   003528                     u1135:
  2810   003528  90D8               	bcf	status,0,c
  2811   00352A  3603               	rlcf	(??_set_pin_digital_mode+1)^(0+1280),f,c
  2812   00352C                     u1134:
  2813   00352C  2E02               	decfsz	??_set_pin_digital_mode^(0+1280),f,c
  2814   00352E  EF94  F01A         	goto	u1135
  2815   003532  5003               	movf	(??_set_pin_digital_mode+1)^(0+1280),w,c
  2816   003534  0AFF               	xorlw	255
  2817   003536  0104               	movlb	4	; () banked
  2818   003538  1720               	andwf	32,f,b	;volatile
  2819                           
  2820                           ;gpio.c: 75:             break;
  2821   00353A  EFD6  F01A         	goto	l158
  2822   00353E                     l1750:
  2823                           
  2824                           ;gpio.c: 77:             ANSELF &= ~(1 << pin_number);
  2825   00353E  C501  F502         	movff	set_pin_digital_mode@pin_number,??_set_pin_digital_mode
  2826   003542  0E01               	movlw	1
  2827   003544  6E03               	movwf	(??_set_pin_digital_mode+1)^(0+1280),c
  2828   003546  2A02               	incf	??_set_pin_digital_mode^(0+1280),f,c
  2829   003548  EFA8  F01A         	goto	u1144
  2830   00354C                     u1145:
  2831   00354C  90D8               	bcf	status,0,c
  2832   00354E  3603               	rlcf	(??_set_pin_digital_mode+1)^(0+1280),f,c
  2833   003550                     u1144:
  2834   003550  2E02               	decfsz	??_set_pin_digital_mode^(0+1280),f,c
  2835   003552  EFA6  F01A         	goto	u1145
  2836   003556  5003               	movf	(??_set_pin_digital_mode+1)^(0+1280),w,c
  2837   003558  0AFF               	xorlw	255
  2838   00355A  0104               	movlb	4	; () banked
  2839   00355C  1728               	andwf	40,f,b	;volatile
  2840                           
  2841                           ;gpio.c: 78:             break;
  2842   00355E  EFD6  F01A         	goto	l158
  2843   003562                     l1754:
  2844   003562  5004               	movf	set_pin_digital_mode@port_name^(0+1280),w,c
  2845   003564  6E02               	movwf	??_set_pin_digital_mode^(0+1280),c
  2846   003566  6A03               	clrf	(??_set_pin_digital_mode+1)^(0+1280),c
  2847                           
  2848                           ; Switch on 2 bytes has been partitioned into a top level switch of size 1, and 1 sub-sw
      +                          itches
  2849                           ; Switch size 1, requested type "simple"
  2850                           ; Number of cases is 1, Range of values is 0 to 0
  2851                           ; switch strategies available:
  2852                           ; Name         Instructions Cycles
  2853                           ; simple_byte            4     3 (average)
  2854                           ;	Chosen strategy is simple_byte
  2855   003568  5003               	movf	(??_set_pin_digital_mode+1)^(0+1280),w,c
  2856   00356A  0A00               	xorlw	0	; case 0
  2857   00356C  B4D8               	btfsc	status,2,c
  2858   00356E  EFBB  F01A         	goto	l2262
  2859   003572  EFD6  F01A         	goto	l158
  2860   003576                     l2262:
  2861                           
  2862                           ; Switch size 1, requested type "simple"
  2863                           ; Number of cases is 6, Range of values is 65 to 70
  2864                           ; switch strategies available:
  2865                           ; Name         Instructions Cycles
  2866                           ; simple_byte           19    10 (average)
  2867                           ;	Chosen strategy is simple_byte
  2868   003576  5002               	movf	??_set_pin_digital_mode^(0+1280),w,c
  2869   003578  0A41               	xorlw	65	; case 65
  2870   00357A  B4D8               	btfsc	status,2,c
  2871   00357C  EF45  F01A         	goto	l1740
  2872   003580  0A03               	xorlw	3	; case 66
  2873   003582  B4D8               	btfsc	status,2,c
  2874   003584  EF57  F01A         	goto	l1742
  2875   003588  0A01               	xorlw	1	; case 67
  2876   00358A  B4D8               	btfsc	status,2,c
  2877   00358C  EF69  F01A         	goto	l1744
  2878   003590  0A07               	xorlw	7	; case 68
  2879   003592  B4D8               	btfsc	status,2,c
  2880   003594  EF7B  F01A         	goto	l1746
  2881   003598  0A01               	xorlw	1	; case 69
  2882   00359A  B4D8               	btfsc	status,2,c
  2883   00359C  EF8D  F01A         	goto	l1748
  2884   0035A0  0A03               	xorlw	3	; case 70
  2885   0035A2  B4D8               	btfsc	status,2,c
  2886   0035A4  EF9F  F01A         	goto	l1750
  2887   0035A8  EFD6  F01A         	goto	l158
  2888   0035AC                     l158:
  2889   0035AC  0012               	return		;funcret
  2890   0035AE                     __end_of_set_pin_digital_mode:
  2891                           	callstack 0
  2892                           
  2893 ;; *************** function _set_pin_analog_mode *****************
  2894 ;; Defined at:
  2895 ;;		line 83 in file "gpio.c"
  2896 ;; Parameters:    Size  Location     Type
  2897 ;;  port_name       1    wreg     enum E17445
  2898 ;;  pin_number      1    0[COMRAM] unsigned char 
  2899 ;; Auto vars:     Size  Location     Type
  2900 ;;  port_name       1    3[COMRAM] enum E17445
  2901 ;; Return value:  Size  Location     Type
  2902 ;;                  1    wreg      void 
  2903 ;; Registers used:
  2904 ;;		wreg, status,2, status,0
  2905 ;; Tracked objects:
  2906 ;;		On entry : 0/0
  2907 ;;		On exit  : 0/0
  2908 ;;		Unchanged: 0/0
  2909 ;; Data sizes:     COMRAM   BANK5   BANK6   BANK7   BANK8   BANK9  BANK10  BANK11  BANK12  BANK13  BANK14  BANK15  BANK1
      +6  BANK17  BANK18  BANK19  BANK20  BANK21  BANK22  BANK23  BANK24  BANK25  BANK26  BANK27  BANK28  BANK29  BANK30  BANK3
      +1  BANK32  BANK33  BANK34  BANK35  BANK36
  2910 ;;      Params:         1       0       0       0       0       0       0       0       0       0       0       0       
      +0       0       0       0       0       0       0       0       0       0       0       0       0       0       0       
      +0       0       0       0       0       0
  2911 ;;      Locals:         1       0       0       0       0       0       0       0       0       0       0       0       
      +0       0       0       0       0       0       0       0       0       0       0       0       0       0       0       
      +0       0       0       0       0       0
  2912 ;;      Temps:          2       0       0       0       0       0       0       0       0       0       0       0       
      +0       0       0       0       0       0       0       0       0       0       0       0       0       0       0       
      +0       0       0       0       0       0
  2913 ;;      Totals:         4       0       0       0       0       0       0       0       0       0       0       0       
      +0       0       0       0       0       0       0       0       0       0       0       0       0       0       0       
      +0       0       0       0       0       0
  2914 ;;Total ram usage:        4 bytes
  2915 ;; Hardware stack levels used: 1
  2916 ;; Hardware stack levels required when called: 1
  2917 ;; This function calls:
  2918 ;;		Nothing
  2919 ;; This function is called by:
  2920 ;;		_configure_pin
  2921 ;; This function uses a non-reentrant model
  2922 ;;
  2923                           
  2924                           	psect	text15
  2925   003C6E                     __ptext15:
  2926                           	callstack 0
  2927   003C6E                     _set_pin_analog_mode:
  2928                           	callstack 123
  2929                           
  2930                           ;incstack = 0
  2931                           ;set_pin_analog_mode@port_name stored from wreg
  2932   003C6E  6E04               	movwf	set_pin_analog_mode@port_name^(0+1280),c
  2933   003C70                     
  2934                           ;gpio.c: 83: void set_pin_analog_mode(PortName_t port_name, uint8_t pin_number);gpio.c: 
      +                          84: {;gpio.c: 85:     switch(port_name)
  2935   003C70  EFA0  F01E         	goto	l1776
  2936   003C74                     l1762:
  2937                           
  2938                           ;gpio.c: 88:             ANSELA |= (1 << pin_number);
  2939   003C74  C501  F502         	movff	set_pin_analog_mode@pin_number,??_set_pin_analog_mode
  2940   003C78  0E01               	movlw	1
  2941   003C7A  6E03               	movwf	(??_set_pin_analog_mode+1)^(0+1280),c
  2942   003C7C  2A02               	incf	??_set_pin_analog_mode^(0+1280),f,c
  2943   003C7E  EF43  F01E         	goto	u1154
  2944   003C82                     u1155:
  2945   003C82  90D8               	bcf	status,0,c
  2946   003C84  3603               	rlcf	(??_set_pin_analog_mode+1)^(0+1280),f,c
  2947   003C86                     u1154:
  2948   003C86  2E02               	decfsz	??_set_pin_analog_mode^(0+1280),f,c
  2949   003C88  EF41  F01E         	goto	u1155
  2950   003C8C  5003               	movf	(??_set_pin_analog_mode+1)^(0+1280),w,c
  2951   003C8E  0104               	movlb	4	; () banked
  2952   003C90  1300               	iorwf	0,f,b	;volatile
  2953                           
  2954                           ;gpio.c: 89:             break;
  2955   003C92  EFC5  F01E         	goto	l170
  2956   003C96                     l1764:
  2957                           
  2958                           ;gpio.c: 91:             ANSELB |= (1 << pin_number);
  2959   003C96  C501  F502         	movff	set_pin_analog_mode@pin_number,??_set_pin_analog_mode
  2960   003C9A  0E01               	movlw	1
  2961   003C9C  6E03               	movwf	(??_set_pin_analog_mode+1)^(0+1280),c
  2962   003C9E  2A02               	incf	??_set_pin_analog_mode^(0+1280),f,c
  2963   003CA0  EF54  F01E         	goto	u1164
  2964   003CA4                     u1165:
  2965   003CA4  90D8               	bcf	status,0,c
  2966   003CA6  3603               	rlcf	(??_set_pin_analog_mode+1)^(0+1280),f,c
  2967   003CA8                     u1164:
  2968   003CA8  2E02               	decfsz	??_set_pin_analog_mode^(0+1280),f,c
  2969   003CAA  EF52  F01E         	goto	u1165
  2970   003CAE  5003               	movf	(??_set_pin_analog_mode+1)^(0+1280),w,c
  2971   003CB0  0104               	movlb	4	; () banked
  2972   003CB2  1308               	iorwf	8,f,b	;volatile
  2973                           
  2974                           ;gpio.c: 92:             break;
  2975   003CB4  EFC5  F01E         	goto	l170
  2976   003CB8                     l1766:
  2977                           
  2978                           ;gpio.c: 94:             ANSELC |= (1 << pin_number);
  2979   003CB8  C501  F502         	movff	set_pin_analog_mode@pin_number,??_set_pin_analog_mode
  2980   003CBC  0E01               	movlw	1
  2981   003CBE  6E03               	movwf	(??_set_pin_analog_mode+1)^(0+1280),c
  2982   003CC0  2A02               	incf	??_set_pin_analog_mode^(0+1280),f,c
  2983   003CC2  EF65  F01E         	goto	u1174
  2984   003CC6                     u1175:
  2985   003CC6  90D8               	bcf	status,0,c
  2986   003CC8  3603               	rlcf	(??_set_pin_analog_mode+1)^(0+1280),f,c
  2987   003CCA                     u1174:
  2988   003CCA  2E02               	decfsz	??_set_pin_analog_mode^(0+1280),f,c
  2989   003CCC  EF63  F01E         	goto	u1175
  2990   003CD0  5003               	movf	(??_set_pin_analog_mode+1)^(0+1280),w,c
  2991   003CD2  0104               	movlb	4	; () banked
  2992   003CD4  1310               	iorwf	16,f,b	;volatile
  2993                           
  2994                           ;gpio.c: 95:             break;
  2995   003CD6  EFC5  F01E         	goto	l170
  2996   003CDA                     l1768:
  2997                           
  2998                           ;gpio.c: 97:             ANSELD |= (1 << pin_number);
  2999   003CDA  C501  F502         	movff	set_pin_analog_mode@pin_number,??_set_pin_analog_mode
  3000   003CDE  0E01               	movlw	1
  3001   003CE0  6E03               	movwf	(??_set_pin_analog_mode+1)^(0+1280),c
  3002   003CE2  2A02               	incf	??_set_pin_analog_mode^(0+1280),f,c
  3003   003CE4  EF76  F01E         	goto	u1184
  3004   003CE8                     u1185:
  3005   003CE8  90D8               	bcf	status,0,c
  3006   003CEA  3603               	rlcf	(??_set_pin_analog_mode+1)^(0+1280),f,c
  3007   003CEC                     u1184:
  3008   003CEC  2E02               	decfsz	??_set_pin_analog_mode^(0+1280),f,c
  3009   003CEE  EF74  F01E         	goto	u1185
  3010   003CF2  5003               	movf	(??_set_pin_analog_mode+1)^(0+1280),w,c
  3011   003CF4  0104               	movlb	4	; () banked
  3012   003CF6  1318               	iorwf	24,f,b	;volatile
  3013                           
  3014                           ;gpio.c: 98:             break;
  3015   003CF8  EFC5  F01E         	goto	l170
  3016   003CFC                     l1770:
  3017                           
  3018                           ;gpio.c: 100:             ANSELE |= (1 << pin_number);
  3019   003CFC  C501  F502         	movff	set_pin_analog_mode@pin_number,??_set_pin_analog_mode
  3020   003D00  0E01               	movlw	1
  3021   003D02  6E03               	movwf	(??_set_pin_analog_mode+1)^(0+1280),c
  3022   003D04  2A02               	incf	??_set_pin_analog_mode^(0+1280),f,c
  3023   003D06  EF87  F01E         	goto	u1194
  3024   003D0A                     u1195:
  3025   003D0A  90D8               	bcf	status,0,c
  3026   003D0C  3603               	rlcf	(??_set_pin_analog_mode+1)^(0+1280),f,c
  3027   003D0E                     u1194:
  3028   003D0E  2E02               	decfsz	??_set_pin_analog_mode^(0+1280),f,c
  3029   003D10  EF85  F01E         	goto	u1195
  3030   003D14  5003               	movf	(??_set_pin_analog_mode+1)^(0+1280),w,c
  3031   003D16  0104               	movlb	4	; () banked
  3032   003D18  1320               	iorwf	32,f,b	;volatile
  3033                           
  3034                           ;gpio.c: 101:             break;
  3035   003D1A  EFC5  F01E         	goto	l170
  3036   003D1E                     l1772:
  3037                           
  3038                           ;gpio.c: 103:             ANSELF |= (1 << pin_number);
  3039   003D1E  C501  F502         	movff	set_pin_analog_mode@pin_number,??_set_pin_analog_mode
  3040   003D22  0E01               	movlw	1
  3041   003D24  6E03               	movwf	(??_set_pin_analog_mode+1)^(0+1280),c
  3042   003D26  2A02               	incf	??_set_pin_analog_mode^(0+1280),f,c
  3043   003D28  EF98  F01E         	goto	u1204
  3044   003D2C                     u1205:
  3045   003D2C  90D8               	bcf	status,0,c
  3046   003D2E  3603               	rlcf	(??_set_pin_analog_mode+1)^(0+1280),f,c
  3047   003D30                     u1204:
  3048   003D30  2E02               	decfsz	??_set_pin_analog_mode^(0+1280),f,c
  3049   003D32  EF96  F01E         	goto	u1205
  3050   003D36  5003               	movf	(??_set_pin_analog_mode+1)^(0+1280),w,c
  3051   003D38  0104               	movlb	4	; () banked
  3052   003D3A  1328               	iorwf	40,f,b	;volatile
  3053                           
  3054                           ;gpio.c: 104:             break;
  3055   003D3C  EFC5  F01E         	goto	l170
  3056   003D40                     l1776:
  3057   003D40  5004               	movf	set_pin_analog_mode@port_name^(0+1280),w,c
  3058   003D42  6E02               	movwf	??_set_pin_analog_mode^(0+1280),c
  3059   003D44  6A03               	clrf	(??_set_pin_analog_mode+1)^(0+1280),c
  3060                           
  3061                           ; Switch on 2 bytes has been partitioned into a top level switch of size 1, and 1 sub-sw
      +                          itches
  3062                           ; Switch size 1, requested type "simple"
  3063                           ; Number of cases is 1, Range of values is 0 to 0
  3064                           ; switch strategies available:
  3065                           ; Name         Instructions Cycles
  3066                           ; simple_byte            4     3 (average)
  3067                           ;	Chosen strategy is simple_byte
  3068   003D46  5003               	movf	(??_set_pin_analog_mode+1)^(0+1280),w,c
  3069   003D48  0A00               	xorlw	0	; case 0
  3070   003D4A  B4D8               	btfsc	status,2,c
  3071   003D4C  EFAA  F01E         	goto	l2264
  3072   003D50  EFC5  F01E         	goto	l170
  3073   003D54                     l2264:
  3074                           
  3075                           ; Switch size 1, requested type "simple"
  3076                           ; Number of cases is 6, Range of values is 65 to 70
  3077                           ; switch strategies available:
  3078                           ; Name         Instructions Cycles
  3079                           ; simple_byte           19    10 (average)
  3080                           ;	Chosen strategy is simple_byte
  3081   003D54  5002               	movf	??_set_pin_analog_mode^(0+1280),w,c
  3082   003D56  0A41               	xorlw	65	; case 65
  3083   003D58  B4D8               	btfsc	status,2,c
  3084   003D5A  EF3A  F01E         	goto	l1762
  3085   003D5E  0A03               	xorlw	3	; case 66
  3086   003D60  B4D8               	btfsc	status,2,c
  3087   003D62  EF4B  F01E         	goto	l1764
  3088   003D66  0A01               	xorlw	1	; case 67
  3089   003D68  B4D8               	btfsc	status,2,c
  3090   003D6A  EF5C  F01E         	goto	l1766
  3091   003D6E  0A07               	xorlw	7	; case 68
  3092   003D70  B4D8               	btfsc	status,2,c
  3093   003D72  EF6D  F01E         	goto	l1768
  3094   003D76  0A01               	xorlw	1	; case 69
  3095   003D78  B4D8               	btfsc	status,2,c
  3096   003D7A  EF7E  F01E         	goto	l1770
  3097   003D7E  0A03               	xorlw	3	; case 70
  3098   003D80  B4D8               	btfsc	status,2,c
  3099   003D82  EF8F  F01E         	goto	l1772
  3100   003D86  EFC5  F01E         	goto	l170
  3101   003D8A                     l170:
  3102   003D8A  0012               	return		;funcret
  3103   003D8C                     __end_of_set_pin_analog_mode:
  3104                           	callstack 0
  3105                           
  3106 ;; *************** function _reset_pin_pullup *****************
  3107 ;; Defined at:
  3108 ;;		line 137 in file "gpio.c"
  3109 ;; Parameters:    Size  Location     Type
  3110 ;;  port_name       1    wreg     enum E17445
  3111 ;;  pin_number      1    0[COMRAM] unsigned char 
  3112 ;; Auto vars:     Size  Location     Type
  3113 ;;  port_name       1    3[COMRAM] enum E17445
  3114 ;; Return value:  Size  Location     Type
  3115 ;;                  1    wreg      void 
  3116 ;; Registers used:
  3117 ;;		wreg, status,2, status,0
  3118 ;; Tracked objects:
  3119 ;;		On entry : 0/0
  3120 ;;		On exit  : 0/0
  3121 ;;		Unchanged: 0/0
  3122 ;; Data sizes:     COMRAM   BANK5   BANK6   BANK7   BANK8   BANK9  BANK10  BANK11  BANK12  BANK13  BANK14  BANK15  BANK1
      +6  BANK17  BANK18  BANK19  BANK20  BANK21  BANK22  BANK23  BANK24  BANK25  BANK26  BANK27  BANK28  BANK29  BANK30  BANK3
      +1  BANK32  BANK33  BANK34  BANK35  BANK36
  3123 ;;      Params:         1       0       0       0       0       0       0       0       0       0       0       0       
      +0       0       0       0       0       0       0       0       0       0       0       0       0       0       0       
      +0       0       0       0       0       0
  3124 ;;      Locals:         1       0       0       0       0       0       0       0       0       0       0       0       
      +0       0       0       0       0       0       0       0       0       0       0       0       0       0       0       
      +0       0       0       0       0       0
  3125 ;;      Temps:          2       0       0       0       0       0       0       0       0       0       0       0       
      +0       0       0       0       0       0       0       0       0       0       0       0       0       0       0       
      +0       0       0       0       0       0
  3126 ;;      Totals:         4       0       0       0       0       0       0       0       0       0       0       0       
      +0       0       0       0       0       0       0       0       0       0       0       0       0       0       0       
      +0       0       0       0       0       0
  3127 ;;Total ram usage:        4 bytes
  3128 ;; Hardware stack levels used: 1
  3129 ;; Hardware stack levels required when called: 1
  3130 ;; This function calls:
  3131 ;;		Nothing
  3132 ;; This function is called by:
  3133 ;;		_configure_pin
  3134 ;; This function uses a non-reentrant model
  3135 ;;
  3136                           
  3137                           	psect	text16
  3138   0035AE                     __ptext16:
  3139                           	callstack 0
  3140   0035AE                     _reset_pin_pullup:
  3141                           	callstack 123
  3142                           
  3143                           ;incstack = 0
  3144                           ;reset_pin_pullup@port_name stored from wreg
  3145   0035AE  6E04               	movwf	reset_pin_pullup@port_name^(0+1280),c
  3146   0035B0                     
  3147                           ;gpio.c: 137: void reset_pin_pullup(PortName_t port_name, uint8_t pin_number);gpio.c: 13
      +                          8: {;gpio.c: 139:     switch(port_name)
  3148   0035B0  EF46  F01B         	goto	l1820
  3149   0035B4                     l1806:
  3150                           
  3151                           ;gpio.c: 142:             WPUA &= ~(1 << pin_number);
  3152   0035B4  C501  F502         	movff	reset_pin_pullup@pin_number,??_reset_pin_pullup
  3153   0035B8  0E01               	movlw	1
  3154   0035BA  6E03               	movwf	(??_reset_pin_pullup+1)^(0+1280),c
  3155   0035BC  2A02               	incf	??_reset_pin_pullup^(0+1280),f,c
  3156   0035BE  EFE3  F01A         	goto	u1274
  3157   0035C2                     u1275:
  3158   0035C2  90D8               	bcf	status,0,c
  3159   0035C4  3603               	rlcf	(??_reset_pin_pullup+1)^(0+1280),f,c
  3160   0035C6                     u1274:
  3161   0035C6  2E02               	decfsz	??_reset_pin_pullup^(0+1280),f,c
  3162   0035C8  EFE1  F01A         	goto	u1275
  3163   0035CC  5003               	movf	(??_reset_pin_pullup+1)^(0+1280),w,c
  3164   0035CE  0AFF               	xorlw	255
  3165   0035D0  0104               	movlb	4	; () banked
  3166   0035D2  1701               	andwf	1,f,b	;volatile
  3167                           
  3168                           ;gpio.c: 143:             break;
  3169   0035D4  EF6B  F01B         	goto	l194
  3170   0035D8                     l1808:
  3171                           
  3172                           ;gpio.c: 145:             WPUB &= ~(1 << pin_number);
  3173   0035D8  C501  F502         	movff	reset_pin_pullup@pin_number,??_reset_pin_pullup
  3174   0035DC  0E01               	movlw	1
  3175   0035DE  6E03               	movwf	(??_reset_pin_pullup+1)^(0+1280),c
  3176   0035E0  2A02               	incf	??_reset_pin_pullup^(0+1280),f,c
  3177   0035E2  EFF5  F01A         	goto	u1284
  3178   0035E6                     u1285:
  3179   0035E6  90D8               	bcf	status,0,c
  3180   0035E8  3603               	rlcf	(??_reset_pin_pullup+1)^(0+1280),f,c
  3181   0035EA                     u1284:
  3182   0035EA  2E02               	decfsz	??_reset_pin_pullup^(0+1280),f,c
  3183   0035EC  EFF3  F01A         	goto	u1285
  3184   0035F0  5003               	movf	(??_reset_pin_pullup+1)^(0+1280),w,c
  3185   0035F2  0AFF               	xorlw	255
  3186   0035F4  0104               	movlb	4	; () banked
  3187   0035F6  1709               	andwf	9,f,b	;volatile
  3188                           
  3189                           ;gpio.c: 146:             break;
  3190   0035F8  EF6B  F01B         	goto	l194
  3191   0035FC                     l1810:
  3192                           
  3193                           ;gpio.c: 148:             WPUC &= ~(1 << pin_number);
  3194   0035FC  C501  F502         	movff	reset_pin_pullup@pin_number,??_reset_pin_pullup
  3195   003600  0E01               	movlw	1
  3196   003602  6E03               	movwf	(??_reset_pin_pullup+1)^(0+1280),c
  3197   003604  2A02               	incf	??_reset_pin_pullup^(0+1280),f,c
  3198   003606  EF07  F01B         	goto	u1294
  3199   00360A                     u1295:
  3200   00360A  90D8               	bcf	status,0,c
  3201   00360C  3603               	rlcf	(??_reset_pin_pullup+1)^(0+1280),f,c
  3202   00360E                     u1294:
  3203   00360E  2E02               	decfsz	??_reset_pin_pullup^(0+1280),f,c
  3204   003610  EF05  F01B         	goto	u1295
  3205   003614  5003               	movf	(??_reset_pin_pullup+1)^(0+1280),w,c
  3206   003616  0AFF               	xorlw	255
  3207   003618  0104               	movlb	4	; () banked
  3208   00361A  1711               	andwf	17,f,b	;volatile
  3209                           
  3210                           ;gpio.c: 149:             break;
  3211   00361C  EF6B  F01B         	goto	l194
  3212   003620                     l1812:
  3213                           
  3214                           ;gpio.c: 151:             WPUD &= ~(1 << pin_number);
  3215   003620  C501  F502         	movff	reset_pin_pullup@pin_number,??_reset_pin_pullup
  3216   003624  0E01               	movlw	1
  3217   003626  6E03               	movwf	(??_reset_pin_pullup+1)^(0+1280),c
  3218   003628  2A02               	incf	??_reset_pin_pullup^(0+1280),f,c
  3219   00362A  EF19  F01B         	goto	u1304
  3220   00362E                     u1305:
  3221   00362E  90D8               	bcf	status,0,c
  3222   003630  3603               	rlcf	(??_reset_pin_pullup+1)^(0+1280),f,c
  3223   003632                     u1304:
  3224   003632  2E02               	decfsz	??_reset_pin_pullup^(0+1280),f,c
  3225   003634  EF17  F01B         	goto	u1305
  3226   003638  5003               	movf	(??_reset_pin_pullup+1)^(0+1280),w,c
  3227   00363A  0AFF               	xorlw	255
  3228   00363C  0104               	movlb	4	; () banked
  3229   00363E  1719               	andwf	25,f,b	;volatile
  3230                           
  3231                           ;gpio.c: 152:             break;
  3232   003640  EF6B  F01B         	goto	l194
  3233   003644                     l1814:
  3234                           
  3235                           ;gpio.c: 154:             WPUE &= ~(1 << pin_number);
  3236   003644  C501  F502         	movff	reset_pin_pullup@pin_number,??_reset_pin_pullup
  3237   003648  0E01               	movlw	1
  3238   00364A  6E03               	movwf	(??_reset_pin_pullup+1)^(0+1280),c
  3239   00364C  2A02               	incf	??_reset_pin_pullup^(0+1280),f,c
  3240   00364E  EF2B  F01B         	goto	u1314
  3241   003652                     u1315:
  3242   003652  90D8               	bcf	status,0,c
  3243   003654  3603               	rlcf	(??_reset_pin_pullup+1)^(0+1280),f,c
  3244   003656                     u1314:
  3245   003656  2E02               	decfsz	??_reset_pin_pullup^(0+1280),f,c
  3246   003658  EF29  F01B         	goto	u1315
  3247   00365C  5003               	movf	(??_reset_pin_pullup+1)^(0+1280),w,c
  3248   00365E  0AFF               	xorlw	255
  3249   003660  0104               	movlb	4	; () banked
  3250   003662  1721               	andwf	33,f,b	;volatile
  3251                           
  3252                           ;gpio.c: 155:             break;
  3253   003664  EF6B  F01B         	goto	l194
  3254   003668                     l1816:
  3255                           
  3256                           ;gpio.c: 157:             WPUF &= ~(1 << pin_number);
  3257   003668  C501  F502         	movff	reset_pin_pullup@pin_number,??_reset_pin_pullup
  3258   00366C  0E01               	movlw	1
  3259   00366E  6E03               	movwf	(??_reset_pin_pullup+1)^(0+1280),c
  3260   003670  2A02               	incf	??_reset_pin_pullup^(0+1280),f,c
  3261   003672  EF3D  F01B         	goto	u1324
  3262   003676                     u1325:
  3263   003676  90D8               	bcf	status,0,c
  3264   003678  3603               	rlcf	(??_reset_pin_pullup+1)^(0+1280),f,c
  3265   00367A                     u1324:
  3266   00367A  2E02               	decfsz	??_reset_pin_pullup^(0+1280),f,c
  3267   00367C  EF3B  F01B         	goto	u1325
  3268   003680  5003               	movf	(??_reset_pin_pullup+1)^(0+1280),w,c
  3269   003682  0AFF               	xorlw	255
  3270   003684  0104               	movlb	4	; () banked
  3271   003686  1729               	andwf	41,f,b	;volatile
  3272                           
  3273                           ;gpio.c: 158:             break;
  3274   003688  EF6B  F01B         	goto	l194
  3275   00368C                     l1820:
  3276   00368C  5004               	movf	reset_pin_pullup@port_name^(0+1280),w,c
  3277   00368E  6E02               	movwf	??_reset_pin_pullup^(0+1280),c
  3278   003690  6A03               	clrf	(??_reset_pin_pullup+1)^(0+1280),c
  3279                           
  3280                           ; Switch on 2 bytes has been partitioned into a top level switch of size 1, and 1 sub-sw
      +                          itches
  3281                           ; Switch size 1, requested type "simple"
  3282                           ; Number of cases is 1, Range of values is 0 to 0
  3283                           ; switch strategies available:
  3284                           ; Name         Instructions Cycles
  3285                           ; simple_byte            4     3 (average)
  3286                           ;	Chosen strategy is simple_byte
  3287   003692  5003               	movf	(??_reset_pin_pullup+1)^(0+1280),w,c
  3288   003694  0A00               	xorlw	0	; case 0
  3289   003696  B4D8               	btfsc	status,2,c
  3290   003698  EF50  F01B         	goto	l2266
  3291   00369C  EF6B  F01B         	goto	l194
  3292   0036A0                     l2266:
  3293                           
  3294                           ; Switch size 1, requested type "simple"
  3295                           ; Number of cases is 6, Range of values is 65 to 70
  3296                           ; switch strategies available:
  3297                           ; Name         Instructions Cycles
  3298                           ; simple_byte           19    10 (average)
  3299                           ;	Chosen strategy is simple_byte
  3300   0036A0  5002               	movf	??_reset_pin_pullup^(0+1280),w,c
  3301   0036A2  0A41               	xorlw	65	; case 65
  3302   0036A4  B4D8               	btfsc	status,2,c
  3303   0036A6  EFDA  F01A         	goto	l1806
  3304   0036AA  0A03               	xorlw	3	; case 66
  3305   0036AC  B4D8               	btfsc	status,2,c
  3306   0036AE  EFEC  F01A         	goto	l1808
  3307   0036B2  0A01               	xorlw	1	; case 67
  3308   0036B4  B4D8               	btfsc	status,2,c
  3309   0036B6  EFFE  F01A         	goto	l1810
  3310   0036BA  0A07               	xorlw	7	; case 68
  3311   0036BC  B4D8               	btfsc	status,2,c
  3312   0036BE  EF10  F01B         	goto	l1812
  3313   0036C2  0A01               	xorlw	1	; case 69
  3314   0036C4  B4D8               	btfsc	status,2,c
  3315   0036C6  EF22  F01B         	goto	l1814
  3316   0036CA  0A03               	xorlw	3	; case 70
  3317   0036CC  B4D8               	btfsc	status,2,c
  3318   0036CE  EF34  F01B         	goto	l1816
  3319   0036D2  EF6B  F01B         	goto	l194
  3320   0036D6                     l194:
  3321   0036D6  0012               	return		;funcret
  3322   0036D8                     __end_of_reset_pin_pullup:
  3323                           	callstack 0
  3324                           
  3325 ;; *************** function _Clock_Init *****************
  3326 ;; Defined at:
  3327 ;;		line 57 in file "config.c"
  3328 ;; Parameters:    Size  Location     Type
  3329 ;;		None
  3330 ;; Auto vars:     Size  Location     Type
  3331 ;;		None
  3332 ;; Return value:  Size  Location     Type
  3333 ;;                  1    wreg      void 
  3334 ;; Registers used:
  3335 ;;		wreg, status,2
  3336 ;; Tracked objects:
  3337 ;;		On entry : 0/0
  3338 ;;		On exit  : 0/0
  3339 ;;		Unchanged: 0/0
  3340 ;; Data sizes:     COMRAM   BANK5   BANK6   BANK7   BANK8   BANK9  BANK10  BANK11  BANK12  BANK13  BANK14  BANK15  BANK1
      +6  BANK17  BANK18  BANK19  BANK20  BANK21  BANK22  BANK23  BANK24  BANK25  BANK26  BANK27  BANK28  BANK29  BANK30  BANK3
      +1  BANK32  BANK33  BANK34  BANK35  BANK36
  3341 ;;      Params:         0       0       0       0       0       0       0       0       0       0       0       0       
      +0       0       0       0       0       0       0       0       0       0       0       0       0       0       0       
      +0       0       0       0       0       0
  3342 ;;      Locals:         0       0       0       0       0       0       0       0       0       0       0       0       
      +0       0       0       0       0       0       0       0       0       0       0       0       0       0       0       
      +0       0       0       0       0       0
  3343 ;;      Temps:          0       0       0       0       0       0       0       0       0       0       0       0       
      +0       0       0       0       0       0       0       0       0       0       0       0       0       0       0       
      +0       0       0       0       0       0
  3344 ;;      Totals:         0       0       0       0       0       0       0       0       0       0       0       0       
      +0       0       0       0       0       0       0       0       0       0       0       0       0       0       0       
      +0       0       0       0       0       0
  3345 ;;Total ram usage:        0 bytes
  3346 ;; Hardware stack levels used: 1
  3347 ;; Hardware stack levels required when called: 1
  3348 ;; This function calls:
  3349 ;;		Nothing
  3350 ;; This function is called by:
  3351 ;;		_main
  3352 ;; This function uses a non-reentrant model
  3353 ;;
  3354                           
  3355                           	psect	text17
  3356   004040                     __ptext17:
  3357                           	callstack 0
  3358   004040                     _Clock_Init:
  3359                           	callstack 125
  3360   004040                     
  3361                           ;config.c: 59:     OSCCON1 = 0b0110000;
  3362   004040  0E30               	movlw	48
  3363   004042  0100               	movlb	0	; () banked
  3364   004044  6FAD               	movwf	173,b	;volatile
  3365   004046                     
  3366                           ; BSR set to: 0
  3367   004046  0012               	return		;funcret
  3368   004048                     __end_of_Clock_Init:
  3369                           	callstack 0
  3370                           
  3371 ;; *************** function _INT_ISR *****************
  3372 ;; Defined at:
  3373 ;;		line 26 in file "interrupt.c"
  3374 ;; Parameters:    Size  Location     Type
  3375 ;;		None
  3376 ;; Auto vars:     Size  Location     Type
  3377 ;;		None
  3378 ;; Return value:  Size  Location     Type
  3379 ;;                  1    wreg      void 
  3380 ;; Registers used:
  3381 ;;		wreg, status,2, status,0
  3382 ;; Tracked objects:
  3383 ;;		On entry : 0/0
  3384 ;;		On exit  : 0/0
  3385 ;;		Unchanged: 0/0
  3386 ;; Data sizes:     COMRAM   BANK5   BANK6   BANK7   BANK8   BANK9  BANK10  BANK11  BANK12  BANK13  BANK14  BANK15  BANK1
      +6  BANK17  BANK18  BANK19  BANK20  BANK21  BANK22  BANK23  BANK24  BANK25  BANK26  BANK27  BANK28  BANK29  BANK30  BANK3
      +1  BANK32  BANK33  BANK34  BANK35  BANK36
  3387 ;;      Params:         0       0       0       0       0       0       0       0       0       0       0       0       
      +0       0       0       0       0       0       0       0       0       0       0       0       0       0       0       
      +0       0       0       0       0       0
  3388 ;;      Locals:         0       0       0       0       0       0       0       0       0       0       0       0       
      +0       0       0       0       0       0       0       0       0       0       0       0       0       0       0       
      +0       0       0       0       0       0
  3389 ;;      Temps:          0       0       0       0       0       0       0       0       0       0       0       0       
      +0       0       0       0       0       0       0       0       0       0       0       0       0       0       0       
      +0       0       0       0       0       0
  3390 ;;      Totals:         0       0       0       0       0       0       0       0       0       0       0       0       
      +0       0       0       0       0       0       0       0       0       0       0       0       0       0       0       
      +0       0       0       0       0       0
  3391 ;;Total ram usage:        0 bytes
  3392 ;; Hardware stack levels used: 1
  3393 ;; This function calls:
  3394 ;;		Nothing
  3395 ;; This function is called by:
  3396 ;;		Interrupt level 2
  3397 ;; This function uses a non-reentrant model
  3398 ;;
  3399                           
  3400                           	psect	text18
  3401   004030                     __ptext18:
  3402                           	callstack 0
  3403   004030                     _INT_ISR:
  3404                           	callstack 123
  3405   004030                     
  3406                           ;interrupt.c: 28:     (LATFbits.LATF3 ^= 1);
  3407   004030  76C3               	btg	195,3,c	;volatile
  3408   004032                     
  3409                           ;interrupt.c: 29:     TMR0H = 0xF3;
  3410   004032  0EF3               	movlw	243
  3411   004034  0103               	movlb	3	; () banked
  3412   004036  6F19               	movwf	25,b	;volatile
  3413   004038                     
  3414                           ; BSR set to: 3
  3415                           ;interrupt.c: 30:     TMR0L = 0xE7;
  3416   004038  0EE7               	movlw	231
  3417   00403A  6F18               	movwf	24,b	;volatile
  3418   00403C                     
  3419                           ; BSR set to: 3
  3420                           ;interrupt.c: 31:     PIR3bits.TMR0IF = 0;
  3421   00403C  9EB1               	bcf	177,7,c	;volatile
  3422   00403E                     
  3423                           ; BSR set to: 3
  3424   00403E  0011               	retfie		f
  3425   004040                     __end_of_INT_ISR:
  3426                           	callstack 0
  3427                           
  3428                           ;
  3429                           ; H/W Interrupt Vector Table @ 0x3008
  3430                           ;
  3431                           
  3432                           	psect	ivt0x3008
  3433   003008                     __pivt0x3008:
  3434                           	callstack 0
  3435   003008                     ivt0x3008_base:
  3436                           	callstack 0
  3437                           
  3438                           ; Vector 0 : SWINT
  3439   003008  0C40               	dw	ivt0x3008_undefint shr (0+2)
  3440                           
  3441                           ; Vector 1 : HLVD
  3442   00300A  0C40               	dw	ivt0x3008_undefint shr (0+2)
  3443                           
  3444                           ; Vector 2 : OSF
  3445   00300C  0C40               	dw	ivt0x3008_undefint shr (0+2)
  3446                           
  3447                           ; Vector 3 : CSW
  3448   00300E  0C40               	dw	ivt0x3008_undefint shr (0+2)
  3449                           
  3450                           ; Vector 4 : Undefined
  3451   003010  0C40               	dw	ivt0x3008_undefint shr (0+2)
  3452                           
  3453                           ; Vector 5 : CLC1
  3454   003012  0C40               	dw	ivt0x3008_undefint shr (0+2)
  3455                           
  3456                           ; Vector 6 : Undefined
  3457   003014  0C40               	dw	ivt0x3008_undefint shr (0+2)
  3458                           
  3459                           ; Vector 7 : IOC
  3460   003016  0C40               	dw	ivt0x3008_undefint shr (0+2)
  3461                           
  3462                           ; Vector 8 : INT0
  3463   003018  0C40               	dw	ivt0x3008_undefint shr (0+2)
  3464                           
  3465                           ; Vector 9 : ZCD
  3466   00301A  0C40               	dw	ivt0x3008_undefint shr (0+2)
  3467                           
  3468                           ; Vector 10 : AD
  3469   00301C  0C40               	dw	ivt0x3008_undefint shr (0+2)
  3470                           
  3471                           ; Vector 11 : ACT
  3472   00301E  0C40               	dw	ivt0x3008_undefint shr (0+2)
  3473                           
  3474                           ; Vector 12 : CMP1
  3475   003020  0C40               	dw	ivt0x3008_undefint shr (0+2)
  3476                           
  3477                           ; Vector 13 : SMT1
  3478   003022  0C40               	dw	ivt0x3008_undefint shr (0+2)
  3479                           
  3480                           ; Vector 14 : SMT1PRA
  3481   003024  0C40               	dw	ivt0x3008_undefint shr (0+2)
  3482                           
  3483                           ; Vector 15 : SMT1PRW
  3484   003026  0C40               	dw	ivt0x3008_undefint shr (0+2)
  3485                           
  3486                           ; Vector 16 : ADT
  3487   003028  0C40               	dw	ivt0x3008_undefint shr (0+2)
  3488                           
  3489                           ; Vector 17 : Undefined
  3490   00302A  0C40               	dw	ivt0x3008_undefint shr (0+2)
  3491                           
  3492                           ; Vector 18 : Undefined
  3493   00302C  0C40               	dw	ivt0x3008_undefint shr (0+2)
  3494                           
  3495                           ; Vector 19 : Undefined
  3496   00302E  0C40               	dw	ivt0x3008_undefint shr (0+2)
  3497                           
  3498                           ; Vector 20 : DMA1SCNT
  3499   003030  0C40               	dw	ivt0x3008_undefint shr (0+2)
  3500                           
  3501                           ; Vector 21 : DMA1DCNT
  3502   003032  0C40               	dw	ivt0x3008_undefint shr (0+2)
  3503                           
  3504                           ; Vector 22 : DMA1OR
  3505   003034  0C40               	dw	ivt0x3008_undefint shr (0+2)
  3506                           
  3507                           ; Vector 23 : DMA1A
  3508   003036  0C40               	dw	ivt0x3008_undefint shr (0+2)
  3509                           
  3510                           ; Vector 24 : SPI1RX
  3511   003038  0C40               	dw	ivt0x3008_undefint shr (0+2)
  3512                           
  3513                           ; Vector 25 : SPI1TX
  3514   00303A  0C40               	dw	ivt0x3008_undefint shr (0+2)
  3515                           
  3516                           ; Vector 26 : SPI1
  3517   00303C  0C40               	dw	ivt0x3008_undefint shr (0+2)
  3518                           
  3519                           ; Vector 27 : TMR2
  3520   00303E  0C40               	dw	ivt0x3008_undefint shr (0+2)
  3521                           
  3522                           ; Vector 28 : TMR1
  3523   003040  0C40               	dw	ivt0x3008_undefint shr (0+2)
  3524                           
  3525                           ; Vector 29 : TMR1G
  3526   003042  0C40               	dw	ivt0x3008_undefint shr (0+2)
  3527                           
  3528                           ; Vector 30 : CCP1
  3529   003044  0C40               	dw	ivt0x3008_undefint shr (0+2)
  3530                           
  3531                           ; Vector 31 : TMR0
  3532   003046  100C               	dw	_INT_ISR shr (0+2)
  3533                           
  3534                           ; Vector 32 : U1RX
  3535   003048  0C40               	dw	ivt0x3008_undefint shr (0+2)
  3536                           
  3537                           ; Vector 33 : U1TX
  3538   00304A  0C40               	dw	ivt0x3008_undefint shr (0+2)
  3539                           
  3540                           ; Vector 34 : U1E
  3541   00304C  0C40               	dw	ivt0x3008_undefint shr (0+2)
  3542                           
  3543                           ; Vector 35 : U1
  3544   00304E  0C40               	dw	ivt0x3008_undefint shr (0+2)
  3545                           
  3546                           ; Vector 36 : Undefined
  3547   003050  0C40               	dw	ivt0x3008_undefint shr (0+2)
  3548                           
  3549                           ; Vector 37 : Undefined
  3550   003052  0C40               	dw	ivt0x3008_undefint shr (0+2)
  3551                           
  3552                           ; Vector 38 : PWM1PR
  3553   003054  0C40               	dw	ivt0x3008_undefint shr (0+2)
  3554                           
  3555                           ; Vector 39 : PWM1
  3556   003056  0C40               	dw	ivt0x3008_undefint shr (0+2)
  3557                           
  3558                           ; Vector 40 : SPI2RX
  3559   003058  0C40               	dw	ivt0x3008_undefint shr (0+2)
  3560                           
  3561                           ; Vector 41 : SPI2TX
  3562   00305A  0C40               	dw	ivt0x3008_undefint shr (0+2)
  3563                           
  3564                           ; Vector 42 : SPI2
  3565   00305C  0C40               	dw	ivt0x3008_undefint shr (0+2)
  3566                           
  3567                           ; Vector 43 : Undefined
  3568   00305E  0C40               	dw	ivt0x3008_undefint shr (0+2)
  3569                           
  3570                           ; Vector 44 : TMR3
  3571   003060  0C40               	dw	ivt0x3008_undefint shr (0+2)
  3572                           
  3573                           ; Vector 45 : TMR3G
  3574   003062  0C40               	dw	ivt0x3008_undefint shr (0+2)
  3575                           
  3576                           ; Vector 46 : PWM2PR
  3577   003064  0C40               	dw	ivt0x3008_undefint shr (0+2)
  3578                           
  3579                           ; Vector 47 : PWM2
  3580   003066  0C40               	dw	ivt0x3008_undefint shr (0+2)
  3581                           
  3582                           ; Vector 48 : INT1
  3583   003068  0C40               	dw	ivt0x3008_undefint shr (0+2)
  3584                           
  3585                           ; Vector 49 : CLC2
  3586   00306A  0C40               	dw	ivt0x3008_undefint shr (0+2)
  3587                           
  3588                           ; Vector 50 : CWG1
  3589   00306C  0C40               	dw	ivt0x3008_undefint shr (0+2)
  3590                           
  3591                           ; Vector 51 : NCO1
  3592   00306E  0C40               	dw	ivt0x3008_undefint shr (0+2)
  3593                           
  3594                           ; Vector 52 : DMA2SCNT
  3595   003070  0C40               	dw	ivt0x3008_undefint shr (0+2)
  3596                           
  3597                           ; Vector 53 : DMA2DCNT
  3598   003072  0C40               	dw	ivt0x3008_undefint shr (0+2)
  3599                           
  3600                           ; Vector 54 : DMA2OR
  3601   003074  0C40               	dw	ivt0x3008_undefint shr (0+2)
  3602                           
  3603                           ; Vector 55 : DMA2A
  3604   003076  0C40               	dw	ivt0x3008_undefint shr (0+2)
  3605                           
  3606                           ; Vector 56 : I2C1RX
  3607   003078  0C40               	dw	ivt0x3008_undefint shr (0+2)
  3608                           
  3609                           ; Vector 57 : I2C1TX
  3610   00307A  0C40               	dw	ivt0x3008_undefint shr (0+2)
  3611                           
  3612                           ; Vector 58 : I2C1
  3613   00307C  0C40               	dw	ivt0x3008_undefint shr (0+2)
  3614                           
  3615                           ; Vector 59 : I2C1E
  3616   00307E  0C40               	dw	ivt0x3008_undefint shr (0+2)
  3617                           
  3618                           ; Vector 60 : Undefined
  3619   003080  0C40               	dw	ivt0x3008_undefint shr (0+2)
  3620                           
  3621                           ; Vector 61 : CLC3
  3622   003082  0C40               	dw	ivt0x3008_undefint shr (0+2)
  3623                           
  3624                           ; Vector 62 : PWM3PR
  3625   003084  0C40               	dw	ivt0x3008_undefint shr (0+2)
  3626                           
  3627                           ; Vector 63 : PWM3
  3628   003086  0C40               	dw	ivt0x3008_undefint shr (0+2)
  3629                           
  3630                           ; Vector 64 : U2RX
  3631   003088  0C40               	dw	ivt0x3008_undefint shr (0+2)
  3632                           
  3633                           ; Vector 65 : U2TX
  3634   00308A  0C40               	dw	ivt0x3008_undefint shr (0+2)
  3635                           
  3636                           ; Vector 66 : U2E
  3637   00308C  0C40               	dw	ivt0x3008_undefint shr (0+2)
  3638                           
  3639                           ; Vector 67 : U2
  3640   00308E  0C40               	dw	ivt0x3008_undefint shr (0+2)
  3641                           
  3642                           ; Vector 68 : TMR5
  3643   003090  0C40               	dw	ivt0x3008_undefint shr (0+2)
  3644                           
  3645                           ; Vector 69 : TMR5G
  3646   003092  0C40               	dw	ivt0x3008_undefint shr (0+2)
  3647                           
  3648                           ; Vector 70 : CCP2
  3649   003094  0C40               	dw	ivt0x3008_undefint shr (0+2)
  3650                           
  3651                           ; Vector 71 : SCAN
  3652   003096  0C40               	dw	ivt0x3008_undefint shr (0+2)
  3653                           
  3654                           ; Vector 72 : U3RX
  3655   003098  0C40               	dw	ivt0x3008_undefint shr (0+2)
  3656                           
  3657                           ; Vector 73 : U3TX
  3658   00309A  0C40               	dw	ivt0x3008_undefint shr (0+2)
  3659                           
  3660                           ; Vector 74 : U3E
  3661   00309C  0C40               	dw	ivt0x3008_undefint shr (0+2)
  3662                           
  3663                           ; Vector 75 : U3
  3664   00309E  0C40               	dw	ivt0x3008_undefint shr (0+2)
  3665                           
  3666                           ; Vector 76 : Undefined
  3667   0030A0  0C40               	dw	ivt0x3008_undefint shr (0+2)
  3668                           
  3669                           ; Vector 77 : CLC4
  3670   0030A2  0C40               	dw	ivt0x3008_undefint shr (0+2)
  3671                           
  3672                           ; Vector 78 : Undefined
  3673   0030A4  0C40               	dw	ivt0x3008_undefint shr (0+2)
  3674                           
  3675                           ; Vector 79 : Undefined
  3676   0030A6  0C40               	dw	ivt0x3008_undefint shr (0+2)
  3677                           
  3678                           ; Vector 80 : INT2
  3679   0030A8  0C40               	dw	ivt0x3008_undefint shr (0+2)
  3680                           
  3681                           ; Vector 81 : CLC5
  3682   0030AA  0C40               	dw	ivt0x3008_undefint shr (0+2)
  3683                           
  3684                           ; Vector 82 : CWG2
  3685   0030AC  0C40               	dw	ivt0x3008_undefint shr (0+2)
  3686                           
  3687                           ; Vector 83 : NCO2
  3688   0030AE  0C40               	dw	ivt0x3008_undefint shr (0+2)
  3689                           
  3690                           ; Vector 84 : DMA3SCNT
  3691   0030B0  0C40               	dw	ivt0x3008_undefint shr (0+2)
  3692                           
  3693                           ; Vector 85 : DMA3DCNT
  3694   0030B2  0C40               	dw	ivt0x3008_undefint shr (0+2)
  3695                           
  3696                           ; Vector 86 : DMA3OR
  3697   0030B4  0C40               	dw	ivt0x3008_undefint shr (0+2)
  3698                           
  3699                           ; Vector 87 : DMA3A
  3700   0030B6  0C40               	dw	ivt0x3008_undefint shr (0+2)
  3701                           
  3702                           ; Vector 88 : CCP3
  3703   0030B8  0C40               	dw	ivt0x3008_undefint shr (0+2)
  3704                           
  3705                           ; Vector 89 : CLC6
  3706   0030BA  0C40               	dw	ivt0x3008_undefint shr (0+2)
  3707                           
  3708                           ; Vector 90 : CWG3
  3709   0030BC  0C40               	dw	ivt0x3008_undefint shr (0+2)
  3710                           
  3711                           ; Vector 91 : TMR4
  3712   0030BE  0C40               	dw	ivt0x3008_undefint shr (0+2)
  3713                           
  3714                           ; Vector 92 : DMA4SCNT
  3715   0030C0  0C40               	dw	ivt0x3008_undefint shr (0+2)
  3716                           
  3717                           ; Vector 93 : DMA4DCNT
  3718   0030C2  0C40               	dw	ivt0x3008_undefint shr (0+2)
  3719                           
  3720                           ; Vector 94 : DMA4OR
  3721   0030C4  0C40               	dw	ivt0x3008_undefint shr (0+2)
  3722                           
  3723                           ; Vector 95 : DMA4A
  3724   0030C6  0C40               	dw	ivt0x3008_undefint shr (0+2)
  3725                           
  3726                           ; Vector 96 : U4RX
  3727   0030C8  0C40               	dw	ivt0x3008_undefint shr (0+2)
  3728                           
  3729                           ; Vector 97 : U4TX
  3730   0030CA  0C40               	dw	ivt0x3008_undefint shr (0+2)
  3731                           
  3732                           ; Vector 98 : U4E
  3733   0030CC  0C40               	dw	ivt0x3008_undefint shr (0+2)
  3734                           
  3735                           ; Vector 99 : U4
  3736   0030CE  0C40               	dw	ivt0x3008_undefint shr (0+2)
  3737                           
  3738                           ; Vector 100 : DMA5SCNT
  3739   0030D0  0C40               	dw	ivt0x3008_undefint shr (0+2)
  3740                           
  3741                           ; Vector 101 : DMA5DCNT
  3742   0030D2  0C40               	dw	ivt0x3008_undefint shr (0+2)
  3743                           
  3744                           ; Vector 102 : DMA5OR
  3745   0030D4  0C40               	dw	ivt0x3008_undefint shr (0+2)
  3746                           
  3747                           ; Vector 103 : DMA5A
  3748   0030D6  0C40               	dw	ivt0x3008_undefint shr (0+2)
  3749                           
  3750                           ; Vector 104 : U5RX
  3751   0030D8  0C40               	dw	ivt0x3008_undefint shr (0+2)
  3752                           
  3753                           ; Vector 105 : U5TX
  3754   0030DA  0C40               	dw	ivt0x3008_undefint shr (0+2)
  3755                           
  3756                           ; Vector 106 : U5E
  3757   0030DC  0C40               	dw	ivt0x3008_undefint shr (0+2)
  3758                           
  3759                           ; Vector 107 : U5
  3760   0030DE  0C40               	dw	ivt0x3008_undefint shr (0+2)
  3761                           
  3762                           ; Vector 108 : DMA6SCNT
  3763   0030E0  0C40               	dw	ivt0x3008_undefint shr (0+2)
  3764                           
  3765                           ; Vector 109 : DMA6DCNT
  3766   0030E2  0C40               	dw	ivt0x3008_undefint shr (0+2)
  3767                           
  3768                           ; Vector 110 : DMA6OR
  3769   0030E4  0C40               	dw	ivt0x3008_undefint shr (0+2)
  3770                           
  3771                           ; Vector 111 : DMA6A
  3772   0030E6  0C40               	dw	ivt0x3008_undefint shr (0+2)
  3773                           
  3774                           ; Vector 112 : Undefined
  3775   0030E8  0C40               	dw	ivt0x3008_undefint shr (0+2)
  3776                           
  3777                           ; Vector 113 : CLC7
  3778   0030EA  0C40               	dw	ivt0x3008_undefint shr (0+2)
  3779                           
  3780                           ; Vector 114 : CMP2
  3781   0030EC  0C40               	dw	ivt0x3008_undefint shr (0+2)
  3782                           
  3783                           ; Vector 115 : NCO3
  3784   0030EE  0C40               	dw	ivt0x3008_undefint shr (0+2)
  3785                           
  3786                           ; Vector 116 : Undefined
  3787   0030F0  0C40               	dw	ivt0x3008_undefint shr (0+2)
  3788                           
  3789                           ; Vector 117 : Undefined
  3790   0030F2  0C40               	dw	ivt0x3008_undefint shr (0+2)
  3791                           
  3792                           ; Vector 118 : Undefined
  3793   0030F4  0C40               	dw	ivt0x3008_undefint shr (0+2)
  3794                           
  3795                           ; Vector 119 : Undefined
  3796   0030F6  0C40               	dw	ivt0x3008_undefint shr (0+2)
  3797                           
  3798                           ; Vector 120 : NVM
  3799   0030F8  0C40               	dw	ivt0x3008_undefint shr (0+2)
  3800                           
  3801                           ; Vector 121 : CLC8
  3802   0030FA  0C40               	dw	ivt0x3008_undefint shr (0+2)
  3803                           
  3804                           ; Vector 122 : CRC
  3805   0030FC  0C40               	dw	ivt0x3008_undefint shr (0+2)
  3806                           
  3807                           ; Vector 123 : TMR6
  3808   0030FE  0C40               	dw	ivt0x3008_undefint shr (0+2)
  3809   003100                     ivt0x3008_undefint:
  3810                           	callstack 0
  3811   003100  00FF               	reset	
  3812                           
  3813                           	psect	smallconst
  3814   002500                     __psmallconst:
  3815                           	callstack 0
  3816   002500  00                 	db	0
  3817   002501  00                 	db	0	; dummy byte at the end
  3818   000000                     
  3819                           	psect	rparam
  3820   000000                     
  3821                           	psect	config
  3822                           
  3823                           ;Config register CONFIG1 @ 0x300000
  3824                           ;	External Oscillator Selection
  3825                           ;	FEXTOSC = OFF, Oscillator not enabled
  3826                           ;	Reset Oscillator Selection
  3827                           ;	RSTOSC = HFINTOSC_64MHZ, HFINTOSC with HFFRQ = 64 MHz and CDIV = 1:1
  3828   300000                     	org	3145728
  3829   300000  8C                 	db	140
  3830                           
  3831                           ;Config register CONFIG2 @ 0x300001
  3832                           ;	Clock out Enable bit
  3833                           ;	CLKOUTEN = OFF, CLKOUT function is disabled
  3834                           ;	PRLOCKED One-Way Set Enable bit
  3835                           ;	PR1WAY = OFF, PRLOCKED bit can be set and cleared repeatedly
  3836                           ;	Clock Switch Enable bit
  3837                           ;	CSWEN = ON, Writing to NOSC and NDIV is allowed
  3838                           ;	Fail-Safe Clock Monitor Enable bit
  3839                           ;	FCMEN = ON, Fail-Safe Clock Monitor enabled
  3840   300001                     	org	3145729
  3841   300001  FD                 	db	253
  3842                           
  3843                           ;Config register CONFIG3 @ 0x300002
  3844                           ;	MCLR Enable bit
  3845                           ;	MCLRE = EXTMCLR, If LVP = 0, MCLR pin is MCLR; If LVP = 1, RE3 pin function is MCLR
  3846                           ;	Power-up timer selection bits
  3847                           ;	PWRTS = PWRT_OFF, PWRT is disabled
  3848                           ;	Multi-vector enable bit
  3849                           ;	MVECEN = ON, Multi-vector enabled, Vector table used for interrupts
  3850                           ;	IVTLOCK bit One-way set enable bit
  3851                           ;	IVT1WAY = ON, IVTLOCKED bit can be cleared and set only once
  3852                           ;	Low Power BOR Enable bit
  3853                           ;	LPBOREN = OFF, Low-Power BOR disabled
  3854                           ;	Brown-out Reset Enable bits
  3855                           ;	BOREN = OFF, Brown-out Reset disabled
  3856   300002                     	org	3145730
  3857   300002  3F                 	db	63
  3858                           
  3859                           ;Config register CONFIG4 @ 0x300003
  3860                           ;	Brown-out Reset Voltage Selection bits
  3861                           ;	BORV = VBOR_1P9, Brown-out Reset Voltage (VBOR) set to 1.9V
  3862                           ;	ZCD Disable bit
  3863                           ;	ZCD = OFF, ZCD module is disabled. ZCD can be enabled by setting the ZCDSEN bit of ZCD
      +                          CON
  3864                           ;	PPSLOCK bit One-Way Set Enable bit
  3865                           ;	PPS1WAY = ON, PPSLOCKED bit can be cleared and set only once; PPS registers remain loc
      +                          ked after one clear/set cycle
  3866                           ;	Stack Full/Underflow Reset Enable bit
  3867                           ;	STVREN = ON, Stack full/underflow will cause Reset
  3868                           ;	Low Voltage Programming Enable bit
  3869                           ;	LVP = ON, Low voltage programming enabled. MCLR/VPP pin function is MCLR. MCLRE config
      +                          uration bit is ignored
  3870                           ;	Extended Instruction Set Enable bit
  3871                           ;	XINST = OFF, Extended Instruction Set and Indexed Addressing Mode disabled
  3872   300003                     	org	3145731
  3873   300003  FF                 	db	255
  3874                           
  3875                           ;Config register CONFIG5 @ 0x300004
  3876                           ;	WDT Period selection bits
  3877                           ;	WDTCPS = WDTCPS_31, Divider ratio 1:65536; software control of WDTPS
  3878                           ;	WDT operating mode
  3879                           ;	WDTE = OFF, WDT Disabled; SWDTEN is ignored
  3880   300004                     	org	3145732
  3881   300004  9F                 	db	159
  3882                           
  3883                           ;Config register CONFIG6 @ 0x300005
  3884                           ;	WDT Window Select bits
  3885                           ;	WDTCWS = WDTCWS_7, window always open (100%); software control; keyed access not requi
      +                          red
  3886                           ;	WDT input clock selector
  3887                           ;	WDTCCS = SC, Software Control
  3888   300005                     	org	3145733
  3889   300005  FF                 	db	255
  3890                           
  3891                           ;Config register CONFIG7 @ 0x300006
  3892                           ;	Boot Block Size selection bits
  3893                           ;	BBSIZE = BBSIZE_512, Boot Block size is 512 words
  3894                           ;	Boot Block enable bit
  3895                           ;	BBEN = OFF, Boot block disabled
  3896                           ;	Storage Area Flash enable bit
  3897                           ;	SAFEN = OFF, SAF disabled
  3898                           ;	Background Debugger
  3899                           ;	DEBUG = ON, Background Debugger enabled
  3900   300006                     	org	3145734
  3901   300006  DF                 	db	223
  3902                           
  3903                           ;Config register CONFIG8 @ 0x300007
  3904                           ;	Boot Block Write Protection bit
  3905                           ;	WRTB = OFF, Boot Block not Write protected
  3906                           ;	Configuration Register Write Protection bit
  3907                           ;	WRTC = OFF, Configuration registers not Write protected
  3908                           ;	Data EEPROM Write Protection bit
  3909                           ;	WRTD = OFF, Data EEPROM not Write protected
  3910                           ;	SAF Write protection bit
  3911                           ;	WRTSAF = OFF, SAF not Write Protected
  3912                           ;	Application Block write protection bit
  3913                           ;	WRTAPP = OFF, Application Block not write protected
  3914   300007                     	org	3145735
  3915   300007  FF                 	db	255
  3916                           
  3917                           ;Config register CONFIG10 @ 0x300009
  3918                           ;	PFM and Data EEPROM Code Protection bit
  3919                           ;	CP = OFF, PFM and Data EEPROM code protection disabled
  3920   300009                     	org	3145737
  3921   300009  FF                 	db	255
  3922                           tosu	equ	0x4FF
  3923                           tosh	equ	0x4FE
  3924                           tosl	equ	0x4FD
  3925                           stkptr	equ	0x4FC
  3926                           pclatu	equ	0x4FB
  3927                           pclath	equ	0x4FA
  3928                           pcl	equ	0x4F9
  3929                           tblptru	equ	0x4F8
  3930                           tblptrh	equ	0x4F7
  3931                           tblptrl	equ	0x4F6
  3932                           tablat	equ	0x4F5
  3933                           prodh	equ	0x4F4
  3934                           prodl	equ	0x4F3
  3935                           indf0	equ	0x4EF
  3936                           postinc0	equ	0x4EE
  3937                           postdec0	equ	0x4ED
  3938                           preinc0	equ	0x4EC
  3939                           plusw0	equ	0x4EB
  3940                           fsr0h	equ	0x4EA
  3941                           fsr0l	equ	0x4E9
  3942                           wreg	equ	0x4E8
  3943                           indf1	equ	0x4E7
  3944                           postinc1	equ	0x4E6
  3945                           postdec1	equ	0x4E5
  3946                           preinc1	equ	0x4E4
  3947                           plusw1	equ	0x4E3
  3948                           fsr1h	equ	0x4E2
  3949                           fsr1l	equ	0x4E1
  3950                           bsr	equ	0x4E0
  3951                           indf2	equ	0x4DF
  3952                           postinc2	equ	0x4DE
  3953                           postdec2	equ	0x4DD
  3954                           preinc2	equ	0x4DC
  3955                           plusw2	equ	0x4DB
  3956                           fsr2h	equ	0x4DA
  3957                           fsr2l	equ	0x4D9
  3958                           status	equ	0x4D8

Data Sizes:
    Strings     0
    Constant    0
    Data        0
    BSS         0
    Persistent  0
    Stack       0

Auto Spaces:
    Space          Size  Autos    Used
    COMRAM           95     17      17
    BANK5           160      0       0
    BANK6           256      0       0
    BANK7           256      0       0
    BANK8           256      0       0
    BANK9           256      0       0
    BANK10          256      0       0
    BANK11          256      0       0
    BANK12          256      0       0
    BANK13          256      0       0
    BANK14          256      0       0
    BANK15          256      0       0
    BANK16          256      0       0
    BANK17          256      0       0
    BANK18          256      0       0
    BANK19          256      0       0
    BANK20          256      0       0
    BANK21          256      0       0
    BANK22          256      0       0
    BANK23          256      0       0
    BANK24          256      0       0
    BANK25          256      0       0
    BANK26          256      0       0
    BANK27          256      0       0
    BANK28          256      0       0
    BANK29          256      0       0
    BANK30          256      0       0
    BANK31          256      0       0
    BANK32          256      0       0
    BANK33          256      0       0
    BANK34          256      0       0
    BANK35          256      0       0
    BANK36          256      0       0

Pointer List with Targets:

    None.

Critical Paths under _main in COMRAM

    _GPIO_Init->_configure_pin
    _configure_pin->_reset_pin_pullup
    _configure_pin->_set_pin_analog_mode
    _configure_pin->_set_pin_digital_mode
    _configure_pin->_set_pin_input
    _configure_pin->_set_pin_open_drain
    _configure_pin->_set_pin_output
    _configure_pin->_set_pin_pullup
    _configure_pin->_set_pin_push_pull
    _configure_pin->_set_pin_sr_limited
    _configure_pin->_set_pin_sr_maximum
    _configure_pin->_set_pin_st
    _configure_pin->_set_pin_ttl

Critical Paths under _INT_ISR in COMRAM

    None.

Critical Paths under _main in BANK5

    None.

Critical Paths under _INT_ISR in BANK5

    None.

Critical Paths under _main in BANK6

    None.

Critical Paths under _INT_ISR in BANK6

    None.

Critical Paths under _main in BANK7

    None.

Critical Paths under _INT_ISR in BANK7

    None.

Critical Paths under _main in BANK8

    None.

Critical Paths under _INT_ISR in BANK8

    None.

Critical Paths under _main in BANK9

    None.

Critical Paths under _INT_ISR in BANK9

    None.

Critical Paths under _main in BANK10

    None.

Critical Paths under _INT_ISR in BANK10

    None.

Critical Paths under _main in BANK11

    None.

Critical Paths under _INT_ISR in BANK11

    None.

Critical Paths under _main in BANK12

    None.

Critical Paths under _INT_ISR in BANK12

    None.

Critical Paths under _main in BANK13

    None.

Critical Paths under _INT_ISR in BANK13

    None.

Critical Paths under _main in BANK14

    None.

Critical Paths under _INT_ISR in BANK14

    None.

Critical Paths under _main in BANK15

    None.

Critical Paths under _INT_ISR in BANK15

    None.

Critical Paths under _main in BANK16

    None.

Critical Paths under _INT_ISR in BANK16

    None.

Critical Paths under _main in BANK17

    None.

Critical Paths under _INT_ISR in BANK17

    None.

Critical Paths under _main in BANK18

    None.

Critical Paths under _INT_ISR in BANK18

    None.

Critical Paths under _main in BANK19

    None.

Critical Paths under _INT_ISR in BANK19

    None.

Critical Paths under _main in BANK20

    None.

Critical Paths under _INT_ISR in BANK20

    None.

Critical Paths under _main in BANK21

    None.

Critical Paths under _INT_ISR in BANK21

    None.

Critical Paths under _main in BANK22

    None.

Critical Paths under _INT_ISR in BANK22

    None.

Critical Paths under _main in BANK23

    None.

Critical Paths under _INT_ISR in BANK23

    None.

Critical Paths under _main in BANK24

    None.

Critical Paths under _INT_ISR in BANK24

    None.

Critical Paths under _main in BANK25

    None.

Critical Paths under _INT_ISR in BANK25

    None.

Critical Paths under _main in BANK26

    None.

Critical Paths under _INT_ISR in BANK26

    None.

Critical Paths under _main in BANK27

    None.

Critical Paths under _INT_ISR in BANK27

    None.

Critical Paths under _main in BANK28

    None.

Critical Paths under _INT_ISR in BANK28

    None.

Critical Paths under _main in BANK29

    None.

Critical Paths under _INT_ISR in BANK29

    None.

Critical Paths under _main in BANK30

    None.

Critical Paths under _INT_ISR in BANK30

    None.

Critical Paths under _main in BANK31

    None.

Critical Paths under _INT_ISR in BANK31

    None.

Critical Paths under _main in BANK32

    None.

Critical Paths under _INT_ISR in BANK32

    None.

Critical Paths under _main in BANK33

    None.

Critical Paths under _INT_ISR in BANK33

    None.

Critical Paths under _main in BANK34

    None.

Critical Paths under _INT_ISR in BANK34

    None.

Critical Paths under _main in BANK35

    None.

Critical Paths under _INT_ISR in BANK35

    None.

Critical Paths under _main in BANK36

    None.

Critical Paths under _INT_ISR in BANK36

    None.

Call Graph Tables:

 ---------------------------------------------------------------------------------
 (Depth) Function   	        Calls       Base Space   Used Autos Params    Refs
 ---------------------------------------------------------------------------------
 (0) _main                                                 5     0      5    3952
                                             12 COMRAM     5     0      5
                         _Clock_Init
                          _GPIO_Init
                     _INTERRUPT_Init
                        _TIMER0_Init
 ---------------------------------------------------------------------------------
 (1) _TIMER0_Init                                          0     0      0       0
 ---------------------------------------------------------------------------------
 (1) _INTERRUPT_Init                                       0     0      0       0
 ---------------------------------------------------------------------------------
 (1) _GPIO_Init                                            0     0      0    3952
                      _configure_pin
 ---------------------------------------------------------------------------------
 (2) _configure_pin                                        8     1      7    3952
                                              4 COMRAM     8     1      7
                   _reset_pin_pullup
                _set_pin_analog_mode
               _set_pin_digital_mode
                      _set_pin_input
                 _set_pin_open_drain
                     _set_pin_output
                     _set_pin_pullup
                  _set_pin_push_pull
                 _set_pin_sr_limited
                 _set_pin_sr_maximum
                         _set_pin_st
                        _set_pin_ttl
 ---------------------------------------------------------------------------------
 (3) _set_pin_ttl                                          4     3      1     230
                                              0 COMRAM     4     3      1
 ---------------------------------------------------------------------------------
 (3) _set_pin_st                                           4     3      1     230
                                              0 COMRAM     4     3      1
 ---------------------------------------------------------------------------------
 (3) _set_pin_sr_maximum                                   4     3      1     230
                                              0 COMRAM     4     3      1
 ---------------------------------------------------------------------------------
 (3) _set_pin_sr_limited                                   4     3      1     230
                                              0 COMRAM     4     3      1
 ---------------------------------------------------------------------------------
 (3) _set_pin_push_pull                                    4     3      1     230
                                              0 COMRAM     4     3      1
 ---------------------------------------------------------------------------------
 (3) _set_pin_pullup                                       4     3      1     230
                                              0 COMRAM     4     3      1
 ---------------------------------------------------------------------------------
 (3) _set_pin_output                                       4     3      1     230
                                              0 COMRAM     4     3      1
 ---------------------------------------------------------------------------------
 (3) _set_pin_open_drain                                   4     3      1     230
                                              0 COMRAM     4     3      1
 ---------------------------------------------------------------------------------
 (3) _set_pin_input                                        4     3      1     230
                                              0 COMRAM     4     3      1
 ---------------------------------------------------------------------------------
 (3) _set_pin_digital_mode                                 4     3      1     230
                                              0 COMRAM     4     3      1
 ---------------------------------------------------------------------------------
 (3) _set_pin_analog_mode                                  4     3      1     230
                                              0 COMRAM     4     3      1
 ---------------------------------------------------------------------------------
 (3) _reset_pin_pullup                                     4     3      1     230
                                              0 COMRAM     4     3      1
 ---------------------------------------------------------------------------------
 (1) _Clock_Init                                           0     0      0       0
 ---------------------------------------------------------------------------------
 Estimated maximum stack depth 3
 ---------------------------------------------------------------------------------
 (Depth) Function   	        Calls       Base Space   Used Autos Params    Refs
 ---------------------------------------------------------------------------------
 (4) _INT_ISR                                              0     0      0       0
 ---------------------------------------------------------------------------------
 Estimated maximum stack depth 4
 ---------------------------------------------------------------------------------

 Call Graph Graphs:

 _main (ROOT)
   _Clock_Init
   _GPIO_Init
     _configure_pin
       _reset_pin_pullup
       _set_pin_analog_mode
       _set_pin_digital_mode
       _set_pin_input
       _set_pin_open_drain
       _set_pin_output
       _set_pin_pullup
       _set_pin_push_pull
       _set_pin_sr_limited
       _set_pin_sr_maximum
       _set_pin_st
       _set_pin_ttl
   _INTERRUPT_Init
   _TIMER0_Init

 _INT_ISR (ROOT)

 Address spaces:
Name               Size   Autos  Total    Cost      Usage
BITCOMRAM           5F      0       0       0        0.0%
EEDATA             400      0       0       0        0.0%
NULL                 0      0       0       0        0.0%
CODE                 0      0       0       0        0.0%
COMRAM              5F     11      11       1       17.9%
STACK                0      0       0       2        0.0%
DATA                 0      0       0       3        0.0%
BITBANK5            A0      0       0       4        0.0%
BANK5               A0      0       0       5        0.0%
BITBANK6           100      0       0       6        0.0%
BANK6              100      0       0       7        0.0%
BITBANK7           100      0       0       8        0.0%
BANK7              100      0       0       9        0.0%
BITBANK8           100      0       0      10        0.0%
BANK8              100      0       0      11        0.0%
BITBANK9           100      0       0      12        0.0%
BANK9              100      0       0      13        0.0%
BITBANK10          100      0       0      14        0.0%
BANK10             100      0       0      15        0.0%
BITBANK11          100      0       0      16        0.0%
BANK11             100      0       0      17        0.0%
BITBANK12          100      0       0      18        0.0%
BANK12             100      0       0      19        0.0%
BITBANK13          100      0       0      20        0.0%
BANK13             100      0       0      21        0.0%
BITBANK14          100      0       0      22        0.0%
BANK14             100      0       0      23        0.0%
BITBANK15          100      0       0      24        0.0%
BANK15             100      0       0      25        0.0%
BITBANK16          100      0       0      26        0.0%
BANK16             100      0       0      27        0.0%
BITBANK17          100      0       0      28        0.0%
BANK17             100      0       0      29        0.0%
BITBANK18          100      0       0      30        0.0%
BANK18             100      0       0      31        0.0%
BITBANK19          100      0       0      32        0.0%
BANK19             100      0       0      33        0.0%
BITBANK20          100      0       0      34        0.0%
BANK20             100      0       0      35        0.0%
BITBANK21          100      0       0      36        0.0%
BANK21             100      0       0      37        0.0%
BITBANK22          100      0       0      38        0.0%
BANK22             100      0       0      39        0.0%
BITBANK23          100      0       0      40        0.0%
BANK23             100      0       0      41        0.0%
BITBANK24          100      0       0      42        0.0%
BANK24             100      0       0      43        0.0%
ABS                  0      0       0      44        0.0%
BITBANK25          100      0       0      45        0.0%
BANK25             100      0       0      46        0.0%
BITBANK26          100      0       0      47        0.0%
BANK26             100      0       0      48        0.0%
BITBANK27          100      0       0      49        0.0%
BANK27             100      0       0      50        0.0%
BITBANK28          100      0       0      51        0.0%
BANK28             100      0       0      52        0.0%
BITBANK29          100      0       0      53        0.0%
BANK29             100      0       0      54        0.0%
BITBANK30          100      0       0      55        0.0%
BANK30             100      0       0      56        0.0%
BITBANK31          100      0       0      57        0.0%
BANK31             100      0       0      58        0.0%
BITBANK32          100      0       0      59        0.0%
BANK32             100      0       0      60        0.0%
BITBANK33          100      0       0      61        0.0%
BANK33             100      0       0      62        0.0%
BITBANK34          100      0       0      63        0.0%
BANK34             100      0       0      64        0.0%
BITBANK35          100      0       0      65        0.0%
BANK35             100      0       0      66        0.0%
BITBANK36          100      0       0      67        0.0%
BANK36             100      0       0      68        0.0%
BITBIGSFR_1        100      0       0      69        0.0%
BIGRAM            1FFF      0       0      70        0.0%
BITBIGSFRhhhh       29      0       0      71        0.0%
BITBIGSFRhhhl        2      0       0      72        0.0%
BITBIGSFRhhl         2      0       0      73        0.0%
BITBIGSFRhlhhhh      2      0       0      74        0.0%
BITBIGSFRhlhhhh      C      0       0      75        0.0%
BITBIGSFRhlhhhh      F      0       0      76        0.0%
BITBIGSFRhlhhhh     41      0       0      77        0.0%
BITBIGSFRhlhhhh     30      0       0      78        0.0%
BITBIGSFRhlhhhh      3      0       0      79        0.0%
BITBIGSFRhlhhhh      3      0       0      80        0.0%
BITBIGSFRhlhhhl      3      0       0      81        0.0%
BITBIGSFRhlhhlh      3      0       0      82        0.0%
BITBIGSFRhlhlh       3      0       0      83        0.0%
BITBIGSFRhllhh      9A      0       0      84        0.0%
BITBIGSFRhllhl      49      0       0      85        0.0%
BITBIGSFRhlll      26A      0       0      86        0.0%
BITBIGSFRl          AD      0       0      87        0.0%
BIGSFR_1             0      0       0     200        0.0%
BIGSFR               0      0       0     200        0.0%
BITSFR_6             0      0       0     200        0.0%
SFR_6                0      0       0     200        0.0%
BITSFR_5             0      0       0     200        0.0%
SFR_5                0      0       0     200        0.0%
BITSFR_4             0      0       0     200        0.0%
SFR_4                0      0       0     200        0.0%
BITSFR_3             0      0       0     200        0.0%
SFR_3                0      0       0     200        0.0%
BITSFR_2             0      0       0     200        0.0%
SFR_2                0      0       0     200        0.0%
BITSFR_1             0      0       0     200        0.0%
SFR_1                0      0       0     200        0.0%
BITSFR               0      0       0     200        0.0%
SFR                  0      0       0     200        0.0%


Microchip Technology PIC18 Macro Assembler V2.46 build 20240104201356 
Symbol Table                                                                                   Mon Oct 14 23:31:38 2024

    __end_of_set_pin_open_drain 3C6E  configure_pin@slew_rate_limited 050A                              l21 3FDE  
                            l15 4012                              l16 4012                              l26 4046  
                ?_configure_pin 0505                             l134 3E9C                             l230 3912  
                           l206 37F4                             l170 3D8A                             l146 3B4E  
                           l242 3358                             l218 322E                             l340 3FBA  
                           l158 35AC                             l182 3A30                             l254 3482  
                           l281 3F90                             l194 36D6                             l266 3C6C  
                           l363 4000                             u974 3DA4                             u975 3DA0  
                           u984 3DC4                             u985 3DC0                             u994 3DE4  
                           u995 3DE0      __end_of_set_pin_sr_maximum 335A      __end_of_set_pin_sr_limited 3914  
                          l2000 400A                            l2002 400E                            l1350 3F9C  
                          l1344 4040                            l1360 3FFE                            l1352 3FA6  
                          l2250 38DC                            l1354 3FB8                            l2260 3E66  
                          l1700 3DD2                            l2252 344C                            l2244 31F8  
                          l1356 3FE0                            l1348 3F92                            l2262 3576  
                          l1702 3DF2                            l1710 3E52                            l2254 39FA  
                          l2246 37BE                            l1358 3FF0                            l2264 3D54  
                          l1704 3E12                            l2256 3B18                            l1720 3A5A  
                          l2248 3322                            l2266 36A0                            l1810 35FC  
                          l1706 3E32                            l2258 3C36                            l1722 3A7C  
                          l1812 3620                            l1820 368C                            l1804 35B0  
                          l1740 348A                            l1724 3A9E                            l1732 3B04  
                          l1716 3A34                            l1900 32A2                            l1814 3644  
                          l1806 35B4                            l1750 353E                            l1742 34AE  
                          l1726 3AC0                            l1718 3A38                            l1902 32C6  
                          l1830 3700                            l1816 3668                            l1808 35D8  
                          l1760 3C70                            l1744 34D2                            l1728 3AE2  
                          l1920 33A8                            l1904 32EA                            l1832 3722  
                          l1770 3CFC                            l1762 3C74                            l1746 34F6  
                          l1754 3562                            l1738 3486                            l1922 33CC  
                          l1930 3438                            l1914 335C                            l1834 3744  
                          l1842 37AA                            l1826 36DA                            l1850 310C  
                          l1772 3D1E                            l1764 3C96                            l1748 351A  
                          l1940 3B78                            l1924 33F0                            l1916 3360  
                          l1908 330E                            l1836 3766                            l1828 36DE  
                          l1860 31C0                            l1852 3130                            l1766 3CB8  
                          l1694 3D8E                            l1942 3B9A                            l1790 3980  
                          l1782 3916                            l1926 3414                            l1918 3384  
                          l1870 37F8                            l1838 3788                            l1854 3154  
                          l1768 3CDA                            l1776 3D40                            l1696 3D92  
                          l1944 3BBC                            l1952 3C22                            l1936 3B52  
                          l1792 39A2                            l1784 391A                            l1880 3884  
                          l1872 37FC                            l1856 3178                            l1864 31E4  
                          l1848 3108                            l1960 3EB0                            l1698 3DB2  
                          l1946 3BDE                            l1938 3B56                            l1794 39C4  
                          l1786 393C                            l1882 38A6                            l1874 381E  
                          l1858 319C                            l1970 3EF0                            l1962 3EBE  
                          l1948 3C00                            l1788 395E                            l1876 3840  
                          l1892 3232                            l1980 3F36                            l1972 3F00  
                          l1964 3EC8                            l1798 39E6                            l1878 3862  
                          l1886 38C8                            l1894 3236                            l1990 3F78  
                          l1982 3F40                            l1974 3F0E                            l1966 3ED8  
                          l1958 3EA0                            l1896 325A                            l1992 3F86  
                          l1984 3F50                            l1976 3F18                            l1968 3EE6  
                          l1898 327E                            l1986 3F5E                            l1978 3F28  
                          l1994 3FBC                            l1988 3F68                            l1996 4002  
                          l1998 4006                            u1004 3E04                            u1005 3E00  
                          u1014 3E24                            u1015 3E20                            u1104 34C0  
                          u1024 3E44                            u1105 34BC                            u1025 3E40  
                          u1114 34E4                            u1034 3A4A                            u1115 34E0  
                          u1035 3A46                            u1204 3D30                            u1124 3508  
                          u1044 3A6C                            u1205 3D2C                            u1125 3504  
                          u1045 3A68                            u1134 352C                            u1054 3A8E  
                          u1214 392C                            u1135 3528                            u1055 3A8A  
                          u1215 3928                            u1304 3632                            u1144 3550  
                          u1064 3AB0                            u1224 394E                            u1305 362E  
                          u1145 354C                            u1065 3AAC                            u1225 394A  
                          u1314 3656                            u1154 3C86                            u1074 3AD2  
                          u1234 3970                            u1315 3652                            u1155 3C82  
                          u1075 3ACE                            u1235 396C                            u1324 367A  
                          u1164 3CA8                            u1084 3AF4                            u1244 3992  
                          u1404 3142                            u1325 3676                            u1165 3CA4  
                          u1085 3AF0                            u1245 398E                            u1405 313E  
                          _LATA 04BE                            u1174 3CCA                            u1094 349C  
                          u1254 39B4                            u1334 36F0                            u1414 3166  
                          _LATB 04BF                 __end_of_INT_ISR 4040                            u1175 3CC6  
                          u1095 3498                            u1255 39B0                            u1335 36EC  
                          u1415 3162                            _LATC 04C0                            u1184 3CEC  
                          u1264 39D6                            u1504 38B8                            u1344 3712  
                          u1424 318A                            _LATD 04C1                            u1185 3CE8  
                          u1265 39D2                            u1505 38B4                            u1345 370E  
                          u1425 3186                            _LATE 04C2                            u1274 35C6  
                          u1194 3D0E                            u1514 3248                            u1354 3734  
                          u1434 31AE                            _LATF 04C3                            u1275 35C2  
                          u1195 3D0A                            u1515 3244                            u1355 3730  
                          u1435 31AA                            u1284 35EA                            u1604 33DE  
                          u1524 326C                            u1364 3756                            u1444 31D2  
                          u1700 3ED8                            u1285 35E6                            u1605 33DA  
                          u1525 3268                            u1365 3752                            u1445 31CE  
                          u1701 3ED4                            u1294 360E                            u1614 3402  
                          u1454 380E                            u1534 3290                            u1374 3778  
                          u1710 3F00                            u1295 360A                            u1615 33FE  
                          u1455 380A                            u1535 328C                            u1375 3774  
                          u1711 3EFC                            u1624 3426                            u1464 3830  
                          u1544 32B4                            u1384 379A                            u1720 3F28  
                          u1625 3422                            u1465 382C                            u1545 32B0  
                          u1385 3796                            u1721 3F24                            u1634 3B68  
                          u1474 3852                            u1554 32D8                            u1394 311E  
                          u1730 3F50                            u1635 3B64                            u1475 384E  
                          u1555 32D4                            u1395 311A                            u1731 3F4C  
                          u1644 3B8A                            u1484 3874                            u1564 32FC  
                          u1740 3F78                            u1645 3B86                            u1485 3870  
                          u1565 32F8                            u1741 3F74                            u1654 3BAC  
                          u1574 3372                            u1494 3896                            u1655 3BA8  
                          u1575 336E                            u1495 3892                            u1664 3BCE  
                          u1584 3396                            u1665 3BCA                            u1585 3392  
                          u1674 3BF0                            u1594 33BA                            u1690 3EB0  
                          u1675 3BEC                            u1595 33B6                            u1691 3EAC  
                          u1684 3C12                            u1685 3C0E                            _WPUA 0401  
                          _WPUB 0409                            _WPUC 0411                            _WPUD 0419  
                          _WPUE 0421                            _WPUF 0429        __end_of_reset_pin_pullup 36D8  
                          _main 4002                            start 3102                    ___param_bank 0000  
                    _Clock_Init 4040                           ?_main 050D                           i2l368 403E  
                         _TMR0H 0319                           _TMR0L 0318                           _PORTA 04CE  
                         _PORTB 04CF                           _PORTC 04D0                           _PORTD 04D1  
                         _PORTE 04D2                           _PORTF 04D3                           _TRISA 04C6  
                         _TRISB 04C7                           _TRISC 04C8                           _TRISD 04C9  
                         _TRISE 04CA                           _TRISF 04CB            configure_pin@use_ttl 0509  
                         status 04D8                 __initialization 401A                    __end_of_main 401A  
               ??_configure_pin 050C                          ??_main 0512                    ?_TIMER0_Init 0501  
                 __activetblptr 0003               __end_of_GPIO_Init 3FE0                       ??_INT_ISR 0501  
             _set_pin_push_pull 335A                          _ANSELA 0400                          _ANSELB 0408  
                        _ANSELC 0410                          _ANSELD 0418                          _ANSELE 0420  
                        _ANSELF 0428                          _ODCONA 0402                          _ODCONB 040A  
                        _ODCONC 0412                          _ODCOND 041A                          _ODCONE 0422  
                        _ODCONF 042A                          i2l1450 4038                          i2l1452 403C  
                        i2l1446 4030                          i2l1448 4032                          _INLVLA 0404  
                        _INLVLB 040C                          _INLVLC 0414                          _INLVLD 041C  
                        _INLVLE 0424                          _INLVLF 042C              ?_set_pin_push_pull 0501  
           ??_set_pin_push_pull 0502                    ?_set_pin_ttl 0501    set_pin_sr_maximum@pin_number 0501  
         configure_pin@is_input 0506                     ?_Clock_Init 0501                          isa$std 0001  
 set_pin_analog_mode@pin_number 0501                    __mediumconst 0000       __end_of_set_pin_push_pull 3484  
          set_pin_ttl@port_name 0504                      __accesstop 0560         __end_of__initialization 4028  
                 ___rparam_used 0001        set_pin_output@pin_number 0501                  __pcstackCOMRAM 0501  
         __end_of_set_pin_input 3E9E              _set_pin_open_drain 3B50      configure_pin@use_push_pull 050B  
                _INTERRUPT_Init 3FE0    set_pin_sr_limited@pin_number 0501             ?_set_pin_open_drain 0501  
             ?_reset_pin_pullup 0501                         IVTBASEH 045E                         IVTBASEL 045D  
                       IVTBASEU 045F              _set_pin_sr_maximum 3230              _set_pin_sr_limited 37F6  
            ??_reset_pin_pullup 0502             _set_pin_analog_mode 3C6E     set_pin_sr_maximum@port_name 0504  
          ??_set_pin_open_drain 0502             ?_set_pin_sr_maximum 0501             ?_set_pin_sr_limited 0501  
          ?_set_pin_analog_mode 0501                         _INT_ISR 4030                         _OSCCON1 00AD  
        __end_of_INTERRUPT_Init 4002                         _SLRCONA 0403                         _SLRCONB 040B  
                       _SLRCONC 0413                         _SLRCOND 041B                         _SLRCONE 0423  
                       _SLRCONF 042B            ??_set_pin_sr_maximum 0502            ??_set_pin_sr_limited 0502  
   set_pin_sr_limited@port_name 0504                         __Hparam 0000                         __Lparam 0000  
                  __psmallconst 2500             set_pin_st@port_name 0504                   ivt0x3008_base 3008  
                       __pcinit 401A                         __ramtop 2500                         __ptext0 4002  
                       __ptext1 3F92                         __ptext2 3FE0                         __ptext3 3FBC  
                       __ptext4 3E9E                         __ptext5 3106                         __ptext6 36D8  
                       __ptext7 3230                         __ptext8 37F6                         __ptext9 335A  
         ??_set_pin_analog_mode 0502           set_pin_ttl@pin_number 0501                 ?_INTERRUPT_Init 0501  
                     _GPIO_Init 3FBC            end_of_initialization 4028      set_pin_push_pull@port_name 0504  
        configure_pin@port_name 050C                      _set_pin_st 36D8                    ??_Clock_Init 0501  
         __end_of_configure_pin 3F92        set_pin_pullup@pin_number 0501                      ?_GPIO_Init 0501  
            __end_of_Clock_Init 4048                  _set_pin_pullup 3914                  _set_pin_output 3A32  
  __end_of_set_pin_digital_mode 35AE             start_initialization 401A          __end_of_set_pin_pullup 3A32  
        __end_of_set_pin_output 3B50     set_pin_open_drain@port_name 0504                     ?_set_pin_st 0501  
                      ?_INT_ISR 0501                     ??_GPIO_Init 050D                 ?_set_pin_pullup 0501  
               ?_set_pin_output 0501         set_pin_output@port_name 0504  set_pin_digital_mode@pin_number 0501  
                   __pivt0x3008 3008               ivt0x3008_undefint 3100                ??_INTERRUPT_Init 0501  
                 ??_TIMER0_Init 0501                     __smallconst 2500       reset_pin_pullup@port_name 0504  
                      _LATFbits 04C3            _set_pin_digital_mode 3484                        _IPR3bits 0365  
                      _PIE3bits 04A1                        _IVTBASEH 045E                        _IVTBASEL 045D  
                      _IVTBASEU 045F                        _PIR3bits 04B1                   ??_set_pin_ttl 0502  
  set_pin_open_drain@pin_number 0501     __end_of_set_pin_analog_mode 3D8C         set_pin_input@pin_number 0501  
                 _set_pin_input 3D8C             __end_of_TIMER0_Init 3FBC                     _INTCON0bits 04D6  
       set_pin_pullup@port_name 0504            set_pin_st@pin_number 0501           ?_set_pin_digital_mode 0501  
                      __Hrparam 0000                        __Lrparam 0000                _reset_pin_pullup 35AE  
                ?_set_pin_input 0501             __end_of_set_pin_ttl 3230         configure_pin@is_digital 0507  
                    _T0CON0bits 031A                      _T0CON1bits 031B                        __ptext10 3914  
                      __ptext11 3A32                        __ptext12 3B50                        __ptext13 3D8C  
                      __ptext14 3484                        __ptext15 3C6E                        __ptext16 35AE  
                      __ptext17 4040                        __ptext18 4030    set_pin_analog_mode@port_name 0504  
   set_pin_push_pull@pin_number 0501   set_pin_digital_mode@port_name 0504                    ??_set_pin_st 0502  
                      isa$xinst 0000         configure_pin@pin_number 0505                        main@argc 050D  
                      main@argv 050F                     _TIMER0_Init 3F92          set_pin_input@port_name 0504  
              ??_set_pin_pullup 0502                ??_set_pin_output 0502              __end_of_set_pin_st 37F6  
                      intlevel2 0000          ??_set_pin_digital_mode 0502                     _set_pin_ttl 3106  
    configure_pin@enable_pullup 0508                 ??_set_pin_input 0502      reset_pin_pullup@pin_number 0501  
                 _configure_pin 3E9E  
