

Microchip MPLAB XC8 Assembler V2.46 build 20240104201356 
                                                                                               Fri Oct 11 23:01:54 2024

Microchip MPLAB XC8 C Compiler v2.46 (Free license) build 20240104201356 Og1 
     1                           	processor	18F57Q43
     2                           	fnconf	rparam,??,?,0
     3                           	pagewidth 120
     4                           	opt	flic
     5                           	psect	idataCOMRAM,global,class=CODE,delta=1,noexec
     6                           	psect	smallconst,global,reloc=2,class=SMALLCONST,delta=1,noexec
     7                           	psect	cinit,global,reloc=2,class=CODE,delta=1
     8                           	psect	dataCOMRAM,global,class=COMRAM,space=1,delta=1,lowdata,noexec
     9                           	psect	cstackCOMRAM,global,class=COMRAM,space=1,delta=1,lowdata,noexec
    10                           	psect	text0,global,reloc=2,class=CODE,delta=1
    11                           	psect	text1,global,reloc=2,class=CODE,delta=1
    12                           	psect	text2,global,reloc=2,class=CODE,delta=1
    13                           	psect	text3,global,reloc=2,class=CODE,delta=1
    14                           	psect	text4,global,reloc=2,class=CODE,delta=1
    15                           	psect	text5,global,reloc=2,class=CODE,delta=1
    16                           	psect	text6,global,reloc=2,class=CODE,delta=1
    17                           	psect	text7,global,reloc=2,class=CODE,delta=1
    18                           	psect	text8,global,reloc=2,class=CODE,delta=1
    19                           	psect	text9,global,reloc=2,class=CODE,delta=1
    20                           	psect	text10,global,reloc=2,class=CODE,delta=1
    21                           	psect	text11,global,reloc=2,class=CODE,delta=1
    22                           	psect	text12,global,reloc=2,class=CODE,delta=1
    23                           	psect	text13,global,reloc=2,class=CODE,delta=1
    24                           	psect	text14,global,reloc=2,class=CODE,delta=1
    25                           	psect	text15,global,reloc=2,class=CODE,delta=1
    26                           	psect	text16,global,reloc=2,class=CODE,delta=1
    27                           	psect	text17,global,reloc=2,class=CODE,delta=1
    28                           	psect	text18,global,reloc=2,class=CODE,delta=1
    29                           	psect	text19,global,reloc=2,class=CODE,delta=1
    30                           	psect	intsave_regs,global,class=BIGRAM,space=1,delta=1,noexec
    31                           	psect	rparam,global,class=COMRAM,space=1,delta=1,noexec
    32                           	psect	config,global,abs,ovrld,class=CONFIG,space=4,delta=1,noexec
    33   000000                     
    34                           ; Generated 18/12/2023 GMT
    35                           ; 
    36                           ; Copyright © 2023, Microchip Technology Inc. and its subsidiaries ("Microchip")
    37                           ; All rights reserved.
    38                           ; 
    39                           ; This software is developed by Microchip Technology Inc. and its subsidiaries ("Microch
      +                          ip").
    40                           ; 
    41                           ; Redistribution and use in source and binary forms, with or without modification, are
    42                           ; permitted provided that the following conditions are met:
    43                           ; 
    44                           ;     1. Redistributions of source code must retain the above copyright notice, this lis
      +                          t of
    45                           ;        conditions and the following disclaimer.
    46                           ; 
    47                           ;     2. Redistributions in binary form must reproduce the above copyright notice, this 
      +                          list
    48                           ;        of conditions and the following disclaimer in the documentation and/or other
    49                           ;        materials provided with the distribution. Publication is not required when
    50                           ;        this file is used in an embedded application.
    51                           ; 
    52                           ;     3. Microchip's name may not be used to endorse or promote products derived from th
      +                          is
    53                           ;        software without specific prior written permission.
    54                           ; 
    55                           ; THIS SOFTWARE IS PROVIDED BY MICROCHIP "AS IS" AND ANY EXPRESS OR IMPLIED WARRANTIES,
    56                           ; INCLUDING, BUT NOT LIMITED TO, THE IMPLIED WARRANTIES OF MERCHANTABILITY AND FITNESS F
      +                          OR
    57                           ; PURPOSE ARE DISCLAIMED.  IN NO EVENT SHALL MICROCHIP BE LIABLE FOR ANY DIRECT, INDIREC
      +                          T,
    58                           ; INCIDENTAL, SPECIAL, EXEMPLARY, OR CONSEQUENTIAL DAMAGES (INCLUDING BUT NOT LIMITED TO
    59                           ; PROCUREMENT OF SUBSTITUTE GOODS OR SERVICES; LOSS OF USE, DATA OR PROFITS; OR BUSINESS
    60                           ; INTERRUPTION) HOWSOEVER CAUSED AND ON ANY THEORY OF LIABILITY, WHETHER IN CONTRACT, ST
      +                          RICT
    61                           ; LIABILITY, OR TORT (INCLUDING NEGLIGENCE OR OTHERWISE) ARISING IN ANY WAY OUT OF THE U
      +                          SE OF
    62                           ; THIS SOFTWARE, EVEN IF ADVISED OF THE POSSIBILITY OF SUCH DAMAGE.
    63                           ; 
    64                           ; 
    65                           ; Code-generator required, PIC18F57Q43 Definitions
    66                           ; 
    67                           ; SFR Addresses
    68   000000                     
    69                           	psect	idataCOMRAM
    70   003844                     __pidataCOMRAM:
    71                           	callstack 0
    72                           
    73                           ;initializer for _display2
    74   003844  43                 	db	67
    75   003845  07                 	db	7
    76   003846  44                 	db	68
    77   003847  01                 	db	1
    78   003848  44                 	db	68
    79   003849  02                 	db	2
    80   00384A  41                 	db	65
    81   00384B  04                 	db	4
    82   00384C  41                 	db	65
    83   00384D  03                 	db	3
    84   00384E  44                 	db	68
    85   00384F  00                 	db	0
    86   003850  45                 	db	69
    87   003851  02                 	db	2
    88   003852  01                 	db	1
    89                           
    90                           	psect	smallconst
    91   002500                     __psmallconst:
    92                           	callstack 0
    93   002500  00                 	db	0
    94   002501                     _display7Seg_a:
    95                           	callstack 0
    96   002501  40                 	db	64
    97   002502  79                 	db	121
    98   002503  24                 	db	36
    99   002504  30                 	db	48
   100   002505  19                 	db	25
   101   002506  12                 	db	18
   102   002507  02                 	db	2
   103   002508  78                 	db	120
   104   002509  00                 	db	0
   105   00250A  90                 	db	144
   106   00250B                     __end_of_display7Seg_a:
   107                           	callstack 0
   108   00250B                     _display7Seg_c:
   109                           	callstack 0
   110   00250B  3F                 	db	63
   111   00250C  06                 	db	6
   112   00250D  5B                 	db	91
   113   00250E  4F                 	db	79
   114   00250F  66                 	db	102
   115   002510  6D                 	db	109
   116   002511  7D                 	db	125
   117   002512  07                 	db	7
   118   002513  7F                 	db	127
   119   002514  67                 	db	103
   120   002515                     __end_of_display7Seg_c:
   121                           	callstack 0
   122   000000                     _ODCONF	set	1066
   123   000000                     _ODCONE	set	1058
   124   000000                     _ODCOND	set	1050
   125   000000                     _ODCONC	set	1042
   126   000000                     _ODCONB	set	1034
   127   000000                     _ODCONA	set	1026
   128   000000                     _SLRCONF	set	1067
   129   000000                     _SLRCONE	set	1059
   130   000000                     _SLRCOND	set	1051
   131   000000                     _SLRCONC	set	1043
   132   000000                     _SLRCONB	set	1035
   133   000000                     _SLRCONA	set	1027
   134   000000                     _INLVLF	set	1068
   135   000000                     _INLVLE	set	1060
   136   000000                     _INLVLD	set	1052
   137   000000                     _INLVLC	set	1044
   138   000000                     _INLVLB	set	1036
   139   000000                     _INLVLA	set	1028
   140   000000                     _WPUF	set	1065
   141   000000                     _WPUE	set	1057
   142   000000                     _WPUD	set	1049
   143   000000                     _WPUC	set	1041
   144   000000                     _WPUB	set	1033
   145   000000                     _WPUA	set	1025
   146   000000                     _ANSELF	set	1064
   147   000000                     _ANSELE	set	1056
   148   000000                     _ANSELD	set	1048
   149   000000                     _ANSELC	set	1040
   150   000000                     _ANSELB	set	1032
   151   000000                     _OSCCON1	set	173
   152   000000                     _ANSELA	set	1024
   153   000000                     _TRISA	set	1222
   154   000000                     _PORTA	set	1230
   155   000000                     _TRISF	set	1227
   156   000000                     _TRISE	set	1226
   157   000000                     _TRISD	set	1225
   158   000000                     _TRISC	set	1224
   159   000000                     _TRISB	set	1223
   160   000000                     _LATA	set	1214
   161   000000                     _LATF	set	1219
   162   000000                     _LATE	set	1218
   163   000000                     _LATD	set	1217
   164   000000                     _LATC	set	1216
   165   000000                     _LATB	set	1215
   166   000000                     _PORTF	set	1235
   167   000000                     _PORTE	set	1234
   168   000000                     _PORTD	set	1233
   169   000000                     _PORTC	set	1232
   170   000000                     _PORTB	set	1231
   171   002515  00                 	db	0	; dummy byte at the end
   172   000000                     
   173                           ; #config settings
   174                           
   175                           	psect	cinit
   176   00381E                     __pcinit:
   177                           	callstack 0
   178   00381E                     start_initialization:
   179                           	callstack 0
   180   00381E                     __initialization:
   181                           	callstack 0
   182                           
   183                           ; Initialize objects allocated to COMRAM (15 bytes)
   184                           ; load TBLPTR registers with __pidataCOMRAM
   185   00381E  0E44               	movlw	low __pidataCOMRAM
   186   003820  6EF6               	movwf	tblptrl,c
   187   003822  0E38               	movlw	high __pidataCOMRAM
   188   003824  6EF7               	movwf	tblptrh,c
   189   003826  0E00               	movlw	low (__pidataCOMRAM shr (0+16))
   190   003828  6EF8               	movwf	tblptru,c
   191   00382A  EE01  F121         	lfsr	0,__pdataCOMRAM
   192   00382E  EE10 F00F          	lfsr	1,15
   193   003832                     copy_data0:
   194   003832  0009               	tblrd		*+
   195   003834  C4F5 F4EE          	movff	tablat,postinc0
   196   003838  50E5               	movf	postdec1,w,c
   197   00383A  50E1               	movf	fsr1l,w,c
   198   00383C  E1FA               	bnz	copy_data0
   199   00383E                     end_of_initialization:
   200                           	callstack 0
   201   00383E                     __end_of__initialization:
   202                           	callstack 0
   203   00383E  0100               	movlb	0
   204   003840  EFE4  F01B         	goto	_main	;jump to C main() function
   205                           
   206                           	psect	dataCOMRAM
   207   000521                     __pdataCOMRAM:
   208                           	callstack 0
   209   000521                     _display2:
   210                           	callstack 0
   211   000521                     	ds	15
   212                           
   213                           	psect	cstackCOMRAM
   214   000501                     __pcstackCOMRAM:
   215                           	callstack 0
   216   000501                     set_pin_input@pin_number:
   217                           	callstack 0
   218   000501                     set_pin_output@pin_number:
   219                           	callstack 0
   220   000501                     set_pin_digital_mode@pin_number:
   221                           	callstack 0
   222   000501                     set_pin_analog_mode@pin_number:
   223                           	callstack 0
   224   000501                     set_pin_pullup@pin_number:
   225                           	callstack 0
   226   000501                     reset_pin_pullup@pin_number:
   227                           	callstack 0
   228   000501                     set_pin_st@pin_number:
   229                           	callstack 0
   230   000501                     set_pin_ttl@pin_number:
   231                           	callstack 0
   232   000501                     set_pin_sr_limited@pin_number:
   233                           	callstack 0
   234   000501                     set_pin_sr_maximum@pin_number:
   235                           	callstack 0
   236   000501                     set_pin_push_pull@pin_number:
   237                           	callstack 0
   238   000501                     set_pin_open_drain@pin_number:
   239                           	callstack 0
   240   000501                     set_pin_high@pin_number:
   241                           	callstack 0
   242   000501                     set_pin_low@pin_number:
   243                           	callstack 0
   244                           
   245                           ; 1 bytes @ 0x0
   246   000501                     	ds	1
   247   000502                     ??_set_pin_input:
   248   000502                     ??_set_pin_output:
   249   000502                     ??_set_pin_digital_mode:
   250   000502                     ??_set_pin_analog_mode:
   251   000502                     ??_set_pin_pullup:
   252   000502                     ??_reset_pin_pullup:
   253   000502                     ??_set_pin_st:
   254   000502                     ??_set_pin_ttl:
   255   000502                     ??_set_pin_sr_limited:
   256   000502                     ??_set_pin_sr_maximum:
   257   000502                     ??_set_pin_push_pull:
   258   000502                     ??_set_pin_open_drain:
   259   000502                     ??_set_pin_high:
   260   000502                     ??_set_pin_low:
   261                           
   262                           ; 1 bytes @ 0x1
   263   000502                     	ds	2
   264   000504                     set_pin_input@port_name:
   265                           	callstack 0
   266   000504                     set_pin_output@port_name:
   267                           	callstack 0
   268   000504                     set_pin_digital_mode@port_name:
   269                           	callstack 0
   270   000504                     set_pin_analog_mode@port_name:
   271                           	callstack 0
   272   000504                     set_pin_pullup@port_name:
   273                           	callstack 0
   274   000504                     reset_pin_pullup@port_name:
   275                           	callstack 0
   276   000504                     set_pin_st@port_name:
   277                           	callstack 0
   278   000504                     set_pin_ttl@port_name:
   279                           	callstack 0
   280   000504                     set_pin_sr_limited@port_name:
   281                           	callstack 0
   282   000504                     set_pin_sr_maximum@port_name:
   283                           	callstack 0
   284   000504                     set_pin_push_pull@port_name:
   285                           	callstack 0
   286   000504                     set_pin_open_drain@port_name:
   287                           	callstack 0
   288   000504                     set_pin_high@port_name:
   289                           	callstack 0
   290   000504                     set_pin_low@port_name:
   291                           	callstack 0
   292                           
   293                           ; 1 bytes @ 0x3
   294   000504                     	ds	1
   295   000505                     configure_pin@pin_number:
   296                           	callstack 0
   297   000505                     Reset_Display7Seg@d7s:
   298                           	callstack 0
   299                           
   300                           ; 2 bytes @ 0x4
   301   000505                     	ds	1
   302   000506                     configure_pin@is_input:
   303                           	callstack 0
   304                           
   305                           ; 1 bytes @ 0x5
   306   000506                     	ds	1
   307   000507                     ??_Reset_Display7Seg:
   308   000507                     configure_pin@is_digital:
   309                           	callstack 0
   310                           
   311                           ; 1 bytes @ 0x6
   312   000507                     	ds	1
   313   000508                     configure_pin@enable_pullup:
   314                           	callstack 0
   315                           
   316                           ; 1 bytes @ 0x7
   317   000508                     	ds	1
   318   000509                     configure_pin@use_ttl:
   319                           	callstack 0
   320                           
   321                           ; 1 bytes @ 0x8
   322   000509                     	ds	1
   323   00050A                     configure_pin@slew_rate_limited:
   324                           	callstack 0
   325                           
   326                           ; 1 bytes @ 0x9
   327   00050A                     	ds	1
   328   00050B                     configure_pin@use_push_pull:
   329                           	callstack 0
   330                           
   331                           ; 1 bytes @ 0xA
   332   00050B                     	ds	1
   333   00050C                     configure_pin@port_name:
   334                           	callstack 0
   335                           
   336                           ; 1 bytes @ 0xB
   337   00050C                     	ds	1
   338   00050D                     Reset_Display7Seg@i:
   339                           	callstack 0
   340                           
   341                           ; 1 bytes @ 0xC
   342   00050D                     	ds	1
   343   00050E                     Display7Seg_Init@d7s:
   344                           	callstack 0
   345   00050E                     Write_Display7seg@d7s:
   346                           	callstack 0
   347                           
   348                           ; 2 bytes @ 0xD
   349   00050E                     	ds	2
   350   000510                     ??_Display7Seg_Init:
   351   000510                     Write_Display7seg@val:
   352                           	callstack 0
   353                           
   354                           ; 1 bytes @ 0xF
   355   000510                     	ds	1
   356   000511                     ??_Write_Display7seg:
   357                           
   358                           ; 1 bytes @ 0x10
   359   000511                     	ds	5
   360   000516                     Display7Seg_Init@i:
   361                           	callstack 0
   362                           
   363                           ; 1 bytes @ 0x15
   364   000516                     	ds	1
   365   000517                     Write_Display7seg@data:
   366                           	callstack 0
   367                           
   368                           ; 1 bytes @ 0x16
   369   000517                     	ds	1
   370   000518                     Write_Display7seg@i:
   371                           	callstack 0
   372                           
   373                           ; 1 bytes @ 0x17
   374   000518                     	ds	1
   375   000519                     
   376                           ; 2 bytes @ 0x18
   377   000519                     	ds	2
   378   00051B                     
   379                           ; 3 bytes @ 0x1A
   380   00051B                     	ds	3
   381   00051E                     ??_main:
   382                           
   383                           ; 1 bytes @ 0x1D
   384   00051E                     	ds	2
   385   000520                     main@i:
   386                           	callstack 0
   387                           
   388                           ; 1 bytes @ 0x1F
   389   000520                     	ds	1
   390                           
   391 ;;
   392 ;;Main: autosize = 0, tempsize = 2, incstack = 0, save=0
   393 ;;
   394 ;; *************** function _main *****************
   395 ;; Defined at:
   396 ;;		line 24 in file "main.c"
   397 ;; Parameters:    Size  Location     Type
   398 ;;  argc            2   24[COMRAM] int 
   399 ;;  argv            3   26[COMRAM] PTR PTR unsigned char 
   400 ;; Auto vars:     Size  Location     Type
   401 ;;  i               1   31[COMRAM] unsigned char 
   402 ;; Return value:  Size  Location     Type
   403 ;;                  2   24[COMRAM] int 
   404 ;; Registers used:
   405 ;;		wreg, fsr2l, fsr2h, status,2, status,0, tblptrl, tblptrh, tblptru, prodl, prodh, cstack
   406 ;; Tracked objects:
   407 ;;		On entry : 0/0
   408 ;;		On exit  : 0/0
   409 ;;		Unchanged: 0/0
   410 ;; Data sizes:     COMRAM   BANK5   BANK6   BANK7   BANK8   BANK9  BANK10  BANK11  BANK12  BANK13  BANK14  BANK15  BANK1
      +6  BANK17  BANK18  BANK19  BANK20  BANK21  BANK22  BANK23  BANK24  BANK25  BANK26  BANK27  BANK28  BANK29  BANK30  BANK3
      +1  BANK32  BANK33  BANK34  BANK35  BANK36
   411 ;;      Params:         5       0       0       0       0       0       0       0       0       0       0       0       
      +0       0       0       0       0       0       0       0       0       0       0       0       0       0       0       
      +0       0       0       0       0       0
   412 ;;      Locals:         1       0       0       0       0       0       0       0       0       0       0       0       
      +0       0       0       0       0       0       0       0       0       0       0       0       0       0       0       
      +0       0       0       0       0       0
   413 ;;      Temps:          2       0       0       0       0       0       0       0       0       0       0       0       
      +0       0       0       0       0       0       0       0       0       0       0       0       0       0       0       
      +0       0       0       0       0       0
   414 ;;      Totals:         8       0       0       0       0       0       0       0       0       0       0       0       
      +0       0       0       0       0       0       0       0       0       0       0       0       0       0       0       
      +0       0       0       0       0       0
   415 ;;Total ram usage:        8 bytes
   416 ;; Hardware stack levels required when called: 3
   417 ;; This function calls:
   418 ;;		_Clock_Init
   419 ;;		_Display7Seg_Init
   420 ;;		_Write_Display7seg
   421 ;; This function is called by:
   422 ;;		Startup code after reset
   423 ;; This function uses a non-reentrant model
   424 ;;
   425                           
   426                           	psect	text0
   427   0037C8                     __ptext0:
   428                           	callstack 0
   429   0037C8                     _main:
   430                           	callstack 124
   431   0037C8                     
   432                           ;main.c: 26:     Clock_Init();
   433   0037C8  EC2A  F01C         	call	_Clock_Init	;wreg free
   434   0037CC                     
   435                           ;main.c: 27:     Display7Seg_Init(&display2);
   436   0037CC  0E21               	movlw	low _display2
   437   0037CE  6E0E               	movwf	Display7Seg_Init@d7s^(0+1280),c
   438   0037D0  0E05               	movlw	high _display2
   439   0037D2  6E0F               	movwf	(Display7Seg_Init@d7s+1)^(0+1280),c
   440   0037D4  EC74  F01B         	call	_Display7Seg_Init	;wreg free
   441   0037D8                     l2173:
   442                           
   443                           ;main.c: 30:     {;main.c: 31:         for(uint8_t i = 0; i < 10; ++i)
   444   0037D8  0E00               	movlw	0
   445   0037DA  6E20               	movwf	main@i^(0+1280),c
   446   0037DC                     l2179:
   447                           
   448                           ;main.c: 32:         {;main.c: 33:             Write_Display7seg(&display2, i);
   449   0037DC  0E21               	movlw	low _display2
   450   0037DE  6E0E               	movwf	Write_Display7seg@d7s^(0+1280),c
   451   0037E0  0E05               	movlw	high _display2
   452   0037E2  6E0F               	movwf	(Write_Display7seg@d7s+1)^(0+1280),c
   453   0037E4  C520  F510         	movff	main@i,Write_Display7seg@val
   454   0037E8  EC5D  F019         	call	_Write_Display7seg	;wreg free
   455   0037EC                     
   456                           ;main.c: 34:             _delay((unsigned long)((1000)*(64000000UL/4000.0)));
   457   0037EC  0E52               	movlw	82
   458   0037EE  6E1F               	movwf	(??_main+1)^(0+1280),c
   459   0037F0  0E2B               	movlw	43
   460   0037F2  6E1E               	movwf	??_main^(0+1280),c
   461   0037F4  0E00               	movlw	0
   462   0037F6                     u2057:
   463   0037F6  2EE8               	decfsz	wreg,f,c
   464   0037F8  D7FE               	bra	u2057
   465   0037FA  2E1E               	decfsz	??_main^(0+1280),f,c
   466   0037FC  D7FC               	bra	u2057
   467   0037FE  2E1F               	decfsz	(??_main+1)^(0+1280),f,c
   468   003800  D7FA               	bra	u2057
   469   003802  D000               	nop2	
   470   003804                     
   471                           ;main.c: 35:         }
   472   003804  2A20               	incf	main@i^(0+1280),f,c
   473   003806  0E09               	movlw	9
   474   003808  6420               	cpfsgt	main@i^(0+1280),c
   475   00380A  EF09  F01C         	goto	u2041
   476   00380E  EF0B  F01C         	goto	u2040
   477   003812                     u2041:
   478   003812  EFEE  F01B         	goto	l2179
   479   003816                     u2040:
   480   003816  EFEC  F01B         	goto	l2173
   481   00381A  EFFE  F0FF         	goto	start
   482   00381E                     __end_of_main:
   483                           	callstack 0
   484                           
   485 ;; *************** function _Write_Display7seg *****************
   486 ;; Defined at:
   487 ;;		line 15 in file "display7.c"
   488 ;; Parameters:    Size  Location     Type
   489 ;;  d7s             2   13[COMRAM] PTR struct .
   490 ;;		 -> display2(15), 
   491 ;;  val             1   15[COMRAM] unsigned char 
   492 ;; Auto vars:     Size  Location     Type
   493 ;;  i               1   23[COMRAM] unsigned char 
   494 ;;  data            1   22[COMRAM] unsigned char 
   495 ;; Return value:  Size  Location     Type
   496 ;;                  1    wreg      void 
   497 ;; Registers used:
   498 ;;		wreg, fsr2l, fsr2h, status,2, status,0, tblptrl, tblptrh, tblptru, prodl, prodh, cstack
   499 ;; Tracked objects:
   500 ;;		On entry : 0/0
   501 ;;		On exit  : 0/0
   502 ;;		Unchanged: 0/0
   503 ;; Data sizes:     COMRAM   BANK5   BANK6   BANK7   BANK8   BANK9  BANK10  BANK11  BANK12  BANK13  BANK14  BANK15  BANK1
      +6  BANK17  BANK18  BANK19  BANK20  BANK21  BANK22  BANK23  BANK24  BANK25  BANK26  BANK27  BANK28  BANK29  BANK30  BANK3
      +1  BANK32  BANK33  BANK34  BANK35  BANK36
   504 ;;      Params:         3       0       0       0       0       0       0       0       0       0       0       0       
      +0       0       0       0       0       0       0       0       0       0       0       0       0       0       0       
      +0       0       0       0       0       0
   505 ;;      Locals:         2       0       0       0       0       0       0       0       0       0       0       0       
      +0       0       0       0       0       0       0       0       0       0       0       0       0       0       0       
      +0       0       0       0       0       0
   506 ;;      Temps:          6       0       0       0       0       0       0       0       0       0       0       0       
      +0       0       0       0       0       0       0       0       0       0       0       0       0       0       0       
      +0       0       0       0       0       0
   507 ;;      Totals:        11       0       0       0       0       0       0       0       0       0       0       0       
      +0       0       0       0       0       0       0       0       0       0       0       0       0       0       0       
      +0       0       0       0       0       0
   508 ;;Total ram usage:       11 bytes
   509 ;; Hardware stack levels used: 1
   510 ;; Hardware stack levels required when called: 2
   511 ;; This function calls:
   512 ;;		_Reset_Display7Seg
   513 ;;		_set_pin_high
   514 ;; This function is called by:
   515 ;;		_main
   516 ;; This function uses a non-reentrant model
   517 ;;
   518                           
   519                           	psect	text1
   520   0032BA                     __ptext1:
   521                           	callstack 0
   522   0032BA                     _Write_Display7seg:
   523                           	callstack 124
   524   0032BA                     
   525                           ;display7.c: 15: void Write_Display7seg(display7seg_t* d7s, uint8_t val);display7.c: 16:
      +                           {;display7.c: 18:     if(val > 9) return;
   526   0032BA  0E09               	movlw	9
   527   0032BC  6410               	cpfsgt	Write_Display7seg@val^(0+1280),c
   528   0032BE  EF63  F019         	goto	u1981
   529   0032C2  EF65  F019         	goto	u1980
   530   0032C6                     u1981:
   531   0032C6  EF67  F019         	goto	l2145
   532   0032CA                     u1980:
   533   0032CA  EFE7  F019         	goto	l353
   534   0032CE                     l2145:
   535                           
   536                           ;display7.c: 20:     uint8_t data;;display7.c: 22:     if((d7s -> mode) == 0)
   537   0032CE  EE20 F00E          	lfsr	2,14
   538   0032D2  500E               	movf	Write_Display7seg@d7s^(0+1280),w,c
   539   0032D4  26D9               	addwf	fsr2l,f,c
   540   0032D6  500F               	movf	(Write_Display7seg@d7s+1)^(0+1280),w,c
   541   0032D8  22DA               	addwfc	fsr2h,f,c
   542   0032DA  50DF               	movf	indf2,w,c
   543   0032DC  A4D8               	btfss	status,2,c
   544   0032DE  EF73  F019         	goto	u1991
   545   0032E2  EF75  F019         	goto	u1990
   546   0032E6                     u1991:
   547   0032E6  EF83  F019         	goto	l2149
   548   0032EA                     u1990:
   549   0032EA                     
   550                           ;display7.c: 23:     {;display7.c: 24:         data = display7Seg_c[val];
   551   0032EA  5010               	movf	Write_Display7seg@val^(0+1280),w,c
   552   0032EC  0F0B               	addlw	low _display7Seg_c
   553   0032EE  6E11               	movwf	??_Write_Display7seg^(0+1280),c
   554   0032F0  C511  F4F6         	movff	??_Write_Display7seg,tblptrl
   555   0032F4                     	if	1	;There is more than 1 active tblptr byte
   556   0032F4  0E25               	movlw	high __smallconst
   557   0032F6  6EF7               	movwf	tblptrh,c
   558   0032F8                     	endif
   559   0032F8                     	if	0	;tblptru may be non-zero
   560   0032F8                     	endif
   561   0032F8                     	if	1	;Program memory is > 0xFFFF, there are 3 active tblptr bytes
   562   0032F8  0E00               	movlw	low (__smallconst shr (0+16))
   563   0032FA  6EF8               	movwf	tblptru,c
   564   0032FC                     	endif
   565   0032FC  0008               	tblrd		*
   566   0032FE  C4F5 F517          	movff	tablat,Write_Display7seg@data
   567                           
   568                           ;display7.c: 25:     }
   569   003302  EF9D  F019         	goto	l2153
   570   003306                     l2149:
   571   003306  EE20 F00E          	lfsr	2,14
   572   00330A  500E               	movf	Write_Display7seg@d7s^(0+1280),w,c
   573   00330C  26D9               	addwf	fsr2l,f,c
   574   00330E  500F               	movf	(Write_Display7seg@d7s+1)^(0+1280),w,c
   575   003310  22DA               	addwfc	fsr2h,f,c
   576   003312  04DE               	decf	postinc2,w,c
   577   003314  A4D8               	btfss	status,2,c
   578   003316  EF8F  F019         	goto	u2001
   579   00331A  EF91  F019         	goto	u2000
   580   00331E                     u2001:
   581   00331E  EFE7  F019         	goto	l353
   582   003322                     u2000:
   583   003322                     
   584                           ;display7.c: 27:     {;display7.c: 28:         data = display7Seg_a[val];
   585   003322  5010               	movf	Write_Display7seg@val^(0+1280),w,c
   586   003324  0F01               	addlw	low _display7Seg_a
   587   003326  6E11               	movwf	??_Write_Display7seg^(0+1280),c
   588   003328  C511  F4F6         	movff	??_Write_Display7seg,tblptrl
   589   00332C                     	if	1	;There is more than 1 active tblptr byte
   590   00332C  0E25               	movlw	high __smallconst
   591   00332E  6EF7               	movwf	tblptrh,c
   592   003330                     	endif
   593   003330                     	if	0	;tblptru may be non-zero
   594   003330                     	endif
   595   003330                     	if	1	;Program memory is > 0xFFFF, there are 3 active tblptr bytes
   596   003330  0E00               	movlw	low (__smallconst shr (0+16))
   597   003332  6EF8               	movwf	tblptru,c
   598   003334                     	endif
   599   003334  0008               	tblrd		*
   600   003336  C4F5 F517          	movff	tablat,Write_Display7seg@data
   601   00333A                     l2153:
   602                           
   603                           ;display7.c: 35:     Reset_Display7Seg(d7s);
   604   00333A  C50E  F505         	movff	Write_Display7seg@d7s,Reset_Display7Seg@d7s
   605   00333E  C50F  F506         	movff	Write_Display7seg@d7s+1,Reset_Display7Seg@d7s+1
   606   003342  ECB5  F01B         	call	_Reset_Display7Seg	;wreg free
   607   003346                     
   608                           ;display7.c: 37:     for(uint8_t i = 0; i < 7; ++i)
   609   003346  0E00               	movlw	0
   610   003348  6E18               	movwf	Write_Display7seg@i^(0+1280),c
   611   00334A                     l2161:
   612                           
   613                           ;display7.c: 38:     {;display7.c: 39:         if(data & (1 << i))
   614   00334A  C518  F511         	movff	Write_Display7seg@i,??_Write_Display7seg
   615   00334E  0E01               	movlw	1
   616   003350  6E12               	movwf	(??_Write_Display7seg+1)^(0+1280),c
   617   003352  2A11               	incf	??_Write_Display7seg^(0+1280),f,c
   618   003354  EFAE  F019         	goto	u2014
   619   003358                     u2015:
   620   003358  90D8               	bcf	status,0,c
   621   00335A  3612               	rlcf	(??_Write_Display7seg+1)^(0+1280),f,c
   622   00335C                     u2014:
   623   00335C  2E11               	decfsz	??_Write_Display7seg^(0+1280),f,c
   624   00335E  EFAC  F019         	goto	u2015
   625   003362  5012               	movf	(??_Write_Display7seg+1)^(0+1280),w,c
   626   003364  1417               	andwf	Write_Display7seg@data^(0+1280),w,c
   627   003366  0900               	iorlw	0
   628   003368  B4D8               	btfsc	status,2,c
   629   00336A  EFB9  F019         	goto	u2021
   630   00336E  EFBB  F019         	goto	u2020
   631   003372                     u2021:
   632   003372  EFDE  F019         	goto	l2165
   633   003376                     u2020:
   634   003376                     
   635                           ;display7.c: 40:         {;display7.c: 41:             set_pin_high((d7s -> display_pins
      +                          [i]).port, (d7s -> display_pins[i]).pin);
   636   003376  5018               	movf	Write_Display7seg@i^(0+1280),w,c
   637   003378  0D02               	mullw	2
   638   00337A  C4F3 F511          	movff	prodl,??_Write_Display7seg
   639   00337E  C4F4 F512          	movff	prodh,??_Write_Display7seg+1
   640   003382  5011               	movf	??_Write_Display7seg^(0+1280),w,c
   641   003384  240E               	addwf	Write_Display7seg@d7s^(0+1280),w,c
   642   003386  6E13               	movwf	(??_Write_Display7seg+2)^(0+1280),c
   643   003388  5012               	movf	(??_Write_Display7seg+1)^(0+1280),w,c
   644   00338A  200F               	addwfc	(Write_Display7seg@d7s+1)^(0+1280),w,c
   645   00338C  6E14               	movwf	(??_Write_Display7seg+3)^(0+1280),c
   646   00338E  0E01               	movlw	1
   647   003390  2413               	addwf	(??_Write_Display7seg+2)^(0+1280),w,c
   648   003392  6ED9               	movwf	fsr2l,c
   649   003394  0E00               	movlw	0
   650   003396  2014               	addwfc	(??_Write_Display7seg+3)^(0+1280),w,c
   651   003398  6EDA               	movwf	fsr2h,c
   652   00339A  50DF               	movf	indf2,w,c
   653   00339C  6E01               	movwf	set_pin_high@pin_number^(0+1280),c
   654   00339E  5018               	movf	Write_Display7seg@i^(0+1280),w,c
   655   0033A0  0D02               	mullw	2
   656   0033A2  C4F3 F515          	movff	prodl,??_Write_Display7seg+4
   657   0033A6  C4F4 F516          	movff	prodh,??_Write_Display7seg+5
   658   0033AA  5015               	movf	(??_Write_Display7seg+4)^(0+1280),w,c
   659   0033AC  240E               	addwf	Write_Display7seg@d7s^(0+1280),w,c
   660   0033AE  6ED9               	movwf	fsr2l,c
   661   0033B0  5016               	movf	(??_Write_Display7seg+5)^(0+1280),w,c
   662   0033B2  200F               	addwfc	(Write_Display7seg@d7s+1)^(0+1280),w,c
   663   0033B4  6EDA               	movwf	fsr2h,c
   664   0033B6  50DF               	movf	indf2,w,c
   665   0033B8  ECE8  F019         	call	_set_pin_high
   666   0033BC                     l2165:
   667                           
   668                           ;display7.c: 43:     }
   669   0033BC  2A18               	incf	Write_Display7seg@i^(0+1280),f,c
   670   0033BE  0E06               	movlw	6
   671   0033C0  6418               	cpfsgt	Write_Display7seg@i^(0+1280),c
   672   0033C2  EFE5  F019         	goto	u2031
   673   0033C6  EFE7  F019         	goto	u2030
   674   0033CA                     u2031:
   675   0033CA  EFA5  F019         	goto	l2161
   676   0033CE                     u2030:
   677   0033CE                     l353:
   678   0033CE  0012               	return		;funcret
   679   0033D0                     __end_of_Write_Display7seg:
   680                           	callstack 0
   681                           
   682 ;; *************** function _set_pin_high *****************
   683 ;; Defined at:
   684 ;;		line 361 in file "gpio.c"
   685 ;; Parameters:    Size  Location     Type
   686 ;;  port_name       1    wreg     enum E17445
   687 ;;  pin_number      1    0[COMRAM] unsigned char 
   688 ;; Auto vars:     Size  Location     Type
   689 ;;  port_name       1    3[COMRAM] enum E17445
   690 ;; Return value:  Size  Location     Type
   691 ;;                  1    wreg      void 
   692 ;; Registers used:
   693 ;;		wreg, status,2, status,0
   694 ;; Tracked objects:
   695 ;;		On entry : 0/0
   696 ;;		On exit  : 0/0
   697 ;;		Unchanged: 0/0
   698 ;; Data sizes:     COMRAM   BANK5   BANK6   BANK7   BANK8   BANK9  BANK10  BANK11  BANK12  BANK13  BANK14  BANK15  BANK1
      +6  BANK17  BANK18  BANK19  BANK20  BANK21  BANK22  BANK23  BANK24  BANK25  BANK26  BANK27  BANK28  BANK29  BANK30  BANK3
      +1  BANK32  BANK33  BANK34  BANK35  BANK36
   699 ;;      Params:         1       0       0       0       0       0       0       0       0       0       0       0       
      +0       0       0       0       0       0       0       0       0       0       0       0       0       0       0       
      +0       0       0       0       0       0
   700 ;;      Locals:         1       0       0       0       0       0       0       0       0       0       0       0       
      +0       0       0       0       0       0       0       0       0       0       0       0       0       0       0       
      +0       0       0       0       0       0
   701 ;;      Temps:          2       0       0       0       0       0       0       0       0       0       0       0       
      +0       0       0       0       0       0       0       0       0       0       0       0       0       0       0       
      +0       0       0       0       0       0
   702 ;;      Totals:         4       0       0       0       0       0       0       0       0       0       0       0       
      +0       0       0       0       0       0       0       0       0       0       0       0       0       0       0       
      +0       0       0       0       0       0
   703 ;;Total ram usage:        4 bytes
   704 ;; Hardware stack levels used: 1
   705 ;; This function calls:
   706 ;;		Nothing
   707 ;; This function is called by:
   708 ;;		_Write_Display7seg
   709 ;; This function uses a non-reentrant model
   710 ;;
   711                           
   712                           	psect	text2
   713   0033D0                     __ptext2:
   714                           	callstack 0
   715   0033D0                     _set_pin_high:
   716                           	callstack 125
   717                           
   718                           ;incstack = 0
   719                           ;set_pin_high@port_name stored from wreg
   720   0033D0  6E04               	movwf	set_pin_high@port_name^(0+1280),c
   721   0033D2                     
   722                           ;gpio.c: 361: void set_pin_high(PortName_t port_name, uint8_t pin_number);gpio.c: 362: {
      +                          ;gpio.c: 363:     switch(port_name)
   723   0033D2  EF4B  F01A         	goto	l2109
   724   0033D6                     l2095:
   725                           
   726                           ;gpio.c: 366:             LATA |= (1 << pin_number);
   727   0033D6  C501  F502         	movff	set_pin_high@pin_number,??_set_pin_high
   728   0033DA  0E01               	movlw	1
   729   0033DC  6E03               	movwf	(??_set_pin_high+1)^(0+1280),c
   730   0033DE  2A02               	incf	??_set_pin_high^(0+1280),f,c
   731   0033E0  EFF4  F019         	goto	u1904
   732   0033E4                     u1905:
   733   0033E4  90D8               	bcf	status,0,c
   734   0033E6  3603               	rlcf	(??_set_pin_high+1)^(0+1280),f,c
   735   0033E8                     u1904:
   736   0033E8  2E02               	decfsz	??_set_pin_high^(0+1280),f,c
   737   0033EA  EFF2  F019         	goto	u1905
   738   0033EE  5003               	movf	(??_set_pin_high+1)^(0+1280),w,c
   739   0033F0  12BE               	iorwf	190,f,c	;volatile
   740                           
   741                           ;gpio.c: 367:             break;
   742   0033F2  EF70  F01A         	goto	l291
   743   0033F6                     l2097:
   744                           
   745                           ;gpio.c: 369:             LATB |= (1 << pin_number);
   746   0033F6  C501  F502         	movff	set_pin_high@pin_number,??_set_pin_high
   747   0033FA  0E01               	movlw	1
   748   0033FC  6E03               	movwf	(??_set_pin_high+1)^(0+1280),c
   749   0033FE  2A02               	incf	??_set_pin_high^(0+1280),f,c
   750   003400  EF04  F01A         	goto	u1914
   751   003404                     u1915:
   752   003404  90D8               	bcf	status,0,c
   753   003406  3603               	rlcf	(??_set_pin_high+1)^(0+1280),f,c
   754   003408                     u1914:
   755   003408  2E02               	decfsz	??_set_pin_high^(0+1280),f,c
   756   00340A  EF02  F01A         	goto	u1915
   757   00340E  5003               	movf	(??_set_pin_high+1)^(0+1280),w,c
   758   003410  12BF               	iorwf	191,f,c	;volatile
   759                           
   760                           ;gpio.c: 370:             break;
   761   003412  EF70  F01A         	goto	l291
   762   003416                     l2099:
   763                           
   764                           ;gpio.c: 372:             LATC |= (1 << pin_number);
   765   003416  C501  F502         	movff	set_pin_high@pin_number,??_set_pin_high
   766   00341A  0E01               	movlw	1
   767   00341C  6E03               	movwf	(??_set_pin_high+1)^(0+1280),c
   768   00341E  2A02               	incf	??_set_pin_high^(0+1280),f,c
   769   003420  EF14  F01A         	goto	u1924
   770   003424                     u1925:
   771   003424  90D8               	bcf	status,0,c
   772   003426  3603               	rlcf	(??_set_pin_high+1)^(0+1280),f,c
   773   003428                     u1924:
   774   003428  2E02               	decfsz	??_set_pin_high^(0+1280),f,c
   775   00342A  EF12  F01A         	goto	u1925
   776   00342E  5003               	movf	(??_set_pin_high+1)^(0+1280),w,c
   777   003430  12C0               	iorwf	192,f,c	;volatile
   778                           
   779                           ;gpio.c: 373:             break;
   780   003432  EF70  F01A         	goto	l291
   781   003436                     l2101:
   782                           
   783                           ;gpio.c: 375:             LATD |= (1 << pin_number);
   784   003436  C501  F502         	movff	set_pin_high@pin_number,??_set_pin_high
   785   00343A  0E01               	movlw	1
   786   00343C  6E03               	movwf	(??_set_pin_high+1)^(0+1280),c
   787   00343E  2A02               	incf	??_set_pin_high^(0+1280),f,c
   788   003440  EF24  F01A         	goto	u1934
   789   003444                     u1935:
   790   003444  90D8               	bcf	status,0,c
   791   003446  3603               	rlcf	(??_set_pin_high+1)^(0+1280),f,c
   792   003448                     u1934:
   793   003448  2E02               	decfsz	??_set_pin_high^(0+1280),f,c
   794   00344A  EF22  F01A         	goto	u1935
   795   00344E  5003               	movf	(??_set_pin_high+1)^(0+1280),w,c
   796   003450  12C1               	iorwf	193,f,c	;volatile
   797                           
   798                           ;gpio.c: 376:             break;
   799   003452  EF70  F01A         	goto	l291
   800   003456                     l2103:
   801                           
   802                           ;gpio.c: 378:             LATE |= (1 << pin_number);
   803   003456  C501  F502         	movff	set_pin_high@pin_number,??_set_pin_high
   804   00345A  0E01               	movlw	1
   805   00345C  6E03               	movwf	(??_set_pin_high+1)^(0+1280),c
   806   00345E  2A02               	incf	??_set_pin_high^(0+1280),f,c
   807   003460  EF34  F01A         	goto	u1944
   808   003464                     u1945:
   809   003464  90D8               	bcf	status,0,c
   810   003466  3603               	rlcf	(??_set_pin_high+1)^(0+1280),f,c
   811   003468                     u1944:
   812   003468  2E02               	decfsz	??_set_pin_high^(0+1280),f,c
   813   00346A  EF32  F01A         	goto	u1945
   814   00346E  5003               	movf	(??_set_pin_high+1)^(0+1280),w,c
   815   003470  12C2               	iorwf	194,f,c	;volatile
   816                           
   817                           ;gpio.c: 379:             break;
   818   003472  EF70  F01A         	goto	l291
   819   003476                     l2105:
   820                           
   821                           ;gpio.c: 381:             LATF |= (1 << pin_number);
   822   003476  C501  F502         	movff	set_pin_high@pin_number,??_set_pin_high
   823   00347A  0E01               	movlw	1
   824   00347C  6E03               	movwf	(??_set_pin_high+1)^(0+1280),c
   825   00347E  2A02               	incf	??_set_pin_high^(0+1280),f,c
   826   003480  EF44  F01A         	goto	u1954
   827   003484                     u1955:
   828   003484  90D8               	bcf	status,0,c
   829   003486  3603               	rlcf	(??_set_pin_high+1)^(0+1280),f,c
   830   003488                     u1954:
   831   003488  2E02               	decfsz	??_set_pin_high^(0+1280),f,c
   832   00348A  EF42  F01A         	goto	u1955
   833   00348E  5003               	movf	(??_set_pin_high+1)^(0+1280),w,c
   834   003490  12C3               	iorwf	195,f,c	;volatile
   835                           
   836                           ;gpio.c: 382:             break;
   837   003492  EF70  F01A         	goto	l291
   838   003496                     l2109:
   839   003496  5004               	movf	set_pin_high@port_name^(0+1280),w,c
   840   003498  6E02               	movwf	??_set_pin_high^(0+1280),c
   841   00349A  6A03               	clrf	(??_set_pin_high+1)^(0+1280),c
   842                           
   843                           ; Switch on 2 bytes has been partitioned into a top level switch of size 1, and 1 sub-sw
      +                          itches
   844                           ; Switch size 1, requested type "simple"
   845                           ; Number of cases is 1, Range of values is 0 to 0
   846                           ; switch strategies available:
   847                           ; Name         Instructions Cycles
   848                           ; simple_byte            4     3 (average)
   849                           ;	Chosen strategy is simple_byte
   850   00349C  5003               	movf	(??_set_pin_high+1)^(0+1280),w,c
   851   00349E  0A00               	xorlw	0	; case 0
   852   0034A0  B4D8               	btfsc	status,2,c
   853   0034A2  EF55  F01A         	goto	l2467
   854   0034A6  EF70  F01A         	goto	l291
   855   0034AA                     l2467:
   856                           
   857                           ; Switch size 1, requested type "simple"
   858                           ; Number of cases is 6, Range of values is 65 to 70
   859                           ; switch strategies available:
   860                           ; Name         Instructions Cycles
   861                           ; simple_byte           19    10 (average)
   862                           ;	Chosen strategy is simple_byte
   863   0034AA  5002               	movf	??_set_pin_high^(0+1280),w,c
   864   0034AC  0A41               	xorlw	65	; case 65
   865   0034AE  B4D8               	btfsc	status,2,c
   866   0034B0  EFEB  F019         	goto	l2095
   867   0034B4  0A03               	xorlw	3	; case 66
   868   0034B6  B4D8               	btfsc	status,2,c
   869   0034B8  EFFB  F019         	goto	l2097
   870   0034BC  0A01               	xorlw	1	; case 67
   871   0034BE  B4D8               	btfsc	status,2,c
   872   0034C0  EF0B  F01A         	goto	l2099
   873   0034C4  0A07               	xorlw	7	; case 68
   874   0034C6  B4D8               	btfsc	status,2,c
   875   0034C8  EF1B  F01A         	goto	l2101
   876   0034CC  0A01               	xorlw	1	; case 69
   877   0034CE  B4D8               	btfsc	status,2,c
   878   0034D0  EF2B  F01A         	goto	l2103
   879   0034D4  0A03               	xorlw	3	; case 70
   880   0034D6  B4D8               	btfsc	status,2,c
   881   0034D8  EF3B  F01A         	goto	l2105
   882   0034DC  EF70  F01A         	goto	l291
   883   0034E0                     l291:
   884   0034E0  0012               	return		;funcret
   885   0034E2                     __end_of_set_pin_high:
   886                           	callstack 0
   887                           
   888 ;; *************** function _Display7Seg_Init *****************
   889 ;; Defined at:
   890 ;;		line 3 in file "display7.c"
   891 ;; Parameters:    Size  Location     Type
   892 ;;  d7s             2   13[COMRAM] PTR struct .
   893 ;;		 -> display2(15), 
   894 ;; Auto vars:     Size  Location     Type
   895 ;;  i               1   21[COMRAM] unsigned char 
   896 ;; Return value:  Size  Location     Type
   897 ;;                  1    wreg      void 
   898 ;; Registers used:
   899 ;;		wreg, fsr2l, fsr2h, status,2, status,0, prodl, prodh, cstack
   900 ;; Tracked objects:
   901 ;;		On entry : 0/0
   902 ;;		On exit  : 0/0
   903 ;;		Unchanged: 0/0
   904 ;; Data sizes:     COMRAM   BANK5   BANK6   BANK7   BANK8   BANK9  BANK10  BANK11  BANK12  BANK13  BANK14  BANK15  BANK1
      +6  BANK17  BANK18  BANK19  BANK20  BANK21  BANK22  BANK23  BANK24  BANK25  BANK26  BANK27  BANK28  BANK29  BANK30  BANK3
      +1  BANK32  BANK33  BANK34  BANK35  BANK36
   905 ;;      Params:         2       0       0       0       0       0       0       0       0       0       0       0       
      +0       0       0       0       0       0       0       0       0       0       0       0       0       0       0       
      +0       0       0       0       0       0
   906 ;;      Locals:         1       0       0       0       0       0       0       0       0       0       0       0       
      +0       0       0       0       0       0       0       0       0       0       0       0       0       0       0       
      +0       0       0       0       0       0
   907 ;;      Temps:          6       0       0       0       0       0       0       0       0       0       0       0       
      +0       0       0       0       0       0       0       0       0       0       0       0       0       0       0       
      +0       0       0       0       0       0
   908 ;;      Totals:         9       0       0       0       0       0       0       0       0       0       0       0       
      +0       0       0       0       0       0       0       0       0       0       0       0       0       0       0       
      +0       0       0       0       0       0
   909 ;;Total ram usage:        9 bytes
   910 ;; Hardware stack levels used: 1
   911 ;; Hardware stack levels required when called: 2
   912 ;; This function calls:
   913 ;;		_Reset_Display7Seg
   914 ;;		_configure_pin
   915 ;; This function is called by:
   916 ;;		_main
   917 ;; This function uses a non-reentrant model
   918 ;;
   919                           
   920                           	psect	text3
   921   0036E8                     __ptext3:
   922                           	callstack 0
   923   0036E8                     _Display7Seg_Init:
   924                           	callstack 124
   925   0036E8                     
   926                           ;display7.c: 3: void Display7Seg_Init(display7seg_t* d7s);display7.c: 4: {;display7.c: 7
      +                          :     for(uint8_t i = 0; i < 7; ++i)
   927   0036E8  0E00               	movlw	0
   928   0036EA  6E16               	movwf	Display7Seg_Init@i^(0+1280),c
   929   0036EC                     l2133:
   930                           
   931                           ;display7.c: 8:     {;display7.c: 9:         configure_pin((d7s -> display_pins[i]).port
      +                          , (d7s -> display_pins[i]).pin, 0, 1, 0, 1, 1, 1);
   932   0036EC  5016               	movf	Display7Seg_Init@i^(0+1280),w,c
   933   0036EE  0D02               	mullw	2
   934   0036F0  C4F3 F510          	movff	prodl,??_Display7Seg_Init
   935   0036F4  C4F4 F511          	movff	prodh,??_Display7Seg_Init+1
   936   0036F8  5010               	movf	??_Display7Seg_Init^(0+1280),w,c
   937   0036FA  240E               	addwf	Display7Seg_Init@d7s^(0+1280),w,c
   938   0036FC  6E12               	movwf	(??_Display7Seg_Init+2)^(0+1280),c
   939   0036FE  5011               	movf	(??_Display7Seg_Init+1)^(0+1280),w,c
   940   003700  200F               	addwfc	(Display7Seg_Init@d7s+1)^(0+1280),w,c
   941   003702  6E13               	movwf	(??_Display7Seg_Init+3)^(0+1280),c
   942   003704  0E01               	movlw	1
   943   003706  2412               	addwf	(??_Display7Seg_Init+2)^(0+1280),w,c
   944   003708  6ED9               	movwf	fsr2l,c
   945   00370A  0E00               	movlw	0
   946   00370C  2013               	addwfc	(??_Display7Seg_Init+3)^(0+1280),w,c
   947   00370E  6EDA               	movwf	fsr2h,c
   948   003710  50DF               	movf	indf2,w,c
   949   003712  6E05               	movwf	configure_pin@pin_number^(0+1280),c
   950   003714  0E00               	movlw	0
   951   003716  6E06               	movwf	configure_pin@is_input^(0+1280),c
   952   003718  0E01               	movlw	1
   953   00371A  6E07               	movwf	configure_pin@is_digital^(0+1280),c
   954   00371C  0E00               	movlw	0
   955   00371E  6E08               	movwf	configure_pin@enable_pullup^(0+1280),c
   956   003720  0E01               	movlw	1
   957   003722  6E09               	movwf	configure_pin@use_ttl^(0+1280),c
   958   003724  0E01               	movlw	1
   959   003726  6E0A               	movwf	configure_pin@slew_rate_limited^(0+1280),c
   960   003728  0E01               	movlw	1
   961   00372A  6E0B               	movwf	configure_pin@use_push_pull^(0+1280),c
   962   00372C  5016               	movf	Display7Seg_Init@i^(0+1280),w,c
   963   00372E  0D02               	mullw	2
   964   003730  C4F3 F514          	movff	prodl,??_Display7Seg_Init+4
   965   003734  C4F4 F515          	movff	prodh,??_Display7Seg_Init+5
   966   003738  5014               	movf	(??_Display7Seg_Init+4)^(0+1280),w,c
   967   00373A  240E               	addwf	Display7Seg_Init@d7s^(0+1280),w,c
   968   00373C  6ED9               	movwf	fsr2l,c
   969   00373E  5015               	movf	(??_Display7Seg_Init+5)^(0+1280),w,c
   970   003740  200F               	addwfc	(Display7Seg_Init@d7s+1)^(0+1280),w,c
   971   003742  6EDA               	movwf	fsr2h,c
   972   003744  50DF               	movf	indf2,w,c
   973   003746  ECFA  F01A         	call	_configure_pin
   974   00374A                     
   975                           ;display7.c: 10:     }
   976   00374A  2A16               	incf	Display7Seg_Init@i^(0+1280),f,c
   977   00374C  0E06               	movlw	6
   978   00374E  6416               	cpfsgt	Display7Seg_Init@i^(0+1280),c
   979   003750  EFAC  F01B         	goto	u1971
   980   003754  EFAE  F01B         	goto	u1970
   981   003758                     u1971:
   982   003758  EF76  F01B         	goto	l2133
   983   00375C                     u1970:
   984   00375C                     
   985                           ;display7.c: 12:     Reset_Display7Seg(d7s);
   986   00375C  C50E  F505         	movff	Display7Seg_Init@d7s,Reset_Display7Seg@d7s
   987   003760  C50F  F506         	movff	Display7Seg_Init@d7s+1,Reset_Display7Seg@d7s+1
   988   003764  ECB5  F01B         	call	_Reset_Display7Seg	;wreg free
   989   003768  0012               	return		;funcret
   990   00376A                     __end_of_Display7Seg_Init:
   991                           	callstack 0
   992                           
   993 ;; *************** function _configure_pin *****************
   994 ;; Defined at:
   995 ;;		line 325 in file "gpio.c"
   996 ;; Parameters:    Size  Location     Type
   997 ;;  port_name       1    wreg     enum E17445
   998 ;;  pin_number      1    4[COMRAM] unsigned char 
   999 ;;  is_input        1    5[COMRAM] _Bool 
  1000 ;;  is_digital      1    6[COMRAM] _Bool 
  1001 ;;  enable_pullu    1    7[COMRAM] _Bool 
  1002 ;;  use_ttl         1    8[COMRAM] _Bool 
  1003 ;;  slew_rate_li    1    9[COMRAM] _Bool 
  1004 ;;  use_push_pul    1   10[COMRAM] _Bool 
  1005 ;; Auto vars:     Size  Location     Type
  1006 ;;  port_name       1   11[COMRAM] enum E17445
  1007 ;; Return value:  Size  Location     Type
  1008 ;;                  1    wreg      void 
  1009 ;; Registers used:
  1010 ;;		wreg, status,2, status,0, cstack
  1011 ;; Tracked objects:
  1012 ;;		On entry : 0/0
  1013 ;;		On exit  : 0/0
  1014 ;;		Unchanged: 0/0
  1015 ;; Data sizes:     COMRAM   BANK5   BANK6   BANK7   BANK8   BANK9  BANK10  BANK11  BANK12  BANK13  BANK14  BANK15  BANK1
      +6  BANK17  BANK18  BANK19  BANK20  BANK21  BANK22  BANK23  BANK24  BANK25  BANK26  BANK27  BANK28  BANK29  BANK30  BANK3
      +1  BANK32  BANK33  BANK34  BANK35  BANK36
  1016 ;;      Params:         7       0       0       0       0       0       0       0       0       0       0       0       
      +0       0       0       0       0       0       0       0       0       0       0       0       0       0       0       
      +0       0       0       0       0       0
  1017 ;;      Locals:         1       0       0       0       0       0       0       0       0       0       0       0       
      +0       0       0       0       0       0       0       0       0       0       0       0       0       0       0       
      +0       0       0       0       0       0
  1018 ;;      Temps:          0       0       0       0       0       0       0       0       0       0       0       0       
      +0       0       0       0       0       0       0       0       0       0       0       0       0       0       0       
      +0       0       0       0       0       0
  1019 ;;      Totals:         8       0       0       0       0       0       0       0       0       0       0       0       
      +0       0       0       0       0       0       0       0       0       0       0       0       0       0       0       
      +0       0       0       0       0       0
  1020 ;;Total ram usage:        8 bytes
  1021 ;; Hardware stack levels used: 1
  1022 ;; Hardware stack levels required when called: 1
  1023 ;; This function calls:
  1024 ;;		_reset_pin_pullup
  1025 ;;		_set_pin_analog_mode
  1026 ;;		_set_pin_digital_mode
  1027 ;;		_set_pin_input
  1028 ;;		_set_pin_open_drain
  1029 ;;		_set_pin_output
  1030 ;;		_set_pin_pullup
  1031 ;;		_set_pin_push_pull
  1032 ;;		_set_pin_sr_limited
  1033 ;;		_set_pin_sr_maximum
  1034 ;;		_set_pin_st
  1035 ;;		_set_pin_ttl
  1036 ;; This function is called by:
  1037 ;;		_Display7Seg_Init
  1038 ;; This function uses a non-reentrant model
  1039 ;;
  1040                           
  1041                           	psect	text4
  1042   0035F4                     __ptext4:
  1043                           	callstack 0
  1044   0035F4                     _configure_pin:
  1045                           	callstack 124
  1046                           
  1047                           ;incstack = 0
  1048                           ;configure_pin@port_name stored from wreg
  1049   0035F4  6E0C               	movwf	configure_pin@port_name^(0+1280),c
  1050   0035F6                     
  1051                           ;gpio.c: 325: void configure_pin(PortName_t port_name, uint8_t pin_number, _Bool is_inpu
      +                          t,;gpio.c: 326:                    _Bool is_digital, _Bool enable_pullup, _Bool use_ttl,
      +                           _Bool slew_rate_limited,;gpio.c: 327:                    _Bool use_push_pull);gpio.c: 3
      +                          28: {;gpio.c: 329:     if(is_input)
  1052   0035F6  5006               	movf	configure_pin@is_input^(0+1280),w,c
  1053   0035F8  B4D8               	btfsc	status,2,c
  1054   0035FA  EF01  F01B         	goto	u1841
  1055   0035FE  EF03  F01B         	goto	u1840
  1056   003602                     u1841:
  1057   003602  EF0A  F01B         	goto	l2061
  1058   003606                     u1840:
  1059   003606                     
  1060                           ;gpio.c: 330:         set_pin_input(port_name, pin_number);
  1061   003606  C505  F501         	movff	configure_pin@pin_number,set_pin_input@pin_number
  1062   00360A  500C               	movf	configure_pin@port_name^(0+1280),w,c
  1063   00360C  EC71  F01A         	call	_set_pin_input
  1064   003610  EF0F  F01B         	goto	l2063
  1065   003614                     l2061:
  1066                           
  1067                           ;gpio.c: 332:         set_pin_output(port_name, pin_number);
  1068   003614  C505  F501         	movff	configure_pin@pin_number,set_pin_output@pin_number
  1069   003618  500C               	movf	configure_pin@port_name^(0+1280),w,c
  1070   00361A  EC21  F017         	call	_set_pin_output
  1071   00361E                     l2063:
  1072                           
  1073                           ;gpio.c: 334:     if(is_digital)
  1074   00361E  5007               	movf	configure_pin@is_digital^(0+1280),w,c
  1075   003620  B4D8               	btfsc	status,2,c
  1076   003622  EF15  F01B         	goto	u1851
  1077   003626  EF17  F01B         	goto	u1850
  1078   00362A                     u1851:
  1079   00362A  EF1E  F01B         	goto	l2067
  1080   00362E                     u1850:
  1081   00362E                     
  1082                           ;gpio.c: 335:         set_pin_digital_mode(port_name, pin_number);
  1083   00362E  C505  F501         	movff	configure_pin@pin_number,set_pin_digital_mode@pin_number
  1084   003632  500C               	movf	configure_pin@port_name^(0+1280),w,c
  1085   003634  EC4A  F014         	call	_set_pin_digital_mode
  1086   003638  EF23  F01B         	goto	l2069
  1087   00363C                     l2067:
  1088                           
  1089                           ;gpio.c: 337:         set_pin_analog_mode(port_name, pin_number);
  1090   00363C  C505  F501         	movff	configure_pin@pin_number,set_pin_analog_mode@pin_number
  1091   003640  500C               	movf	configure_pin@port_name^(0+1280),w,c
  1092   003642  EC3F  F018         	call	_set_pin_analog_mode
  1093   003646                     l2069:
  1094                           
  1095                           ;gpio.c: 339:     if(enable_pullup)
  1096   003646  5008               	movf	configure_pin@enable_pullup^(0+1280),w,c
  1097   003648  B4D8               	btfsc	status,2,c
  1098   00364A  EF29  F01B         	goto	u1861
  1099   00364E  EF2B  F01B         	goto	u1860
  1100   003652                     u1861:
  1101   003652  EF32  F01B         	goto	l2073
  1102   003656                     u1860:
  1103   003656                     
  1104                           ;gpio.c: 340:         set_pin_pullup(port_name, pin_number);
  1105   003656  C505  F501         	movff	configure_pin@pin_number,set_pin_pullup@pin_number
  1106   00365A  500C               	movf	configure_pin@port_name^(0+1280),w,c
  1107   00365C  EC92  F016         	call	_set_pin_pullup
  1108   003660  EF37  F01B         	goto	l2075
  1109   003664                     l2073:
  1110                           
  1111                           ;gpio.c: 342:         reset_pin_pullup(port_name, pin_number);
  1112   003664  C505  F501         	movff	configure_pin@pin_number,reset_pin_pullup@pin_number
  1113   003668  500C               	movf	configure_pin@port_name^(0+1280),w,c
  1114   00366A  ECDF  F014         	call	_reset_pin_pullup
  1115   00366E                     l2075:
  1116                           
  1117                           ;gpio.c: 344:     if(use_ttl)
  1118   00366E  5009               	movf	configure_pin@use_ttl^(0+1280),w,c
  1119   003670  B4D8               	btfsc	status,2,c
  1120   003672  EF3D  F01B         	goto	u1871
  1121   003676  EF3F  F01B         	goto	u1870
  1122   00367A                     u1871:
  1123   00367A  EF46  F01B         	goto	l2079
  1124   00367E                     u1870:
  1125   00367E                     
  1126                           ;gpio.c: 345:         set_pin_ttl(port_name, pin_number);
  1127   00367E  C505  F501         	movff	configure_pin@pin_number,set_pin_ttl@pin_number
  1128   003682  500C               	movf	configure_pin@port_name^(0+1280),w,c
  1129   003684  EC8B  F012         	call	_set_pin_ttl
  1130   003688  EF4B  F01B         	goto	l2081
  1131   00368C                     l2079:
  1132                           
  1133                           ;gpio.c: 347:         set_pin_st(port_name, pin_number);
  1134   00368C  C505  F501         	movff	configure_pin@pin_number,set_pin_st@pin_number
  1135   003690  500C               	movf	configure_pin@port_name^(0+1280),w,c
  1136   003692  EC74  F015         	call	_set_pin_st
  1137   003696                     l2081:
  1138                           
  1139                           ;gpio.c: 349:     if(slew_rate_limited)
  1140   003696  500A               	movf	configure_pin@slew_rate_limited^(0+1280),w,c
  1141   003698  B4D8               	btfsc	status,2,c
  1142   00369A  EF51  F01B         	goto	u1881
  1143   00369E  EF53  F01B         	goto	u1880
  1144   0036A2                     u1881:
  1145   0036A2  EF5A  F01B         	goto	l2085
  1146   0036A6                     u1880:
  1147   0036A6                     
  1148                           ;gpio.c: 350:         set_pin_sr_limited(port_name, pin_number);
  1149   0036A6  C505  F501         	movff	configure_pin@pin_number,set_pin_sr_limited@pin_number
  1150   0036AA  500C               	movf	configure_pin@port_name^(0+1280),w,c
  1151   0036AC  EC03  F016         	call	_set_pin_sr_limited
  1152   0036B0  EF5F  F01B         	goto	l2087
  1153   0036B4                     l2085:
  1154                           
  1155                           ;gpio.c: 352:         set_pin_sr_maximum(port_name, pin_number);
  1156   0036B4  C505  F501         	movff	configure_pin@pin_number,set_pin_sr_maximum@pin_number
  1157   0036B8  500C               	movf	configure_pin@port_name^(0+1280),w,c
  1158   0036BA  EC20  F013         	call	_set_pin_sr_maximum
  1159   0036BE                     l2087:
  1160                           
  1161                           ;gpio.c: 354:     if(use_push_pull)
  1162   0036BE  500B               	movf	configure_pin@use_push_pull^(0+1280),w,c
  1163   0036C0  B4D8               	btfsc	status,2,c
  1164   0036C2  EF65  F01B         	goto	u1891
  1165   0036C6  EF67  F01B         	goto	u1890
  1166   0036CA                     u1891:
  1167   0036CA  EF6E  F01B         	goto	l2091
  1168   0036CE                     u1890:
  1169   0036CE                     
  1170                           ;gpio.c: 355:         set_pin_push_pull(port_name, pin_number);
  1171   0036CE  C505  F501         	movff	configure_pin@pin_number,set_pin_push_pull@pin_number
  1172   0036D2  500C               	movf	configure_pin@port_name^(0+1280),w,c
  1173   0036D4  ECB5  F013         	call	_set_pin_push_pull
  1174   0036D8  EF73  F01B         	goto	l279
  1175   0036DC                     l2091:
  1176                           
  1177                           ;gpio.c: 357:         set_pin_open_drain(port_name, pin_number);
  1178   0036DC  C505  F501         	movff	configure_pin@pin_number,set_pin_open_drain@pin_number
  1179   0036E0  500C               	movf	configure_pin@port_name^(0+1280),w,c
  1180   0036E2  ECB0  F017         	call	_set_pin_open_drain
  1181   0036E6                     l279:
  1182   0036E6  0012               	return		;funcret
  1183   0036E8                     __end_of_configure_pin:
  1184                           	callstack 0
  1185                           
  1186 ;; *************** function _set_pin_ttl *****************
  1187 ;; Defined at:
  1188 ;;		line 191 in file "gpio.c"
  1189 ;; Parameters:    Size  Location     Type
  1190 ;;  port_name       1    wreg     enum E17445
  1191 ;;  pin_number      1    0[COMRAM] unsigned char 
  1192 ;; Auto vars:     Size  Location     Type
  1193 ;;  port_name       1    3[COMRAM] enum E17445
  1194 ;; Return value:  Size  Location     Type
  1195 ;;                  1    wreg      void 
  1196 ;; Registers used:
  1197 ;;		wreg, status,2, status,0
  1198 ;; Tracked objects:
  1199 ;;		On entry : 0/0
  1200 ;;		On exit  : 0/0
  1201 ;;		Unchanged: 0/0
  1202 ;; Data sizes:     COMRAM   BANK5   BANK6   BANK7   BANK8   BANK9  BANK10  BANK11  BANK12  BANK13  BANK14  BANK15  BANK1
      +6  BANK17  BANK18  BANK19  BANK20  BANK21  BANK22  BANK23  BANK24  BANK25  BANK26  BANK27  BANK28  BANK29  BANK30  BANK3
      +1  BANK32  BANK33  BANK34  BANK35  BANK36
  1203 ;;      Params:         1       0       0       0       0       0       0       0       0       0       0       0       
      +0       0       0       0       0       0       0       0       0       0       0       0       0       0       0       
      +0       0       0       0       0       0
  1204 ;;      Locals:         1       0       0       0       0       0       0       0       0       0       0       0       
      +0       0       0       0       0       0       0       0       0       0       0       0       0       0       0       
      +0       0       0       0       0       0
  1205 ;;      Temps:          2       0       0       0       0       0       0       0       0       0       0       0       
      +0       0       0       0       0       0       0       0       0       0       0       0       0       0       0       
      +0       0       0       0       0       0
  1206 ;;      Totals:         4       0       0       0       0       0       0       0       0       0       0       0       
      +0       0       0       0       0       0       0       0       0       0       0       0       0       0       0       
      +0       0       0       0       0       0
  1207 ;;Total ram usage:        4 bytes
  1208 ;; Hardware stack levels used: 1
  1209 ;; This function calls:
  1210 ;;		Nothing
  1211 ;; This function is called by:
  1212 ;;		_configure_pin
  1213 ;; This function uses a non-reentrant model
  1214 ;;
  1215                           
  1216                           	psect	text5
  1217   002516                     __ptext5:
  1218                           	callstack 0
  1219   002516                     _set_pin_ttl:
  1220                           	callstack 124
  1221                           
  1222                           ;incstack = 0
  1223                           ;set_pin_ttl@port_name stored from wreg
  1224   002516  6E04               	movwf	set_pin_ttl@port_name^(0+1280),c
  1225   002518                     
  1226                           ;gpio.c: 191: void set_pin_ttl(PortName_t port_name, uint8_t pin_number);gpio.c: 192: {;
      +                          gpio.c: 193:     switch(port_name)
  1227   002518  EFFA  F012         	goto	l1941
  1228   00251C                     l1927:
  1229                           
  1230                           ;gpio.c: 196:             INLVLA &= ~(1 << pin_number);
  1231   00251C  C501  F502         	movff	set_pin_ttl@pin_number,??_set_pin_ttl
  1232   002520  0E01               	movlw	1
  1233   002522  6E03               	movwf	(??_set_pin_ttl+1)^(0+1280),c
  1234   002524  2A02               	incf	??_set_pin_ttl^(0+1280),f,c
  1235   002526  EF97  F012         	goto	u1484
  1236   00252A                     u1485:
  1237   00252A  90D8               	bcf	status,0,c
  1238   00252C  3603               	rlcf	(??_set_pin_ttl+1)^(0+1280),f,c
  1239   00252E                     u1484:
  1240   00252E  2E02               	decfsz	??_set_pin_ttl^(0+1280),f,c
  1241   002530  EF95  F012         	goto	u1485
  1242   002534  5003               	movf	(??_set_pin_ttl+1)^(0+1280),w,c
  1243   002536  0AFF               	xorlw	255
  1244   002538  0104               	movlb	4	; () banked
  1245   00253A  1704               	andwf	4,f,b	;volatile
  1246                           
  1247                           ;gpio.c: 197:             break;
  1248   00253C  EF1F  F013         	goto	l216
  1249   002540                     l1929:
  1250                           
  1251                           ;gpio.c: 199:             INLVLB &= ~(1 << pin_number);
  1252   002540  C501  F502         	movff	set_pin_ttl@pin_number,??_set_pin_ttl
  1253   002544  0E01               	movlw	1
  1254   002546  6E03               	movwf	(??_set_pin_ttl+1)^(0+1280),c
  1255   002548  2A02               	incf	??_set_pin_ttl^(0+1280),f,c
  1256   00254A  EFA9  F012         	goto	u1494
  1257   00254E                     u1495:
  1258   00254E  90D8               	bcf	status,0,c
  1259   002550  3603               	rlcf	(??_set_pin_ttl+1)^(0+1280),f,c
  1260   002552                     u1494:
  1261   002552  2E02               	decfsz	??_set_pin_ttl^(0+1280),f,c
  1262   002554  EFA7  F012         	goto	u1495
  1263   002558  5003               	movf	(??_set_pin_ttl+1)^(0+1280),w,c
  1264   00255A  0AFF               	xorlw	255
  1265   00255C  0104               	movlb	4	; () banked
  1266   00255E  170C               	andwf	12,f,b	;volatile
  1267                           
  1268                           ;gpio.c: 200:             break;
  1269   002560  EF1F  F013         	goto	l216
  1270   002564                     l1931:
  1271                           
  1272                           ;gpio.c: 202:             INLVLC &= ~(1 << pin_number);
  1273   002564  C501  F502         	movff	set_pin_ttl@pin_number,??_set_pin_ttl
  1274   002568  0E01               	movlw	1
  1275   00256A  6E03               	movwf	(??_set_pin_ttl+1)^(0+1280),c
  1276   00256C  2A02               	incf	??_set_pin_ttl^(0+1280),f,c
  1277   00256E  EFBB  F012         	goto	u1504
  1278   002572                     u1505:
  1279   002572  90D8               	bcf	status,0,c
  1280   002574  3603               	rlcf	(??_set_pin_ttl+1)^(0+1280),f,c
  1281   002576                     u1504:
  1282   002576  2E02               	decfsz	??_set_pin_ttl^(0+1280),f,c
  1283   002578  EFB9  F012         	goto	u1505
  1284   00257C  5003               	movf	(??_set_pin_ttl+1)^(0+1280),w,c
  1285   00257E  0AFF               	xorlw	255
  1286   002580  0104               	movlb	4	; () banked
  1287   002582  1714               	andwf	20,f,b	;volatile
  1288                           
  1289                           ;gpio.c: 203:             break;
  1290   002584  EF1F  F013         	goto	l216
  1291   002588                     l1933:
  1292                           
  1293                           ;gpio.c: 205:             INLVLD &= ~(1 << pin_number);
  1294   002588  C501  F502         	movff	set_pin_ttl@pin_number,??_set_pin_ttl
  1295   00258C  0E01               	movlw	1
  1296   00258E  6E03               	movwf	(??_set_pin_ttl+1)^(0+1280),c
  1297   002590  2A02               	incf	??_set_pin_ttl^(0+1280),f,c
  1298   002592  EFCD  F012         	goto	u1514
  1299   002596                     u1515:
  1300   002596  90D8               	bcf	status,0,c
  1301   002598  3603               	rlcf	(??_set_pin_ttl+1)^(0+1280),f,c
  1302   00259A                     u1514:
  1303   00259A  2E02               	decfsz	??_set_pin_ttl^(0+1280),f,c
  1304   00259C  EFCB  F012         	goto	u1515
  1305   0025A0  5003               	movf	(??_set_pin_ttl+1)^(0+1280),w,c
  1306   0025A2  0AFF               	xorlw	255
  1307   0025A4  0104               	movlb	4	; () banked
  1308   0025A6  171C               	andwf	28,f,b	;volatile
  1309                           
  1310                           ;gpio.c: 206:             break;
  1311   0025A8  EF1F  F013         	goto	l216
  1312   0025AC                     l1935:
  1313                           
  1314                           ;gpio.c: 208:             INLVLE &= ~(1 << pin_number);
  1315   0025AC  C501  F502         	movff	set_pin_ttl@pin_number,??_set_pin_ttl
  1316   0025B0  0E01               	movlw	1
  1317   0025B2  6E03               	movwf	(??_set_pin_ttl+1)^(0+1280),c
  1318   0025B4  2A02               	incf	??_set_pin_ttl^(0+1280),f,c
  1319   0025B6  EFDF  F012         	goto	u1524
  1320   0025BA                     u1525:
  1321   0025BA  90D8               	bcf	status,0,c
  1322   0025BC  3603               	rlcf	(??_set_pin_ttl+1)^(0+1280),f,c
  1323   0025BE                     u1524:
  1324   0025BE  2E02               	decfsz	??_set_pin_ttl^(0+1280),f,c
  1325   0025C0  EFDD  F012         	goto	u1525
  1326   0025C4  5003               	movf	(??_set_pin_ttl+1)^(0+1280),w,c
  1327   0025C6  0AFF               	xorlw	255
  1328   0025C8  0104               	movlb	4	; () banked
  1329   0025CA  1724               	andwf	36,f,b	;volatile
  1330                           
  1331                           ;gpio.c: 209:             break;
  1332   0025CC  EF1F  F013         	goto	l216
  1333   0025D0                     l1937:
  1334                           
  1335                           ;gpio.c: 211:             INLVLF &= ~(1 << pin_number);
  1336   0025D0  C501  F502         	movff	set_pin_ttl@pin_number,??_set_pin_ttl
  1337   0025D4  0E01               	movlw	1
  1338   0025D6  6E03               	movwf	(??_set_pin_ttl+1)^(0+1280),c
  1339   0025D8  2A02               	incf	??_set_pin_ttl^(0+1280),f,c
  1340   0025DA  EFF1  F012         	goto	u1534
  1341   0025DE                     u1535:
  1342   0025DE  90D8               	bcf	status,0,c
  1343   0025E0  3603               	rlcf	(??_set_pin_ttl+1)^(0+1280),f,c
  1344   0025E2                     u1534:
  1345   0025E2  2E02               	decfsz	??_set_pin_ttl^(0+1280),f,c
  1346   0025E4  EFEF  F012         	goto	u1535
  1347   0025E8  5003               	movf	(??_set_pin_ttl+1)^(0+1280),w,c
  1348   0025EA  0AFF               	xorlw	255
  1349   0025EC  0104               	movlb	4	; () banked
  1350   0025EE  172C               	andwf	44,f,b	;volatile
  1351                           
  1352                           ;gpio.c: 212:             break;
  1353   0025F0  EF1F  F013         	goto	l216
  1354   0025F4                     l1941:
  1355   0025F4  5004               	movf	set_pin_ttl@port_name^(0+1280),w,c
  1356   0025F6  6E02               	movwf	??_set_pin_ttl^(0+1280),c
  1357   0025F8  6A03               	clrf	(??_set_pin_ttl+1)^(0+1280),c
  1358                           
  1359                           ; Switch on 2 bytes has been partitioned into a top level switch of size 1, and 1 sub-sw
      +                          itches
  1360                           ; Switch size 1, requested type "simple"
  1361                           ; Number of cases is 1, Range of values is 0 to 0
  1362                           ; switch strategies available:
  1363                           ; Name         Instructions Cycles
  1364                           ; simple_byte            4     3 (average)
  1365                           ;	Chosen strategy is simple_byte
  1366   0025FA  5003               	movf	(??_set_pin_ttl+1)^(0+1280),w,c
  1367   0025FC  0A00               	xorlw	0	; case 0
  1368   0025FE  B4D8               	btfsc	status,2,c
  1369   002600  EF04  F013         	goto	l2469
  1370   002604  EF1F  F013         	goto	l216
  1371   002608                     l2469:
  1372                           
  1373                           ; Switch size 1, requested type "simple"
  1374                           ; Number of cases is 6, Range of values is 65 to 70
  1375                           ; switch strategies available:
  1376                           ; Name         Instructions Cycles
  1377                           ; simple_byte           19    10 (average)
  1378                           ;	Chosen strategy is simple_byte
  1379   002608  5002               	movf	??_set_pin_ttl^(0+1280),w,c
  1380   00260A  0A41               	xorlw	65	; case 65
  1381   00260C  B4D8               	btfsc	status,2,c
  1382   00260E  EF8E  F012         	goto	l1927
  1383   002612  0A03               	xorlw	3	; case 66
  1384   002614  B4D8               	btfsc	status,2,c
  1385   002616  EFA0  F012         	goto	l1929
  1386   00261A  0A01               	xorlw	1	; case 67
  1387   00261C  B4D8               	btfsc	status,2,c
  1388   00261E  EFB2  F012         	goto	l1931
  1389   002622  0A07               	xorlw	7	; case 68
  1390   002624  B4D8               	btfsc	status,2,c
  1391   002626  EFC4  F012         	goto	l1933
  1392   00262A  0A01               	xorlw	1	; case 69
  1393   00262C  B4D8               	btfsc	status,2,c
  1394   00262E  EFD6  F012         	goto	l1935
  1395   002632  0A03               	xorlw	3	; case 70
  1396   002634  B4D8               	btfsc	status,2,c
  1397   002636  EFE8  F012         	goto	l1937
  1398   00263A  EF1F  F013         	goto	l216
  1399   00263E                     l216:
  1400   00263E  0012               	return		;funcret
  1401   002640                     __end_of_set_pin_ttl:
  1402                           	callstack 0
  1403                           
  1404 ;; *************** function _set_pin_st *****************
  1405 ;; Defined at:
  1406 ;;		line 164 in file "gpio.c"
  1407 ;; Parameters:    Size  Location     Type
  1408 ;;  port_name       1    wreg     enum E17445
  1409 ;;  pin_number      1    0[COMRAM] unsigned char 
  1410 ;; Auto vars:     Size  Location     Type
  1411 ;;  port_name       1    3[COMRAM] enum E17445
  1412 ;; Return value:  Size  Location     Type
  1413 ;;                  1    wreg      void 
  1414 ;; Registers used:
  1415 ;;		wreg, status,2, status,0
  1416 ;; Tracked objects:
  1417 ;;		On entry : 0/0
  1418 ;;		On exit  : 0/0
  1419 ;;		Unchanged: 0/0
  1420 ;; Data sizes:     COMRAM   BANK5   BANK6   BANK7   BANK8   BANK9  BANK10  BANK11  BANK12  BANK13  BANK14  BANK15  BANK1
      +6  BANK17  BANK18  BANK19  BANK20  BANK21  BANK22  BANK23  BANK24  BANK25  BANK26  BANK27  BANK28  BANK29  BANK30  BANK3
      +1  BANK32  BANK33  BANK34  BANK35  BANK36
  1421 ;;      Params:         1       0       0       0       0       0       0       0       0       0       0       0       
      +0       0       0       0       0       0       0       0       0       0       0       0       0       0       0       
      +0       0       0       0       0       0
  1422 ;;      Locals:         1       0       0       0       0       0       0       0       0       0       0       0       
      +0       0       0       0       0       0       0       0       0       0       0       0       0       0       0       
      +0       0       0       0       0       0
  1423 ;;      Temps:          2       0       0       0       0       0       0       0       0       0       0       0       
      +0       0       0       0       0       0       0       0       0       0       0       0       0       0       0       
      +0       0       0       0       0       0
  1424 ;;      Totals:         4       0       0       0       0       0       0       0       0       0       0       0       
      +0       0       0       0       0       0       0       0       0       0       0       0       0       0       0       
      +0       0       0       0       0       0
  1425 ;;Total ram usage:        4 bytes
  1426 ;; Hardware stack levels used: 1
  1427 ;; This function calls:
  1428 ;;		Nothing
  1429 ;; This function is called by:
  1430 ;;		_configure_pin
  1431 ;; This function uses a non-reentrant model
  1432 ;;
  1433                           
  1434                           	psect	text6
  1435   002AE8                     __ptext6:
  1436                           	callstack 0
  1437   002AE8                     _set_pin_st:
  1438                           	callstack 124
  1439                           
  1440                           ;incstack = 0
  1441                           ;set_pin_st@port_name stored from wreg
  1442   002AE8  6E04               	movwf	set_pin_st@port_name^(0+1280),c
  1443   002AEA                     
  1444                           ;gpio.c: 164: void set_pin_st(PortName_t port_name, uint8_t pin_number);gpio.c: 165: {;g
      +                          pio.c: 166:     switch(port_name)
  1445   002AEA  EFDD  F015         	goto	l1919
  1446   002AEE                     l1905:
  1447                           
  1448                           ;gpio.c: 169:             INLVLA |= (1 << pin_number);
  1449   002AEE  C501  F502         	movff	set_pin_st@pin_number,??_set_pin_st
  1450   002AF2  0E01               	movlw	1
  1451   002AF4  6E03               	movwf	(??_set_pin_st+1)^(0+1280),c
  1452   002AF6  2A02               	incf	??_set_pin_st^(0+1280),f,c
  1453   002AF8  EF80  F015         	goto	u1424
  1454   002AFC                     u1425:
  1455   002AFC  90D8               	bcf	status,0,c
  1456   002AFE  3603               	rlcf	(??_set_pin_st+1)^(0+1280),f,c
  1457   002B00                     u1424:
  1458   002B00  2E02               	decfsz	??_set_pin_st^(0+1280),f,c
  1459   002B02  EF7E  F015         	goto	u1425
  1460   002B06  5003               	movf	(??_set_pin_st+1)^(0+1280),w,c
  1461   002B08  0104               	movlb	4	; () banked
  1462   002B0A  1304               	iorwf	4,f,b	;volatile
  1463                           
  1464                           ;gpio.c: 170:             break;
  1465   002B0C  EF02  F016         	goto	l204
  1466   002B10                     l1907:
  1467                           
  1468                           ;gpio.c: 172:             INLVLB |= (1 << pin_number);
  1469   002B10  C501  F502         	movff	set_pin_st@pin_number,??_set_pin_st
  1470   002B14  0E01               	movlw	1
  1471   002B16  6E03               	movwf	(??_set_pin_st+1)^(0+1280),c
  1472   002B18  2A02               	incf	??_set_pin_st^(0+1280),f,c
  1473   002B1A  EF91  F015         	goto	u1434
  1474   002B1E                     u1435:
  1475   002B1E  90D8               	bcf	status,0,c
  1476   002B20  3603               	rlcf	(??_set_pin_st+1)^(0+1280),f,c
  1477   002B22                     u1434:
  1478   002B22  2E02               	decfsz	??_set_pin_st^(0+1280),f,c
  1479   002B24  EF8F  F015         	goto	u1435
  1480   002B28  5003               	movf	(??_set_pin_st+1)^(0+1280),w,c
  1481   002B2A  0104               	movlb	4	; () banked
  1482   002B2C  130C               	iorwf	12,f,b	;volatile
  1483                           
  1484                           ;gpio.c: 173:             break;
  1485   002B2E  EF02  F016         	goto	l204
  1486   002B32                     l1909:
  1487                           
  1488                           ;gpio.c: 175:             INLVLC |= (1 << pin_number);
  1489   002B32  C501  F502         	movff	set_pin_st@pin_number,??_set_pin_st
  1490   002B36  0E01               	movlw	1
  1491   002B38  6E03               	movwf	(??_set_pin_st+1)^(0+1280),c
  1492   002B3A  2A02               	incf	??_set_pin_st^(0+1280),f,c
  1493   002B3C  EFA2  F015         	goto	u1444
  1494   002B40                     u1445:
  1495   002B40  90D8               	bcf	status,0,c
  1496   002B42  3603               	rlcf	(??_set_pin_st+1)^(0+1280),f,c
  1497   002B44                     u1444:
  1498   002B44  2E02               	decfsz	??_set_pin_st^(0+1280),f,c
  1499   002B46  EFA0  F015         	goto	u1445
  1500   002B4A  5003               	movf	(??_set_pin_st+1)^(0+1280),w,c
  1501   002B4C  0104               	movlb	4	; () banked
  1502   002B4E  1314               	iorwf	20,f,b	;volatile
  1503                           
  1504                           ;gpio.c: 176:             break;
  1505   002B50  EF02  F016         	goto	l204
  1506   002B54                     l1911:
  1507                           
  1508                           ;gpio.c: 178:             INLVLD |= (1 << pin_number);
  1509   002B54  C501  F502         	movff	set_pin_st@pin_number,??_set_pin_st
  1510   002B58  0E01               	movlw	1
  1511   002B5A  6E03               	movwf	(??_set_pin_st+1)^(0+1280),c
  1512   002B5C  2A02               	incf	??_set_pin_st^(0+1280),f,c
  1513   002B5E  EFB3  F015         	goto	u1454
  1514   002B62                     u1455:
  1515   002B62  90D8               	bcf	status,0,c
  1516   002B64  3603               	rlcf	(??_set_pin_st+1)^(0+1280),f,c
  1517   002B66                     u1454:
  1518   002B66  2E02               	decfsz	??_set_pin_st^(0+1280),f,c
  1519   002B68  EFB1  F015         	goto	u1455
  1520   002B6C  5003               	movf	(??_set_pin_st+1)^(0+1280),w,c
  1521   002B6E  0104               	movlb	4	; () banked
  1522   002B70  131C               	iorwf	28,f,b	;volatile
  1523                           
  1524                           ;gpio.c: 179:             break;
  1525   002B72  EF02  F016         	goto	l204
  1526   002B76                     l1913:
  1527                           
  1528                           ;gpio.c: 181:             INLVLE |= (1 << pin_number);
  1529   002B76  C501  F502         	movff	set_pin_st@pin_number,??_set_pin_st
  1530   002B7A  0E01               	movlw	1
  1531   002B7C  6E03               	movwf	(??_set_pin_st+1)^(0+1280),c
  1532   002B7E  2A02               	incf	??_set_pin_st^(0+1280),f,c
  1533   002B80  EFC4  F015         	goto	u1464
  1534   002B84                     u1465:
  1535   002B84  90D8               	bcf	status,0,c
  1536   002B86  3603               	rlcf	(??_set_pin_st+1)^(0+1280),f,c
  1537   002B88                     u1464:
  1538   002B88  2E02               	decfsz	??_set_pin_st^(0+1280),f,c
  1539   002B8A  EFC2  F015         	goto	u1465
  1540   002B8E  5003               	movf	(??_set_pin_st+1)^(0+1280),w,c
  1541   002B90  0104               	movlb	4	; () banked
  1542   002B92  1324               	iorwf	36,f,b	;volatile
  1543                           
  1544                           ;gpio.c: 182:             break;
  1545   002B94  EF02  F016         	goto	l204
  1546   002B98                     l1915:
  1547                           
  1548                           ;gpio.c: 184:             INLVLF |= (1 << pin_number);
  1549   002B98  C501  F502         	movff	set_pin_st@pin_number,??_set_pin_st
  1550   002B9C  0E01               	movlw	1
  1551   002B9E  6E03               	movwf	(??_set_pin_st+1)^(0+1280),c
  1552   002BA0  2A02               	incf	??_set_pin_st^(0+1280),f,c
  1553   002BA2  EFD5  F015         	goto	u1474
  1554   002BA6                     u1475:
  1555   002BA6  90D8               	bcf	status,0,c
  1556   002BA8  3603               	rlcf	(??_set_pin_st+1)^(0+1280),f,c
  1557   002BAA                     u1474:
  1558   002BAA  2E02               	decfsz	??_set_pin_st^(0+1280),f,c
  1559   002BAC  EFD3  F015         	goto	u1475
  1560   002BB0  5003               	movf	(??_set_pin_st+1)^(0+1280),w,c
  1561   002BB2  0104               	movlb	4	; () banked
  1562   002BB4  132C               	iorwf	44,f,b	;volatile
  1563                           
  1564                           ;gpio.c: 185:             break;
  1565   002BB6  EF02  F016         	goto	l204
  1566   002BBA                     l1919:
  1567   002BBA  5004               	movf	set_pin_st@port_name^(0+1280),w,c
  1568   002BBC  6E02               	movwf	??_set_pin_st^(0+1280),c
  1569   002BBE  6A03               	clrf	(??_set_pin_st+1)^(0+1280),c
  1570                           
  1571                           ; Switch on 2 bytes has been partitioned into a top level switch of size 1, and 1 sub-sw
      +                          itches
  1572                           ; Switch size 1, requested type "simple"
  1573                           ; Number of cases is 1, Range of values is 0 to 0
  1574                           ; switch strategies available:
  1575                           ; Name         Instructions Cycles
  1576                           ; simple_byte            4     3 (average)
  1577                           ;	Chosen strategy is simple_byte
  1578   002BC0  5003               	movf	(??_set_pin_st+1)^(0+1280),w,c
  1579   002BC2  0A00               	xorlw	0	; case 0
  1580   002BC4  B4D8               	btfsc	status,2,c
  1581   002BC6  EFE7  F015         	goto	l2471
  1582   002BCA  EF02  F016         	goto	l204
  1583   002BCE                     l2471:
  1584                           
  1585                           ; Switch size 1, requested type "simple"
  1586                           ; Number of cases is 6, Range of values is 65 to 70
  1587                           ; switch strategies available:
  1588                           ; Name         Instructions Cycles
  1589                           ; simple_byte           19    10 (average)
  1590                           ;	Chosen strategy is simple_byte
  1591   002BCE  5002               	movf	??_set_pin_st^(0+1280),w,c
  1592   002BD0  0A41               	xorlw	65	; case 65
  1593   002BD2  B4D8               	btfsc	status,2,c
  1594   002BD4  EF77  F015         	goto	l1905
  1595   002BD8  0A03               	xorlw	3	; case 66
  1596   002BDA  B4D8               	btfsc	status,2,c
  1597   002BDC  EF88  F015         	goto	l1907
  1598   002BE0  0A01               	xorlw	1	; case 67
  1599   002BE2  B4D8               	btfsc	status,2,c
  1600   002BE4  EF99  F015         	goto	l1909
  1601   002BE8  0A07               	xorlw	7	; case 68
  1602   002BEA  B4D8               	btfsc	status,2,c
  1603   002BEC  EFAA  F015         	goto	l1911
  1604   002BF0  0A01               	xorlw	1	; case 69
  1605   002BF2  B4D8               	btfsc	status,2,c
  1606   002BF4  EFBB  F015         	goto	l1913
  1607   002BF8  0A03               	xorlw	3	; case 70
  1608   002BFA  B4D8               	btfsc	status,2,c
  1609   002BFC  EFCC  F015         	goto	l1915
  1610   002C00  EF02  F016         	goto	l204
  1611   002C04                     l204:
  1612   002C04  0012               	return		;funcret
  1613   002C06                     __end_of_set_pin_st:
  1614                           	callstack 0
  1615                           
  1616 ;; *************** function _set_pin_sr_maximum *****************
  1617 ;; Defined at:
  1618 ;;		line 244 in file "gpio.c"
  1619 ;; Parameters:    Size  Location     Type
  1620 ;;  port_name       1    wreg     enum E17445
  1621 ;;  pin_number      1    0[COMRAM] unsigned char 
  1622 ;; Auto vars:     Size  Location     Type
  1623 ;;  port_name       1    3[COMRAM] enum E17445
  1624 ;; Return value:  Size  Location     Type
  1625 ;;                  1    wreg      void 
  1626 ;; Registers used:
  1627 ;;		wreg, status,2, status,0
  1628 ;; Tracked objects:
  1629 ;;		On entry : 0/0
  1630 ;;		On exit  : 0/0
  1631 ;;		Unchanged: 0/0
  1632 ;; Data sizes:     COMRAM   BANK5   BANK6   BANK7   BANK8   BANK9  BANK10  BANK11  BANK12  BANK13  BANK14  BANK15  BANK1
      +6  BANK17  BANK18  BANK19  BANK20  BANK21  BANK22  BANK23  BANK24  BANK25  BANK26  BANK27  BANK28  BANK29  BANK30  BANK3
      +1  BANK32  BANK33  BANK34  BANK35  BANK36
  1633 ;;      Params:         1       0       0       0       0       0       0       0       0       0       0       0       
      +0       0       0       0       0       0       0       0       0       0       0       0       0       0       0       
      +0       0       0       0       0       0
  1634 ;;      Locals:         1       0       0       0       0       0       0       0       0       0       0       0       
      +0       0       0       0       0       0       0       0       0       0       0       0       0       0       0       
      +0       0       0       0       0       0
  1635 ;;      Temps:          2       0       0       0       0       0       0       0       0       0       0       0       
      +0       0       0       0       0       0       0       0       0       0       0       0       0       0       0       
      +0       0       0       0       0       0
  1636 ;;      Totals:         4       0       0       0       0       0       0       0       0       0       0       0       
      +0       0       0       0       0       0       0       0       0       0       0       0       0       0       0       
      +0       0       0       0       0       0
  1637 ;;Total ram usage:        4 bytes
  1638 ;; Hardware stack levels used: 1
  1639 ;; This function calls:
  1640 ;;		Nothing
  1641 ;; This function is called by:
  1642 ;;		_configure_pin
  1643 ;; This function uses a non-reentrant model
  1644 ;;
  1645                           
  1646                           	psect	text7
  1647   002640                     __ptext7:
  1648                           	callstack 0
  1649   002640                     _set_pin_sr_maximum:
  1650                           	callstack 124
  1651                           
  1652                           ;incstack = 0
  1653                           ;set_pin_sr_maximum@port_name stored from wreg
  1654   002640  6E04               	movwf	set_pin_sr_maximum@port_name^(0+1280),c
  1655   002642                     
  1656                           ;gpio.c: 244: void set_pin_sr_maximum(PortName_t port_name, uint8_t pin_number);gpio.c: 
      +                          245: {;gpio.c: 246:    switch(port_name)
  1657   002642  EF8F  F013         	goto	l1985
  1658   002646                     l1971:
  1659                           
  1660                           ;gpio.c: 249:             SLRCONA &= ~(1 << pin_number);
  1661   002646  C501  F502         	movff	set_pin_sr_maximum@pin_number,??_set_pin_sr_maximum
  1662   00264A  0E01               	movlw	1
  1663   00264C  6E03               	movwf	(??_set_pin_sr_maximum+1)^(0+1280),c
  1664   00264E  2A02               	incf	??_set_pin_sr_maximum^(0+1280),f,c
  1665   002650  EF2C  F013         	goto	u1604
  1666   002654                     u1605:
  1667   002654  90D8               	bcf	status,0,c
  1668   002656  3603               	rlcf	(??_set_pin_sr_maximum+1)^(0+1280),f,c
  1669   002658                     u1604:
  1670   002658  2E02               	decfsz	??_set_pin_sr_maximum^(0+1280),f,c
  1671   00265A  EF2A  F013         	goto	u1605
  1672   00265E  5003               	movf	(??_set_pin_sr_maximum+1)^(0+1280),w,c
  1673   002660  0AFF               	xorlw	255
  1674   002662  0104               	movlb	4	; () banked
  1675   002664  1703               	andwf	3,f,b	;volatile
  1676                           
  1677                           ;gpio.c: 250:             break;
  1678   002666  EFB4  F013         	goto	l240
  1679   00266A                     l1973:
  1680                           
  1681                           ;gpio.c: 252:             SLRCONB &= ~(1 << pin_number);
  1682   00266A  C501  F502         	movff	set_pin_sr_maximum@pin_number,??_set_pin_sr_maximum
  1683   00266E  0E01               	movlw	1
  1684   002670  6E03               	movwf	(??_set_pin_sr_maximum+1)^(0+1280),c
  1685   002672  2A02               	incf	??_set_pin_sr_maximum^(0+1280),f,c
  1686   002674  EF3E  F013         	goto	u1614
  1687   002678                     u1615:
  1688   002678  90D8               	bcf	status,0,c
  1689   00267A  3603               	rlcf	(??_set_pin_sr_maximum+1)^(0+1280),f,c
  1690   00267C                     u1614:
  1691   00267C  2E02               	decfsz	??_set_pin_sr_maximum^(0+1280),f,c
  1692   00267E  EF3C  F013         	goto	u1615
  1693   002682  5003               	movf	(??_set_pin_sr_maximum+1)^(0+1280),w,c
  1694   002684  0AFF               	xorlw	255
  1695   002686  0104               	movlb	4	; () banked
  1696   002688  170B               	andwf	11,f,b	;volatile
  1697                           
  1698                           ;gpio.c: 253:             break;
  1699   00268A  EFB4  F013         	goto	l240
  1700   00268E                     l1975:
  1701                           
  1702                           ;gpio.c: 255:             SLRCONC &= ~(1 << pin_number);
  1703   00268E  C501  F502         	movff	set_pin_sr_maximum@pin_number,??_set_pin_sr_maximum
  1704   002692  0E01               	movlw	1
  1705   002694  6E03               	movwf	(??_set_pin_sr_maximum+1)^(0+1280),c
  1706   002696  2A02               	incf	??_set_pin_sr_maximum^(0+1280),f,c
  1707   002698  EF50  F013         	goto	u1624
  1708   00269C                     u1625:
  1709   00269C  90D8               	bcf	status,0,c
  1710   00269E  3603               	rlcf	(??_set_pin_sr_maximum+1)^(0+1280),f,c
  1711   0026A0                     u1624:
  1712   0026A0  2E02               	decfsz	??_set_pin_sr_maximum^(0+1280),f,c
  1713   0026A2  EF4E  F013         	goto	u1625
  1714   0026A6  5003               	movf	(??_set_pin_sr_maximum+1)^(0+1280),w,c
  1715   0026A8  0AFF               	xorlw	255
  1716   0026AA  0104               	movlb	4	; () banked
  1717   0026AC  1713               	andwf	19,f,b	;volatile
  1718                           
  1719                           ;gpio.c: 256:             break;
  1720   0026AE  EFB4  F013         	goto	l240
  1721   0026B2                     l1977:
  1722                           
  1723                           ;gpio.c: 258:             SLRCOND &= ~(1 << pin_number);
  1724   0026B2  C501  F502         	movff	set_pin_sr_maximum@pin_number,??_set_pin_sr_maximum
  1725   0026B6  0E01               	movlw	1
  1726   0026B8  6E03               	movwf	(??_set_pin_sr_maximum+1)^(0+1280),c
  1727   0026BA  2A02               	incf	??_set_pin_sr_maximum^(0+1280),f,c
  1728   0026BC  EF62  F013         	goto	u1634
  1729   0026C0                     u1635:
  1730   0026C0  90D8               	bcf	status,0,c
  1731   0026C2  3603               	rlcf	(??_set_pin_sr_maximum+1)^(0+1280),f,c
  1732   0026C4                     u1634:
  1733   0026C4  2E02               	decfsz	??_set_pin_sr_maximum^(0+1280),f,c
  1734   0026C6  EF60  F013         	goto	u1635
  1735   0026CA  5003               	movf	(??_set_pin_sr_maximum+1)^(0+1280),w,c
  1736   0026CC  0AFF               	xorlw	255
  1737   0026CE  0104               	movlb	4	; () banked
  1738   0026D0  171B               	andwf	27,f,b	;volatile
  1739                           
  1740                           ;gpio.c: 259:             break;
  1741   0026D2  EFB4  F013         	goto	l240
  1742   0026D6                     l1979:
  1743                           
  1744                           ;gpio.c: 261:             SLRCONE &= ~(1 << pin_number);
  1745   0026D6  C501  F502         	movff	set_pin_sr_maximum@pin_number,??_set_pin_sr_maximum
  1746   0026DA  0E01               	movlw	1
  1747   0026DC  6E03               	movwf	(??_set_pin_sr_maximum+1)^(0+1280),c
  1748   0026DE  2A02               	incf	??_set_pin_sr_maximum^(0+1280),f,c
  1749   0026E0  EF74  F013         	goto	u1644
  1750   0026E4                     u1645:
  1751   0026E4  90D8               	bcf	status,0,c
  1752   0026E6  3603               	rlcf	(??_set_pin_sr_maximum+1)^(0+1280),f,c
  1753   0026E8                     u1644:
  1754   0026E8  2E02               	decfsz	??_set_pin_sr_maximum^(0+1280),f,c
  1755   0026EA  EF72  F013         	goto	u1645
  1756   0026EE  5003               	movf	(??_set_pin_sr_maximum+1)^(0+1280),w,c
  1757   0026F0  0AFF               	xorlw	255
  1758   0026F2  0104               	movlb	4	; () banked
  1759   0026F4  1723               	andwf	35,f,b	;volatile
  1760                           
  1761                           ;gpio.c: 262:             break;
  1762   0026F6  EFB4  F013         	goto	l240
  1763   0026FA                     l1981:
  1764                           
  1765                           ;gpio.c: 264:             SLRCONF &= ~(1 << pin_number);
  1766   0026FA  C501  F502         	movff	set_pin_sr_maximum@pin_number,??_set_pin_sr_maximum
  1767   0026FE  0E01               	movlw	1
  1768   002700  6E03               	movwf	(??_set_pin_sr_maximum+1)^(0+1280),c
  1769   002702  2A02               	incf	??_set_pin_sr_maximum^(0+1280),f,c
  1770   002704  EF86  F013         	goto	u1654
  1771   002708                     u1655:
  1772   002708  90D8               	bcf	status,0,c
  1773   00270A  3603               	rlcf	(??_set_pin_sr_maximum+1)^(0+1280),f,c
  1774   00270C                     u1654:
  1775   00270C  2E02               	decfsz	??_set_pin_sr_maximum^(0+1280),f,c
  1776   00270E  EF84  F013         	goto	u1655
  1777   002712  5003               	movf	(??_set_pin_sr_maximum+1)^(0+1280),w,c
  1778   002714  0AFF               	xorlw	255
  1779   002716  0104               	movlb	4	; () banked
  1780   002718  172B               	andwf	43,f,b	;volatile
  1781                           
  1782                           ;gpio.c: 265:             break;
  1783   00271A  EFB4  F013         	goto	l240
  1784   00271E                     l1985:
  1785   00271E  5004               	movf	set_pin_sr_maximum@port_name^(0+1280),w,c
  1786   002720  6E02               	movwf	??_set_pin_sr_maximum^(0+1280),c
  1787   002722  6A03               	clrf	(??_set_pin_sr_maximum+1)^(0+1280),c
  1788                           
  1789                           ; Switch on 2 bytes has been partitioned into a top level switch of size 1, and 1 sub-sw
      +                          itches
  1790                           ; Switch size 1, requested type "simple"
  1791                           ; Number of cases is 1, Range of values is 0 to 0
  1792                           ; switch strategies available:
  1793                           ; Name         Instructions Cycles
  1794                           ; simple_byte            4     3 (average)
  1795                           ;	Chosen strategy is simple_byte
  1796   002724  5003               	movf	(??_set_pin_sr_maximum+1)^(0+1280),w,c
  1797   002726  0A00               	xorlw	0	; case 0
  1798   002728  B4D8               	btfsc	status,2,c
  1799   00272A  EF99  F013         	goto	l2473
  1800   00272E  EFB4  F013         	goto	l240
  1801   002732                     l2473:
  1802                           
  1803                           ; Switch size 1, requested type "simple"
  1804                           ; Number of cases is 6, Range of values is 65 to 70
  1805                           ; switch strategies available:
  1806                           ; Name         Instructions Cycles
  1807                           ; simple_byte           19    10 (average)
  1808                           ;	Chosen strategy is simple_byte
  1809   002732  5002               	movf	??_set_pin_sr_maximum^(0+1280),w,c
  1810   002734  0A41               	xorlw	65	; case 65
  1811   002736  B4D8               	btfsc	status,2,c
  1812   002738  EF23  F013         	goto	l1971
  1813   00273C  0A03               	xorlw	3	; case 66
  1814   00273E  B4D8               	btfsc	status,2,c
  1815   002740  EF35  F013         	goto	l1973
  1816   002744  0A01               	xorlw	1	; case 67
  1817   002746  B4D8               	btfsc	status,2,c
  1818   002748  EF47  F013         	goto	l1975
  1819   00274C  0A07               	xorlw	7	; case 68
  1820   00274E  B4D8               	btfsc	status,2,c
  1821   002750  EF59  F013         	goto	l1977
  1822   002754  0A01               	xorlw	1	; case 69
  1823   002756  B4D8               	btfsc	status,2,c
  1824   002758  EF6B  F013         	goto	l1979
  1825   00275C  0A03               	xorlw	3	; case 70
  1826   00275E  B4D8               	btfsc	status,2,c
  1827   002760  EF7D  F013         	goto	l1981
  1828   002764  EFB4  F013         	goto	l240
  1829   002768                     l240:
  1830   002768  0012               	return		;funcret
  1831   00276A                     __end_of_set_pin_sr_maximum:
  1832                           	callstack 0
  1833                           
  1834 ;; *************** function _set_pin_sr_limited *****************
  1835 ;; Defined at:
  1836 ;;		line 217 in file "gpio.c"
  1837 ;; Parameters:    Size  Location     Type
  1838 ;;  port_name       1    wreg     enum E17445
  1839 ;;  pin_number      1    0[COMRAM] unsigned char 
  1840 ;; Auto vars:     Size  Location     Type
  1841 ;;  port_name       1    3[COMRAM] enum E17445
  1842 ;; Return value:  Size  Location     Type
  1843 ;;                  1    wreg      void 
  1844 ;; Registers used:
  1845 ;;		wreg, status,2, status,0
  1846 ;; Tracked objects:
  1847 ;;		On entry : 0/0
  1848 ;;		On exit  : 0/0
  1849 ;;		Unchanged: 0/0
  1850 ;; Data sizes:     COMRAM   BANK5   BANK6   BANK7   BANK8   BANK9  BANK10  BANK11  BANK12  BANK13  BANK14  BANK15  BANK1
      +6  BANK17  BANK18  BANK19  BANK20  BANK21  BANK22  BANK23  BANK24  BANK25  BANK26  BANK27  BANK28  BANK29  BANK30  BANK3
      +1  BANK32  BANK33  BANK34  BANK35  BANK36
  1851 ;;      Params:         1       0       0       0       0       0       0       0       0       0       0       0       
      +0       0       0       0       0       0       0       0       0       0       0       0       0       0       0       
      +0       0       0       0       0       0
  1852 ;;      Locals:         1       0       0       0       0       0       0       0       0       0       0       0       
      +0       0       0       0       0       0       0       0       0       0       0       0       0       0       0       
      +0       0       0       0       0       0
  1853 ;;      Temps:          2       0       0       0       0       0       0       0       0       0       0       0       
      +0       0       0       0       0       0       0       0       0       0       0       0       0       0       0       
      +0       0       0       0       0       0
  1854 ;;      Totals:         4       0       0       0       0       0       0       0       0       0       0       0       
      +0       0       0       0       0       0       0       0       0       0       0       0       0       0       0       
      +0       0       0       0       0       0
  1855 ;;Total ram usage:        4 bytes
  1856 ;; Hardware stack levels used: 1
  1857 ;; This function calls:
  1858 ;;		Nothing
  1859 ;; This function is called by:
  1860 ;;		_configure_pin
  1861 ;; This function uses a non-reentrant model
  1862 ;;
  1863                           
  1864                           	psect	text8
  1865   002C06                     __ptext8:
  1866                           	callstack 0
  1867   002C06                     _set_pin_sr_limited:
  1868                           	callstack 124
  1869                           
  1870                           ;incstack = 0
  1871                           ;set_pin_sr_limited@port_name stored from wreg
  1872   002C06  6E04               	movwf	set_pin_sr_limited@port_name^(0+1280),c
  1873   002C08                     
  1874                           ;gpio.c: 217: void set_pin_sr_limited(PortName_t port_name, uint8_t pin_number);gpio.c: 
      +                          218: {;gpio.c: 219:     switch(port_name)
  1875   002C08  EF6C  F016         	goto	l1963
  1876   002C0C                     l1949:
  1877                           
  1878                           ;gpio.c: 222:             SLRCONA |= (1 << pin_number);
  1879   002C0C  C501  F502         	movff	set_pin_sr_limited@pin_number,??_set_pin_sr_limited
  1880   002C10  0E01               	movlw	1
  1881   002C12  6E03               	movwf	(??_set_pin_sr_limited+1)^(0+1280),c
  1882   002C14  2A02               	incf	??_set_pin_sr_limited^(0+1280),f,c
  1883   002C16  EF0F  F016         	goto	u1544
  1884   002C1A                     u1545:
  1885   002C1A  90D8               	bcf	status,0,c
  1886   002C1C  3603               	rlcf	(??_set_pin_sr_limited+1)^(0+1280),f,c
  1887   002C1E                     u1544:
  1888   002C1E  2E02               	decfsz	??_set_pin_sr_limited^(0+1280),f,c
  1889   002C20  EF0D  F016         	goto	u1545
  1890   002C24  5003               	movf	(??_set_pin_sr_limited+1)^(0+1280),w,c
  1891   002C26  0104               	movlb	4	; () banked
  1892   002C28  1303               	iorwf	3,f,b	;volatile
  1893                           
  1894                           ;gpio.c: 223:             break;
  1895   002C2A  EF91  F016         	goto	l228
  1896   002C2E                     l1951:
  1897                           
  1898                           ;gpio.c: 225:             SLRCONB |= (1 << pin_number);
  1899   002C2E  C501  F502         	movff	set_pin_sr_limited@pin_number,??_set_pin_sr_limited
  1900   002C32  0E01               	movlw	1
  1901   002C34  6E03               	movwf	(??_set_pin_sr_limited+1)^(0+1280),c
  1902   002C36  2A02               	incf	??_set_pin_sr_limited^(0+1280),f,c
  1903   002C38  EF20  F016         	goto	u1554
  1904   002C3C                     u1555:
  1905   002C3C  90D8               	bcf	status,0,c
  1906   002C3E  3603               	rlcf	(??_set_pin_sr_limited+1)^(0+1280),f,c
  1907   002C40                     u1554:
  1908   002C40  2E02               	decfsz	??_set_pin_sr_limited^(0+1280),f,c
  1909   002C42  EF1E  F016         	goto	u1555
  1910   002C46  5003               	movf	(??_set_pin_sr_limited+1)^(0+1280),w,c
  1911   002C48  0104               	movlb	4	; () banked
  1912   002C4A  130B               	iorwf	11,f,b	;volatile
  1913                           
  1914                           ;gpio.c: 226:             break;
  1915   002C4C  EF91  F016         	goto	l228
  1916   002C50                     l1953:
  1917                           
  1918                           ;gpio.c: 228:             SLRCONC |= (1 << pin_number);
  1919   002C50  C501  F502         	movff	set_pin_sr_limited@pin_number,??_set_pin_sr_limited
  1920   002C54  0E01               	movlw	1
  1921   002C56  6E03               	movwf	(??_set_pin_sr_limited+1)^(0+1280),c
  1922   002C58  2A02               	incf	??_set_pin_sr_limited^(0+1280),f,c
  1923   002C5A  EF31  F016         	goto	u1564
  1924   002C5E                     u1565:
  1925   002C5E  90D8               	bcf	status,0,c
  1926   002C60  3603               	rlcf	(??_set_pin_sr_limited+1)^(0+1280),f,c
  1927   002C62                     u1564:
  1928   002C62  2E02               	decfsz	??_set_pin_sr_limited^(0+1280),f,c
  1929   002C64  EF2F  F016         	goto	u1565
  1930   002C68  5003               	movf	(??_set_pin_sr_limited+1)^(0+1280),w,c
  1931   002C6A  0104               	movlb	4	; () banked
  1932   002C6C  1313               	iorwf	19,f,b	;volatile
  1933                           
  1934                           ;gpio.c: 229:             break;
  1935   002C6E  EF91  F016         	goto	l228
  1936   002C72                     l1955:
  1937                           
  1938                           ;gpio.c: 231:             SLRCOND |= (1 << pin_number);
  1939   002C72  C501  F502         	movff	set_pin_sr_limited@pin_number,??_set_pin_sr_limited
  1940   002C76  0E01               	movlw	1
  1941   002C78  6E03               	movwf	(??_set_pin_sr_limited+1)^(0+1280),c
  1942   002C7A  2A02               	incf	??_set_pin_sr_limited^(0+1280),f,c
  1943   002C7C  EF42  F016         	goto	u1574
  1944   002C80                     u1575:
  1945   002C80  90D8               	bcf	status,0,c
  1946   002C82  3603               	rlcf	(??_set_pin_sr_limited+1)^(0+1280),f,c
  1947   002C84                     u1574:
  1948   002C84  2E02               	decfsz	??_set_pin_sr_limited^(0+1280),f,c
  1949   002C86  EF40  F016         	goto	u1575
  1950   002C8A  5003               	movf	(??_set_pin_sr_limited+1)^(0+1280),w,c
  1951   002C8C  0104               	movlb	4	; () banked
  1952   002C8E  131B               	iorwf	27,f,b	;volatile
  1953                           
  1954                           ;gpio.c: 232:             break;
  1955   002C90  EF91  F016         	goto	l228
  1956   002C94                     l1957:
  1957                           
  1958                           ;gpio.c: 234:             SLRCONE |= (1 << pin_number);
  1959   002C94  C501  F502         	movff	set_pin_sr_limited@pin_number,??_set_pin_sr_limited
  1960   002C98  0E01               	movlw	1
  1961   002C9A  6E03               	movwf	(??_set_pin_sr_limited+1)^(0+1280),c
  1962   002C9C  2A02               	incf	??_set_pin_sr_limited^(0+1280),f,c
  1963   002C9E  EF53  F016         	goto	u1584
  1964   002CA2                     u1585:
  1965   002CA2  90D8               	bcf	status,0,c
  1966   002CA4  3603               	rlcf	(??_set_pin_sr_limited+1)^(0+1280),f,c
  1967   002CA6                     u1584:
  1968   002CA6  2E02               	decfsz	??_set_pin_sr_limited^(0+1280),f,c
  1969   002CA8  EF51  F016         	goto	u1585
  1970   002CAC  5003               	movf	(??_set_pin_sr_limited+1)^(0+1280),w,c
  1971   002CAE  0104               	movlb	4	; () banked
  1972   002CB0  1323               	iorwf	35,f,b	;volatile
  1973                           
  1974                           ;gpio.c: 235:             break;
  1975   002CB2  EF91  F016         	goto	l228
  1976   002CB6                     l1959:
  1977                           
  1978                           ;gpio.c: 237:             SLRCONF |= (1 << pin_number);
  1979   002CB6  C501  F502         	movff	set_pin_sr_limited@pin_number,??_set_pin_sr_limited
  1980   002CBA  0E01               	movlw	1
  1981   002CBC  6E03               	movwf	(??_set_pin_sr_limited+1)^(0+1280),c
  1982   002CBE  2A02               	incf	??_set_pin_sr_limited^(0+1280),f,c
  1983   002CC0  EF64  F016         	goto	u1594
  1984   002CC4                     u1595:
  1985   002CC4  90D8               	bcf	status,0,c
  1986   002CC6  3603               	rlcf	(??_set_pin_sr_limited+1)^(0+1280),f,c
  1987   002CC8                     u1594:
  1988   002CC8  2E02               	decfsz	??_set_pin_sr_limited^(0+1280),f,c
  1989   002CCA  EF62  F016         	goto	u1595
  1990   002CCE  5003               	movf	(??_set_pin_sr_limited+1)^(0+1280),w,c
  1991   002CD0  0104               	movlb	4	; () banked
  1992   002CD2  132B               	iorwf	43,f,b	;volatile
  1993                           
  1994                           ;gpio.c: 238:             break;
  1995   002CD4  EF91  F016         	goto	l228
  1996   002CD8                     l1963:
  1997   002CD8  5004               	movf	set_pin_sr_limited@port_name^(0+1280),w,c
  1998   002CDA  6E02               	movwf	??_set_pin_sr_limited^(0+1280),c
  1999   002CDC  6A03               	clrf	(??_set_pin_sr_limited+1)^(0+1280),c
  2000                           
  2001                           ; Switch on 2 bytes has been partitioned into a top level switch of size 1, and 1 sub-sw
      +                          itches
  2002                           ; Switch size 1, requested type "simple"
  2003                           ; Number of cases is 1, Range of values is 0 to 0
  2004                           ; switch strategies available:
  2005                           ; Name         Instructions Cycles
  2006                           ; simple_byte            4     3 (average)
  2007                           ;	Chosen strategy is simple_byte
  2008   002CDE  5003               	movf	(??_set_pin_sr_limited+1)^(0+1280),w,c
  2009   002CE0  0A00               	xorlw	0	; case 0
  2010   002CE2  B4D8               	btfsc	status,2,c
  2011   002CE4  EF76  F016         	goto	l2475
  2012   002CE8  EF91  F016         	goto	l228
  2013   002CEC                     l2475:
  2014                           
  2015                           ; Switch size 1, requested type "simple"
  2016                           ; Number of cases is 6, Range of values is 65 to 70
  2017                           ; switch strategies available:
  2018                           ; Name         Instructions Cycles
  2019                           ; simple_byte           19    10 (average)
  2020                           ;	Chosen strategy is simple_byte
  2021   002CEC  5002               	movf	??_set_pin_sr_limited^(0+1280),w,c
  2022   002CEE  0A41               	xorlw	65	; case 65
  2023   002CF0  B4D8               	btfsc	status,2,c
  2024   002CF2  EF06  F016         	goto	l1949
  2025   002CF6  0A03               	xorlw	3	; case 66
  2026   002CF8  B4D8               	btfsc	status,2,c
  2027   002CFA  EF17  F016         	goto	l1951
  2028   002CFE  0A01               	xorlw	1	; case 67
  2029   002D00  B4D8               	btfsc	status,2,c
  2030   002D02  EF28  F016         	goto	l1953
  2031   002D06  0A07               	xorlw	7	; case 68
  2032   002D08  B4D8               	btfsc	status,2,c
  2033   002D0A  EF39  F016         	goto	l1955
  2034   002D0E  0A01               	xorlw	1	; case 69
  2035   002D10  B4D8               	btfsc	status,2,c
  2036   002D12  EF4A  F016         	goto	l1957
  2037   002D16  0A03               	xorlw	3	; case 70
  2038   002D18  B4D8               	btfsc	status,2,c
  2039   002D1A  EF5B  F016         	goto	l1959
  2040   002D1E  EF91  F016         	goto	l228
  2041   002D22                     l228:
  2042   002D22  0012               	return		;funcret
  2043   002D24                     __end_of_set_pin_sr_limited:
  2044                           	callstack 0
  2045                           
  2046 ;; *************** function _set_pin_push_pull *****************
  2047 ;; Defined at:
  2048 ;;		line 271 in file "gpio.c"
  2049 ;; Parameters:    Size  Location     Type
  2050 ;;  port_name       1    wreg     enum E17445
  2051 ;;  pin_number      1    0[COMRAM] unsigned char 
  2052 ;; Auto vars:     Size  Location     Type
  2053 ;;  port_name       1    3[COMRAM] enum E17445
  2054 ;; Return value:  Size  Location     Type
  2055 ;;                  1    wreg      void 
  2056 ;; Registers used:
  2057 ;;		wreg, status,2, status,0
  2058 ;; Tracked objects:
  2059 ;;		On entry : 0/0
  2060 ;;		On exit  : 0/0
  2061 ;;		Unchanged: 0/0
  2062 ;; Data sizes:     COMRAM   BANK5   BANK6   BANK7   BANK8   BANK9  BANK10  BANK11  BANK12  BANK13  BANK14  BANK15  BANK1
      +6  BANK17  BANK18  BANK19  BANK20  BANK21  BANK22  BANK23  BANK24  BANK25  BANK26  BANK27  BANK28  BANK29  BANK30  BANK3
      +1  BANK32  BANK33  BANK34  BANK35  BANK36
  2063 ;;      Params:         1       0       0       0       0       0       0       0       0       0       0       0       
      +0       0       0       0       0       0       0       0       0       0       0       0       0       0       0       
      +0       0       0       0       0       0
  2064 ;;      Locals:         1       0       0       0       0       0       0       0       0       0       0       0       
      +0       0       0       0       0       0       0       0       0       0       0       0       0       0       0       
      +0       0       0       0       0       0
  2065 ;;      Temps:          2       0       0       0       0       0       0       0       0       0       0       0       
      +0       0       0       0       0       0       0       0       0       0       0       0       0       0       0       
      +0       0       0       0       0       0
  2066 ;;      Totals:         4       0       0       0       0       0       0       0       0       0       0       0       
      +0       0       0       0       0       0       0       0       0       0       0       0       0       0       0       
      +0       0       0       0       0       0
  2067 ;;Total ram usage:        4 bytes
  2068 ;; Hardware stack levels used: 1
  2069 ;; This function calls:
  2070 ;;		Nothing
  2071 ;; This function is called by:
  2072 ;;		_configure_pin
  2073 ;; This function uses a non-reentrant model
  2074 ;;
  2075                           
  2076                           	psect	text9
  2077   00276A                     __ptext9:
  2078                           	callstack 0
  2079   00276A                     _set_pin_push_pull:
  2080                           	callstack 124
  2081                           
  2082                           ;incstack = 0
  2083                           ;set_pin_push_pull@port_name stored from wreg
  2084   00276A  6E04               	movwf	set_pin_push_pull@port_name^(0+1280),c
  2085   00276C                     
  2086                           ;gpio.c: 271: void set_pin_push_pull(PortName_t port_name, uint8_t pin_number);gpio.c: 2
      +                          72: {;gpio.c: 273:     switch(port_name)
  2087   00276C  EF24  F014         	goto	l2007
  2088   002770                     l1993:
  2089                           
  2090                           ;gpio.c: 276:             ODCONA &= ~(1 << pin_number);
  2091   002770  C501  F502         	movff	set_pin_push_pull@pin_number,??_set_pin_push_pull
  2092   002774  0E01               	movlw	1
  2093   002776  6E03               	movwf	(??_set_pin_push_pull+1)^(0+1280),c
  2094   002778  2A02               	incf	??_set_pin_push_pull^(0+1280),f,c
  2095   00277A  EFC1  F013         	goto	u1664
  2096   00277E                     u1665:
  2097   00277E  90D8               	bcf	status,0,c
  2098   002780  3603               	rlcf	(??_set_pin_push_pull+1)^(0+1280),f,c
  2099   002782                     u1664:
  2100   002782  2E02               	decfsz	??_set_pin_push_pull^(0+1280),f,c
  2101   002784  EFBF  F013         	goto	u1665
  2102   002788  5003               	movf	(??_set_pin_push_pull+1)^(0+1280),w,c
  2103   00278A  0AFF               	xorlw	255
  2104   00278C  0104               	movlb	4	; () banked
  2105   00278E  1702               	andwf	2,f,b	;volatile
  2106                           
  2107                           ;gpio.c: 277:             break;
  2108   002790  EF49  F014         	goto	l252
  2109   002794                     l1995:
  2110                           
  2111                           ;gpio.c: 279:             ODCONB &= ~(1 << pin_number);
  2112   002794  C501  F502         	movff	set_pin_push_pull@pin_number,??_set_pin_push_pull
  2113   002798  0E01               	movlw	1
  2114   00279A  6E03               	movwf	(??_set_pin_push_pull+1)^(0+1280),c
  2115   00279C  2A02               	incf	??_set_pin_push_pull^(0+1280),f,c
  2116   00279E  EFD3  F013         	goto	u1674
  2117   0027A2                     u1675:
  2118   0027A2  90D8               	bcf	status,0,c
  2119   0027A4  3603               	rlcf	(??_set_pin_push_pull+1)^(0+1280),f,c
  2120   0027A6                     u1674:
  2121   0027A6  2E02               	decfsz	??_set_pin_push_pull^(0+1280),f,c
  2122   0027A8  EFD1  F013         	goto	u1675
  2123   0027AC  5003               	movf	(??_set_pin_push_pull+1)^(0+1280),w,c
  2124   0027AE  0AFF               	xorlw	255
  2125   0027B0  0104               	movlb	4	; () banked
  2126   0027B2  170A               	andwf	10,f,b	;volatile
  2127                           
  2128                           ;gpio.c: 280:             break;
  2129   0027B4  EF49  F014         	goto	l252
  2130   0027B8                     l1997:
  2131                           
  2132                           ;gpio.c: 282:             ODCONC &= ~(1 << pin_number);
  2133   0027B8  C501  F502         	movff	set_pin_push_pull@pin_number,??_set_pin_push_pull
  2134   0027BC  0E01               	movlw	1
  2135   0027BE  6E03               	movwf	(??_set_pin_push_pull+1)^(0+1280),c
  2136   0027C0  2A02               	incf	??_set_pin_push_pull^(0+1280),f,c
  2137   0027C2  EFE5  F013         	goto	u1684
  2138   0027C6                     u1685:
  2139   0027C6  90D8               	bcf	status,0,c
  2140   0027C8  3603               	rlcf	(??_set_pin_push_pull+1)^(0+1280),f,c
  2141   0027CA                     u1684:
  2142   0027CA  2E02               	decfsz	??_set_pin_push_pull^(0+1280),f,c
  2143   0027CC  EFE3  F013         	goto	u1685
  2144   0027D0  5003               	movf	(??_set_pin_push_pull+1)^(0+1280),w,c
  2145   0027D2  0AFF               	xorlw	255
  2146   0027D4  0104               	movlb	4	; () banked
  2147   0027D6  1712               	andwf	18,f,b	;volatile
  2148                           
  2149                           ;gpio.c: 283:             break;
  2150   0027D8  EF49  F014         	goto	l252
  2151   0027DC                     l1999:
  2152                           
  2153                           ;gpio.c: 285:             ODCOND &= ~(1 << pin_number);
  2154   0027DC  C501  F502         	movff	set_pin_push_pull@pin_number,??_set_pin_push_pull
  2155   0027E0  0E01               	movlw	1
  2156   0027E2  6E03               	movwf	(??_set_pin_push_pull+1)^(0+1280),c
  2157   0027E4  2A02               	incf	??_set_pin_push_pull^(0+1280),f,c
  2158   0027E6  EFF7  F013         	goto	u1694
  2159   0027EA                     u1695:
  2160   0027EA  90D8               	bcf	status,0,c
  2161   0027EC  3603               	rlcf	(??_set_pin_push_pull+1)^(0+1280),f,c
  2162   0027EE                     u1694:
  2163   0027EE  2E02               	decfsz	??_set_pin_push_pull^(0+1280),f,c
  2164   0027F0  EFF5  F013         	goto	u1695
  2165   0027F4  5003               	movf	(??_set_pin_push_pull+1)^(0+1280),w,c
  2166   0027F6  0AFF               	xorlw	255
  2167   0027F8  0104               	movlb	4	; () banked
  2168   0027FA  171A               	andwf	26,f,b	;volatile
  2169                           
  2170                           ;gpio.c: 286:             break;
  2171   0027FC  EF49  F014         	goto	l252
  2172   002800                     l2001:
  2173                           
  2174                           ;gpio.c: 288:             ODCONE &= ~(1 << pin_number);
  2175   002800  C501  F502         	movff	set_pin_push_pull@pin_number,??_set_pin_push_pull
  2176   002804  0E01               	movlw	1
  2177   002806  6E03               	movwf	(??_set_pin_push_pull+1)^(0+1280),c
  2178   002808  2A02               	incf	??_set_pin_push_pull^(0+1280),f,c
  2179   00280A  EF09  F014         	goto	u1704
  2180   00280E                     u1705:
  2181   00280E  90D8               	bcf	status,0,c
  2182   002810  3603               	rlcf	(??_set_pin_push_pull+1)^(0+1280),f,c
  2183   002812                     u1704:
  2184   002812  2E02               	decfsz	??_set_pin_push_pull^(0+1280),f,c
  2185   002814  EF07  F014         	goto	u1705
  2186   002818  5003               	movf	(??_set_pin_push_pull+1)^(0+1280),w,c
  2187   00281A  0AFF               	xorlw	255
  2188   00281C  0104               	movlb	4	; () banked
  2189   00281E  1722               	andwf	34,f,b	;volatile
  2190                           
  2191                           ;gpio.c: 289:             break;
  2192   002820  EF49  F014         	goto	l252
  2193   002824                     l2003:
  2194                           
  2195                           ;gpio.c: 291:             ODCONF &= ~(1 << pin_number);
  2196   002824  C501  F502         	movff	set_pin_push_pull@pin_number,??_set_pin_push_pull
  2197   002828  0E01               	movlw	1
  2198   00282A  6E03               	movwf	(??_set_pin_push_pull+1)^(0+1280),c
  2199   00282C  2A02               	incf	??_set_pin_push_pull^(0+1280),f,c
  2200   00282E  EF1B  F014         	goto	u1714
  2201   002832                     u1715:
  2202   002832  90D8               	bcf	status,0,c
  2203   002834  3603               	rlcf	(??_set_pin_push_pull+1)^(0+1280),f,c
  2204   002836                     u1714:
  2205   002836  2E02               	decfsz	??_set_pin_push_pull^(0+1280),f,c
  2206   002838  EF19  F014         	goto	u1715
  2207   00283C  5003               	movf	(??_set_pin_push_pull+1)^(0+1280),w,c
  2208   00283E  0AFF               	xorlw	255
  2209   002840  0104               	movlb	4	; () banked
  2210   002842  172A               	andwf	42,f,b	;volatile
  2211                           
  2212                           ;gpio.c: 292:             break;
  2213   002844  EF49  F014         	goto	l252
  2214   002848                     l2007:
  2215   002848  5004               	movf	set_pin_push_pull@port_name^(0+1280),w,c
  2216   00284A  6E02               	movwf	??_set_pin_push_pull^(0+1280),c
  2217   00284C  6A03               	clrf	(??_set_pin_push_pull+1)^(0+1280),c
  2218                           
  2219                           ; Switch on 2 bytes has been partitioned into a top level switch of size 1, and 1 sub-sw
      +                          itches
  2220                           ; Switch size 1, requested type "simple"
  2221                           ; Number of cases is 1, Range of values is 0 to 0
  2222                           ; switch strategies available:
  2223                           ; Name         Instructions Cycles
  2224                           ; simple_byte            4     3 (average)
  2225                           ;	Chosen strategy is simple_byte
  2226   00284E  5003               	movf	(??_set_pin_push_pull+1)^(0+1280),w,c
  2227   002850  0A00               	xorlw	0	; case 0
  2228   002852  B4D8               	btfsc	status,2,c
  2229   002854  EF2E  F014         	goto	l2477
  2230   002858  EF49  F014         	goto	l252
  2231   00285C                     l2477:
  2232                           
  2233                           ; Switch size 1, requested type "simple"
  2234                           ; Number of cases is 6, Range of values is 65 to 70
  2235                           ; switch strategies available:
  2236                           ; Name         Instructions Cycles
  2237                           ; simple_byte           19    10 (average)
  2238                           ;	Chosen strategy is simple_byte
  2239   00285C  5002               	movf	??_set_pin_push_pull^(0+1280),w,c
  2240   00285E  0A41               	xorlw	65	; case 65
  2241   002860  B4D8               	btfsc	status,2,c
  2242   002862  EFB8  F013         	goto	l1993
  2243   002866  0A03               	xorlw	3	; case 66
  2244   002868  B4D8               	btfsc	status,2,c
  2245   00286A  EFCA  F013         	goto	l1995
  2246   00286E  0A01               	xorlw	1	; case 67
  2247   002870  B4D8               	btfsc	status,2,c
  2248   002872  EFDC  F013         	goto	l1997
  2249   002876  0A07               	xorlw	7	; case 68
  2250   002878  B4D8               	btfsc	status,2,c
  2251   00287A  EFEE  F013         	goto	l1999
  2252   00287E  0A01               	xorlw	1	; case 69
  2253   002880  B4D8               	btfsc	status,2,c
  2254   002882  EF00  F014         	goto	l2001
  2255   002886  0A03               	xorlw	3	; case 70
  2256   002888  B4D8               	btfsc	status,2,c
  2257   00288A  EF12  F014         	goto	l2003
  2258   00288E  EF49  F014         	goto	l252
  2259   002892                     l252:
  2260   002892  0012               	return		;funcret
  2261   002894                     __end_of_set_pin_push_pull:
  2262                           	callstack 0
  2263                           
  2264 ;; *************** function _set_pin_pullup *****************
  2265 ;; Defined at:
  2266 ;;		line 110 in file "gpio.c"
  2267 ;; Parameters:    Size  Location     Type
  2268 ;;  port_name       1    wreg     enum E17445
  2269 ;;  pin_number      1    0[COMRAM] unsigned char 
  2270 ;; Auto vars:     Size  Location     Type
  2271 ;;  port_name       1    3[COMRAM] enum E17445
  2272 ;; Return value:  Size  Location     Type
  2273 ;;                  1    wreg      void 
  2274 ;; Registers used:
  2275 ;;		wreg, status,2, status,0
  2276 ;; Tracked objects:
  2277 ;;		On entry : 0/0
  2278 ;;		On exit  : 0/0
  2279 ;;		Unchanged: 0/0
  2280 ;; Data sizes:     COMRAM   BANK5   BANK6   BANK7   BANK8   BANK9  BANK10  BANK11  BANK12  BANK13  BANK14  BANK15  BANK1
      +6  BANK17  BANK18  BANK19  BANK20  BANK21  BANK22  BANK23  BANK24  BANK25  BANK26  BANK27  BANK28  BANK29  BANK30  BANK3
      +1  BANK32  BANK33  BANK34  BANK35  BANK36
  2281 ;;      Params:         1       0       0       0       0       0       0       0       0       0       0       0       
      +0       0       0       0       0       0       0       0       0       0       0       0       0       0       0       
      +0       0       0       0       0       0
  2282 ;;      Locals:         1       0       0       0       0       0       0       0       0       0       0       0       
      +0       0       0       0       0       0       0       0       0       0       0       0       0       0       0       
      +0       0       0       0       0       0
  2283 ;;      Temps:          2       0       0       0       0       0       0       0       0       0       0       0       
      +0       0       0       0       0       0       0       0       0       0       0       0       0       0       0       
      +0       0       0       0       0       0
  2284 ;;      Totals:         4       0       0       0       0       0       0       0       0       0       0       0       
      +0       0       0       0       0       0       0       0       0       0       0       0       0       0       0       
      +0       0       0       0       0       0
  2285 ;;Total ram usage:        4 bytes
  2286 ;; Hardware stack levels used: 1
  2287 ;; This function calls:
  2288 ;;		Nothing
  2289 ;; This function is called by:
  2290 ;;		_configure_pin
  2291 ;; This function uses a non-reentrant model
  2292 ;;
  2293                           
  2294                           	psect	text10
  2295   002D24                     __ptext10:
  2296                           	callstack 0
  2297   002D24                     _set_pin_pullup:
  2298                           	callstack 124
  2299                           
  2300                           ;incstack = 0
  2301                           ;set_pin_pullup@port_name stored from wreg
  2302   002D24  6E04               	movwf	set_pin_pullup@port_name^(0+1280),c
  2303   002D26                     
  2304                           ;gpio.c: 110: void set_pin_pullup(PortName_t port_name, uint8_t pin_number);gpio.c: 111:
      +                           {;gpio.c: 112:     switch(port_name)
  2305   002D26  EFFB  F016         	goto	l1875
  2306   002D2A                     l1861:
  2307                           
  2308                           ;gpio.c: 115:             WPUA |= (1 << pin_number);
  2309   002D2A  C501  F502         	movff	set_pin_pullup@pin_number,??_set_pin_pullup
  2310   002D2E  0E01               	movlw	1
  2311   002D30  6E03               	movwf	(??_set_pin_pullup+1)^(0+1280),c
  2312   002D32  2A02               	incf	??_set_pin_pullup^(0+1280),f,c
  2313   002D34  EF9E  F016         	goto	u1304
  2314   002D38                     u1305:
  2315   002D38  90D8               	bcf	status,0,c
  2316   002D3A  3603               	rlcf	(??_set_pin_pullup+1)^(0+1280),f,c
  2317   002D3C                     u1304:
  2318   002D3C  2E02               	decfsz	??_set_pin_pullup^(0+1280),f,c
  2319   002D3E  EF9C  F016         	goto	u1305
  2320   002D42  5003               	movf	(??_set_pin_pullup+1)^(0+1280),w,c
  2321   002D44  0104               	movlb	4	; () banked
  2322   002D46  1301               	iorwf	1,f,b	;volatile
  2323                           
  2324                           ;gpio.c: 116:             break;
  2325   002D48  EF20  F017         	goto	l180
  2326   002D4C                     l1863:
  2327                           
  2328                           ;gpio.c: 118:             WPUB |= (1 << pin_number);
  2329   002D4C  C501  F502         	movff	set_pin_pullup@pin_number,??_set_pin_pullup
  2330   002D50  0E01               	movlw	1
  2331   002D52  6E03               	movwf	(??_set_pin_pullup+1)^(0+1280),c
  2332   002D54  2A02               	incf	??_set_pin_pullup^(0+1280),f,c
  2333   002D56  EFAF  F016         	goto	u1314
  2334   002D5A                     u1315:
  2335   002D5A  90D8               	bcf	status,0,c
  2336   002D5C  3603               	rlcf	(??_set_pin_pullup+1)^(0+1280),f,c
  2337   002D5E                     u1314:
  2338   002D5E  2E02               	decfsz	??_set_pin_pullup^(0+1280),f,c
  2339   002D60  EFAD  F016         	goto	u1315
  2340   002D64  5003               	movf	(??_set_pin_pullup+1)^(0+1280),w,c
  2341   002D66  0104               	movlb	4	; () banked
  2342   002D68  1309               	iorwf	9,f,b	;volatile
  2343                           
  2344                           ;gpio.c: 119:             break;
  2345   002D6A  EF20  F017         	goto	l180
  2346   002D6E                     l1865:
  2347                           
  2348                           ;gpio.c: 121:             WPUC |= (1 << pin_number);
  2349   002D6E  C501  F502         	movff	set_pin_pullup@pin_number,??_set_pin_pullup
  2350   002D72  0E01               	movlw	1
  2351   002D74  6E03               	movwf	(??_set_pin_pullup+1)^(0+1280),c
  2352   002D76  2A02               	incf	??_set_pin_pullup^(0+1280),f,c
  2353   002D78  EFC0  F016         	goto	u1324
  2354   002D7C                     u1325:
  2355   002D7C  90D8               	bcf	status,0,c
  2356   002D7E  3603               	rlcf	(??_set_pin_pullup+1)^(0+1280),f,c
  2357   002D80                     u1324:
  2358   002D80  2E02               	decfsz	??_set_pin_pullup^(0+1280),f,c
  2359   002D82  EFBE  F016         	goto	u1325
  2360   002D86  5003               	movf	(??_set_pin_pullup+1)^(0+1280),w,c
  2361   002D88  0104               	movlb	4	; () banked
  2362   002D8A  1311               	iorwf	17,f,b	;volatile
  2363                           
  2364                           ;gpio.c: 122:             break;
  2365   002D8C  EF20  F017         	goto	l180
  2366   002D90                     l1867:
  2367                           
  2368                           ;gpio.c: 124:             WPUD |= (1 << pin_number);
  2369   002D90  C501  F502         	movff	set_pin_pullup@pin_number,??_set_pin_pullup
  2370   002D94  0E01               	movlw	1
  2371   002D96  6E03               	movwf	(??_set_pin_pullup+1)^(0+1280),c
  2372   002D98  2A02               	incf	??_set_pin_pullup^(0+1280),f,c
  2373   002D9A  EFD1  F016         	goto	u1334
  2374   002D9E                     u1335:
  2375   002D9E  90D8               	bcf	status,0,c
  2376   002DA0  3603               	rlcf	(??_set_pin_pullup+1)^(0+1280),f,c
  2377   002DA2                     u1334:
  2378   002DA2  2E02               	decfsz	??_set_pin_pullup^(0+1280),f,c
  2379   002DA4  EFCF  F016         	goto	u1335
  2380   002DA8  5003               	movf	(??_set_pin_pullup+1)^(0+1280),w,c
  2381   002DAA  0104               	movlb	4	; () banked
  2382   002DAC  1319               	iorwf	25,f,b	;volatile
  2383                           
  2384                           ;gpio.c: 125:             break;
  2385   002DAE  EF20  F017         	goto	l180
  2386   002DB2                     l1869:
  2387                           
  2388                           ;gpio.c: 127:             WPUE |= (1 << pin_number);
  2389   002DB2  C501  F502         	movff	set_pin_pullup@pin_number,??_set_pin_pullup
  2390   002DB6  0E01               	movlw	1
  2391   002DB8  6E03               	movwf	(??_set_pin_pullup+1)^(0+1280),c
  2392   002DBA  2A02               	incf	??_set_pin_pullup^(0+1280),f,c
  2393   002DBC  EFE2  F016         	goto	u1344
  2394   002DC0                     u1345:
  2395   002DC0  90D8               	bcf	status,0,c
  2396   002DC2  3603               	rlcf	(??_set_pin_pullup+1)^(0+1280),f,c
  2397   002DC4                     u1344:
  2398   002DC4  2E02               	decfsz	??_set_pin_pullup^(0+1280),f,c
  2399   002DC6  EFE0  F016         	goto	u1345
  2400   002DCA  5003               	movf	(??_set_pin_pullup+1)^(0+1280),w,c
  2401   002DCC  0104               	movlb	4	; () banked
  2402   002DCE  1321               	iorwf	33,f,b	;volatile
  2403                           
  2404                           ;gpio.c: 128:             break;
  2405   002DD0  EF20  F017         	goto	l180
  2406   002DD4                     l1871:
  2407                           
  2408                           ;gpio.c: 130:             WPUF |= (1 << pin_number);
  2409   002DD4  C501  F502         	movff	set_pin_pullup@pin_number,??_set_pin_pullup
  2410   002DD8  0E01               	movlw	1
  2411   002DDA  6E03               	movwf	(??_set_pin_pullup+1)^(0+1280),c
  2412   002DDC  2A02               	incf	??_set_pin_pullup^(0+1280),f,c
  2413   002DDE  EFF3  F016         	goto	u1354
  2414   002DE2                     u1355:
  2415   002DE2  90D8               	bcf	status,0,c
  2416   002DE4  3603               	rlcf	(??_set_pin_pullup+1)^(0+1280),f,c
  2417   002DE6                     u1354:
  2418   002DE6  2E02               	decfsz	??_set_pin_pullup^(0+1280),f,c
  2419   002DE8  EFF1  F016         	goto	u1355
  2420   002DEC  5003               	movf	(??_set_pin_pullup+1)^(0+1280),w,c
  2421   002DEE  0104               	movlb	4	; () banked
  2422   002DF0  1329               	iorwf	41,f,b	;volatile
  2423                           
  2424                           ;gpio.c: 131:             break;
  2425   002DF2  EF20  F017         	goto	l180
  2426   002DF6                     l1875:
  2427   002DF6  5004               	movf	set_pin_pullup@port_name^(0+1280),w,c
  2428   002DF8  6E02               	movwf	??_set_pin_pullup^(0+1280),c
  2429   002DFA  6A03               	clrf	(??_set_pin_pullup+1)^(0+1280),c
  2430                           
  2431                           ; Switch on 2 bytes has been partitioned into a top level switch of size 1, and 1 sub-sw
      +                          itches
  2432                           ; Switch size 1, requested type "simple"
  2433                           ; Number of cases is 1, Range of values is 0 to 0
  2434                           ; switch strategies available:
  2435                           ; Name         Instructions Cycles
  2436                           ; simple_byte            4     3 (average)
  2437                           ;	Chosen strategy is simple_byte
  2438   002DFC  5003               	movf	(??_set_pin_pullup+1)^(0+1280),w,c
  2439   002DFE  0A00               	xorlw	0	; case 0
  2440   002E00  B4D8               	btfsc	status,2,c
  2441   002E02  EF05  F017         	goto	l2479
  2442   002E06  EF20  F017         	goto	l180
  2443   002E0A                     l2479:
  2444                           
  2445                           ; Switch size 1, requested type "simple"
  2446                           ; Number of cases is 6, Range of values is 65 to 70
  2447                           ; switch strategies available:
  2448                           ; Name         Instructions Cycles
  2449                           ; simple_byte           19    10 (average)
  2450                           ;	Chosen strategy is simple_byte
  2451   002E0A  5002               	movf	??_set_pin_pullup^(0+1280),w,c
  2452   002E0C  0A41               	xorlw	65	; case 65
  2453   002E0E  B4D8               	btfsc	status,2,c
  2454   002E10  EF95  F016         	goto	l1861
  2455   002E14  0A03               	xorlw	3	; case 66
  2456   002E16  B4D8               	btfsc	status,2,c
  2457   002E18  EFA6  F016         	goto	l1863
  2458   002E1C  0A01               	xorlw	1	; case 67
  2459   002E1E  B4D8               	btfsc	status,2,c
  2460   002E20  EFB7  F016         	goto	l1865
  2461   002E24  0A07               	xorlw	7	; case 68
  2462   002E26  B4D8               	btfsc	status,2,c
  2463   002E28  EFC8  F016         	goto	l1867
  2464   002E2C  0A01               	xorlw	1	; case 69
  2465   002E2E  B4D8               	btfsc	status,2,c
  2466   002E30  EFD9  F016         	goto	l1869
  2467   002E34  0A03               	xorlw	3	; case 70
  2468   002E36  B4D8               	btfsc	status,2,c
  2469   002E38  EFEA  F016         	goto	l1871
  2470   002E3C  EF20  F017         	goto	l180
  2471   002E40                     l180:
  2472   002E40  0012               	return		;funcret
  2473   002E42                     __end_of_set_pin_pullup:
  2474                           	callstack 0
  2475                           
  2476 ;; *************** function _set_pin_output *****************
  2477 ;; Defined at:
  2478 ;;		line 31 in file "gpio.c"
  2479 ;; Parameters:    Size  Location     Type
  2480 ;;  port_name       1    wreg     enum E17445
  2481 ;;  pin_number      1    0[COMRAM] unsigned char 
  2482 ;; Auto vars:     Size  Location     Type
  2483 ;;  port_name       1    3[COMRAM] enum E17445
  2484 ;; Return value:  Size  Location     Type
  2485 ;;                  1    wreg      void 
  2486 ;; Registers used:
  2487 ;;		wreg, status,2, status,0
  2488 ;; Tracked objects:
  2489 ;;		On entry : 0/0
  2490 ;;		On exit  : 0/0
  2491 ;;		Unchanged: 0/0
  2492 ;; Data sizes:     COMRAM   BANK5   BANK6   BANK7   BANK8   BANK9  BANK10  BANK11  BANK12  BANK13  BANK14  BANK15  BANK1
      +6  BANK17  BANK18  BANK19  BANK20  BANK21  BANK22  BANK23  BANK24  BANK25  BANK26  BANK27  BANK28  BANK29  BANK30  BANK3
      +1  BANK32  BANK33  BANK34  BANK35  BANK36
  2493 ;;      Params:         1       0       0       0       0       0       0       0       0       0       0       0       
      +0       0       0       0       0       0       0       0       0       0       0       0       0       0       0       
      +0       0       0       0       0       0
  2494 ;;      Locals:         1       0       0       0       0       0       0       0       0       0       0       0       
      +0       0       0       0       0       0       0       0       0       0       0       0       0       0       0       
      +0       0       0       0       0       0
  2495 ;;      Temps:          2       0       0       0       0       0       0       0       0       0       0       0       
      +0       0       0       0       0       0       0       0       0       0       0       0       0       0       0       
      +0       0       0       0       0       0
  2496 ;;      Totals:         4       0       0       0       0       0       0       0       0       0       0       0       
      +0       0       0       0       0       0       0       0       0       0       0       0       0       0       0       
      +0       0       0       0       0       0
  2497 ;;Total ram usage:        4 bytes
  2498 ;; Hardware stack levels used: 1
  2499 ;; This function calls:
  2500 ;;		Nothing
  2501 ;; This function is called by:
  2502 ;;		_configure_pin
  2503 ;; This function uses a non-reentrant model
  2504 ;;
  2505                           
  2506                           	psect	text11
  2507   002E42                     __ptext11:
  2508                           	callstack 0
  2509   002E42                     _set_pin_output:
  2510                           	callstack 124
  2511                           
  2512                           ;incstack = 0
  2513                           ;set_pin_output@port_name stored from wreg
  2514   002E42  6E04               	movwf	set_pin_output@port_name^(0+1280),c
  2515   002E44                     
  2516                           ;gpio.c: 31: void set_pin_output(PortName_t port_name, uint8_t pin_number);gpio.c: 32: {
      +                          ;gpio.c: 33:     switch(port_name)
  2517   002E44  EF8A  F017         	goto	l1809
  2518   002E48                     l1795:
  2519                           
  2520                           ;gpio.c: 36:             TRISA &= ~(1 << pin_number);
  2521   002E48  C501  F502         	movff	set_pin_output@pin_number,??_set_pin_output
  2522   002E4C  0E01               	movlw	1
  2523   002E4E  6E03               	movwf	(??_set_pin_output+1)^(0+1280),c
  2524   002E50  2A02               	incf	??_set_pin_output^(0+1280),f,c
  2525   002E52  EF2D  F017         	goto	u1124
  2526   002E56                     u1125:
  2527   002E56  90D8               	bcf	status,0,c
  2528   002E58  3603               	rlcf	(??_set_pin_output+1)^(0+1280),f,c
  2529   002E5A                     u1124:
  2530   002E5A  2E02               	decfsz	??_set_pin_output^(0+1280),f,c
  2531   002E5C  EF2B  F017         	goto	u1125
  2532   002E60  5003               	movf	(??_set_pin_output+1)^(0+1280),w,c
  2533   002E62  0AFF               	xorlw	255
  2534   002E64  16C6               	andwf	198,f,c	;volatile
  2535                           
  2536                           ;gpio.c: 37:             break;
  2537   002E66  EFAF  F017         	goto	l144
  2538   002E6A                     l1797:
  2539                           
  2540                           ;gpio.c: 39:             TRISB &= ~(1 << pin_number);
  2541   002E6A  C501  F502         	movff	set_pin_output@pin_number,??_set_pin_output
  2542   002E6E  0E01               	movlw	1
  2543   002E70  6E03               	movwf	(??_set_pin_output+1)^(0+1280),c
  2544   002E72  2A02               	incf	??_set_pin_output^(0+1280),f,c
  2545   002E74  EF3E  F017         	goto	u1134
  2546   002E78                     u1135:
  2547   002E78  90D8               	bcf	status,0,c
  2548   002E7A  3603               	rlcf	(??_set_pin_output+1)^(0+1280),f,c
  2549   002E7C                     u1134:
  2550   002E7C  2E02               	decfsz	??_set_pin_output^(0+1280),f,c
  2551   002E7E  EF3C  F017         	goto	u1135
  2552   002E82  5003               	movf	(??_set_pin_output+1)^(0+1280),w,c
  2553   002E84  0AFF               	xorlw	255
  2554   002E86  16C7               	andwf	199,f,c	;volatile
  2555                           
  2556                           ;gpio.c: 40:             break;
  2557   002E88  EFAF  F017         	goto	l144
  2558   002E8C                     l1799:
  2559                           
  2560                           ;gpio.c: 42:             TRISC &= ~(1 << pin_number);
  2561   002E8C  C501  F502         	movff	set_pin_output@pin_number,??_set_pin_output
  2562   002E90  0E01               	movlw	1
  2563   002E92  6E03               	movwf	(??_set_pin_output+1)^(0+1280),c
  2564   002E94  2A02               	incf	??_set_pin_output^(0+1280),f,c
  2565   002E96  EF4F  F017         	goto	u1144
  2566   002E9A                     u1145:
  2567   002E9A  90D8               	bcf	status,0,c
  2568   002E9C  3603               	rlcf	(??_set_pin_output+1)^(0+1280),f,c
  2569   002E9E                     u1144:
  2570   002E9E  2E02               	decfsz	??_set_pin_output^(0+1280),f,c
  2571   002EA0  EF4D  F017         	goto	u1145
  2572   002EA4  5003               	movf	(??_set_pin_output+1)^(0+1280),w,c
  2573   002EA6  0AFF               	xorlw	255
  2574   002EA8  16C8               	andwf	200,f,c	;volatile
  2575                           
  2576                           ;gpio.c: 43:             break;
  2577   002EAA  EFAF  F017         	goto	l144
  2578   002EAE                     l1801:
  2579                           
  2580                           ;gpio.c: 45:             TRISD &= ~(1 << pin_number);
  2581   002EAE  C501  F502         	movff	set_pin_output@pin_number,??_set_pin_output
  2582   002EB2  0E01               	movlw	1
  2583   002EB4  6E03               	movwf	(??_set_pin_output+1)^(0+1280),c
  2584   002EB6  2A02               	incf	??_set_pin_output^(0+1280),f,c
  2585   002EB8  EF60  F017         	goto	u1154
  2586   002EBC                     u1155:
  2587   002EBC  90D8               	bcf	status,0,c
  2588   002EBE  3603               	rlcf	(??_set_pin_output+1)^(0+1280),f,c
  2589   002EC0                     u1154:
  2590   002EC0  2E02               	decfsz	??_set_pin_output^(0+1280),f,c
  2591   002EC2  EF5E  F017         	goto	u1155
  2592   002EC6  5003               	movf	(??_set_pin_output+1)^(0+1280),w,c
  2593   002EC8  0AFF               	xorlw	255
  2594   002ECA  16C9               	andwf	201,f,c	;volatile
  2595                           
  2596                           ;gpio.c: 46:             break;
  2597   002ECC  EFAF  F017         	goto	l144
  2598   002ED0                     l1803:
  2599                           
  2600                           ;gpio.c: 48:             TRISE &= ~(1 << pin_number);
  2601   002ED0  C501  F502         	movff	set_pin_output@pin_number,??_set_pin_output
  2602   002ED4  0E01               	movlw	1
  2603   002ED6  6E03               	movwf	(??_set_pin_output+1)^(0+1280),c
  2604   002ED8  2A02               	incf	??_set_pin_output^(0+1280),f,c
  2605   002EDA  EF71  F017         	goto	u1164
  2606   002EDE                     u1165:
  2607   002EDE  90D8               	bcf	status,0,c
  2608   002EE0  3603               	rlcf	(??_set_pin_output+1)^(0+1280),f,c
  2609   002EE2                     u1164:
  2610   002EE2  2E02               	decfsz	??_set_pin_output^(0+1280),f,c
  2611   002EE4  EF6F  F017         	goto	u1165
  2612   002EE8  5003               	movf	(??_set_pin_output+1)^(0+1280),w,c
  2613   002EEA  0AFF               	xorlw	255
  2614   002EEC  16CA               	andwf	202,f,c	;volatile
  2615                           
  2616                           ;gpio.c: 49:             break;
  2617   002EEE  EFAF  F017         	goto	l144
  2618   002EF2                     l1805:
  2619                           
  2620                           ;gpio.c: 51:             TRISF &= ~(1 << pin_number);
  2621   002EF2  C501  F502         	movff	set_pin_output@pin_number,??_set_pin_output
  2622   002EF6  0E01               	movlw	1
  2623   002EF8  6E03               	movwf	(??_set_pin_output+1)^(0+1280),c
  2624   002EFA  2A02               	incf	??_set_pin_output^(0+1280),f,c
  2625   002EFC  EF82  F017         	goto	u1174
  2626   002F00                     u1175:
  2627   002F00  90D8               	bcf	status,0,c
  2628   002F02  3603               	rlcf	(??_set_pin_output+1)^(0+1280),f,c
  2629   002F04                     u1174:
  2630   002F04  2E02               	decfsz	??_set_pin_output^(0+1280),f,c
  2631   002F06  EF80  F017         	goto	u1175
  2632   002F0A  5003               	movf	(??_set_pin_output+1)^(0+1280),w,c
  2633   002F0C  0AFF               	xorlw	255
  2634   002F0E  16CB               	andwf	203,f,c	;volatile
  2635                           
  2636                           ;gpio.c: 52:             break;
  2637   002F10  EFAF  F017         	goto	l144
  2638   002F14                     l1809:
  2639   002F14  5004               	movf	set_pin_output@port_name^(0+1280),w,c
  2640   002F16  6E02               	movwf	??_set_pin_output^(0+1280),c
  2641   002F18  6A03               	clrf	(??_set_pin_output+1)^(0+1280),c
  2642                           
  2643                           ; Switch on 2 bytes has been partitioned into a top level switch of size 1, and 1 sub-sw
      +                          itches
  2644                           ; Switch size 1, requested type "simple"
  2645                           ; Number of cases is 1, Range of values is 0 to 0
  2646                           ; switch strategies available:
  2647                           ; Name         Instructions Cycles
  2648                           ; simple_byte            4     3 (average)
  2649                           ;	Chosen strategy is simple_byte
  2650   002F1A  5003               	movf	(??_set_pin_output+1)^(0+1280),w,c
  2651   002F1C  0A00               	xorlw	0	; case 0
  2652   002F1E  B4D8               	btfsc	status,2,c
  2653   002F20  EF94  F017         	goto	l2481
  2654   002F24  EFAF  F017         	goto	l144
  2655   002F28                     l2481:
  2656                           
  2657                           ; Switch size 1, requested type "simple"
  2658                           ; Number of cases is 6, Range of values is 65 to 70
  2659                           ; switch strategies available:
  2660                           ; Name         Instructions Cycles
  2661                           ; simple_byte           19    10 (average)
  2662                           ;	Chosen strategy is simple_byte
  2663   002F28  5002               	movf	??_set_pin_output^(0+1280),w,c
  2664   002F2A  0A41               	xorlw	65	; case 65
  2665   002F2C  B4D8               	btfsc	status,2,c
  2666   002F2E  EF24  F017         	goto	l1795
  2667   002F32  0A03               	xorlw	3	; case 66
  2668   002F34  B4D8               	btfsc	status,2,c
  2669   002F36  EF35  F017         	goto	l1797
  2670   002F3A  0A01               	xorlw	1	; case 67
  2671   002F3C  B4D8               	btfsc	status,2,c
  2672   002F3E  EF46  F017         	goto	l1799
  2673   002F42  0A07               	xorlw	7	; case 68
  2674   002F44  B4D8               	btfsc	status,2,c
  2675   002F46  EF57  F017         	goto	l1801
  2676   002F4A  0A01               	xorlw	1	; case 69
  2677   002F4C  B4D8               	btfsc	status,2,c
  2678   002F4E  EF68  F017         	goto	l1803
  2679   002F52  0A03               	xorlw	3	; case 70
  2680   002F54  B4D8               	btfsc	status,2,c
  2681   002F56  EF79  F017         	goto	l1805
  2682   002F5A  EFAF  F017         	goto	l144
  2683   002F5E                     l144:
  2684   002F5E  0012               	return		;funcret
  2685   002F60                     __end_of_set_pin_output:
  2686                           	callstack 0
  2687                           
  2688 ;; *************** function _set_pin_open_drain *****************
  2689 ;; Defined at:
  2690 ;;		line 298 in file "gpio.c"
  2691 ;; Parameters:    Size  Location     Type
  2692 ;;  port_name       1    wreg     enum E17445
  2693 ;;  pin_number      1    0[COMRAM] unsigned char 
  2694 ;; Auto vars:     Size  Location     Type
  2695 ;;  port_name       1    3[COMRAM] enum E17445
  2696 ;; Return value:  Size  Location     Type
  2697 ;;                  1    wreg      void 
  2698 ;; Registers used:
  2699 ;;		wreg, status,2, status,0
  2700 ;; Tracked objects:
  2701 ;;		On entry : 0/0
  2702 ;;		On exit  : 0/0
  2703 ;;		Unchanged: 0/0
  2704 ;; Data sizes:     COMRAM   BANK5   BANK6   BANK7   BANK8   BANK9  BANK10  BANK11  BANK12  BANK13  BANK14  BANK15  BANK1
      +6  BANK17  BANK18  BANK19  BANK20  BANK21  BANK22  BANK23  BANK24  BANK25  BANK26  BANK27  BANK28  BANK29  BANK30  BANK3
      +1  BANK32  BANK33  BANK34  BANK35  BANK36
  2705 ;;      Params:         1       0       0       0       0       0       0       0       0       0       0       0       
      +0       0       0       0       0       0       0       0       0       0       0       0       0       0       0       
      +0       0       0       0       0       0
  2706 ;;      Locals:         1       0       0       0       0       0       0       0       0       0       0       0       
      +0       0       0       0       0       0       0       0       0       0       0       0       0       0       0       
      +0       0       0       0       0       0
  2707 ;;      Temps:          2       0       0       0       0       0       0       0       0       0       0       0       
      +0       0       0       0       0       0       0       0       0       0       0       0       0       0       0       
      +0       0       0       0       0       0
  2708 ;;      Totals:         4       0       0       0       0       0       0       0       0       0       0       0       
      +0       0       0       0       0       0       0       0       0       0       0       0       0       0       0       
      +0       0       0       0       0       0
  2709 ;;Total ram usage:        4 bytes
  2710 ;; Hardware stack levels used: 1
  2711 ;; This function calls:
  2712 ;;		Nothing
  2713 ;; This function is called by:
  2714 ;;		_configure_pin
  2715 ;; This function uses a non-reentrant model
  2716 ;;
  2717                           
  2718                           	psect	text12
  2719   002F60                     __ptext12:
  2720                           	callstack 0
  2721   002F60                     _set_pin_open_drain:
  2722                           	callstack 124
  2723                           
  2724                           ;incstack = 0
  2725                           ;set_pin_open_drain@port_name stored from wreg
  2726   002F60  6E04               	movwf	set_pin_open_drain@port_name^(0+1280),c
  2727   002F62                     
  2728                           ;gpio.c: 298: void set_pin_open_drain(PortName_t port_name, uint8_t pin_number);gpio.c: 
      +                          299: {;gpio.c: 300:     switch(port_name)
  2729   002F62  EF19  F018         	goto	l2029
  2730   002F66                     l2015:
  2731                           
  2732                           ;gpio.c: 303:             ODCONA |= (1 << pin_number);
  2733   002F66  C501  F502         	movff	set_pin_open_drain@pin_number,??_set_pin_open_drain
  2734   002F6A  0E01               	movlw	1
  2735   002F6C  6E03               	movwf	(??_set_pin_open_drain+1)^(0+1280),c
  2736   002F6E  2A02               	incf	??_set_pin_open_drain^(0+1280),f,c
  2737   002F70  EFBC  F017         	goto	u1724
  2738   002F74                     u1725:
  2739   002F74  90D8               	bcf	status,0,c
  2740   002F76  3603               	rlcf	(??_set_pin_open_drain+1)^(0+1280),f,c
  2741   002F78                     u1724:
  2742   002F78  2E02               	decfsz	??_set_pin_open_drain^(0+1280),f,c
  2743   002F7A  EFBA  F017         	goto	u1725
  2744   002F7E  5003               	movf	(??_set_pin_open_drain+1)^(0+1280),w,c
  2745   002F80  0104               	movlb	4	; () banked
  2746   002F82  1302               	iorwf	2,f,b	;volatile
  2747                           
  2748                           ;gpio.c: 304:             break;
  2749   002F84  EF3E  F018         	goto	l264
  2750   002F88                     l2017:
  2751                           
  2752                           ;gpio.c: 306:             ODCONB |= (1 << pin_number);
  2753   002F88  C501  F502         	movff	set_pin_open_drain@pin_number,??_set_pin_open_drain
  2754   002F8C  0E01               	movlw	1
  2755   002F8E  6E03               	movwf	(??_set_pin_open_drain+1)^(0+1280),c
  2756   002F90  2A02               	incf	??_set_pin_open_drain^(0+1280),f,c
  2757   002F92  EFCD  F017         	goto	u1734
  2758   002F96                     u1735:
  2759   002F96  90D8               	bcf	status,0,c
  2760   002F98  3603               	rlcf	(??_set_pin_open_drain+1)^(0+1280),f,c
  2761   002F9A                     u1734:
  2762   002F9A  2E02               	decfsz	??_set_pin_open_drain^(0+1280),f,c
  2763   002F9C  EFCB  F017         	goto	u1735
  2764   002FA0  5003               	movf	(??_set_pin_open_drain+1)^(0+1280),w,c
  2765   002FA2  0104               	movlb	4	; () banked
  2766   002FA4  130A               	iorwf	10,f,b	;volatile
  2767                           
  2768                           ;gpio.c: 307:             break;
  2769   002FA6  EF3E  F018         	goto	l264
  2770   002FAA                     l2019:
  2771                           
  2772                           ;gpio.c: 309:             ODCONC |= (1 << pin_number);
  2773   002FAA  C501  F502         	movff	set_pin_open_drain@pin_number,??_set_pin_open_drain
  2774   002FAE  0E01               	movlw	1
  2775   002FB0  6E03               	movwf	(??_set_pin_open_drain+1)^(0+1280),c
  2776   002FB2  2A02               	incf	??_set_pin_open_drain^(0+1280),f,c
  2777   002FB4  EFDE  F017         	goto	u1744
  2778   002FB8                     u1745:
  2779   002FB8  90D8               	bcf	status,0,c
  2780   002FBA  3603               	rlcf	(??_set_pin_open_drain+1)^(0+1280),f,c
  2781   002FBC                     u1744:
  2782   002FBC  2E02               	decfsz	??_set_pin_open_drain^(0+1280),f,c
  2783   002FBE  EFDC  F017         	goto	u1745
  2784   002FC2  5003               	movf	(??_set_pin_open_drain+1)^(0+1280),w,c
  2785   002FC4  0104               	movlb	4	; () banked
  2786   002FC6  1312               	iorwf	18,f,b	;volatile
  2787                           
  2788                           ;gpio.c: 310:             break;
  2789   002FC8  EF3E  F018         	goto	l264
  2790   002FCC                     l2021:
  2791                           
  2792                           ;gpio.c: 312:             ODCOND |= (1 << pin_number);
  2793   002FCC  C501  F502         	movff	set_pin_open_drain@pin_number,??_set_pin_open_drain
  2794   002FD0  0E01               	movlw	1
  2795   002FD2  6E03               	movwf	(??_set_pin_open_drain+1)^(0+1280),c
  2796   002FD4  2A02               	incf	??_set_pin_open_drain^(0+1280),f,c
  2797   002FD6  EFEF  F017         	goto	u1754
  2798   002FDA                     u1755:
  2799   002FDA  90D8               	bcf	status,0,c
  2800   002FDC  3603               	rlcf	(??_set_pin_open_drain+1)^(0+1280),f,c
  2801   002FDE                     u1754:
  2802   002FDE  2E02               	decfsz	??_set_pin_open_drain^(0+1280),f,c
  2803   002FE0  EFED  F017         	goto	u1755
  2804   002FE4  5003               	movf	(??_set_pin_open_drain+1)^(0+1280),w,c
  2805   002FE6  0104               	movlb	4	; () banked
  2806   002FE8  131A               	iorwf	26,f,b	;volatile
  2807                           
  2808                           ;gpio.c: 313:             break;
  2809   002FEA  EF3E  F018         	goto	l264
  2810   002FEE                     l2023:
  2811                           
  2812                           ;gpio.c: 315:             ODCONE |= (1 << pin_number);
  2813   002FEE  C501  F502         	movff	set_pin_open_drain@pin_number,??_set_pin_open_drain
  2814   002FF2  0E01               	movlw	1
  2815   002FF4  6E03               	movwf	(??_set_pin_open_drain+1)^(0+1280),c
  2816   002FF6  2A02               	incf	??_set_pin_open_drain^(0+1280),f,c
  2817   002FF8  EF00  F018         	goto	u1764
  2818   002FFC                     u1765:
  2819   002FFC  90D8               	bcf	status,0,c
  2820   002FFE  3603               	rlcf	(??_set_pin_open_drain+1)^(0+1280),f,c
  2821   003000                     u1764:
  2822   003000  2E02               	decfsz	??_set_pin_open_drain^(0+1280),f,c
  2823   003002  EFFE  F017         	goto	u1765
  2824   003006  5003               	movf	(??_set_pin_open_drain+1)^(0+1280),w,c
  2825   003008  0104               	movlb	4	; () banked
  2826   00300A  1322               	iorwf	34,f,b	;volatile
  2827                           
  2828                           ;gpio.c: 316:             break;
  2829   00300C  EF3E  F018         	goto	l264
  2830   003010                     l2025:
  2831                           
  2832                           ;gpio.c: 318:             ODCONF |= (1 << pin_number);
  2833   003010  C501  F502         	movff	set_pin_open_drain@pin_number,??_set_pin_open_drain
  2834   003014  0E01               	movlw	1
  2835   003016  6E03               	movwf	(??_set_pin_open_drain+1)^(0+1280),c
  2836   003018  2A02               	incf	??_set_pin_open_drain^(0+1280),f,c
  2837   00301A  EF11  F018         	goto	u1774
  2838   00301E                     u1775:
  2839   00301E  90D8               	bcf	status,0,c
  2840   003020  3603               	rlcf	(??_set_pin_open_drain+1)^(0+1280),f,c
  2841   003022                     u1774:
  2842   003022  2E02               	decfsz	??_set_pin_open_drain^(0+1280),f,c
  2843   003024  EF0F  F018         	goto	u1775
  2844   003028  5003               	movf	(??_set_pin_open_drain+1)^(0+1280),w,c
  2845   00302A  0104               	movlb	4	; () banked
  2846   00302C  132A               	iorwf	42,f,b	;volatile
  2847                           
  2848                           ;gpio.c: 319:             break;
  2849   00302E  EF3E  F018         	goto	l264
  2850   003032                     l2029:
  2851   003032  5004               	movf	set_pin_open_drain@port_name^(0+1280),w,c
  2852   003034  6E02               	movwf	??_set_pin_open_drain^(0+1280),c
  2853   003036  6A03               	clrf	(??_set_pin_open_drain+1)^(0+1280),c
  2854                           
  2855                           ; Switch on 2 bytes has been partitioned into a top level switch of size 1, and 1 sub-sw
      +                          itches
  2856                           ; Switch size 1, requested type "simple"
  2857                           ; Number of cases is 1, Range of values is 0 to 0
  2858                           ; switch strategies available:
  2859                           ; Name         Instructions Cycles
  2860                           ; simple_byte            4     3 (average)
  2861                           ;	Chosen strategy is simple_byte
  2862   003038  5003               	movf	(??_set_pin_open_drain+1)^(0+1280),w,c
  2863   00303A  0A00               	xorlw	0	; case 0
  2864   00303C  B4D8               	btfsc	status,2,c
  2865   00303E  EF23  F018         	goto	l2483
  2866   003042  EF3E  F018         	goto	l264
  2867   003046                     l2483:
  2868                           
  2869                           ; Switch size 1, requested type "simple"
  2870                           ; Number of cases is 6, Range of values is 65 to 70
  2871                           ; switch strategies available:
  2872                           ; Name         Instructions Cycles
  2873                           ; simple_byte           19    10 (average)
  2874                           ;	Chosen strategy is simple_byte
  2875   003046  5002               	movf	??_set_pin_open_drain^(0+1280),w,c
  2876   003048  0A41               	xorlw	65	; case 65
  2877   00304A  B4D8               	btfsc	status,2,c
  2878   00304C  EFB3  F017         	goto	l2015
  2879   003050  0A03               	xorlw	3	; case 66
  2880   003052  B4D8               	btfsc	status,2,c
  2881   003054  EFC4  F017         	goto	l2017
  2882   003058  0A01               	xorlw	1	; case 67
  2883   00305A  B4D8               	btfsc	status,2,c
  2884   00305C  EFD5  F017         	goto	l2019
  2885   003060  0A07               	xorlw	7	; case 68
  2886   003062  B4D8               	btfsc	status,2,c
  2887   003064  EFE6  F017         	goto	l2021
  2888   003068  0A01               	xorlw	1	; case 69
  2889   00306A  B4D8               	btfsc	status,2,c
  2890   00306C  EFF7  F017         	goto	l2023
  2891   003070  0A03               	xorlw	3	; case 70
  2892   003072  B4D8               	btfsc	status,2,c
  2893   003074  EF08  F018         	goto	l2025
  2894   003078  EF3E  F018         	goto	l264
  2895   00307C                     l264:
  2896   00307C  0012               	return		;funcret
  2897   00307E                     __end_of_set_pin_open_drain:
  2898                           	callstack 0
  2899                           
  2900 ;; *************** function _set_pin_input *****************
  2901 ;; Defined at:
  2902 ;;		line 3 in file "gpio.c"
  2903 ;; Parameters:    Size  Location     Type
  2904 ;;  port_name       1    wreg     enum E17445
  2905 ;;  pin_number      1    0[COMRAM] unsigned char 
  2906 ;; Auto vars:     Size  Location     Type
  2907 ;;  port_name       1    3[COMRAM] enum E17445
  2908 ;; Return value:  Size  Location     Type
  2909 ;;                  1    wreg      void 
  2910 ;; Registers used:
  2911 ;;		wreg, status,2, status,0
  2912 ;; Tracked objects:
  2913 ;;		On entry : 0/0
  2914 ;;		On exit  : 0/0
  2915 ;;		Unchanged: 0/0
  2916 ;; Data sizes:     COMRAM   BANK5   BANK6   BANK7   BANK8   BANK9  BANK10  BANK11  BANK12  BANK13  BANK14  BANK15  BANK1
      +6  BANK17  BANK18  BANK19  BANK20  BANK21  BANK22  BANK23  BANK24  BANK25  BANK26  BANK27  BANK28  BANK29  BANK30  BANK3
      +1  BANK32  BANK33  BANK34  BANK35  BANK36
  2917 ;;      Params:         1       0       0       0       0       0       0       0       0       0       0       0       
      +0       0       0       0       0       0       0       0       0       0       0       0       0       0       0       
      +0       0       0       0       0       0
  2918 ;;      Locals:         1       0       0       0       0       0       0       0       0       0       0       0       
      +0       0       0       0       0       0       0       0       0       0       0       0       0       0       0       
      +0       0       0       0       0       0
  2919 ;;      Temps:          2       0       0       0       0       0       0       0       0       0       0       0       
      +0       0       0       0       0       0       0       0       0       0       0       0       0       0       0       
      +0       0       0       0       0       0
  2920 ;;      Totals:         4       0       0       0       0       0       0       0       0       0       0       0       
      +0       0       0       0       0       0       0       0       0       0       0       0       0       0       0       
      +0       0       0       0       0       0
  2921 ;;Total ram usage:        4 bytes
  2922 ;; Hardware stack levels used: 1
  2923 ;; This function calls:
  2924 ;;		Nothing
  2925 ;; This function is called by:
  2926 ;;		_configure_pin
  2927 ;; This function uses a non-reentrant model
  2928 ;;
  2929                           
  2930                           	psect	text13
  2931   0034E2                     __ptext13:
  2932                           	callstack 0
  2933   0034E2                     _set_pin_input:
  2934                           	callstack 124
  2935                           
  2936                           ;incstack = 0
  2937                           ;set_pin_input@port_name stored from wreg
  2938   0034E2  6E04               	movwf	set_pin_input@port_name^(0+1280),c
  2939   0034E4                     
  2940                           ;gpio.c: 3: void set_pin_input(PortName_t port_name, uint8_t pin_number);gpio.c: 4: {;gp
      +                          io.c: 5:     switch(port_name)
  2941   0034E4  EFD4  F01A         	goto	l1787
  2942   0034E8                     l1773:
  2943                           
  2944                           ;gpio.c: 8:             TRISA |= (1 << pin_number);
  2945   0034E8  C501  F502         	movff	set_pin_input@pin_number,??_set_pin_input
  2946   0034EC  0E01               	movlw	1
  2947   0034EE  6E03               	movwf	(??_set_pin_input+1)^(0+1280),c
  2948   0034F0  2A02               	incf	??_set_pin_input^(0+1280),f,c
  2949   0034F2  EF7D  F01A         	goto	u1064
  2950   0034F6                     u1065:
  2951   0034F6  90D8               	bcf	status,0,c
  2952   0034F8  3603               	rlcf	(??_set_pin_input+1)^(0+1280),f,c
  2953   0034FA                     u1064:
  2954   0034FA  2E02               	decfsz	??_set_pin_input^(0+1280),f,c
  2955   0034FC  EF7B  F01A         	goto	u1065
  2956   003500  5003               	movf	(??_set_pin_input+1)^(0+1280),w,c
  2957   003502  12C6               	iorwf	198,f,c	;volatile
  2958                           
  2959                           ;gpio.c: 9:             break;
  2960   003504  EFF9  F01A         	goto	l132
  2961   003508                     l1775:
  2962                           
  2963                           ;gpio.c: 11:             TRISB |= (1 << pin_number);
  2964   003508  C501  F502         	movff	set_pin_input@pin_number,??_set_pin_input
  2965   00350C  0E01               	movlw	1
  2966   00350E  6E03               	movwf	(??_set_pin_input+1)^(0+1280),c
  2967   003510  2A02               	incf	??_set_pin_input^(0+1280),f,c
  2968   003512  EF8D  F01A         	goto	u1074
  2969   003516                     u1075:
  2970   003516  90D8               	bcf	status,0,c
  2971   003518  3603               	rlcf	(??_set_pin_input+1)^(0+1280),f,c
  2972   00351A                     u1074:
  2973   00351A  2E02               	decfsz	??_set_pin_input^(0+1280),f,c
  2974   00351C  EF8B  F01A         	goto	u1075
  2975   003520  5003               	movf	(??_set_pin_input+1)^(0+1280),w,c
  2976   003522  12C7               	iorwf	199,f,c	;volatile
  2977                           
  2978                           ;gpio.c: 12:             break;
  2979   003524  EFF9  F01A         	goto	l132
  2980   003528                     l1777:
  2981                           
  2982                           ;gpio.c: 14:             TRISC |= (1 << pin_number);
  2983   003528  C501  F502         	movff	set_pin_input@pin_number,??_set_pin_input
  2984   00352C  0E01               	movlw	1
  2985   00352E  6E03               	movwf	(??_set_pin_input+1)^(0+1280),c
  2986   003530  2A02               	incf	??_set_pin_input^(0+1280),f,c
  2987   003532  EF9D  F01A         	goto	u1084
  2988   003536                     u1085:
  2989   003536  90D8               	bcf	status,0,c
  2990   003538  3603               	rlcf	(??_set_pin_input+1)^(0+1280),f,c
  2991   00353A                     u1084:
  2992   00353A  2E02               	decfsz	??_set_pin_input^(0+1280),f,c
  2993   00353C  EF9B  F01A         	goto	u1085
  2994   003540  5003               	movf	(??_set_pin_input+1)^(0+1280),w,c
  2995   003542  12C8               	iorwf	200,f,c	;volatile
  2996                           
  2997                           ;gpio.c: 15:             break;
  2998   003544  EFF9  F01A         	goto	l132
  2999   003548                     l1779:
  3000                           
  3001                           ;gpio.c: 17:             TRISD |= (1 << pin_number);
  3002   003548  C501  F502         	movff	set_pin_input@pin_number,??_set_pin_input
  3003   00354C  0E01               	movlw	1
  3004   00354E  6E03               	movwf	(??_set_pin_input+1)^(0+1280),c
  3005   003550  2A02               	incf	??_set_pin_input^(0+1280),f,c
  3006   003552  EFAD  F01A         	goto	u1094
  3007   003556                     u1095:
  3008   003556  90D8               	bcf	status,0,c
  3009   003558  3603               	rlcf	(??_set_pin_input+1)^(0+1280),f,c
  3010   00355A                     u1094:
  3011   00355A  2E02               	decfsz	??_set_pin_input^(0+1280),f,c
  3012   00355C  EFAB  F01A         	goto	u1095
  3013   003560  5003               	movf	(??_set_pin_input+1)^(0+1280),w,c
  3014   003562  12C9               	iorwf	201,f,c	;volatile
  3015                           
  3016                           ;gpio.c: 18:             break;
  3017   003564  EFF9  F01A         	goto	l132
  3018   003568                     l1781:
  3019                           
  3020                           ;gpio.c: 20:             TRISE |= (1 << pin_number);
  3021   003568  C501  F502         	movff	set_pin_input@pin_number,??_set_pin_input
  3022   00356C  0E01               	movlw	1
  3023   00356E  6E03               	movwf	(??_set_pin_input+1)^(0+1280),c
  3024   003570  2A02               	incf	??_set_pin_input^(0+1280),f,c
  3025   003572  EFBD  F01A         	goto	u1104
  3026   003576                     u1105:
  3027   003576  90D8               	bcf	status,0,c
  3028   003578  3603               	rlcf	(??_set_pin_input+1)^(0+1280),f,c
  3029   00357A                     u1104:
  3030   00357A  2E02               	decfsz	??_set_pin_input^(0+1280),f,c
  3031   00357C  EFBB  F01A         	goto	u1105
  3032   003580  5003               	movf	(??_set_pin_input+1)^(0+1280),w,c
  3033   003582  12CA               	iorwf	202,f,c	;volatile
  3034                           
  3035                           ;gpio.c: 21:             break;
  3036   003584  EFF9  F01A         	goto	l132
  3037   003588                     l1783:
  3038                           
  3039                           ;gpio.c: 23:             TRISF |= (1 << pin_number);
  3040   003588  C501  F502         	movff	set_pin_input@pin_number,??_set_pin_input
  3041   00358C  0E01               	movlw	1
  3042   00358E  6E03               	movwf	(??_set_pin_input+1)^(0+1280),c
  3043   003590  2A02               	incf	??_set_pin_input^(0+1280),f,c
  3044   003592  EFCD  F01A         	goto	u1114
  3045   003596                     u1115:
  3046   003596  90D8               	bcf	status,0,c
  3047   003598  3603               	rlcf	(??_set_pin_input+1)^(0+1280),f,c
  3048   00359A                     u1114:
  3049   00359A  2E02               	decfsz	??_set_pin_input^(0+1280),f,c
  3050   00359C  EFCB  F01A         	goto	u1115
  3051   0035A0  5003               	movf	(??_set_pin_input+1)^(0+1280),w,c
  3052   0035A2  12CB               	iorwf	203,f,c	;volatile
  3053                           
  3054                           ;gpio.c: 24:             break;
  3055   0035A4  EFF9  F01A         	goto	l132
  3056   0035A8                     l1787:
  3057   0035A8  5004               	movf	set_pin_input@port_name^(0+1280),w,c
  3058   0035AA  6E02               	movwf	??_set_pin_input^(0+1280),c
  3059   0035AC  6A03               	clrf	(??_set_pin_input+1)^(0+1280),c
  3060                           
  3061                           ; Switch on 2 bytes has been partitioned into a top level switch of size 1, and 1 sub-sw
      +                          itches
  3062                           ; Switch size 1, requested type "simple"
  3063                           ; Number of cases is 1, Range of values is 0 to 0
  3064                           ; switch strategies available:
  3065                           ; Name         Instructions Cycles
  3066                           ; simple_byte            4     3 (average)
  3067                           ;	Chosen strategy is simple_byte
  3068   0035AE  5003               	movf	(??_set_pin_input+1)^(0+1280),w,c
  3069   0035B0  0A00               	xorlw	0	; case 0
  3070   0035B2  B4D8               	btfsc	status,2,c
  3071   0035B4  EFDE  F01A         	goto	l2485
  3072   0035B8  EFF9  F01A         	goto	l132
  3073   0035BC                     l2485:
  3074                           
  3075                           ; Switch size 1, requested type "simple"
  3076                           ; Number of cases is 6, Range of values is 65 to 70
  3077                           ; switch strategies available:
  3078                           ; Name         Instructions Cycles
  3079                           ; simple_byte           19    10 (average)
  3080                           ;	Chosen strategy is simple_byte
  3081   0035BC  5002               	movf	??_set_pin_input^(0+1280),w,c
  3082   0035BE  0A41               	xorlw	65	; case 65
  3083   0035C0  B4D8               	btfsc	status,2,c
  3084   0035C2  EF74  F01A         	goto	l1773
  3085   0035C6  0A03               	xorlw	3	; case 66
  3086   0035C8  B4D8               	btfsc	status,2,c
  3087   0035CA  EF84  F01A         	goto	l1775
  3088   0035CE  0A01               	xorlw	1	; case 67
  3089   0035D0  B4D8               	btfsc	status,2,c
  3090   0035D2  EF94  F01A         	goto	l1777
  3091   0035D6  0A07               	xorlw	7	; case 68
  3092   0035D8  B4D8               	btfsc	status,2,c
  3093   0035DA  EFA4  F01A         	goto	l1779
  3094   0035DE  0A01               	xorlw	1	; case 69
  3095   0035E0  B4D8               	btfsc	status,2,c
  3096   0035E2  EFB4  F01A         	goto	l1781
  3097   0035E6  0A03               	xorlw	3	; case 70
  3098   0035E8  B4D8               	btfsc	status,2,c
  3099   0035EA  EFC4  F01A         	goto	l1783
  3100   0035EE  EFF9  F01A         	goto	l132
  3101   0035F2                     l132:
  3102   0035F2  0012               	return		;funcret
  3103   0035F4                     __end_of_set_pin_input:
  3104                           	callstack 0
  3105                           
  3106 ;; *************** function _set_pin_digital_mode *****************
  3107 ;; Defined at:
  3108 ;;		line 57 in file "gpio.c"
  3109 ;; Parameters:    Size  Location     Type
  3110 ;;  port_name       1    wreg     enum E17445
  3111 ;;  pin_number      1    0[COMRAM] unsigned char 
  3112 ;; Auto vars:     Size  Location     Type
  3113 ;;  port_name       1    3[COMRAM] enum E17445
  3114 ;; Return value:  Size  Location     Type
  3115 ;;                  1    wreg      void 
  3116 ;; Registers used:
  3117 ;;		wreg, status,2, status,0
  3118 ;; Tracked objects:
  3119 ;;		On entry : 0/0
  3120 ;;		On exit  : 0/0
  3121 ;;		Unchanged: 0/0
  3122 ;; Data sizes:     COMRAM   BANK5   BANK6   BANK7   BANK8   BANK9  BANK10  BANK11  BANK12  BANK13  BANK14  BANK15  BANK1
      +6  BANK17  BANK18  BANK19  BANK20  BANK21  BANK22  BANK23  BANK24  BANK25  BANK26  BANK27  BANK28  BANK29  BANK30  BANK3
      +1  BANK32  BANK33  BANK34  BANK35  BANK36
  3123 ;;      Params:         1       0       0       0       0       0       0       0       0       0       0       0       
      +0       0       0       0       0       0       0       0       0       0       0       0       0       0       0       
      +0       0       0       0       0       0
  3124 ;;      Locals:         1       0       0       0       0       0       0       0       0       0       0       0       
      +0       0       0       0       0       0       0       0       0       0       0       0       0       0       0       
      +0       0       0       0       0       0
  3125 ;;      Temps:          2       0       0       0       0       0       0       0       0       0       0       0       
      +0       0       0       0       0       0       0       0       0       0       0       0       0       0       0       
      +0       0       0       0       0       0
  3126 ;;      Totals:         4       0       0       0       0       0       0       0       0       0       0       0       
      +0       0       0       0       0       0       0       0       0       0       0       0       0       0       0       
      +0       0       0       0       0       0
  3127 ;;Total ram usage:        4 bytes
  3128 ;; Hardware stack levels used: 1
  3129 ;; This function calls:
  3130 ;;		Nothing
  3131 ;; This function is called by:
  3132 ;;		_configure_pin
  3133 ;; This function uses a non-reentrant model
  3134 ;;
  3135                           
  3136                           	psect	text14
  3137   002894                     __ptext14:
  3138                           	callstack 0
  3139   002894                     _set_pin_digital_mode:
  3140                           	callstack 124
  3141                           
  3142                           ;incstack = 0
  3143                           ;set_pin_digital_mode@port_name stored from wreg
  3144   002894  6E04               	movwf	set_pin_digital_mode@port_name^(0+1280),c
  3145   002896                     
  3146                           ;gpio.c: 57: void set_pin_digital_mode(PortName_t port_name, uint8_t pin_number);gpio.c:
      +                           58: {;gpio.c: 59:     switch(port_name)
  3147   002896  EFB9  F014         	goto	l1831
  3148   00289A                     l1817:
  3149                           
  3150                           ;gpio.c: 62:             ANSELA &= ~(1 << pin_number);
  3151   00289A  C501  F502         	movff	set_pin_digital_mode@pin_number,??_set_pin_digital_mode
  3152   00289E  0E01               	movlw	1
  3153   0028A0  6E03               	movwf	(??_set_pin_digital_mode+1)^(0+1280),c
  3154   0028A2  2A02               	incf	??_set_pin_digital_mode^(0+1280),f,c
  3155   0028A4  EF56  F014         	goto	u1184
  3156   0028A8                     u1185:
  3157   0028A8  90D8               	bcf	status,0,c
  3158   0028AA  3603               	rlcf	(??_set_pin_digital_mode+1)^(0+1280),f,c
  3159   0028AC                     u1184:
  3160   0028AC  2E02               	decfsz	??_set_pin_digital_mode^(0+1280),f,c
  3161   0028AE  EF54  F014         	goto	u1185
  3162   0028B2  5003               	movf	(??_set_pin_digital_mode+1)^(0+1280),w,c
  3163   0028B4  0AFF               	xorlw	255
  3164   0028B6  0104               	movlb	4	; () banked
  3165   0028B8  1700               	andwf	0,f,b	;volatile
  3166                           
  3167                           ;gpio.c: 63:             break;
  3168   0028BA  EFDE  F014         	goto	l156
  3169   0028BE                     l1819:
  3170                           
  3171                           ;gpio.c: 65:             ANSELB &= ~(1 << pin_number);
  3172   0028BE  C501  F502         	movff	set_pin_digital_mode@pin_number,??_set_pin_digital_mode
  3173   0028C2  0E01               	movlw	1
  3174   0028C4  6E03               	movwf	(??_set_pin_digital_mode+1)^(0+1280),c
  3175   0028C6  2A02               	incf	??_set_pin_digital_mode^(0+1280),f,c
  3176   0028C8  EF68  F014         	goto	u1194
  3177   0028CC                     u1195:
  3178   0028CC  90D8               	bcf	status,0,c
  3179   0028CE  3603               	rlcf	(??_set_pin_digital_mode+1)^(0+1280),f,c
  3180   0028D0                     u1194:
  3181   0028D0  2E02               	decfsz	??_set_pin_digital_mode^(0+1280),f,c
  3182   0028D2  EF66  F014         	goto	u1195
  3183   0028D6  5003               	movf	(??_set_pin_digital_mode+1)^(0+1280),w,c
  3184   0028D8  0AFF               	xorlw	255
  3185   0028DA  0104               	movlb	4	; () banked
  3186   0028DC  1708               	andwf	8,f,b	;volatile
  3187                           
  3188                           ;gpio.c: 66:             break;
  3189   0028DE  EFDE  F014         	goto	l156
  3190   0028E2                     l1821:
  3191                           
  3192                           ;gpio.c: 68:             ANSELC &= ~(1 << pin_number);
  3193   0028E2  C501  F502         	movff	set_pin_digital_mode@pin_number,??_set_pin_digital_mode
  3194   0028E6  0E01               	movlw	1
  3195   0028E8  6E03               	movwf	(??_set_pin_digital_mode+1)^(0+1280),c
  3196   0028EA  2A02               	incf	??_set_pin_digital_mode^(0+1280),f,c
  3197   0028EC  EF7A  F014         	goto	u1204
  3198   0028F0                     u1205:
  3199   0028F0  90D8               	bcf	status,0,c
  3200   0028F2  3603               	rlcf	(??_set_pin_digital_mode+1)^(0+1280),f,c
  3201   0028F4                     u1204:
  3202   0028F4  2E02               	decfsz	??_set_pin_digital_mode^(0+1280),f,c
  3203   0028F6  EF78  F014         	goto	u1205
  3204   0028FA  5003               	movf	(??_set_pin_digital_mode+1)^(0+1280),w,c
  3205   0028FC  0AFF               	xorlw	255
  3206   0028FE  0104               	movlb	4	; () banked
  3207   002900  1710               	andwf	16,f,b	;volatile
  3208                           
  3209                           ;gpio.c: 69:             break;
  3210   002902  EFDE  F014         	goto	l156
  3211   002906                     l1823:
  3212                           
  3213                           ;gpio.c: 71:             ANSELD &= ~(1 << pin_number);
  3214   002906  C501  F502         	movff	set_pin_digital_mode@pin_number,??_set_pin_digital_mode
  3215   00290A  0E01               	movlw	1
  3216   00290C  6E03               	movwf	(??_set_pin_digital_mode+1)^(0+1280),c
  3217   00290E  2A02               	incf	??_set_pin_digital_mode^(0+1280),f,c
  3218   002910  EF8C  F014         	goto	u1214
  3219   002914                     u1215:
  3220   002914  90D8               	bcf	status,0,c
  3221   002916  3603               	rlcf	(??_set_pin_digital_mode+1)^(0+1280),f,c
  3222   002918                     u1214:
  3223   002918  2E02               	decfsz	??_set_pin_digital_mode^(0+1280),f,c
  3224   00291A  EF8A  F014         	goto	u1215
  3225   00291E  5003               	movf	(??_set_pin_digital_mode+1)^(0+1280),w,c
  3226   002920  0AFF               	xorlw	255
  3227   002922  0104               	movlb	4	; () banked
  3228   002924  1718               	andwf	24,f,b	;volatile
  3229                           
  3230                           ;gpio.c: 72:             break;
  3231   002926  EFDE  F014         	goto	l156
  3232   00292A                     l1825:
  3233                           
  3234                           ;gpio.c: 74:             ANSELE &= ~(1 << pin_number);
  3235   00292A  C501  F502         	movff	set_pin_digital_mode@pin_number,??_set_pin_digital_mode
  3236   00292E  0E01               	movlw	1
  3237   002930  6E03               	movwf	(??_set_pin_digital_mode+1)^(0+1280),c
  3238   002932  2A02               	incf	??_set_pin_digital_mode^(0+1280),f,c
  3239   002934  EF9E  F014         	goto	u1224
  3240   002938                     u1225:
  3241   002938  90D8               	bcf	status,0,c
  3242   00293A  3603               	rlcf	(??_set_pin_digital_mode+1)^(0+1280),f,c
  3243   00293C                     u1224:
  3244   00293C  2E02               	decfsz	??_set_pin_digital_mode^(0+1280),f,c
  3245   00293E  EF9C  F014         	goto	u1225
  3246   002942  5003               	movf	(??_set_pin_digital_mode+1)^(0+1280),w,c
  3247   002944  0AFF               	xorlw	255
  3248   002946  0104               	movlb	4	; () banked
  3249   002948  1720               	andwf	32,f,b	;volatile
  3250                           
  3251                           ;gpio.c: 75:             break;
  3252   00294A  EFDE  F014         	goto	l156
  3253   00294E                     l1827:
  3254                           
  3255                           ;gpio.c: 77:             ANSELF &= ~(1 << pin_number);
  3256   00294E  C501  F502         	movff	set_pin_digital_mode@pin_number,??_set_pin_digital_mode
  3257   002952  0E01               	movlw	1
  3258   002954  6E03               	movwf	(??_set_pin_digital_mode+1)^(0+1280),c
  3259   002956  2A02               	incf	??_set_pin_digital_mode^(0+1280),f,c
  3260   002958  EFB0  F014         	goto	u1234
  3261   00295C                     u1235:
  3262   00295C  90D8               	bcf	status,0,c
  3263   00295E  3603               	rlcf	(??_set_pin_digital_mode+1)^(0+1280),f,c
  3264   002960                     u1234:
  3265   002960  2E02               	decfsz	??_set_pin_digital_mode^(0+1280),f,c
  3266   002962  EFAE  F014         	goto	u1235
  3267   002966  5003               	movf	(??_set_pin_digital_mode+1)^(0+1280),w,c
  3268   002968  0AFF               	xorlw	255
  3269   00296A  0104               	movlb	4	; () banked
  3270   00296C  1728               	andwf	40,f,b	;volatile
  3271                           
  3272                           ;gpio.c: 78:             break;
  3273   00296E  EFDE  F014         	goto	l156
  3274   002972                     l1831:
  3275   002972  5004               	movf	set_pin_digital_mode@port_name^(0+1280),w,c
  3276   002974  6E02               	movwf	??_set_pin_digital_mode^(0+1280),c
  3277   002976  6A03               	clrf	(??_set_pin_digital_mode+1)^(0+1280),c
  3278                           
  3279                           ; Switch on 2 bytes has been partitioned into a top level switch of size 1, and 1 sub-sw
      +                          itches
  3280                           ; Switch size 1, requested type "simple"
  3281                           ; Number of cases is 1, Range of values is 0 to 0
  3282                           ; switch strategies available:
  3283                           ; Name         Instructions Cycles
  3284                           ; simple_byte            4     3 (average)
  3285                           ;	Chosen strategy is simple_byte
  3286   002978  5003               	movf	(??_set_pin_digital_mode+1)^(0+1280),w,c
  3287   00297A  0A00               	xorlw	0	; case 0
  3288   00297C  B4D8               	btfsc	status,2,c
  3289   00297E  EFC3  F014         	goto	l2487
  3290   002982  EFDE  F014         	goto	l156
  3291   002986                     l2487:
  3292                           
  3293                           ; Switch size 1, requested type "simple"
  3294                           ; Number of cases is 6, Range of values is 65 to 70
  3295                           ; switch strategies available:
  3296                           ; Name         Instructions Cycles
  3297                           ; simple_byte           19    10 (average)
  3298                           ;	Chosen strategy is simple_byte
  3299   002986  5002               	movf	??_set_pin_digital_mode^(0+1280),w,c
  3300   002988  0A41               	xorlw	65	; case 65
  3301   00298A  B4D8               	btfsc	status,2,c
  3302   00298C  EF4D  F014         	goto	l1817
  3303   002990  0A03               	xorlw	3	; case 66
  3304   002992  B4D8               	btfsc	status,2,c
  3305   002994  EF5F  F014         	goto	l1819
  3306   002998  0A01               	xorlw	1	; case 67
  3307   00299A  B4D8               	btfsc	status,2,c
  3308   00299C  EF71  F014         	goto	l1821
  3309   0029A0  0A07               	xorlw	7	; case 68
  3310   0029A2  B4D8               	btfsc	status,2,c
  3311   0029A4  EF83  F014         	goto	l1823
  3312   0029A8  0A01               	xorlw	1	; case 69
  3313   0029AA  B4D8               	btfsc	status,2,c
  3314   0029AC  EF95  F014         	goto	l1825
  3315   0029B0  0A03               	xorlw	3	; case 70
  3316   0029B2  B4D8               	btfsc	status,2,c
  3317   0029B4  EFA7  F014         	goto	l1827
  3318   0029B8  EFDE  F014         	goto	l156
  3319   0029BC                     l156:
  3320   0029BC  0012               	return		;funcret
  3321   0029BE                     __end_of_set_pin_digital_mode:
  3322                           	callstack 0
  3323                           
  3324 ;; *************** function _set_pin_analog_mode *****************
  3325 ;; Defined at:
  3326 ;;		line 83 in file "gpio.c"
  3327 ;; Parameters:    Size  Location     Type
  3328 ;;  port_name       1    wreg     enum E17445
  3329 ;;  pin_number      1    0[COMRAM] unsigned char 
  3330 ;; Auto vars:     Size  Location     Type
  3331 ;;  port_name       1    3[COMRAM] enum E17445
  3332 ;; Return value:  Size  Location     Type
  3333 ;;                  1    wreg      void 
  3334 ;; Registers used:
  3335 ;;		wreg, status,2, status,0
  3336 ;; Tracked objects:
  3337 ;;		On entry : 0/0
  3338 ;;		On exit  : 0/0
  3339 ;;		Unchanged: 0/0
  3340 ;; Data sizes:     COMRAM   BANK5   BANK6   BANK7   BANK8   BANK9  BANK10  BANK11  BANK12  BANK13  BANK14  BANK15  BANK1
      +6  BANK17  BANK18  BANK19  BANK20  BANK21  BANK22  BANK23  BANK24  BANK25  BANK26  BANK27  BANK28  BANK29  BANK30  BANK3
      +1  BANK32  BANK33  BANK34  BANK35  BANK36
  3341 ;;      Params:         1       0       0       0       0       0       0       0       0       0       0       0       
      +0       0       0       0       0       0       0       0       0       0       0       0       0       0       0       
      +0       0       0       0       0       0
  3342 ;;      Locals:         1       0       0       0       0       0       0       0       0       0       0       0       
      +0       0       0       0       0       0       0       0       0       0       0       0       0       0       0       
      +0       0       0       0       0       0
  3343 ;;      Temps:          2       0       0       0       0       0       0       0       0       0       0       0       
      +0       0       0       0       0       0       0       0       0       0       0       0       0       0       0       
      +0       0       0       0       0       0
  3344 ;;      Totals:         4       0       0       0       0       0       0       0       0       0       0       0       
      +0       0       0       0       0       0       0       0       0       0       0       0       0       0       0       
      +0       0       0       0       0       0
  3345 ;;Total ram usage:        4 bytes
  3346 ;; Hardware stack levels used: 1
  3347 ;; This function calls:
  3348 ;;		Nothing
  3349 ;; This function is called by:
  3350 ;;		_configure_pin
  3351 ;; This function uses a non-reentrant model
  3352 ;;
  3353                           
  3354                           	psect	text15
  3355   00307E                     __ptext15:
  3356                           	callstack 0
  3357   00307E                     _set_pin_analog_mode:
  3358                           	callstack 124
  3359                           
  3360                           ;incstack = 0
  3361                           ;set_pin_analog_mode@port_name stored from wreg
  3362   00307E  6E04               	movwf	set_pin_analog_mode@port_name^(0+1280),c
  3363   003080                     
  3364                           ;gpio.c: 83: void set_pin_analog_mode(PortName_t port_name, uint8_t pin_number);gpio.c: 
      +                          84: {;gpio.c: 85:     switch(port_name)
  3365   003080  EFA8  F018         	goto	l1853
  3366   003084                     l1839:
  3367                           
  3368                           ;gpio.c: 88:             ANSELA |= (1 << pin_number);
  3369   003084  C501  F502         	movff	set_pin_analog_mode@pin_number,??_set_pin_analog_mode
  3370   003088  0E01               	movlw	1
  3371   00308A  6E03               	movwf	(??_set_pin_analog_mode+1)^(0+1280),c
  3372   00308C  2A02               	incf	??_set_pin_analog_mode^(0+1280),f,c
  3373   00308E  EF4B  F018         	goto	u1244
  3374   003092                     u1245:
  3375   003092  90D8               	bcf	status,0,c
  3376   003094  3603               	rlcf	(??_set_pin_analog_mode+1)^(0+1280),f,c
  3377   003096                     u1244:
  3378   003096  2E02               	decfsz	??_set_pin_analog_mode^(0+1280),f,c
  3379   003098  EF49  F018         	goto	u1245
  3380   00309C  5003               	movf	(??_set_pin_analog_mode+1)^(0+1280),w,c
  3381   00309E  0104               	movlb	4	; () banked
  3382   0030A0  1300               	iorwf	0,f,b	;volatile
  3383                           
  3384                           ;gpio.c: 89:             break;
  3385   0030A2  EFCD  F018         	goto	l168
  3386   0030A6                     l1841:
  3387                           
  3388                           ;gpio.c: 91:             ANSELB |= (1 << pin_number);
  3389   0030A6  C501  F502         	movff	set_pin_analog_mode@pin_number,??_set_pin_analog_mode
  3390   0030AA  0E01               	movlw	1
  3391   0030AC  6E03               	movwf	(??_set_pin_analog_mode+1)^(0+1280),c
  3392   0030AE  2A02               	incf	??_set_pin_analog_mode^(0+1280),f,c
  3393   0030B0  EF5C  F018         	goto	u1254
  3394   0030B4                     u1255:
  3395   0030B4  90D8               	bcf	status,0,c
  3396   0030B6  3603               	rlcf	(??_set_pin_analog_mode+1)^(0+1280),f,c
  3397   0030B8                     u1254:
  3398   0030B8  2E02               	decfsz	??_set_pin_analog_mode^(0+1280),f,c
  3399   0030BA  EF5A  F018         	goto	u1255
  3400   0030BE  5003               	movf	(??_set_pin_analog_mode+1)^(0+1280),w,c
  3401   0030C0  0104               	movlb	4	; () banked
  3402   0030C2  1308               	iorwf	8,f,b	;volatile
  3403                           
  3404                           ;gpio.c: 92:             break;
  3405   0030C4  EFCD  F018         	goto	l168
  3406   0030C8                     l1843:
  3407                           
  3408                           ;gpio.c: 94:             ANSELC |= (1 << pin_number);
  3409   0030C8  C501  F502         	movff	set_pin_analog_mode@pin_number,??_set_pin_analog_mode
  3410   0030CC  0E01               	movlw	1
  3411   0030CE  6E03               	movwf	(??_set_pin_analog_mode+1)^(0+1280),c
  3412   0030D0  2A02               	incf	??_set_pin_analog_mode^(0+1280),f,c
  3413   0030D2  EF6D  F018         	goto	u1264
  3414   0030D6                     u1265:
  3415   0030D6  90D8               	bcf	status,0,c
  3416   0030D8  3603               	rlcf	(??_set_pin_analog_mode+1)^(0+1280),f,c
  3417   0030DA                     u1264:
  3418   0030DA  2E02               	decfsz	??_set_pin_analog_mode^(0+1280),f,c
  3419   0030DC  EF6B  F018         	goto	u1265
  3420   0030E0  5003               	movf	(??_set_pin_analog_mode+1)^(0+1280),w,c
  3421   0030E2  0104               	movlb	4	; () banked
  3422   0030E4  1310               	iorwf	16,f,b	;volatile
  3423                           
  3424                           ;gpio.c: 95:             break;
  3425   0030E6  EFCD  F018         	goto	l168
  3426   0030EA                     l1845:
  3427                           
  3428                           ;gpio.c: 97:             ANSELD |= (1 << pin_number);
  3429   0030EA  C501  F502         	movff	set_pin_analog_mode@pin_number,??_set_pin_analog_mode
  3430   0030EE  0E01               	movlw	1
  3431   0030F0  6E03               	movwf	(??_set_pin_analog_mode+1)^(0+1280),c
  3432   0030F2  2A02               	incf	??_set_pin_analog_mode^(0+1280),f,c
  3433   0030F4  EF7E  F018         	goto	u1274
  3434   0030F8                     u1275:
  3435   0030F8  90D8               	bcf	status,0,c
  3436   0030FA  3603               	rlcf	(??_set_pin_analog_mode+1)^(0+1280),f,c
  3437   0030FC                     u1274:
  3438   0030FC  2E02               	decfsz	??_set_pin_analog_mode^(0+1280),f,c
  3439   0030FE  EF7C  F018         	goto	u1275
  3440   003102  5003               	movf	(??_set_pin_analog_mode+1)^(0+1280),w,c
  3441   003104  0104               	movlb	4	; () banked
  3442   003106  1318               	iorwf	24,f,b	;volatile
  3443                           
  3444                           ;gpio.c: 98:             break;
  3445   003108  EFCD  F018         	goto	l168
  3446   00310C                     l1847:
  3447                           
  3448                           ;gpio.c: 100:             ANSELE |= (1 << pin_number);
  3449   00310C  C501  F502         	movff	set_pin_analog_mode@pin_number,??_set_pin_analog_mode
  3450   003110  0E01               	movlw	1
  3451   003112  6E03               	movwf	(??_set_pin_analog_mode+1)^(0+1280),c
  3452   003114  2A02               	incf	??_set_pin_analog_mode^(0+1280),f,c
  3453   003116  EF8F  F018         	goto	u1284
  3454   00311A                     u1285:
  3455   00311A  90D8               	bcf	status,0,c
  3456   00311C  3603               	rlcf	(??_set_pin_analog_mode+1)^(0+1280),f,c
  3457   00311E                     u1284:
  3458   00311E  2E02               	decfsz	??_set_pin_analog_mode^(0+1280),f,c
  3459   003120  EF8D  F018         	goto	u1285
  3460   003124  5003               	movf	(??_set_pin_analog_mode+1)^(0+1280),w,c
  3461   003126  0104               	movlb	4	; () banked
  3462   003128  1320               	iorwf	32,f,b	;volatile
  3463                           
  3464                           ;gpio.c: 101:             break;
  3465   00312A  EFCD  F018         	goto	l168
  3466   00312E                     l1849:
  3467                           
  3468                           ;gpio.c: 103:             ANSELF |= (1 << pin_number);
  3469   00312E  C501  F502         	movff	set_pin_analog_mode@pin_number,??_set_pin_analog_mode
  3470   003132  0E01               	movlw	1
  3471   003134  6E03               	movwf	(??_set_pin_analog_mode+1)^(0+1280),c
  3472   003136  2A02               	incf	??_set_pin_analog_mode^(0+1280),f,c
  3473   003138  EFA0  F018         	goto	u1294
  3474   00313C                     u1295:
  3475   00313C  90D8               	bcf	status,0,c
  3476   00313E  3603               	rlcf	(??_set_pin_analog_mode+1)^(0+1280),f,c
  3477   003140                     u1294:
  3478   003140  2E02               	decfsz	??_set_pin_analog_mode^(0+1280),f,c
  3479   003142  EF9E  F018         	goto	u1295
  3480   003146  5003               	movf	(??_set_pin_analog_mode+1)^(0+1280),w,c
  3481   003148  0104               	movlb	4	; () banked
  3482   00314A  1328               	iorwf	40,f,b	;volatile
  3483                           
  3484                           ;gpio.c: 104:             break;
  3485   00314C  EFCD  F018         	goto	l168
  3486   003150                     l1853:
  3487   003150  5004               	movf	set_pin_analog_mode@port_name^(0+1280),w,c
  3488   003152  6E02               	movwf	??_set_pin_analog_mode^(0+1280),c
  3489   003154  6A03               	clrf	(??_set_pin_analog_mode+1)^(0+1280),c
  3490                           
  3491                           ; Switch on 2 bytes has been partitioned into a top level switch of size 1, and 1 sub-sw
      +                          itches
  3492                           ; Switch size 1, requested type "simple"
  3493                           ; Number of cases is 1, Range of values is 0 to 0
  3494                           ; switch strategies available:
  3495                           ; Name         Instructions Cycles
  3496                           ; simple_byte            4     3 (average)
  3497                           ;	Chosen strategy is simple_byte
  3498   003156  5003               	movf	(??_set_pin_analog_mode+1)^(0+1280),w,c
  3499   003158  0A00               	xorlw	0	; case 0
  3500   00315A  B4D8               	btfsc	status,2,c
  3501   00315C  EFB2  F018         	goto	l2489
  3502   003160  EFCD  F018         	goto	l168
  3503   003164                     l2489:
  3504                           
  3505                           ; Switch size 1, requested type "simple"
  3506                           ; Number of cases is 6, Range of values is 65 to 70
  3507                           ; switch strategies available:
  3508                           ; Name         Instructions Cycles
  3509                           ; simple_byte           19    10 (average)
  3510                           ;	Chosen strategy is simple_byte
  3511   003164  5002               	movf	??_set_pin_analog_mode^(0+1280),w,c
  3512   003166  0A41               	xorlw	65	; case 65
  3513   003168  B4D8               	btfsc	status,2,c
  3514   00316A  EF42  F018         	goto	l1839
  3515   00316E  0A03               	xorlw	3	; case 66
  3516   003170  B4D8               	btfsc	status,2,c
  3517   003172  EF53  F018         	goto	l1841
  3518   003176  0A01               	xorlw	1	; case 67
  3519   003178  B4D8               	btfsc	status,2,c
  3520   00317A  EF64  F018         	goto	l1843
  3521   00317E  0A07               	xorlw	7	; case 68
  3522   003180  B4D8               	btfsc	status,2,c
  3523   003182  EF75  F018         	goto	l1845
  3524   003186  0A01               	xorlw	1	; case 69
  3525   003188  B4D8               	btfsc	status,2,c
  3526   00318A  EF86  F018         	goto	l1847
  3527   00318E  0A03               	xorlw	3	; case 70
  3528   003190  B4D8               	btfsc	status,2,c
  3529   003192  EF97  F018         	goto	l1849
  3530   003196  EFCD  F018         	goto	l168
  3531   00319A                     l168:
  3532   00319A  0012               	return		;funcret
  3533   00319C                     __end_of_set_pin_analog_mode:
  3534                           	callstack 0
  3535                           
  3536 ;; *************** function _reset_pin_pullup *****************
  3537 ;; Defined at:
  3538 ;;		line 137 in file "gpio.c"
  3539 ;; Parameters:    Size  Location     Type
  3540 ;;  port_name       1    wreg     enum E17445
  3541 ;;  pin_number      1    0[COMRAM] unsigned char 
  3542 ;; Auto vars:     Size  Location     Type
  3543 ;;  port_name       1    3[COMRAM] enum E17445
  3544 ;; Return value:  Size  Location     Type
  3545 ;;                  1    wreg      void 
  3546 ;; Registers used:
  3547 ;;		wreg, status,2, status,0
  3548 ;; Tracked objects:
  3549 ;;		On entry : 0/0
  3550 ;;		On exit  : 0/0
  3551 ;;		Unchanged: 0/0
  3552 ;; Data sizes:     COMRAM   BANK5   BANK6   BANK7   BANK8   BANK9  BANK10  BANK11  BANK12  BANK13  BANK14  BANK15  BANK1
      +6  BANK17  BANK18  BANK19  BANK20  BANK21  BANK22  BANK23  BANK24  BANK25  BANK26  BANK27  BANK28  BANK29  BANK30  BANK3
      +1  BANK32  BANK33  BANK34  BANK35  BANK36
  3553 ;;      Params:         1       0       0       0       0       0       0       0       0       0       0       0       
      +0       0       0       0       0       0       0       0       0       0       0       0       0       0       0       
      +0       0       0       0       0       0
  3554 ;;      Locals:         1       0       0       0       0       0       0       0       0       0       0       0       
      +0       0       0       0       0       0       0       0       0       0       0       0       0       0       0       
      +0       0       0       0       0       0
  3555 ;;      Temps:          2       0       0       0       0       0       0       0       0       0       0       0       
      +0       0       0       0       0       0       0       0       0       0       0       0       0       0       0       
      +0       0       0       0       0       0
  3556 ;;      Totals:         4       0       0       0       0       0       0       0       0       0       0       0       
      +0       0       0       0       0       0       0       0       0       0       0       0       0       0       0       
      +0       0       0       0       0       0
  3557 ;;Total ram usage:        4 bytes
  3558 ;; Hardware stack levels used: 1
  3559 ;; This function calls:
  3560 ;;		Nothing
  3561 ;; This function is called by:
  3562 ;;		_configure_pin
  3563 ;; This function uses a non-reentrant model
  3564 ;;
  3565                           
  3566                           	psect	text16
  3567   0029BE                     __ptext16:
  3568                           	callstack 0
  3569   0029BE                     _reset_pin_pullup:
  3570                           	callstack 124
  3571                           
  3572                           ;incstack = 0
  3573                           ;reset_pin_pullup@port_name stored from wreg
  3574   0029BE  6E04               	movwf	reset_pin_pullup@port_name^(0+1280),c
  3575   0029C0                     
  3576                           ;gpio.c: 137: void reset_pin_pullup(PortName_t port_name, uint8_t pin_number);gpio.c: 13
      +                          8: {;gpio.c: 139:     switch(port_name)
  3577   0029C0  EF4E  F015         	goto	l1897
  3578   0029C4                     l1883:
  3579                           
  3580                           ;gpio.c: 142:             WPUA &= ~(1 << pin_number);
  3581   0029C4  C501  F502         	movff	reset_pin_pullup@pin_number,??_reset_pin_pullup
  3582   0029C8  0E01               	movlw	1
  3583   0029CA  6E03               	movwf	(??_reset_pin_pullup+1)^(0+1280),c
  3584   0029CC  2A02               	incf	??_reset_pin_pullup^(0+1280),f,c
  3585   0029CE  EFEB  F014         	goto	u1364
  3586   0029D2                     u1365:
  3587   0029D2  90D8               	bcf	status,0,c
  3588   0029D4  3603               	rlcf	(??_reset_pin_pullup+1)^(0+1280),f,c
  3589   0029D6                     u1364:
  3590   0029D6  2E02               	decfsz	??_reset_pin_pullup^(0+1280),f,c
  3591   0029D8  EFE9  F014         	goto	u1365
  3592   0029DC  5003               	movf	(??_reset_pin_pullup+1)^(0+1280),w,c
  3593   0029DE  0AFF               	xorlw	255
  3594   0029E0  0104               	movlb	4	; () banked
  3595   0029E2  1701               	andwf	1,f,b	;volatile
  3596                           
  3597                           ;gpio.c: 143:             break;
  3598   0029E4  EF73  F015         	goto	l192
  3599   0029E8                     l1885:
  3600                           
  3601                           ;gpio.c: 145:             WPUB &= ~(1 << pin_number);
  3602   0029E8  C501  F502         	movff	reset_pin_pullup@pin_number,??_reset_pin_pullup
  3603   0029EC  0E01               	movlw	1
  3604   0029EE  6E03               	movwf	(??_reset_pin_pullup+1)^(0+1280),c
  3605   0029F0  2A02               	incf	??_reset_pin_pullup^(0+1280),f,c
  3606   0029F2  EFFD  F014         	goto	u1374
  3607   0029F6                     u1375:
  3608   0029F6  90D8               	bcf	status,0,c
  3609   0029F8  3603               	rlcf	(??_reset_pin_pullup+1)^(0+1280),f,c
  3610   0029FA                     u1374:
  3611   0029FA  2E02               	decfsz	??_reset_pin_pullup^(0+1280),f,c
  3612   0029FC  EFFB  F014         	goto	u1375
  3613   002A00  5003               	movf	(??_reset_pin_pullup+1)^(0+1280),w,c
  3614   002A02  0AFF               	xorlw	255
  3615   002A04  0104               	movlb	4	; () banked
  3616   002A06  1709               	andwf	9,f,b	;volatile
  3617                           
  3618                           ;gpio.c: 146:             break;
  3619   002A08  EF73  F015         	goto	l192
  3620   002A0C                     l1887:
  3621                           
  3622                           ;gpio.c: 148:             WPUC &= ~(1 << pin_number);
  3623   002A0C  C501  F502         	movff	reset_pin_pullup@pin_number,??_reset_pin_pullup
  3624   002A10  0E01               	movlw	1
  3625   002A12  6E03               	movwf	(??_reset_pin_pullup+1)^(0+1280),c
  3626   002A14  2A02               	incf	??_reset_pin_pullup^(0+1280),f,c
  3627   002A16  EF0F  F015         	goto	u1384
  3628   002A1A                     u1385:
  3629   002A1A  90D8               	bcf	status,0,c
  3630   002A1C  3603               	rlcf	(??_reset_pin_pullup+1)^(0+1280),f,c
  3631   002A1E                     u1384:
  3632   002A1E  2E02               	decfsz	??_reset_pin_pullup^(0+1280),f,c
  3633   002A20  EF0D  F015         	goto	u1385
  3634   002A24  5003               	movf	(??_reset_pin_pullup+1)^(0+1280),w,c
  3635   002A26  0AFF               	xorlw	255
  3636   002A28  0104               	movlb	4	; () banked
  3637   002A2A  1711               	andwf	17,f,b	;volatile
  3638                           
  3639                           ;gpio.c: 149:             break;
  3640   002A2C  EF73  F015         	goto	l192
  3641   002A30                     l1889:
  3642                           
  3643                           ;gpio.c: 151:             WPUD &= ~(1 << pin_number);
  3644   002A30  C501  F502         	movff	reset_pin_pullup@pin_number,??_reset_pin_pullup
  3645   002A34  0E01               	movlw	1
  3646   002A36  6E03               	movwf	(??_reset_pin_pullup+1)^(0+1280),c
  3647   002A38  2A02               	incf	??_reset_pin_pullup^(0+1280),f,c
  3648   002A3A  EF21  F015         	goto	u1394
  3649   002A3E                     u1395:
  3650   002A3E  90D8               	bcf	status,0,c
  3651   002A40  3603               	rlcf	(??_reset_pin_pullup+1)^(0+1280),f,c
  3652   002A42                     u1394:
  3653   002A42  2E02               	decfsz	??_reset_pin_pullup^(0+1280),f,c
  3654   002A44  EF1F  F015         	goto	u1395
  3655   002A48  5003               	movf	(??_reset_pin_pullup+1)^(0+1280),w,c
  3656   002A4A  0AFF               	xorlw	255
  3657   002A4C  0104               	movlb	4	; () banked
  3658   002A4E  1719               	andwf	25,f,b	;volatile
  3659                           
  3660                           ;gpio.c: 152:             break;
  3661   002A50  EF73  F015         	goto	l192
  3662   002A54                     l1891:
  3663                           
  3664                           ;gpio.c: 154:             WPUE &= ~(1 << pin_number);
  3665   002A54  C501  F502         	movff	reset_pin_pullup@pin_number,??_reset_pin_pullup
  3666   002A58  0E01               	movlw	1
  3667   002A5A  6E03               	movwf	(??_reset_pin_pullup+1)^(0+1280),c
  3668   002A5C  2A02               	incf	??_reset_pin_pullup^(0+1280),f,c
  3669   002A5E  EF33  F015         	goto	u1404
  3670   002A62                     u1405:
  3671   002A62  90D8               	bcf	status,0,c
  3672   002A64  3603               	rlcf	(??_reset_pin_pullup+1)^(0+1280),f,c
  3673   002A66                     u1404:
  3674   002A66  2E02               	decfsz	??_reset_pin_pullup^(0+1280),f,c
  3675   002A68  EF31  F015         	goto	u1405
  3676   002A6C  5003               	movf	(??_reset_pin_pullup+1)^(0+1280),w,c
  3677   002A6E  0AFF               	xorlw	255
  3678   002A70  0104               	movlb	4	; () banked
  3679   002A72  1721               	andwf	33,f,b	;volatile
  3680                           
  3681                           ;gpio.c: 155:             break;
  3682   002A74  EF73  F015         	goto	l192
  3683   002A78                     l1893:
  3684                           
  3685                           ;gpio.c: 157:             WPUF &= ~(1 << pin_number);
  3686   002A78  C501  F502         	movff	reset_pin_pullup@pin_number,??_reset_pin_pullup
  3687   002A7C  0E01               	movlw	1
  3688   002A7E  6E03               	movwf	(??_reset_pin_pullup+1)^(0+1280),c
  3689   002A80  2A02               	incf	??_reset_pin_pullup^(0+1280),f,c
  3690   002A82  EF45  F015         	goto	u1414
  3691   002A86                     u1415:
  3692   002A86  90D8               	bcf	status,0,c
  3693   002A88  3603               	rlcf	(??_reset_pin_pullup+1)^(0+1280),f,c
  3694   002A8A                     u1414:
  3695   002A8A  2E02               	decfsz	??_reset_pin_pullup^(0+1280),f,c
  3696   002A8C  EF43  F015         	goto	u1415
  3697   002A90  5003               	movf	(??_reset_pin_pullup+1)^(0+1280),w,c
  3698   002A92  0AFF               	xorlw	255
  3699   002A94  0104               	movlb	4	; () banked
  3700   002A96  1729               	andwf	41,f,b	;volatile
  3701                           
  3702                           ;gpio.c: 158:             break;
  3703   002A98  EF73  F015         	goto	l192
  3704   002A9C                     l1897:
  3705   002A9C  5004               	movf	reset_pin_pullup@port_name^(0+1280),w,c
  3706   002A9E  6E02               	movwf	??_reset_pin_pullup^(0+1280),c
  3707   002AA0  6A03               	clrf	(??_reset_pin_pullup+1)^(0+1280),c
  3708                           
  3709                           ; Switch on 2 bytes has been partitioned into a top level switch of size 1, and 1 sub-sw
      +                          itches
  3710                           ; Switch size 1, requested type "simple"
  3711                           ; Number of cases is 1, Range of values is 0 to 0
  3712                           ; switch strategies available:
  3713                           ; Name         Instructions Cycles
  3714                           ; simple_byte            4     3 (average)
  3715                           ;	Chosen strategy is simple_byte
  3716   002AA2  5003               	movf	(??_reset_pin_pullup+1)^(0+1280),w,c
  3717   002AA4  0A00               	xorlw	0	; case 0
  3718   002AA6  B4D8               	btfsc	status,2,c
  3719   002AA8  EF58  F015         	goto	l2491
  3720   002AAC  EF73  F015         	goto	l192
  3721   002AB0                     l2491:
  3722                           
  3723                           ; Switch size 1, requested type "simple"
  3724                           ; Number of cases is 6, Range of values is 65 to 70
  3725                           ; switch strategies available:
  3726                           ; Name         Instructions Cycles
  3727                           ; simple_byte           19    10 (average)
  3728                           ;	Chosen strategy is simple_byte
  3729   002AB0  5002               	movf	??_reset_pin_pullup^(0+1280),w,c
  3730   002AB2  0A41               	xorlw	65	; case 65
  3731   002AB4  B4D8               	btfsc	status,2,c
  3732   002AB6  EFE2  F014         	goto	l1883
  3733   002ABA  0A03               	xorlw	3	; case 66
  3734   002ABC  B4D8               	btfsc	status,2,c
  3735   002ABE  EFF4  F014         	goto	l1885
  3736   002AC2  0A01               	xorlw	1	; case 67
  3737   002AC4  B4D8               	btfsc	status,2,c
  3738   002AC6  EF06  F015         	goto	l1887
  3739   002ACA  0A07               	xorlw	7	; case 68
  3740   002ACC  B4D8               	btfsc	status,2,c
  3741   002ACE  EF18  F015         	goto	l1889
  3742   002AD2  0A01               	xorlw	1	; case 69
  3743   002AD4  B4D8               	btfsc	status,2,c
  3744   002AD6  EF2A  F015         	goto	l1891
  3745   002ADA  0A03               	xorlw	3	; case 70
  3746   002ADC  B4D8               	btfsc	status,2,c
  3747   002ADE  EF3C  F015         	goto	l1893
  3748   002AE2  EF73  F015         	goto	l192
  3749   002AE6                     l192:
  3750   002AE6  0012               	return		;funcret
  3751   002AE8                     __end_of_reset_pin_pullup:
  3752                           	callstack 0
  3753                           
  3754 ;; *************** function _Reset_Display7Seg *****************
  3755 ;; Defined at:
  3756 ;;		line 47 in file "display7.c"
  3757 ;; Parameters:    Size  Location     Type
  3758 ;;  d7s             2    4[COMRAM] PTR struct .
  3759 ;;		 -> display2(15), 
  3760 ;; Auto vars:     Size  Location     Type
  3761 ;;  i               1   12[COMRAM] unsigned char 
  3762 ;; Return value:  Size  Location     Type
  3763 ;;                  1    wreg      void 
  3764 ;; Registers used:
  3765 ;;		wreg, fsr2l, fsr2h, status,2, status,0, prodl, prodh, cstack
  3766 ;; Tracked objects:
  3767 ;;		On entry : 0/0
  3768 ;;		On exit  : 0/0
  3769 ;;		Unchanged: 0/0
  3770 ;; Data sizes:     COMRAM   BANK5   BANK6   BANK7   BANK8   BANK9  BANK10  BANK11  BANK12  BANK13  BANK14  BANK15  BANK1
      +6  BANK17  BANK18  BANK19  BANK20  BANK21  BANK22  BANK23  BANK24  BANK25  BANK26  BANK27  BANK28  BANK29  BANK30  BANK3
      +1  BANK32  BANK33  BANK34  BANK35  BANK36
  3771 ;;      Params:         2       0       0       0       0       0       0       0       0       0       0       0       
      +0       0       0       0       0       0       0       0       0       0       0       0       0       0       0       
      +0       0       0       0       0       0
  3772 ;;      Locals:         1       0       0       0       0       0       0       0       0       0       0       0       
      +0       0       0       0       0       0       0       0       0       0       0       0       0       0       0       
      +0       0       0       0       0       0
  3773 ;;      Temps:          6       0       0       0       0       0       0       0       0       0       0       0       
      +0       0       0       0       0       0       0       0       0       0       0       0       0       0       0       
      +0       0       0       0       0       0
  3774 ;;      Totals:         9       0       0       0       0       0       0       0       0       0       0       0       
      +0       0       0       0       0       0       0       0       0       0       0       0       0       0       0       
      +0       0       0       0       0       0
  3775 ;;Total ram usage:        9 bytes
  3776 ;; Hardware stack levels used: 1
  3777 ;; Hardware stack levels required when called: 1
  3778 ;; This function calls:
  3779 ;;		_set_pin_low
  3780 ;; This function is called by:
  3781 ;;		_Display7Seg_Init
  3782 ;;		_Write_Display7seg
  3783 ;; This function uses a non-reentrant model
  3784 ;;
  3785                           
  3786                           	psect	text17
  3787   00376A                     __ptext17:
  3788                           	callstack 0
  3789   00376A                     _Reset_Display7Seg:
  3790                           	callstack 124
  3791   00376A                     
  3792                           ;display7.c: 47: void Reset_Display7Seg(display7seg_t* d7s);display7.c: 48: {;display7.c
      +                          : 49:     for(uint8_t i = 0; i < 7; ++i)
  3793   00376A  0E00               	movlw	0
  3794   00376C  6E0D               	movwf	Reset_Display7Seg@i^(0+1280),c
  3795   00376E                     l2121:
  3796                           
  3797                           ;display7.c: 50:     {;display7.c: 51:         set_pin_low((d7s -> display_pins[i]).port
      +                          , (d7s -> display_pins[i]).pin);
  3798   00376E  500D               	movf	Reset_Display7Seg@i^(0+1280),w,c
  3799   003770  0D02               	mullw	2
  3800   003772  C4F3 F507          	movff	prodl,??_Reset_Display7Seg
  3801   003776  C4F4 F508          	movff	prodh,??_Reset_Display7Seg+1
  3802   00377A  5007               	movf	??_Reset_Display7Seg^(0+1280),w,c
  3803   00377C  2405               	addwf	Reset_Display7Seg@d7s^(0+1280),w,c
  3804   00377E  6E09               	movwf	(??_Reset_Display7Seg+2)^(0+1280),c
  3805   003780  5008               	movf	(??_Reset_Display7Seg+1)^(0+1280),w,c
  3806   003782  2006               	addwfc	(Reset_Display7Seg@d7s+1)^(0+1280),w,c
  3807   003784  6E0A               	movwf	(??_Reset_Display7Seg+3)^(0+1280),c
  3808   003786  0E01               	movlw	1
  3809   003788  2409               	addwf	(??_Reset_Display7Seg+2)^(0+1280),w,c
  3810   00378A  6ED9               	movwf	fsr2l,c
  3811   00378C  0E00               	movlw	0
  3812   00378E  200A               	addwfc	(??_Reset_Display7Seg+3)^(0+1280),w,c
  3813   003790  6EDA               	movwf	fsr2h,c
  3814   003792  50DF               	movf	indf2,w,c
  3815   003794  6E01               	movwf	set_pin_low@pin_number^(0+1280),c
  3816   003796  500D               	movf	Reset_Display7Seg@i^(0+1280),w,c
  3817   003798  0D02               	mullw	2
  3818   00379A  C4F3 F50B          	movff	prodl,??_Reset_Display7Seg+4
  3819   00379E  C4F4 F50C          	movff	prodh,??_Reset_Display7Seg+5
  3820   0037A2  500B               	movf	(??_Reset_Display7Seg+4)^(0+1280),w,c
  3821   0037A4  2405               	addwf	Reset_Display7Seg@d7s^(0+1280),w,c
  3822   0037A6  6ED9               	movwf	fsr2l,c
  3823   0037A8  500C               	movf	(??_Reset_Display7Seg+5)^(0+1280),w,c
  3824   0037AA  2006               	addwfc	(Reset_Display7Seg@d7s+1)^(0+1280),w,c
  3825   0037AC  6EDA               	movwf	fsr2h,c
  3826   0037AE  50DF               	movf	indf2,w,c
  3827   0037B0  ECCE  F018         	call	_set_pin_low
  3828   0037B4                     
  3829                           ;display7.c: 52:     }
  3830   0037B4  2A0D               	incf	Reset_Display7Seg@i^(0+1280),f,c
  3831   0037B6  0E06               	movlw	6
  3832   0037B8  640D               	cpfsgt	Reset_Display7Seg@i^(0+1280),c
  3833   0037BA  EFE1  F01B         	goto	u1961
  3834   0037BE  EFE3  F01B         	goto	u1960
  3835   0037C2                     u1961:
  3836   0037C2  EFB7  F01B         	goto	l2121
  3837   0037C6                     u1960:
  3838   0037C6  0012               	return		;funcret
  3839   0037C8                     __end_of_Reset_Display7Seg:
  3840                           	callstack 0
  3841                           
  3842 ;; *************** function _set_pin_low *****************
  3843 ;; Defined at:
  3844 ;;		line 388 in file "gpio.c"
  3845 ;; Parameters:    Size  Location     Type
  3846 ;;  port_name       1    wreg     enum E17445
  3847 ;;  pin_number      1    0[COMRAM] unsigned char 
  3848 ;; Auto vars:     Size  Location     Type
  3849 ;;  port_name       1    3[COMRAM] enum E17445
  3850 ;; Return value:  Size  Location     Type
  3851 ;;                  1    wreg      void 
  3852 ;; Registers used:
  3853 ;;		wreg, status,2, status,0
  3854 ;; Tracked objects:
  3855 ;;		On entry : 0/0
  3856 ;;		On exit  : 0/0
  3857 ;;		Unchanged: 0/0
  3858 ;; Data sizes:     COMRAM   BANK5   BANK6   BANK7   BANK8   BANK9  BANK10  BANK11  BANK12  BANK13  BANK14  BANK15  BANK1
      +6  BANK17  BANK18  BANK19  BANK20  BANK21  BANK22  BANK23  BANK24  BANK25  BANK26  BANK27  BANK28  BANK29  BANK30  BANK3
      +1  BANK32  BANK33  BANK34  BANK35  BANK36
  3859 ;;      Params:         1       0       0       0       0       0       0       0       0       0       0       0       
      +0       0       0       0       0       0       0       0       0       0       0       0       0       0       0       
      +0       0       0       0       0       0
  3860 ;;      Locals:         1       0       0       0       0       0       0       0       0       0       0       0       
      +0       0       0       0       0       0       0       0       0       0       0       0       0       0       0       
      +0       0       0       0       0       0
  3861 ;;      Temps:          2       0       0       0       0       0       0       0       0       0       0       0       
      +0       0       0       0       0       0       0       0       0       0       0       0       0       0       0       
      +0       0       0       0       0       0
  3862 ;;      Totals:         4       0       0       0       0       0       0       0       0       0       0       0       
      +0       0       0       0       0       0       0       0       0       0       0       0       0       0       0       
      +0       0       0       0       0       0
  3863 ;;Total ram usage:        4 bytes
  3864 ;; Hardware stack levels used: 1
  3865 ;; This function calls:
  3866 ;;		Nothing
  3867 ;; This function is called by:
  3868 ;;		_Reset_Display7Seg
  3869 ;; This function uses a non-reentrant model
  3870 ;;
  3871                           
  3872                           	psect	text18
  3873   00319C                     __ptext18:
  3874                           	callstack 0
  3875   00319C                     _set_pin_low:
  3876                           	callstack 124
  3877                           
  3878                           ;incstack = 0
  3879                           ;set_pin_low@port_name stored from wreg
  3880   00319C  6E04               	movwf	set_pin_low@port_name^(0+1280),c
  3881   00319E                     
  3882                           ;gpio.c: 388: void set_pin_low(PortName_t port_name, uint8_t pin_number);gpio.c: 389: {;
      +                          gpio.c: 390:     switch(port_name)
  3883   00319E  EF37  F019         	goto	l2051
  3884   0031A2                     l2037:
  3885                           
  3886                           ;gpio.c: 393:             LATA &= ~(1 << pin_number);
  3887   0031A2  C501  F502         	movff	set_pin_low@pin_number,??_set_pin_low
  3888   0031A6  0E01               	movlw	1
  3889   0031A8  6E03               	movwf	(??_set_pin_low+1)^(0+1280),c
  3890   0031AA  2A02               	incf	??_set_pin_low^(0+1280),f,c
  3891   0031AC  EFDA  F018         	goto	u1784
  3892   0031B0                     u1785:
  3893   0031B0  90D8               	bcf	status,0,c
  3894   0031B2  3603               	rlcf	(??_set_pin_low+1)^(0+1280),f,c
  3895   0031B4                     u1784:
  3896   0031B4  2E02               	decfsz	??_set_pin_low^(0+1280),f,c
  3897   0031B6  EFD8  F018         	goto	u1785
  3898   0031BA  5003               	movf	(??_set_pin_low+1)^(0+1280),w,c
  3899   0031BC  0AFF               	xorlw	255
  3900   0031BE  16BE               	andwf	190,f,c	;volatile
  3901                           
  3902                           ;gpio.c: 394:             break;
  3903   0031C0  EF5C  F019         	goto	l303
  3904   0031C4                     l2039:
  3905                           
  3906                           ;gpio.c: 396:             LATB &= ~(1 << pin_number);
  3907   0031C4  C501  F502         	movff	set_pin_low@pin_number,??_set_pin_low
  3908   0031C8  0E01               	movlw	1
  3909   0031CA  6E03               	movwf	(??_set_pin_low+1)^(0+1280),c
  3910   0031CC  2A02               	incf	??_set_pin_low^(0+1280),f,c
  3911   0031CE  EFEB  F018         	goto	u1794
  3912   0031D2                     u1795:
  3913   0031D2  90D8               	bcf	status,0,c
  3914   0031D4  3603               	rlcf	(??_set_pin_low+1)^(0+1280),f,c
  3915   0031D6                     u1794:
  3916   0031D6  2E02               	decfsz	??_set_pin_low^(0+1280),f,c
  3917   0031D8  EFE9  F018         	goto	u1795
  3918   0031DC  5003               	movf	(??_set_pin_low+1)^(0+1280),w,c
  3919   0031DE  0AFF               	xorlw	255
  3920   0031E0  16BF               	andwf	191,f,c	;volatile
  3921                           
  3922                           ;gpio.c: 397:             break;
  3923   0031E2  EF5C  F019         	goto	l303
  3924   0031E6                     l2041:
  3925                           
  3926                           ;gpio.c: 399:             LATC &= ~(1 << pin_number);
  3927   0031E6  C501  F502         	movff	set_pin_low@pin_number,??_set_pin_low
  3928   0031EA  0E01               	movlw	1
  3929   0031EC  6E03               	movwf	(??_set_pin_low+1)^(0+1280),c
  3930   0031EE  2A02               	incf	??_set_pin_low^(0+1280),f,c
  3931   0031F0  EFFC  F018         	goto	u1804
  3932   0031F4                     u1805:
  3933   0031F4  90D8               	bcf	status,0,c
  3934   0031F6  3603               	rlcf	(??_set_pin_low+1)^(0+1280),f,c
  3935   0031F8                     u1804:
  3936   0031F8  2E02               	decfsz	??_set_pin_low^(0+1280),f,c
  3937   0031FA  EFFA  F018         	goto	u1805
  3938   0031FE  5003               	movf	(??_set_pin_low+1)^(0+1280),w,c
  3939   003200  0AFF               	xorlw	255
  3940   003202  16C0               	andwf	192,f,c	;volatile
  3941                           
  3942                           ;gpio.c: 400:             break;
  3943   003204  EF5C  F019         	goto	l303
  3944   003208                     l2043:
  3945                           
  3946                           ;gpio.c: 402:             LATD &= ~(1 << pin_number);
  3947   003208  C501  F502         	movff	set_pin_low@pin_number,??_set_pin_low
  3948   00320C  0E01               	movlw	1
  3949   00320E  6E03               	movwf	(??_set_pin_low+1)^(0+1280),c
  3950   003210  2A02               	incf	??_set_pin_low^(0+1280),f,c
  3951   003212  EF0D  F019         	goto	u1814
  3952   003216                     u1815:
  3953   003216  90D8               	bcf	status,0,c
  3954   003218  3603               	rlcf	(??_set_pin_low+1)^(0+1280),f,c
  3955   00321A                     u1814:
  3956   00321A  2E02               	decfsz	??_set_pin_low^(0+1280),f,c
  3957   00321C  EF0B  F019         	goto	u1815
  3958   003220  5003               	movf	(??_set_pin_low+1)^(0+1280),w,c
  3959   003222  0AFF               	xorlw	255
  3960   003224  16C1               	andwf	193,f,c	;volatile
  3961                           
  3962                           ;gpio.c: 403:             break;
  3963   003226  EF5C  F019         	goto	l303
  3964   00322A                     l2045:
  3965                           
  3966                           ;gpio.c: 405:             LATE &= ~(1 << pin_number);
  3967   00322A  C501  F502         	movff	set_pin_low@pin_number,??_set_pin_low
  3968   00322E  0E01               	movlw	1
  3969   003230  6E03               	movwf	(??_set_pin_low+1)^(0+1280),c
  3970   003232  2A02               	incf	??_set_pin_low^(0+1280),f,c
  3971   003234  EF1E  F019         	goto	u1824
  3972   003238                     u1825:
  3973   003238  90D8               	bcf	status,0,c
  3974   00323A  3603               	rlcf	(??_set_pin_low+1)^(0+1280),f,c
  3975   00323C                     u1824:
  3976   00323C  2E02               	decfsz	??_set_pin_low^(0+1280),f,c
  3977   00323E  EF1C  F019         	goto	u1825
  3978   003242  5003               	movf	(??_set_pin_low+1)^(0+1280),w,c
  3979   003244  0AFF               	xorlw	255
  3980   003246  16C2               	andwf	194,f,c	;volatile
  3981                           
  3982                           ;gpio.c: 406:             break;
  3983   003248  EF5C  F019         	goto	l303
  3984   00324C                     l2047:
  3985                           
  3986                           ;gpio.c: 408:             LATF &= ~(1 << pin_number);
  3987   00324C  C501  F502         	movff	set_pin_low@pin_number,??_set_pin_low
  3988   003250  0E01               	movlw	1
  3989   003252  6E03               	movwf	(??_set_pin_low+1)^(0+1280),c
  3990   003254  2A02               	incf	??_set_pin_low^(0+1280),f,c
  3991   003256  EF2F  F019         	goto	u1834
  3992   00325A                     u1835:
  3993   00325A  90D8               	bcf	status,0,c
  3994   00325C  3603               	rlcf	(??_set_pin_low+1)^(0+1280),f,c
  3995   00325E                     u1834:
  3996   00325E  2E02               	decfsz	??_set_pin_low^(0+1280),f,c
  3997   003260  EF2D  F019         	goto	u1835
  3998   003264  5003               	movf	(??_set_pin_low+1)^(0+1280),w,c
  3999   003266  0AFF               	xorlw	255
  4000   003268  16C3               	andwf	195,f,c	;volatile
  4001                           
  4002                           ;gpio.c: 409:             break;
  4003   00326A  EF5C  F019         	goto	l303
  4004   00326E                     l2051:
  4005   00326E  5004               	movf	set_pin_low@port_name^(0+1280),w,c
  4006   003270  6E02               	movwf	??_set_pin_low^(0+1280),c
  4007   003272  6A03               	clrf	(??_set_pin_low+1)^(0+1280),c
  4008                           
  4009                           ; Switch on 2 bytes has been partitioned into a top level switch of size 1, and 1 sub-sw
      +                          itches
  4010                           ; Switch size 1, requested type "simple"
  4011                           ; Number of cases is 1, Range of values is 0 to 0
  4012                           ; switch strategies available:
  4013                           ; Name         Instructions Cycles
  4014                           ; simple_byte            4     3 (average)
  4015                           ;	Chosen strategy is simple_byte
  4016   003274  5003               	movf	(??_set_pin_low+1)^(0+1280),w,c
  4017   003276  0A00               	xorlw	0	; case 0
  4018   003278  B4D8               	btfsc	status,2,c
  4019   00327A  EF41  F019         	goto	l2493
  4020   00327E  EF5C  F019         	goto	l303
  4021   003282                     l2493:
  4022                           
  4023                           ; Switch size 1, requested type "simple"
  4024                           ; Number of cases is 6, Range of values is 65 to 70
  4025                           ; switch strategies available:
  4026                           ; Name         Instructions Cycles
  4027                           ; simple_byte           19    10 (average)
  4028                           ;	Chosen strategy is simple_byte
  4029   003282  5002               	movf	??_set_pin_low^(0+1280),w,c
  4030   003284  0A41               	xorlw	65	; case 65
  4031   003286  B4D8               	btfsc	status,2,c
  4032   003288  EFD1  F018         	goto	l2037
  4033   00328C  0A03               	xorlw	3	; case 66
  4034   00328E  B4D8               	btfsc	status,2,c
  4035   003290  EFE2  F018         	goto	l2039
  4036   003294  0A01               	xorlw	1	; case 67
  4037   003296  B4D8               	btfsc	status,2,c
  4038   003298  EFF3  F018         	goto	l2041
  4039   00329C  0A07               	xorlw	7	; case 68
  4040   00329E  B4D8               	btfsc	status,2,c
  4041   0032A0  EF04  F019         	goto	l2043
  4042   0032A4  0A01               	xorlw	1	; case 69
  4043   0032A6  B4D8               	btfsc	status,2,c
  4044   0032A8  EF15  F019         	goto	l2045
  4045   0032AC  0A03               	xorlw	3	; case 70
  4046   0032AE  B4D8               	btfsc	status,2,c
  4047   0032B0  EF26  F019         	goto	l2047
  4048   0032B4  EF5C  F019         	goto	l303
  4049   0032B8                     l303:
  4050   0032B8  0012               	return		;funcret
  4051   0032BA                     __end_of_set_pin_low:
  4052                           	callstack 0
  4053                           
  4054 ;; *************** function _Clock_Init *****************
  4055 ;; Defined at:
  4056 ;;		line 57 in file "config.c"
  4057 ;; Parameters:    Size  Location     Type
  4058 ;;		None
  4059 ;; Auto vars:     Size  Location     Type
  4060 ;;		None
  4061 ;; Return value:  Size  Location     Type
  4062 ;;                  1    wreg      void 
  4063 ;; Registers used:
  4064 ;;		wreg, status,2
  4065 ;; Tracked objects:
  4066 ;;		On entry : 0/0
  4067 ;;		On exit  : 0/0
  4068 ;;		Unchanged: 0/0
  4069 ;; Data sizes:     COMRAM   BANK5   BANK6   BANK7   BANK8   BANK9  BANK10  BANK11  BANK12  BANK13  BANK14  BANK15  BANK1
      +6  BANK17  BANK18  BANK19  BANK20  BANK21  BANK22  BANK23  BANK24  BANK25  BANK26  BANK27  BANK28  BANK29  BANK30  BANK3
      +1  BANK32  BANK33  BANK34  BANK35  BANK36
  4070 ;;      Params:         0       0       0       0       0       0       0       0       0       0       0       0       
      +0       0       0       0       0       0       0       0       0       0       0       0       0       0       0       
      +0       0       0       0       0       0
  4071 ;;      Locals:         0       0       0       0       0       0       0       0       0       0       0       0       
      +0       0       0       0       0       0       0       0       0       0       0       0       0       0       0       
      +0       0       0       0       0       0
  4072 ;;      Temps:          0       0       0       0       0       0       0       0       0       0       0       0       
      +0       0       0       0       0       0       0       0       0       0       0       0       0       0       0       
      +0       0       0       0       0       0
  4073 ;;      Totals:         0       0       0       0       0       0       0       0       0       0       0       0       
      +0       0       0       0       0       0       0       0       0       0       0       0       0       0       0       
      +0       0       0       0       0       0
  4074 ;;Total ram usage:        0 bytes
  4075 ;; Hardware stack levels used: 1
  4076 ;; This function calls:
  4077 ;;		Nothing
  4078 ;; This function is called by:
  4079 ;;		_main
  4080 ;; This function uses a non-reentrant model
  4081 ;;
  4082                           
  4083                           	psect	text19
  4084   003854                     __ptext19:
  4085                           	callstack 0
  4086   003854                     _Clock_Init:
  4087                           	callstack 126
  4088   003854                     
  4089                           ;config.c: 59:     OSCCON1 = 0b0110000;
  4090   003854  0E30               	movlw	48
  4091   003856  0100               	movlb	0	; () banked
  4092   003858  6FAD               	movwf	173,b	;volatile
  4093   00385A                     
  4094                           ; BSR set to: 0
  4095   00385A  0012               	return		;funcret
  4096   00385C                     __end_of_Clock_Init:
  4097                           	callstack 0
  4098                           
  4099                           	psect	rparam
  4100   000000                     
  4101                           	psect	config
  4102                           
  4103                           ;Config register CONFIG1 @ 0x300000
  4104                           ;	External Oscillator Selection
  4105                           ;	FEXTOSC = OFF, Oscillator not enabled
  4106                           ;	Reset Oscillator Selection
  4107                           ;	RSTOSC = HFINTOSC_64MHZ, HFINTOSC with HFFRQ = 64 MHz and CDIV = 1:1
  4108   300000                     	org	3145728
  4109   300000  8C                 	db	140
  4110                           
  4111                           ;Config register CONFIG2 @ 0x300001
  4112                           ;	Clock out Enable bit
  4113                           ;	CLKOUTEN = OFF, CLKOUT function is disabled
  4114                           ;	PRLOCKED One-Way Set Enable bit
  4115                           ;	PR1WAY = OFF, PRLOCKED bit can be set and cleared repeatedly
  4116                           ;	Clock Switch Enable bit
  4117                           ;	CSWEN = ON, Writing to NOSC and NDIV is allowed
  4118                           ;	Fail-Safe Clock Monitor Enable bit
  4119                           ;	FCMEN = ON, Fail-Safe Clock Monitor enabled
  4120   300001                     	org	3145729
  4121   300001  FD                 	db	253
  4122                           
  4123                           ;Config register CONFIG3 @ 0x300002
  4124                           ;	MCLR Enable bit
  4125                           ;	MCLRE = EXTMCLR, If LVP = 0, MCLR pin is MCLR; If LVP = 1, RE3 pin function is MCLR
  4126                           ;	Power-up timer selection bits
  4127                           ;	PWRTS = PWRT_OFF, PWRT is disabled
  4128                           ;	Multi-vector enable bit
  4129                           ;	MVECEN = ON, Multi-vector enabled, Vector table used for interrupts
  4130                           ;	IVTLOCK bit One-way set enable bit
  4131                           ;	IVT1WAY = ON, IVTLOCKED bit can be cleared and set only once
  4132                           ;	Low Power BOR Enable bit
  4133                           ;	LPBOREN = OFF, Low-Power BOR disabled
  4134                           ;	Brown-out Reset Enable bits
  4135                           ;	BOREN = OFF, Brown-out Reset disabled
  4136   300002                     	org	3145730
  4137   300002  3F                 	db	63
  4138                           
  4139                           ;Config register CONFIG4 @ 0x300003
  4140                           ;	Brown-out Reset Voltage Selection bits
  4141                           ;	BORV = VBOR_1P9, Brown-out Reset Voltage (VBOR) set to 1.9V
  4142                           ;	ZCD Disable bit
  4143                           ;	ZCD = OFF, ZCD module is disabled. ZCD can be enabled by setting the ZCDSEN bit of ZCD
      +                          CON
  4144                           ;	PPSLOCK bit One-Way Set Enable bit
  4145                           ;	PPS1WAY = ON, PPSLOCKED bit can be cleared and set only once; PPS registers remain loc
      +                          ked after one clear/set cycle
  4146                           ;	Stack Full/Underflow Reset Enable bit
  4147                           ;	STVREN = ON, Stack full/underflow will cause Reset
  4148                           ;	Low Voltage Programming Enable bit
  4149                           ;	LVP = ON, Low voltage programming enabled. MCLR/VPP pin function is MCLR. MCLRE config
      +                          uration bit is ignored
  4150                           ;	Extended Instruction Set Enable bit
  4151                           ;	XINST = OFF, Extended Instruction Set and Indexed Addressing Mode disabled
  4152   300003                     	org	3145731
  4153   300003  FF                 	db	255
  4154                           
  4155                           ;Config register CONFIG5 @ 0x300004
  4156                           ;	WDT Period selection bits
  4157                           ;	WDTCPS = WDTCPS_31, Divider ratio 1:65536; software control of WDTPS
  4158                           ;	WDT operating mode
  4159                           ;	WDTE = OFF, WDT Disabled; SWDTEN is ignored
  4160   300004                     	org	3145732
  4161   300004  9F                 	db	159
  4162                           
  4163                           ;Config register CONFIG6 @ 0x300005
  4164                           ;	WDT Window Select bits
  4165                           ;	WDTCWS = WDTCWS_7, window always open (100%); software control; keyed access not requi
      +                          red
  4166                           ;	WDT input clock selector
  4167                           ;	WDTCCS = SC, Software Control
  4168   300005                     	org	3145733
  4169   300005  FF                 	db	255
  4170                           
  4171                           ;Config register CONFIG7 @ 0x300006
  4172                           ;	Boot Block Size selection bits
  4173                           ;	BBSIZE = BBSIZE_512, Boot Block size is 512 words
  4174                           ;	Boot Block enable bit
  4175                           ;	BBEN = OFF, Boot block disabled
  4176                           ;	Storage Area Flash enable bit
  4177                           ;	SAFEN = OFF, SAF disabled
  4178                           ;	Background Debugger
  4179                           ;	DEBUG = ON, Background Debugger enabled
  4180   300006                     	org	3145734
  4181   300006  DF                 	db	223
  4182                           
  4183                           ;Config register CONFIG8 @ 0x300007
  4184                           ;	Boot Block Write Protection bit
  4185                           ;	WRTB = OFF, Boot Block not Write protected
  4186                           ;	Configuration Register Write Protection bit
  4187                           ;	WRTC = OFF, Configuration registers not Write protected
  4188                           ;	Data EEPROM Write Protection bit
  4189                           ;	WRTD = OFF, Data EEPROM not Write protected
  4190                           ;	SAF Write protection bit
  4191                           ;	WRTSAF = OFF, SAF not Write Protected
  4192                           ;	Application Block write protection bit
  4193                           ;	WRTAPP = OFF, Application Block not write protected
  4194   300007                     	org	3145735
  4195   300007  FF                 	db	255
  4196                           
  4197                           ;Config register CONFIG10 @ 0x300009
  4198                           ;	PFM and Data EEPROM Code Protection bit
  4199                           ;	CP = OFF, PFM and Data EEPROM code protection disabled
  4200   300009                     	org	3145737
  4201   300009  FF                 	db	255
  4202                           tosu	equ	0x4FF
  4203                           tosh	equ	0x4FE
  4204                           tosl	equ	0x4FD
  4205                           stkptr	equ	0x4FC
  4206                           pclatu	equ	0x4FB
  4207                           pclath	equ	0x4FA
  4208                           pcl	equ	0x4F9
  4209                           tblptru	equ	0x4F8
  4210                           tblptrh	equ	0x4F7
  4211                           tblptrl	equ	0x4F6
  4212                           tablat	equ	0x4F5
  4213                           prodh	equ	0x4F4
  4214                           prodl	equ	0x4F3
  4215                           indf0	equ	0x4EF
  4216                           postinc0	equ	0x4EE
  4217                           postdec0	equ	0x4ED
  4218                           preinc0	equ	0x4EC
  4219                           plusw0	equ	0x4EB
  4220                           fsr0h	equ	0x4EA
  4221                           fsr0l	equ	0x4E9
  4222                           wreg	equ	0x4E8
  4223                           indf1	equ	0x4E7
  4224                           postinc1	equ	0x4E6
  4225                           postdec1	equ	0x4E5
  4226                           preinc1	equ	0x4E4
  4227                           plusw1	equ	0x4E3
  4228                           fsr1h	equ	0x4E2
  4229                           fsr1l	equ	0x4E1
  4230                           bsr	equ	0x4E0
  4231                           indf2	equ	0x4DF
  4232                           postinc2	equ	0x4DE
  4233                           postdec2	equ	0x4DD
  4234                           preinc2	equ	0x4DC
  4235                           plusw2	equ	0x4DB
  4236                           fsr2h	equ	0x4DA
  4237                           fsr2l	equ	0x4D9
  4238                           status	equ	0x4D8

Data Sizes:
    Strings     0
    Constant    20
    Data        15
    BSS         0
    Persistent  0
    Stack       0

Auto Spaces:
    Space          Size  Autos    Used
    COMRAM           95     32      47
    BANK5           160      0       0
    BANK6           256      0       0
    BANK7           256      0       0
    BANK8           256      0       0
    BANK9           256      0       0
    BANK10          256      0       0
    BANK11          256      0       0
    BANK12          256      0       0
    BANK13          256      0       0
    BANK14          256      0       0
    BANK15          256      0       0
    BANK16          256      0       0
    BANK17          256      0       0
    BANK18          256      0       0
    BANK19          256      0       0
    BANK20          256      0       0
    BANK21          256      0       0
    BANK22          256      0       0
    BANK23          256      0       0
    BANK24          256      0       0
    BANK25          256      0       0
    BANK26          256      0       0
    BANK27          256      0       0
    BANK28          256      0       0
    BANK29          256      0       0
    BANK30          256      0       0
    BANK31          256      0       0
    BANK32          256      0       0
    BANK33          256      0       0
    BANK34          256      0       0
    BANK35          256      0       0
    BANK36          256      0       0

Pointer List with Targets:

    Display7Seg_Init@d7s	PTR struct . size(2) Largest target is 15
		 -> display2(COMRAM[15]), 

    Reset_Display7Seg@d7s	PTR struct . size(2) Largest target is 15
		 -> display2(COMRAM[15]), 

    Write_Display7seg@d7s	PTR struct . size(2) Largest target is 15
		 -> display2(COMRAM[15]), 


Critical Paths under _main in COMRAM

    _main->_Write_Display7seg
    _Write_Display7seg->_Reset_Display7Seg
    _Display7Seg_Init->_Reset_Display7Seg
    _configure_pin->_reset_pin_pullup
    _configure_pin->_set_pin_analog_mode
    _configure_pin->_set_pin_digital_mode
    _configure_pin->_set_pin_input
    _configure_pin->_set_pin_open_drain
    _configure_pin->_set_pin_output
    _configure_pin->_set_pin_pullup
    _configure_pin->_set_pin_push_pull
    _configure_pin->_set_pin_sr_limited
    _configure_pin->_set_pin_sr_maximum
    _configure_pin->_set_pin_st
    _configure_pin->_set_pin_ttl
    _Reset_Display7Seg->_set_pin_low

Critical Paths under _main in BANK5

    None.

Critical Paths under _main in BANK6

    None.

Critical Paths under _main in BANK7

    None.

Critical Paths under _main in BANK8

    None.

Critical Paths under _main in BANK9

    None.

Critical Paths under _main in BANK10

    None.

Critical Paths under _main in BANK11

    None.

Critical Paths under _main in BANK12

    None.

Critical Paths under _main in BANK13

    None.

Critical Paths under _main in BANK14

    None.

Critical Paths under _main in BANK15

    None.

Critical Paths under _main in BANK16

    None.

Critical Paths under _main in BANK17

    None.

Critical Paths under _main in BANK18

    None.

Critical Paths under _main in BANK19

    None.

Critical Paths under _main in BANK20

    None.

Critical Paths under _main in BANK21

    None.

Critical Paths under _main in BANK22

    None.

Critical Paths under _main in BANK23

    None.

Critical Paths under _main in BANK24

    None.

Critical Paths under _main in BANK25

    None.

Critical Paths under _main in BANK26

    None.

Critical Paths under _main in BANK27

    None.

Critical Paths under _main in BANK28

    None.

Critical Paths under _main in BANK29

    None.

Critical Paths under _main in BANK30

    None.

Critical Paths under _main in BANK31

    None.

Critical Paths under _main in BANK32

    None.

Critical Paths under _main in BANK33

    None.

Critical Paths under _main in BANK34

    None.

Critical Paths under _main in BANK35

    None.

Critical Paths under _main in BANK36

    None.

Call Graph Tables:

 ---------------------------------------------------------------------------------
 (Depth) Function   	        Calls       Base Space   Used Autos Params    Refs
 ---------------------------------------------------------------------------------
 (0) _main                                                 8     3      5    5978
                                             24 COMRAM     8     3      5
                         _Clock_Init
                   _Display7Seg_Init
                  _Write_Display7seg
 ---------------------------------------------------------------------------------
 (1) _Write_Display7seg                                   11     8      3    1210
                                             13 COMRAM    11     8      3
                  _Reset_Display7Seg
                       _set_pin_high
 ---------------------------------------------------------------------------------
 (2) _set_pin_high                                         4     3      1     230
                                              0 COMRAM     4     3      1
 ---------------------------------------------------------------------------------
 (1) _Display7Seg_Init                                     9     7      2    4700
                                             13 COMRAM     9     7      2
                  _Reset_Display7Seg
                      _configure_pin
 ---------------------------------------------------------------------------------
 (2) _configure_pin                                        8     1      7    3952
                                              4 COMRAM     8     1      7
                   _reset_pin_pullup
                _set_pin_analog_mode
               _set_pin_digital_mode
                      _set_pin_input
                 _set_pin_open_drain
                     _set_pin_output
                     _set_pin_pullup
                  _set_pin_push_pull
                 _set_pin_sr_limited
                 _set_pin_sr_maximum
                         _set_pin_st
                        _set_pin_ttl
 ---------------------------------------------------------------------------------
 (3) _set_pin_ttl                                          4     3      1     230
                                              0 COMRAM     4     3      1
 ---------------------------------------------------------------------------------
 (3) _set_pin_st                                           4     3      1     230
                                              0 COMRAM     4     3      1
 ---------------------------------------------------------------------------------
 (3) _set_pin_sr_maximum                                   4     3      1     230
                                              0 COMRAM     4     3      1
 ---------------------------------------------------------------------------------
 (3) _set_pin_sr_limited                                   4     3      1     230
                                              0 COMRAM     4     3      1
 ---------------------------------------------------------------------------------
 (3) _set_pin_push_pull                                    4     3      1     230
                                              0 COMRAM     4     3      1
 ---------------------------------------------------------------------------------
 (3) _set_pin_pullup                                       4     3      1     230
                                              0 COMRAM     4     3      1
 ---------------------------------------------------------------------------------
 (3) _set_pin_output                                       4     3      1     230
                                              0 COMRAM     4     3      1
 ---------------------------------------------------------------------------------
 (3) _set_pin_open_drain                                   4     3      1     230
                                              0 COMRAM     4     3      1
 ---------------------------------------------------------------------------------
 (3) _set_pin_input                                        4     3      1     230
                                              0 COMRAM     4     3      1
 ---------------------------------------------------------------------------------
 (3) _set_pin_digital_mode                                 4     3      1     230
                                              0 COMRAM     4     3      1
 ---------------------------------------------------------------------------------
 (3) _set_pin_analog_mode                                  4     3      1     230
                                              0 COMRAM     4     3      1
 ---------------------------------------------------------------------------------
 (3) _reset_pin_pullup                                     4     3      1     230
                                              0 COMRAM     4     3      1
 ---------------------------------------------------------------------------------
 (2) _Reset_Display7Seg                                    9     7      2     516
                                              4 COMRAM     9     7      2
                        _set_pin_low
 ---------------------------------------------------------------------------------
 (3) _set_pin_low                                          4     3      1     230
                                              0 COMRAM     4     3      1
 ---------------------------------------------------------------------------------
 (1) _Clock_Init                                           0     0      0       0
 ---------------------------------------------------------------------------------
 Estimated maximum stack depth 3
 ---------------------------------------------------------------------------------

 Call Graph Graphs:

 _main (ROOT)
   _Clock_Init
   _Display7Seg_Init
     _Reset_Display7Seg
       _set_pin_low
     _configure_pin
       _reset_pin_pullup
       _set_pin_analog_mode
       _set_pin_digital_mode
       _set_pin_input
       _set_pin_open_drain
       _set_pin_output
       _set_pin_pullup
       _set_pin_push_pull
       _set_pin_sr_limited
       _set_pin_sr_maximum
       _set_pin_st
       _set_pin_ttl
   _Write_Display7seg
     _Reset_Display7Seg
     _set_pin_high

 Address spaces:
Name               Size   Autos  Total    Cost      Usage
BIGRAM            1FFF      0       0      70        0.0%
EEDATA             400      0       0       0        0.0%
BITBIGSFRllh       352      0       0      80        0.0%
BITBIGSFR_1        100      0       0      69        0.0%
BITBANK36          100      0       0      67        0.0%
BANK36             100      0       0      68        0.0%
BITBANK35          100      0       0      65        0.0%
BANK35             100      0       0      66        0.0%
BITBANK34          100      0       0      63        0.0%
BANK34             100      0       0      64        0.0%
BITBANK33          100      0       0      61        0.0%
BANK33             100      0       0      62        0.0%
BITBANK32          100      0       0      59        0.0%
BANK32             100      0       0      60        0.0%
BITBANK31          100      0       0      56        0.0%
BANK31             100      0       0      57        0.0%
BITBANK30          100      0       0      54        0.0%
BANK30             100      0       0      55        0.0%
BITBANK29          100      0       0      52        0.0%
BANK29             100      0       0      53        0.0%
BITBANK28          100      0       0      50        0.0%
BANK28             100      0       0      51        0.0%
BITBANK27          100      0       0      48        0.0%
BANK27             100      0       0      49        0.0%
BITBANK26          100      0       0      46        0.0%
BANK26             100      0       0      47        0.0%
BITBANK25          100      0       0      44        0.0%
BANK25             100      0       0      45        0.0%
BITBANK24          100      0       0      42        0.0%
BANK24             100      0       0      43        0.0%
BITBANK23          100      0       0      40        0.0%
BANK23             100      0       0      41        0.0%
BITBANK22          100      0       0      38        0.0%
BANK22             100      0       0      39        0.0%
BITBANK21          100      0       0      36        0.0%
BANK21             100      0       0      37        0.0%
BITBANK20          100      0       0      34        0.0%
BANK20             100      0       0      35        0.0%
BITBANK19          100      0       0      32        0.0%
BANK19             100      0       0      33        0.0%
BITBANK18          100      0       0      30        0.0%
BANK18             100      0       0      31        0.0%
BITBANK17          100      0       0      28        0.0%
BANK17             100      0       0      29        0.0%
BITBANK16          100      0       0      26        0.0%
BANK16             100      0       0      27        0.0%
BITBANK15          100      0       0      24        0.0%
BANK15             100      0       0      25        0.0%
BITBANK14          100      0       0      22        0.0%
BANK14             100      0       0      23        0.0%
BITBANK13          100      0       0      20        0.0%
BANK13             100      0       0      21        0.0%
BITBANK12          100      0       0      18        0.0%
BANK12             100      0       0      19        0.0%
BITBANK11          100      0       0      16        0.0%
BANK11             100      0       0      17        0.0%
BITBANK10          100      0       0      14        0.0%
BANK10             100      0       0      15        0.0%
BITBANK9           100      0       0      12        0.0%
BANK9              100      0       0      13        0.0%
BITBANK8           100      0       0      10        0.0%
BANK8              100      0       0      11        0.0%
BITBANK7           100      0       0       8        0.0%
BANK7              100      0       0       9        0.0%
BITBANK6           100      0       0       6        0.0%
BANK6              100      0       0       7        0.0%
BITBIGSFRlll        AD      0       0      81        0.0%
BITBANK5            A0      0       0       4        0.0%
BANK5               A0      0       0       5        0.0%
BITBIGSFRlhhhhh     91      0       0      74        0.0%
BITCOMRAM           5F      0       0       0        0.0%
COMRAM              5F     20      2F       1       49.5%
BITBIGSFRhh         2C      0       0      71        0.0%
BITBIGSFRlhhhhh      3      0       0      75        0.0%
BITBIGSFRlhhhhl      3      0       0      76        0.0%
BITBIGSFRlhhhlh      3      0       0      77        0.0%
BITBIGSFRlhhlh       3      0       0      78        0.0%
BITBIGSFRlhlh        3      0       0      79        0.0%
BITBIGSFRlhhhhh      2      0       0      73        0.0%
BITBIGSFRhl          2      0       0      72        0.0%
BIGSFR_1             0      0       0     200        0.0%
BIGSFR               0      0       0     200        0.0%
BITSFR_6             0      0       0     200        0.0%
SFR_6                0      0       0     200        0.0%
BITSFR_5             0      0       0     200        0.0%
SFR_5                0      0       0     200        0.0%
BITSFR_4             0      0       0     200        0.0%
SFR_4                0      0       0     200        0.0%
BITSFR_3             0      0       0     200        0.0%
SFR_3                0      0       0     200        0.0%
BITSFR_2             0      0       0     200        0.0%
SFR_2                0      0       0     200        0.0%
BITSFR_1             0      0       0     200        0.0%
SFR_1                0      0       0     200        0.0%
BITSFR               0      0       0     200        0.0%
SFR                  0      0       0     200        0.0%
STACK                0      0       0       2        0.0%
NULL                 0      0       0       0        0.0%
ABS                  0      0      2F      58        0.0%
DATA                 0      0      2F       3        0.0%
CODE                 0      0       0       0        0.0%


Microchip Technology PIC18 Macro Assembler V2.46 build 20240104201356 
Symbol Table                                                                                   Fri Oct 11 23:01:54 2024

    __end_of_set_pin_open_drain 307E  configure_pin@slew_rate_limited 050A                  ?_configure_pin 0505  
                           l132 35F2                             l204 2C04                             l303 32B8  
                           l144 2F5E                             l240 2768                             l216 263E  
                           l332 385A                             l156 29BC                             l180 2E40  
                           l252 2892                             l228 2D22                             l192 2AE6  
                           l168 319A                             l264 307C                             l353 33CE  
          Write_Display7seg@d7s 050E                             l291 34E0                             l365 37C6  
                           l349 3768                             l279 36E6            Write_Display7seg@val 0510  
             _Write_Display7seg 32BA                             wreg 04E8              ?_Write_Display7seg 050E  
    __end_of_set_pin_sr_maximum 276A      __end_of_set_pin_sr_limited 2D24                            l2001 2800  
                          l2003 2824                            l2021 2FCC                            l2013 2F62  
                          l2101 3436                            l2023 2FEE                            l2015 2F66  
                          l2007 2848                            l2103 3456                            l2041 31E6  
                          l2121 376E                            l2025 3010                            l2017 2F88  
                          l2105 3476                            l2043 3208                            l2051 326E  
                          l2035 319E                            l2123 37B4                            l2115 376A  
                          l2019 2FAA                            l2045 322A                            l2037 31A2  
                          l2125 37B6                            l2029 3032                            l2061 3614  
                          l2133 36EC                            l2109 3496                            l2141 32BA  
                          l2047 324C                            l2039 31C4                            l2071 3656  
                          l2063 361E                            l2135 374A                            l2127 36E8  
                          l2151 3322                            l2081 3696                            l2073 3664  
                          l2065 362E                            l2057 35F6                            l2137 374C  
                          l2161 334A                            l2153 333A                            l2145 32CE  
                          l2091 36DC                            l2083 36A6                            l2075 366E  
                          l2067 363C                            l2059 3606                            l2139 375C  
                          l2163 3376                            l2155 3346                            l2147 32EA  
                          l2171 37CC                            l2085 36B4                            l2077 367E  
                          l2069 3646                            l2093 33D2                            l2165 33BC  
                          l2149 3306                            l2181 37EC                            l2173 37D8  
                          l2087 36BE                            l2079 368C                            l2095 33D6  
                          l2167 33BE                            l2183 3804                            l1801 2EAE  
                          l2089 36CE                            l2097 33F6                            l2185 3806  
                          l2169 37C8                            l1803 2ED0                            l2099 3416  
                          l2179 37DC                            l1397 3854                            l1821 28E2  
                          l1805 2EF2                            l1823 2906                            l1831 2972  
                          l1815 2896                            l2471 2BCE                            l1911 2B54  
                          l1903 2AEA                            l1841 30A6                            l1825 292A  
                          l1817 289A                            l2481 2F28                            l1809 2F14  
                          l2473 2732                            l1913 2B76                            l1905 2AEE  
                          l2491 2AB0                            l1843 30C8                            l1827 294E  
                          l1819 28BE                            l1771 34E4                            l2483 3046  
                          l2475 2CEC                            l1915 2B98                            l1907 2B10  
                          l1931 2564                            l2467 34AA                            l2493 3282  
                          l1845 30EA                            l1853 3150                            l1837 3080  
                          l2485 35BC                            l1781 3568                            l1773 34E8  
                          l1861 2D2A                            l2477 285C                            l1909 2B32  
                          l2469 2608                            l1933 2588                            l1941 25F4  
                          l1925 2518                            l1847 310C                            l1839 3084  
                          l2487 2986                            l1783 3588                            l1775 3508  
                          l2479 2E0A                            l1871 2DD4                            l1863 2D4C  
                          l1951 2C2E                            l1919 2BBA                            l1935 25AC  
                          l1927 251C                            l1881 29C0                            l2489 3164  
                          l1849 312E                            l1777 3528                            l1793 2E44  
                          l1865 2D6E                            l1953 2C50                            l1937 25D0  
                          l1929 2540                            l1891 2A54                            l1883 29C4  
                          l1779 3548                            l1787 35A8                            l1795 2E48  
                          l1867 2D90                            l1875 2DF6                            l1859 2D26  
                          l1955 2C72                            l1963 2CD8                            l1947 2C08  
                          l1971 2646                            l1893 2A78                            l1885 29E8  
                          l1797 2E6A                            l1869 2DB2                            l1957 2C94  
                          l1949 2C0C                            l1981 26FA                            l1973 266A  
                          l1887 2A0C                            l1799 2E8C                            l1991 276C  
                          l1959 2CB6                            l1975 268E                            l1889 2A30  
                          l1897 2A9C                            l1993 2770                            l1977 26B2  
                          l1985 271E                            l1969 2642                            l1995 2794  
                          l1979 26D6                            l1997 27B8                            l1999 27DC  
                          u1104 357A                            u2000 3322                            u1105 3576  
                          u2001 331E                            u1114 359A                            u1115 3596  
                          u1204 28F4                            u1124 2E5A                            u2020 3376  
                          u1205 28F0                            u1125 2E56                            u2021 3372  
                          u1214 2918                            u1134 2E7C                            u2030 33CE  
                          u2014 335C                            u1215 2914                            u1135 2E78  
                          u2031 33CA                            u2015 3358                            u1224 293C  
                          u1064 34FA                            u1144 2E9E                            u1304 2D3C  
                          u2040 3816                            u1225 2938                            u1065 34F6  
                          u1145 2E9A                            u1305 2D38                            u2041 3812  
                          u1234 2960                            u1074 351A                            u1154 2EC0  
                          u1314 2D5E                            u1235 295C                            u1075 3516  
                          u1155 2EBC                            u1315 2D5A                            u1404 2A66  
                          u1244 3096                            u1084 353A                            u1164 2EE2  
                          u1324 2D80                            u1405 2A62                            u1245 3092  
                          u1085 3536                            u1165 2EDE                            u1325 2D7C  
                          _LATA 04BE                            u1414 2A8A                            u1254 30B8  
                          u1094 355A                            u1174 2F04                            u1334 2DA2  
                          _LATB 04BF                            u1415 2A86                            u1255 30B4  
                          u1095 3556                            u1175 2F00                            u1335 2D9E  
                          _LATC 04C0                            u1264 30DA                            u1184 28AC  
                          u1344 2DC4                            u1424 2B00                            u1504 2576  
                          _LATD 04C1                            u1265 30D6                            u1185 28A8  
                          u1345 2DC0                            u1425 2AFC                            u1505 2572  
                          u2057 37F6                            _LATE 04C2                            u1274 30FC  
                          u1194 28D0                            u1354 2DE6                            u1434 2B22  
                          u1514 259A                            _LATF 04C3                            u1275 30F8  
                          u1195 28CC                            u1355 2DE2                            u1435 2B1E  
                          u1515 2596                            u1364 29D6                            u1284 311E  
                          u1604 2658                            u1444 2B44                            u1524 25BE  
                          u1365 29D2                            u1285 311A                            u1605 2654  
                          u1445 2B40                            u1525 25BA                            u1374 29FA  
                          u1294 3140                            u1614 267C                            u1454 2B66  
                          u1534 25E2                            u1375 29F6                            u1295 313C  
                          u1615 2678                            u1455 2B62                            u1535 25DE  
                          u1384 2A1E                            u1704 2812                            u1544 2C1E  
                          u1624 26A0                            u1464 2B88                            u1385 2A1A  
                          u1705 280E                            u1545 2C1A                            u1625 269C  
                          u1465 2B84                            u1394 2A42                            u1714 2836  
                          u1554 2C40                            u1634 26C4                            u1474 2BAA  
                          u1395 2A3E                            u1715 2832                            u1555 2C3C  
                          u1635 26C0                            u1475 2BA6                            u1804 31F8  
                          u1724 2F78                            u1564 2C62                            u1644 26E8  
                          u1484 252E                            u1805 31F4                            u1725 2F74  
                          u1565 2C5E                            u1645 26E4                            u1485 252A  
                          u1814 321A                            u1734 2F9A                            u1574 2C84  
                          u1654 270C                            u1494 2552                            u1815 3216  
                          u1735 2F96                            u1575 2C80                            u1655 2708  
                          u1495 254E                            u1824 323C                            u1744 2FBC  
                          u1664 2782                            u1584 2CA6                            u1840 3606  
                          u1904 33E8                            u1825 3238                            u1745 2FB8  
                          u1665 277E                            u1585 2CA2                            u1841 3602  
                          u1905 33E4                            u1834 325E                            u1754 2FDE  
                          u1674 27A6                            u1594 2CC8                            u1850 362E  
                          u1914 3408                            u1835 325A                            u1755 2FDA  
                          u1675 27A2                            u1595 2CC4                            u1851 362A  
                          u1915 3404                            u1764 3000                            u1684 27CA  
                          u1860 3656                            u1924 3428                            u1765 2FFC  
                          u1685 27C6                            u1861 3652                            u1925 3424  
                          u1774 3022                            u1694 27EE                            u1870 367E  
                          u1934 3448                            u1775 301E                            u1695 27EA  
                          u1871 367A                            u1935 3444                            u1784 31B4  
                          u1960 37C6                            u1880 36A6                            u1944 3468  
                          u1785 31B0                            u1961 37C2                            u1881 36A2  
                          u1945 3464                            u1794 31D6                            u1890 36CE  
                          u1970 375C                            u1954 3488                            u1795 31D2  
                          u1891 36CA                            u1971 3758                            u1955 3484  
                          u1980 32CA                            u1981 32C6                            u1990 32EA  
                          u1991 32E6           Write_Display7seg@data 0517                            _WPUA 0401  
                          _WPUB 0409                            _WPUC 0411                            _WPUD 0419  
                          _WPUE 0421                            _WPUF 0429             ??_Write_Display7seg 0511  
      __end_of_reset_pin_pullup 2AE8                            _main 37C8                            fsr2h 04DA  
                          indf2 04DF                            fsr1l 04E1                            fsr2l 04D9  
                          prodh 04F4                            prodl 04F3                            start FFFC  
                  ___param_bank 0000                      _Clock_Init 3854                           ?_main 0519  
     __end_of_Write_Display7seg 33D0                           _PORTA 04CE                           _PORTB 04CF  
                         _PORTC 04D0                           _PORTD 04D1                           _PORTE 04D2  
                         _PORTF 04D3                           _TRISA 04C6                           _TRISB 04C7  
                         _TRISC 04C8                           _TRISD 04C9                           _TRISE 04CA  
                         _TRISF 04CB                           main@i 0520                           tablat 04F5  
          configure_pin@use_ttl 0509                           status 04D8                 __initialization 381E  
                  __end_of_main 381E                 ??_configure_pin 050C                          ??_main 051E  
                 __activetblptr 0003               _set_pin_push_pull 276A                          _ANSELA 0400  
                        _ANSELB 0408                          _ANSELC 0410                          _ANSELD 0418  
                        _ANSELE 0420                          _ANSELF 0428                          _ODCONA 0402  
                        _ODCONB 040A                          _ODCONC 0412                          _ODCOND 041A  
                        _ODCONE 0422                          _ODCONF 042A                          _INLVLA 0404  
                        _INLVLB 040C                          _INLVLC 0414                          _INLVLD 041C  
                        _INLVLE 0424                          _INLVLF 042C              ?_set_pin_push_pull 0501  
           ??_set_pin_push_pull 0502                    ?_set_pin_low 0501                    ?_set_pin_ttl 0501  
  set_pin_sr_maximum@pin_number 0501           configure_pin@is_input 0506                     ?_Clock_Init 0501  
         set_pin_high@port_name 0504                          isa$std 0001   set_pin_analog_mode@pin_number 0501  
                  __pdataCOMRAM 0521                    __mediumconst 0000                          tblptrh 04F7  
                        tblptrl 04F6                          tblptru 04F8       __end_of_set_pin_push_pull 2894  
          set_pin_ttl@port_name 0504                      __accesstop 0560         __end_of__initialization 383E  
                 ___rparam_used 0001               _Reset_Display7Seg 376A        set_pin_output@pin_number 0501  
            ?_Reset_Display7Seg 0505                  __pcstackCOMRAM 0501             ??_Reset_Display7Seg 0507  
         __end_of_set_pin_input 35F4                _Display7Seg_Init 36E8              _set_pin_open_drain 2F60  
    configure_pin@use_push_pull 050B    set_pin_sr_limited@pin_number 0501             ?_set_pin_open_drain 0501  
     __end_of_Reset_Display7Seg 37C8               ?_reset_pin_pullup 0501              _set_pin_sr_maximum 2640  
            _set_pin_sr_limited 2C06              ??_reset_pin_pullup 0502             _set_pin_analog_mode 307E  
   set_pin_sr_maximum@port_name 0504            ??_set_pin_open_drain 0502             ?_set_pin_sr_maximum 0501  
           ?_set_pin_sr_limited 0501            ?_set_pin_analog_mode 0501                         _OSCCON1 00AD  
                       _SLRCONA 0403                         _SLRCONB 040B                         _SLRCONC 0413  
                       _SLRCOND 041B                         _SLRCONE 0423                         _SLRCONF 042B  
        set_pin_high@pin_number 0501            ??_set_pin_sr_maximum 0502            ??_set_pin_sr_limited 0502  
         set_pin_low@pin_number 0501     set_pin_sr_limited@port_name 0504                         __Hparam 0000  
                       __Lparam 0000                   ?_set_pin_high 0501                    __psmallconst 2500  
           set_pin_st@port_name 0504                         __pcinit 381E                         __ramtop 2500  
                       __ptext0 37C8                         __ptext1 32BA                         __ptext2 33D0  
                       __ptext3 36E8                         __ptext4 35F4                         __ptext5 2516  
                       __ptext6 2AE8                         __ptext7 2640                         __ptext8 2C06  
                       __ptext9 276A           ??_set_pin_analog_mode 0502           set_pin_ttl@pin_number 0501  
          end_of_initialization 383E      set_pin_push_pull@port_name 0504          configure_pin@port_name 050C  
                    _set_pin_st 2AE8                         postdec1 04E5                  ??_set_pin_high 0502  
                       postinc0 04EE                         postinc2 04DE                    ??_Clock_Init 0501  
         __end_of_configure_pin 36E8           __end_of_display7Seg_a 250B           __end_of_display7Seg_c 2515  
             Display7Seg_Init@i 0516        set_pin_pullup@pin_number 0501              __end_of_Clock_Init 385C  
                _set_pin_pullup 2D24                  _set_pin_output 2E42        __end_of_Display7Seg_Init 376A  
                 __pidataCOMRAM 3844    __end_of_set_pin_digital_mode 29BE             start_initialization 381E  
        __end_of_set_pin_pullup 2E42          __end_of_set_pin_output 2F60     set_pin_open_drain@port_name 0504  
                   ?_set_pin_st 0501            __end_of_set_pin_high 34E2                 ?_set_pin_pullup 0501  
               ?_set_pin_output 0501         set_pin_output@port_name 0504  set_pin_digital_mode@pin_number 0501  
            Reset_Display7Seg@i 050D                     __smallconst 2500       reset_pin_pullup@port_name 0504  
          set_pin_low@port_name 0504            _set_pin_digital_mode 2894            Reset_Display7Seg@d7s 0505  
                 ??_set_pin_low 0502                   ??_set_pin_ttl 0502    set_pin_open_drain@pin_number 0501  
   __end_of_set_pin_analog_mode 319C         set_pin_input@pin_number 0501              Write_Display7seg@i 0518  
                 _set_pin_input 34E2                       copy_data0 3832         set_pin_pullup@port_name 0504  
          set_pin_st@pin_number 0501           ?_set_pin_digital_mode 0501               ?_Display7Seg_Init 050E  
                      __Hrparam 0000                        __Lrparam 0000              ??_Display7Seg_Init 0510  
              _reset_pin_pullup 29BE                  ?_set_pin_input 0501             __end_of_set_pin_low 32BA  
           __end_of_set_pin_ttl 2640         configure_pin@is_digital 0507                        __ptext10 2D24  
                      __ptext11 2E42                        __ptext12 2F60                        __ptext13 34E2  
                      __ptext14 2894                        __ptext15 307E                        __ptext16 29BE  
                      __ptext17 376A                        __ptext18 319C                        __ptext19 3854  
  set_pin_analog_mode@port_name 0504                        _display2 0521     set_pin_push_pull@pin_number 0501  
 set_pin_digital_mode@port_name 0504                    ??_set_pin_st 0502                        isa$xinst 0000  
       configure_pin@pin_number 0505                    _set_pin_high 33D0                        main@argc 0519  
                      main@argv 051B          set_pin_input@port_name 0504                ??_set_pin_pullup 0502  
              ??_set_pin_output 0502              __end_of_set_pin_st 2C06          ??_set_pin_digital_mode 0502  
           Display7Seg_Init@d7s 050E                     _set_pin_low 319C                     _set_pin_ttl 2516  
    configure_pin@enable_pullup 0508                 ??_set_pin_input 0502      reset_pin_pullup@pin_number 0501  
                 _configure_pin 35F4                   _display7Seg_a 2501                   _display7Seg_c 250B  
